Nº Licença,Local de amostragem,Parâmetro,Método analítico,Frequência de amostragem,Tipo de amostragem
L042645.2023.RH4A,Entrada,pH (Escala de Sörensen),"Metodologia aplicável em conformidade com o disposto na legislação em vigor e de acordo com a Diretiva 2009/90/CE, transposta para direito interno pelo Decreto-Lei n.º 83/2011, de 20 de junho.",Mensal,Composta (i)
L042645.2023.RH4A,Entrada,Carência Química de Oxigénio (mg/L O2),"Metodologia aplicável em conformidade com o disposto na legislação em vigor e de acordo com a Diretiva 2009/90/CE, transposta para direito interno pelo Decreto-Lei n.º 83/2011, de 20 de junho.",Mensal,Composta (i)
L042645.2023.RH4A,Entrada,Carência Bioquímica de Oxigénio (mg/L O2),"Metodologia aplicável em conformidade com o disposto na legislação em vigor e de acordo com a Diretiva 2009/90/CE, transposta para direito interno pelo Decreto-Lei n.º 83/2011, de 20 de junho.",Mensal,Composta (i)
L042645.2023.RH4A,Entrada,Sólidos Suspensos Totais (mg/L),"Metodologia aplicável em conformidade com o disposto na legislação em vigor e de acordo com a Diretiva 2009/90/CE, transposta para direito interno pelo Decreto-Lei n.º 83/2011, de 20 de junho.",Mensal,Composta (i)
L042645.2023.RH4A,Entrada,Azoto total (mg/L N),"Metodologia aplicável em conformidade com o disposto na legislação em vigor e de acordo com a Diretiva 2009/90/CE, transposta para direito interno pelo Decreto-Lei n.º 83/2011, de 20 de junho.",Mensal,Composta (i)
L042645.2023.RH4A,Entrada,Fósforo total (mg/L P),"Metodologia aplicável em conformidade com o disposto na legislação em vigor e de acordo com a Diretiva 2009/90/CE, transposta para direito interno pelo Decreto-Lei n.º 83/2011, de 20 de junho.",Mensal,Composta (i)
L042645.2023.RH4A,Entrada,Azoto amoniacal (mg/L NH4),"Metodologia aplicável em conformidade com o disposto na legislação em vigor e de acordo com a Diretiva 2009/90/CE, transposta para direito interno pelo Decreto-Lei n.º 83/2011, de 20 de junho.",Mensal,Composta (i)
L042645.2023.RH4A,Saída,pH (Escala de Sörensen),"Metodologia aplicável em conformidade com o disposto na legislação em vigor e de acordo com a Diretiva 2009/90/CE, transposta para direito interno pelo Decreto-Lei n.º 83/2011, de 20 de junho.",Mensal,Composta (i)
L042645.2023.RH4A,Saída,Carência Química de Oxigénio (mg/L O2),"Metodologia aplicável em conformidade com o disposto na legislação em vigor e de acordo com a Diretiva 2009/90/CE, transposta para direito interno pelo Decreto-Lei n.º 83/2011, de 20 de junho.",Mensal,Composta (i)
L042645.2023.RH4A,Saída,Carência Bioquímica de,Metodologia aplicável em conformidade com o,Mensal,Composta (i)
L042645.2023.RH4A,Saída,Sólidos Suspensos Totais (mg/L),"Metodologia aplicável em conformidade com o disposto na legislação em vigor e de acordo com a Diretiva 2009/90/CE, transposta para direito interno pelo Decreto-Lei n.º 83/2011, de 20 de junho.",Mensal,Composta (i)
L042645.2023.RH4A,Saída,Azoto total (mg/L N),"Metodologia aplicável em conformidade com o disposto na legislação em vigor e de acordo com a Diretiva 2009/90/CE, transposta para direito interno pelo Decreto-Lei n.º 83/2011, de 20 de junho.",Mensal,Composta (i)
L042645.2023.RH4A,Saída,Fósforo total (mg/L P),"Metodologia aplicável em conformidade com o disposto na legislação em vigor e de acordo com a Diretiva 2009/90/CE, transposta para direito interno pelo Decreto-Lei n.º 83/2011, de 20 de junho.",Mensal,Composta (i)
L042645.2023.RH4A,Saída,Azoto amoniacal (mg/L NH4),"Metodologia aplicável em conformidade com o disposto na legislação em vigor e de acordo com a Diretiva 2009/90/CE, transposta para direito interno pelo Decreto-Lei n.º 83/2011, de 20 de junho.",Mensal,Composta (i)
L007112.2021.RH7,Saída,pH (Escala de Sörensen),"Metodologia aplicável em conformidade com o disposto na legislação em vigor e de acordo com a Diretiva 2009/90/CE, transposta para direito interno pelo Decreto-Lei n.º 83/2011, de 20 de junho.",Mensal,Composta (ii)
L007112.2021.RH7,Saída,Carência Química de Oxigénio (mg/L O2),"Metodologia aplicável em conformidade com o disposto na legislação em vigor e de acordo com a Diretiva 2009/90/CE, transposta para direito interno pelo Decreto-Lei n.º 83/2011, de 20 de junho.",Mensal,Composta (ii)
L007112.2021.RH7,Saída,Carência Bioquímica de Oxigénio (mg/L O2),"Metodologia aplicável em conformidade com o disposto na legislação em vigor e de acordo com a Diretiva 2009/90/CE, transposta para direito interno pelo Decreto-Lei n.º 83/2011, de 20 de junho.",Mensal,Composta (ii)
L007112.2021.RH7,Saída,Sólidos Suspensos Totais (mg/L),"Metodologia aplicável em conformidade com o disposto na legislação em vigor e de acordo com a Diretiva 2009/90/CE, transposta para direito interno pelo Decreto-Lei n.º 83/2011, de 20 de junho.",Mensal,Composta (ii)
L007112.2021.RH7,Saída,Azoto total (mg/L N),"Metodologia aplicável em conformidade com o disposto na legislação em vigor e de acordo com a Diretiva 2009/90/CE, transposta para direito interno pelo Decreto-Lei n.º 83/2011, de 20 de junho.",Mensal,Composta (ii)
L007112.2021.RH7,Saída,Fósforo total (mg/L P),"Metodologia aplicável em conformidade com o disposto na legislação em vigor e de acordo com a Diretiva 2009/90/CE, transposta para direito interno pelo Decreto-Lei n.º 83/2011, de 20 de junho.",Mensal,Composta (ii)
L007112.2021.RH7,Saída,Óleos e Gorduras (mg/L),"Metodologia aplicável em conformidade com o disposto na legislação em vigor e de acordo com a Diretiva 2009/90/CE, transposta para direito interno pelo Decreto-Lei n.º 83/2011, de 20 de junho.",Trimestral,Composta (ii)
L007112.2021.RH7,Saída,Caudal (m3/mês),-,Mensal,Composta (i)
L006768.2022.RH5A,Saída,pH (Escala de Sörensen),"Metodologia aplicável em conformidade com o disposto na legislação em vigor e de acordo com a Diretiva 2009/90/CE, transposta para direito interno pelo Decreto-Lei n.º 83/2011, de 20 de junho.",Mensal,Pontual
L006768.2022.RH5A,Saída,Carência Química de Oxigénio (mg/L O2),"Metodologia aplicável em conformidade com o disposto na legislação em vigor e de acordo com a Diretiva 2009/90/CE, transposta para direito interno pelo Decreto-Lei n.º 83/2011, de 20 de junho.",Mensal,Pontual
L006768.2022.RH5A,Saída,Carência Bioquímica de Oxigénio (mg/L O2),"Metodologia aplicável em conformidade com o disposto na legislação em vigor e de acordo com a Diretiva 2009/90/CE, transposta para direito interno pelo Decreto-Lei n.º 83/2011, de 20 de junho.",Mensal,Pontual
L006768.2022.RH5A,Saída,Sólidos Suspensos Totais (mg/L),"Metodologia aplicável em conformidade com o disposto na legislação em vigor e de acordo com a Diretiva 2009/90/CE, transposta para direito interno pelo Decreto-Lei n.º 83/2011, de 20 de junho.",Mensal,Pontual
L006768.2022.RH5A,Saída,Azoto total (mg/L N),"Metodologia aplicável em conformidade com o disposto na legislação em vigor e de acordo com a Diretiva 2009/90/CE, transposta para direito interno pelo Decreto-Lei n.º 83/2011, de 20 de junho.",Trimestral,Pontual
L006768.2022.RH5A,Saída,Fósforo total (mg/L P),"Metodologia aplicável em conformidade com o disposto na legislação em vigor e de acordo com a Diretiva 2009/90/CE, transposta para direito interno pelo Decreto-Lei n.º 83/2011, de 20 de junho.",Trimestral,Pontual
L006768.2022.RH5A,Saída,Caudal (m3/mês),-,Mensal,Pontual
L005299.2017.RH7,Saída,Caudal (m3/mês),-,Mensal,Composta (i)
L005299.2017.RH7,Saída,pH (Escala de Sörensen),"Metodologia aplicável em conformidade com o disposto na legislação em vigor e de acordo com a Diretiva 2009/90/CE, transposta para direito interno pelo Decreto-Lei n.º 83/2011, de 20 de junho.",Bimestral,Composta (i)
L005299.2017.RH7,Saída,Carência Química de Oxigénio (mg/L O2),"Metodologia aplicável em conformidade com o disposto na legislação em vigor e de acordo com a Diretiva 2009/90/CE, transposta para direito interno pelo Decreto-Lei n.º 83/2011, de 20 de junho.",Bimestral,Composta (i)
L005299.2017.RH7,Saída,Carência Bioquímica de Oxigénio (mg/L O2),"Metodologia aplicável em conformidade com o disposto na legislação em vigor e de acordo com a Diretiva 2009/90/CE, transposta para direito interno pelo Decreto-Lei n.º 83/2011, de 20 de junho.",Bimestral,Composta (i)
L005299.2017.RH7,Saída,Sólidos Suspensos Totais (mg/L),"Metodologia aplicável em conformidade com o disposto na legislação em vigor e de acordo com a Diretiva 2009/90/CE, transposta para direito interno pelo Decreto-Lei n.º 83/2011, de 20 de junho.",Bimestral,Composta (i)
L005299.2017.RH7,Saída,Azoto total (mg/L N),"Metodologia aplicável em conformidade com o disposto na legislação em vigor e de acordo com a Diretiva 2009/90/CE, transposta para direito interno pelo Decreto-Lei n.º 83/2011, de 20 de junho.",Bimestral,Composta (i)
L005299.2017.RH7,Saída,Fósforo total (mg/L P),"Metodologia aplicável em conformidade com o disposto na legislação em vigor e de acordo com a Diretiva 2009/90/CE, transposta para direito interno pelo Decreto-Lei n.º 83/2011, de 20 de junho.",Bimestral,Composta (i)
L005299.2017.RH7,Saída,Óleos e Gorduras (mg/L),"Metodologia aplicável em conformidade com o disposto na legislação em vigor e de acordo com a Diretiva 2009/90/CE, transposta para direito interno pelo Decreto-Lei n.º 83/2011, de 20 de junho.",Bimestral,Composta (i)
L005299.2017.RH7,Saída,Coliformes fecais (/100 ml),"Anexo III do Decreto-Lei n.º 236/98, de 1 de agosto.",Bimestral,Pontual
L021000.2021.RH4A,Saída,pH (Escala de Sörensen),"Metodologia aplicável em conformidade com o disposto na legislação em vigor e de acordo com a Diretiva 2009/90/CE, transposta para direito interno pelo Decreto-Lei n.º 83/2011, de 20 de junho.",Trimestral,Pontual
L021000.2021.RH4A,Saída,Carência Química de Oxigénio (mg/L O2),"Metodologia aplicável em conformidade com o disposto na legislação em vigor e de acordo com a Diretiva 2009/90/CE, transposta para direito interno pelo Decreto-Lei n.º 83/2011, de 20 de junho.",Trimestral,Composta (i)
L021000.2021.RH4A,Saída,Carência Bioquímica de Oxigénio (mg/L O2),"Metodologia aplicável em conformidade com o disposto na legislação em vigor e de acordo com a Diretiva 2009/90/CE, transposta para direito interno pelo Decreto-Lei n.º 83/2011, de 20 de junho.",Trimestral,Composta (i)
L021000.2021.RH4A,Saída,Sólidos Suspensos Totais (mg/L),"Metodologia aplicável em conformidade com o disposto na legislação em vigor e de acordo com a Diretiva 2009/90/CE, transposta para direito interno pelo Decreto-Lei n.º 83/2011, de 20 de junho.",Trimestral,Composta (i)
L021000.2021.RH4A,Saída,Azoto total (mg/L N),"Metodologia aplicável em conformidade com o disposto na legislação em vigor e de acordo com a Diretiva 2009/90/CE, transposta para direito interno pelo Decreto-Lei n.º 83/2011, de 20 de junho.",Trimestral,Composta (i)
L021000.2021.RH4A,Saída,Fósforo total (mg/L P),"Metodologia aplicável em conformidade com o disposto na legislação em vigor e de acordo com a Diretiva 2009/90/CE, transposta para direito interno pelo Decreto-Lei n.º 83/2011, de 20 de junho.",Trimestral,Composta (i)
L021000.2021.RH4A,Saída,Escherichia coli (época balnear) (ufc/100 mL),"Metodologia aplicável em conformidade com o disposto na legislação em vigor e de acordo com a Diretiva 2009/90/CE, transposta para direito interno pelo Decreto-Lei n.º 83/2011, de 20 de junho.",Quinzenal,Pontual
L021000.2021.RH4A,Saída,Enterecocos intestinais (época balnear) (ufc/100 mL),"Anexo I do Decreto-Lei n.º 135/2009, de 3 de junho.",Quinzenal,Pontual
L016823.2019.RH7,Saída,pH (Escala de Sörensen),"Metodologia aplicável em conformidade com o disposto na legislação em vigor e de acordo com a Diretiva 2009/90/CE, transposta para direito interno pelo Decreto-Lei n.º 83/2011, de 20 de junho.",Trimestral,Composta (iii)
L016823.2019.RH7,Saída,Carência Química de Oxigénio (mg/L O2),"Metodologia aplicável em conformidade com o disposto na legislação em vigor e de acordo com a Diretiva 2009/90/CE, transposta para direito interno pelo Decreto-Lei n.º 83/2011, de 20 de junho.",Trimestral,Composta (iii)
L016823.2019.RH7,Saída,Carência Bioquímica de Oxigénio (mg/L O2),"Metodologia aplicável em conformidade com o disposto na legislação em vigor e de acordo com a Diretiva 2009/90/CE, transposta para direito interno pelo Decreto-Lei n.º 83/2011, de 20 de junho.",Trimestral,Composta (iii)
L016823.2019.RH7,Saída,Sólidos Suspensos Totais (mg/L),"Metodologia aplicável em conformidade com o disposto na legislação em vigor e de acordo com a Diretiva 2009/90/CE, transposta para direito interno pelo Decreto-Lei n.º 83/2011, de 20 de junho.",Trimestral,Composta (iii)
L016823.2019.RH7,Saída,Azoto total (mg/L N),"Metodologia aplicável em conformidade com o disposto na legislação em vigor e de acordo com a Diretiva 2009/90/CE, transposta para direito interno pelo Decreto-Lei n.º 83/2011, de 20 de junho.",Trimestral,Composta (iii)
L016823.2019.RH7,Saída,Fósforo total (mg/L P),"Metodologia aplicável em conformidade com o disposto na legislação em vigor e de acordo com a Diretiva 2009/90/CE, transposta para direito interno pelo Decreto-Lei n.º 83/2011, de 20 de junho.",Trimestral,Composta (iii)
L016823.2019.RH7,Saída,Óleos e Gorduras (mg/L),"Metodologia aplicável em conformidade com o disposto na legislação em vigor e de acordo com a Diretiva 2009/90/CE, transposta para direito interno pelo Decreto-Lei n.º 83/2011, de 20 de junho.",Semestral,Composta (iii)
L016823.2019.RH7,Saída,Caudal (m3/dia),-,Mensal,Composta (i)
L012771.2019.RH7,Saída,pH (Escala de Sörensen),"Metodologia aplicável em conformidade com o disposto na legislação em vigor e de acordo com a Diretiva 2009/90/CE, transposta para direito interno pelo Decreto-Lei n.º 83/2011, de 20 de junho.",Trimestral,Composta (iii)
L012771.2019.RH7,Saída,Carência Química de Oxigénio (mg/L O2),"Metodologia aplicável em conformidade com o disposto na legislação em vigor e de acordo com a Diretiva 2009/90/CE, transposta para direito interno pelo Decreto-Lei n.º 83/2011, de 20 de junho.",Trimestral,Composta (iii)
L012771.2019.RH7,Saída,Carência Bioquímica de Oxigénio (mg/L O2),"Metodologia aplicável em conformidade com o disposto na legislação em vigor e de acordo com a Diretiva 2009/90/CE, transposta para direito interno pelo Decreto-Lei n.º 83/2011, de 20 de junho.",Trimestral,Composta (iii)
L012771.2019.RH7,Saída,Sólidos Suspensos Totais (mg/L),"Metodologia aplicável em conformidade com o disposto na legislação em vigor e de acordo com a Diretiva 2009/90/CE, transposta para direito interno pelo Decreto-Lei n.º 83/2011, de 20 de junho.",Trimestral,Composta (iii)
L012771.2019.RH7,Saída,Azoto total (mg/L N),"Metodologia aplicável em conformidade com o disposto na legislação em vigor e de acordo com a Diretiva 2009/90/CE, transposta para direito interno pelo Decreto-Lei n.º 83/2011, de 20 de junho.",Trimestral,Composta (iii)
L012771.2019.RH7,Saída,Fósforo total (mg/L P),"Metodologia aplicável em conformidade com o disposto na legislação em vigor e de acordo com a Diretiva 2009/90/CE, transposta para direito interno pelo Decreto-Lei n.º 83/2011, de 20 de junho.",Trimestral,Composta (iii)
L012771.2019.RH7,Saída,Óleos e Gorduras (mg/L),"Metodologia aplicável em conformidade com o disposto na legislação em vigor e de acordo com a Diretiva 2009/90/CE, transposta para direito interno pelo Decreto-Lei n.º 83/2011, de 20 de junho.",Semestral,Composta (iii)
L012771.2019.RH7,Saída,Caudal (m3/dia),-,Mensal,Composta (i)
L010844.2021.RH5A,Saída,pH (Escala de Sörensen),"Metodologia aplicável em conformidade com o disposto na legislação em vigor e de acordo com a Diretiva 2009/90/CE, transposta para direito interno pelo Decreto-Lei n.º 83/2011, de 20 de junho.",Mensal,Composta (ii)
L010844.2021.RH5A,Saída,Carência Química de Oxigénio (mg/L O2),"Metodologia aplicável em conformidade com o disposto na legislação em vigor e de acordo com a Diretiva 2009/90/CE, transposta para direito interno pelo Decreto-Lei n.º 83/2011, de 20 de junho.",Mensal,Composta (ii)
L010844.2021.RH5A,Saída,Carência Bioquímica de Oxigénio (mg/L O2),"Metodologia aplicável em conformidade com o disposto na legislação em vigor e de acordo com a Diretiva 2009/90/CE, transposta para direito interno pelo Decreto-Lei n.º 83/2011, de 20 de junho.",Mensal,Composta (ii)
L010844.2021.RH5A,Saída,Sólidos Suspensos Totais (mg/L),"Metodologia aplicável em conformidade com o disposto na legislação em vigor e de acordo com a Diretiva 2009/90/CE, transposta para direito interno pelo Decreto-Lei n.º 83/2011, de 20 de junho.",Mensal,Composta (ii)
L010844.2021.RH5A,Saída,Caudal (m3/mês),-,Mensal,Composta (ii)
L009856.2021.RH3,Saída,pH (Escala de Sörensen),"Metodologia aplicável em conformidade com o disposto na legislação em vigor e de acordo com a Diretiva 2009/90/CE, transposta para direito interno pelo Decreto-Lei n.º 83/2011, de 20 de junho.",Mensal,Composta (i)
L009856.2021.RH3,Saída,Carência Química de Oxigénio (mg/L O2),"Metodologia aplicável em conformidade com o disposto na legislação em vigor e de acordo com a Diretiva 2009/90/CE, transposta para direito interno pelo Decreto-Lei n.º 83/2011, de 20 de junho.",Mensal,Composta (i)
L009856.2021.RH3,Saída,Carência Bioquímica de Oxigénio (mg/L O2),"Metodologia aplicável em conformidade com o disposto na legislação em vigor e de acordo com a Diretiva 2009/90/CE, transposta para direito interno pelo Decreto-Lei n.º 83/2011, de 20 de junho.",Mensal,Composta (i)
L009856.2021.RH3,Saída,Sólidos Suspensos Totais (mg/L),"Metodologia aplicável em conformidade com o disposto na legislação em vigor e de acordo com a Diretiva 2009/90/CE, transposta para direito interno pelo Decreto-Lei n.º 83/2011, de 20 de junho.",Mensal,Composta (i)
L009856.2021.RH3,Saída,Azoto total (mg/L N),"Metodologia aplicável em conformidade com o disposto na legislação em vigor e de acordo com a Diretiva 2009/90/CE, transposta para direito interno pelo Decreto-Lei n.º 83/2011, de 20 de junho.",Trimestral,Composta (i)
L009856.2021.RH3,Saída,Fósforo total (mg/L P),"Metodologia aplicável em conformidade com o disposto na legislação em vigor e de acordo com a Diretiva 2009/90/CE, transposta para direito interno pelo Decreto-Lei n.º 83/2011, de 20 de junho.",Trimestral,Composta (i)
L002179.2021.RH7,Saída,pH (Escala de Sörensen),"Metodologia aplicável em conformidade com o disposto na legislação em vigor e de acordo com a Diretiva 2009/90/CE, transposta para direito interno pelo Decreto-Lei n.º 83/2011, de 20 de junho.",Mensal,Composta (iii)
L002179.2021.RH7,Saída,Carência Química de Oxigénio (mg/L O2),"Metodologia aplicável em conformidade com o disposto na legislação em vigor e de acordo com a Diretiva 2009/90/CE, transposta para direito interno pelo Decreto-Lei n.º 83/2011, de 20 de junho.",Mensal,Composta (iii)
L002179.2021.RH7,Saída,Carência Bioquímica de Oxigénio (mg/L O2),"Metodologia aplicável em conformidade com o disposto na legislação em vigor e de acordo com a Diretiva 2009/90/CE, transposta para direito interno pelo Decreto-Lei n.º 83/2011, de 20 de junho.",Mensal,Composta (iii)
L002179.2021.RH7,Saída,Sólidos Suspensos Totais (mg/L),"Metodologia aplicável em conformidade com o disposto na legislação em vigor e de acordo com a Diretiva 2009/90/CE, transposta para direito interno pelo Decreto-Lei n.º 83/2011, de 20 de junho.",Mensal,Composta (iii)
L002179.2021.RH7,Saída,Azoto total (mg/L N),"Metodologia aplicável em conformidade com o disposto na legislação em vigor e de acordo com a Diretiva 2009/90/CE, transposta para direito interno pelo Decreto-Lei n.º 83/2011, de 20 de junho.",Mensal,Composta (iii)
L002179.2021.RH7,Saída,Fósforo total (mg/L P),"Metodologia aplicável em conformidade com o disposto na legislação em vigor e de acordo com a Diretiva 2009/90/CE, transposta para direito interno pelo Decreto-Lei n.º 83/2011, de 20 de junho.",Mensal,Composta (iii)
L002179.2021.RH7,Saída,Óleos e Gorduras (mg/L),"Metodologia aplicável em conformidade com o disposto na legislação em vigor e de acordo com a Diretiva 2009/90/CE, transposta para direito interno pelo Decreto-Lei n.º 83/2011, de 20 de junho.",Trimestral,Composta (iii)
L002179.2021.RH7,Saída,Caudal (m3/mês),-,Mensal,Composta (i)
L002179.2021.RH7,Saída,Escherichia coli (ufc/100 mL),"Anexo I do Decreto-Lei n.º 135/2009, de 3 de junho.",Mensal,Pontual
L000060.2022.RH4A,Saída,pH (Escala de Sörensen),"Metodologia aplicável em conformidade com o disposto na legislação em vigor e de acordo com a Diretiva 2009/90/CE, transposta para direito interno pelo Decreto-Lei n.º 83/2011, de 20 de junho.",Trimestral,Pontual
L000060.2022.RH4A,Saída,Carência Química de Oxigénio (mg/L O2),"Metodologia aplicável em conformidade com o disposto na legislação em vigor e de acordo com a Diretiva 2009/90/CE, transposta para direito interno pelo Decreto-Lei n.º 83/2011, de 20 de junho.",Trimestral,Composta (i)
L000060.2022.RH4A,Saída,Carência Bioquímica de Oxigénio (mg/L O2),"Metodologia aplicável em conformidade com o disposto na legislação em vigor e de acordo com a Diretiva 2009/90/CE, transposta para direito interno pelo Decreto-Lei n.º 83/2011, de 20 de junho.",Trimestral,Composta (i)
L000060.2022.RH4A,Saída,Sólidos Suspensos Totais (mg/L),"Metodologia aplicável em conformidade com o disposto na legislação em vigor e de acordo com a Diretiva 2009/90/CE, transposta para direito interno pelo Decreto-Lei n.º 83/2011, de 20 de junho.",Trimestral,Composta (i)
L000060.2022.RH4A,Saída,Azoto total (mg/L N),"Metodologia aplicável em conformidade com o disposto na legislação em vigor e de acordo com a Diretiva 2009/90/CE, transposta para direito interno pelo Decreto-Lei n.º 83/2011, de 20 de junho.",Trimestral,Composta (i)
L000060.2022.RH4A,Saída,Fósforo total (mg/L P),"Metodologia aplicável em conformidade com o disposto na legislação em vigor e de acordo com a Diretiva 2009/90/CE, transposta para direito interno pelo Decreto-Lei n.º 83/2011, de 20 de junho.",Trimestral,Composta (i)
L000060.2022.RH4A,Saída,Azoto amoniacal (mg/L NH4),"Metodologia aplicável em conformidade com o disposto na legislação em vigor e de acordo com a Diretiva 2009/90/CE, transposta para direito interno pelo Decreto-Lei n.º 83/2011, de 20 de junho.",Trimestral,Composta (i)
L007542.2022.RH5A,Saída,pH (Escala de Sörensen),"Metodologia aplicável em conformidade com o disposto na legislação em vigor e de acordo com a Diretiva 2009/90/CE, transposta para direito interno pelo Decreto-Lei n.º 83/2011, de 20 de junho.",Mensal,Composta (ii)
L007542.2022.RH5A,Saída,Carência Química de Oxigénio (mg/L O2),"Metodologia aplicável em conformidade com o disposto na legislação em vigor e de acordo com a Diretiva 2009/90/CE, transposta para direito interno pelo Decreto-Lei n.º 83/2011, de 20 de junho.",Mensal,Composta (ii)
L007542.2022.RH5A,Saída,Carência Bioquímica de Oxigénio (mg/L O2),"Metodologia aplicável em conformidade com o disposto na legislação em vigor e de acordo com a Diretiva 2009/90/CE, transposta para direito interno pelo Decreto-Lei n.º 83/2011, de 20 de junho.",Mensal,Composta (ii)
L007542.2022.RH5A,Saída,Sólidos Suspensos Totais (mg/L),"Metodologia aplicável em conformidade com o disposto na legislação em vigor e de acordo com a Diretiva 2009/90/CE, transposta para direito interno pelo Decreto-Lei n.º 83/2011, de 20 de junho.",Mensal,Composta (ii)
L007542.2022.RH5A,Saída,Azoto total (mg/L N),"Metodologia aplicável em conformidade com o disposto na legislação em vigor e de acordo com a Diretiva 2009/90/CE, transposta para direito interno pelo Decreto-Lei n.º 83/2011, de 20 de junho.",Trimestral,Composta (ii)
L007542.2022.RH5A,Saída,Fósforo total (mg/L P),"Metodologia aplicável em conformidade com o disposto na legislação em vigor e de acordo com a Diretiva 2009/90/CE, transposta para direito interno pelo Decreto-Lei n.º 83/2011, de 20 de junho.",Trimestral,Composta (ii)
L007542.2022.RH5A,Saída,Caudal (m3/mês),-,Mensal,Pontual
L011912.2016.RH7,Saída,Caudal (m3/mês),-,Mensal,Composta (i)
L011912.2016.RH7,Saída,pH (Escala de Sörensen),"Metodologia aplicável em conformidade com o disposto na legislação em vigor e de acordo com a Diretiva 2009/90/CE, transposta para direito interno pelo Decreto-Lei n.º 83/2011, de 20 de junho.",Bimestral,Composta (i)
L011912.2016.RH7,Saída,Carência Química de Oxigénio (mg/L O2),"Metodologia aplicável em conformidade com o disposto na legislação em vigor e de acordo com a Diretiva 2009/90/CE, transposta para direito interno pelo Decreto-Lei n.º 83/2011, de 20 de junho.",Bimestral,Composta (i)
L011912.2016.RH7,Saída,Carência Bioquímica de Oxigénio (mg/L O2),"Metodologia aplicável em conformidade com o disposto na legislação em vigor e de acordo com a Diretiva 2009/90/CE, transposta para direito interno pelo Decreto-Lei n.º 83/2011, de 20 de junho.",Bimestral,Composta (i)
L011912.2016.RH7,Saída,Sólidos Suspensos Totais (mg/L),"Metodologia aplicável em conformidade com o disposto na legislação em vigor e de acordo com a Diretiva 2009/90/CE, transposta para direito interno pelo Decreto-Lei n.º 83/2011, de 20 de junho.",Bimestral,Composta (i)
L011912.2016.RH7,Saída,Azoto total (mg/L N),"Metodologia aplicável em conformidade com o disposto na legislação em vigor e de acordo com a Diretiva 2009/90/CE, transposta para direito interno",Bimestral,Composta (i)
L011912.2016.RH7,Saída,Fósforo total (mg/L P),"Metodologia aplicável em conformidade com o disposto na legislação em vigor e de acordo com a Diretiva 2009/90/CE, transposta para direito interno pelo Decreto-Lei n.º 83/2011, de 20 de junho.",Bimestral,Composta (i)
L011912.2016.RH7,Saída,Óleos e Gorduras (mg/L),"Metodologia aplicável em conformidade com o disposto na legislação em vigor e de acordo com a Diretiva 2009/90/CE, transposta para direito interno pelo Decreto-Lei n.º 83/2011, de 20 de junho.",Bimestral,Composta (i)
L011912.2016.RH7,Saída,Triclorometano (clorofórmio) (mg/L),"Metodologia aplicável em conformidade com o disposto na legislação em vigor e de acordo com a Diretiva 2009/90/CE, transposta para direito interno pelo Decreto-Lei n.º 83/2011, de 20 de junho.",Bimestral,Composta (i)
L011912.2016.RH7,Saída,Coliformes fecais (/100 ml),"Anexo III do Decreto-Lei n.º 236/98, de 1 de agosto.",Bimestral,Pontual
L006730.2022.RH5A,Saída,pH (Escala de Sörensen),"Metodologia aplicável em conformidade com o disposto na legislação em vigor e de acordo com a Diretiva 2009/90/CE, transposta para direito interno pelo Decreto-Lei n.º 83/2011, de 20 de junho.",Mensal,Pontual
L006730.2022.RH5A,Saída,Carência Química de Oxigénio (mg/L O2),"Metodologia aplicável em conformidade com o disposto na legislação em vigor e de acordo com a Diretiva 2009/90/CE, transposta para direito interno pelo Decreto-Lei n.º 83/2011, de 20 de junho.",Mensal,Pontual
L006730.2022.RH5A,Saída,Carência Bioquímica de Oxigénio (mg/L O2),"Metodologia aplicável em conformidade com o disposto na legislação em vigor e de acordo com a Diretiva 2009/90/CE, transposta para direito interno pelo Decreto-Lei n.º 83/2011, de 20 de junho.",Mensal,Pontual
L006730.2022.RH5A,Saída,Sólidos Suspensos Totais (mg/L),"Metodologia aplicável em conformidade com o disposto na legislação em vigor e de acordo com a Diretiva 2009/90/CE, transposta para direito interno pelo Decreto-Lei n.º 83/2011, de 20 de junho.",Mensal,Pontual
L006730.2022.RH5A,Saída,Azoto total (mg/L N),"Metodologia aplicável em conformidade com o disposto na legislação em vigor e de acordo com a Diretiva 2009/90/CE, transposta para direito interno pelo Decreto-Lei n.º 83/2011, de 20 de junho.",Trimestral,Pontual
L006730.2022.RH5A,Saída,Fósforo total (mg/L P),"Metodologia aplicável em conformidade com o disposto na legislação em vigor e de acordo com a Diretiva 2009/90/CE, transposta para direito interno pelo Decreto-Lei n.º 83/2011, de 20 de junho.",Trimestral,Pontual
L006730.2022.RH5A,Saída,Caudal (m3/mês),-,Mensal,Pontual
L007497.2022.RH5A,Saída,pH (Escala de Sörensen),"Metodologia aplicável em conformidade com o disposto na legislação em vigor e de acordo com a Diretiva 2009/90/CE, transposta para direito interno pelo Decreto-Lei n.º 83/2011, de 20 de junho.",Mensal,Composta (ii)
L007497.2022.RH5A,Saída,Carência Química de Oxigénio (mg/L O2),"Metodologia aplicável em conformidade com o disposto na legislação em vigor e de acordo com a Diretiva 2009/90/CE, transposta para direito interno pelo Decreto-Lei n.º 83/2011, de 20 de junho.",Mensal,Composta (ii)
L007497.2022.RH5A,Saída,Carência Bioquímica de Oxigénio (mg/L O2),"Metodologia aplicável em conformidade com o disposto na legislação em vigor e de acordo com a Diretiva 2009/90/CE, transposta para direito interno pelo Decreto-Lei n.º 83/2011, de 20 de junho.",Mensal,Composta (ii)
L007497.2022.RH5A,Saída,Sólidos Suspensos Totais (mg/L),"Metodologia aplicável em conformidade com o disposto na legislação em vigor e de acordo com a Diretiva 2009/90/CE, transposta para direito interno pelo Decreto-Lei n.º 83/2011, de 20 de junho.",Mensal,Composta (ii)
L007497.2022.RH5A,Saída,Azoto total (mg/L N),"Metodologia aplicável em conformidade com o disposto na legislação em vigor e de acordo com a Diretiva 2009/90/CE, transposta para direito interno pelo Decreto-Lei n.º 83/2011, de 20 de junho.",Trimestral,Composta (ii)
L007497.2022.RH5A,Saída,Fósforo total (mg/L P),"Metodologia aplicável em conformidade com o disposto na legislação em vigor e de acordo com a Diretiva 2009/90/CE, transposta para direito interno pelo Decreto-Lei n.º 83/2011, de 20 de junho.",Trimestral,Composta (ii)
L007497.2022.RH5A,Saída,Caudal (m3/mês),-,Mensal,Composta (ii)
L006837.2022.RH5A,Entrada,pH (Escala de Sörensen),"Metodologia aplicável em conformidade com o disposto na legislação em vigor e de acordo com a Diretiva 2009/90/CE, transposta para direito interno pelo Decreto-Lei n.º 83/2011, de 20 de junho.",Mensal,Composta (ii)
L006837.2022.RH5A,Entrada,Carência Química de Oxigénio (mg/L O2),"Metodologia aplicável em conformidade com o disposto na legislação em vigor e de acordo com a Diretiva 2009/90/CE, transposta para direito interno pelo Decreto-Lei n.º 83/2011, de 20 de junho.",Mensal,Composta (ii)
L006837.2022.RH5A,Entrada,Carência Bioquímica de Oxigénio (mg/L O2),"Metodologia aplicável em conformidade com o disposto na legislação em vigor e de acordo com a Diretiva 2009/90/CE, transposta para direito interno pelo Decreto-Lei n.º 83/2011, de 20 de junho.",Mensal,Composta (ii)
L006837.2022.RH5A,Entrada,Sólidos Suspensos Totais (mg/L),"Metodologia aplicável em conformidade com o disposto na legislação em vigor e de acordo com a Diretiva 2009/90/CE, transposta para direito interno pelo Decreto-Lei n.º 83/2011, de 20 de junho.",Mensal,Composta (ii)
L006837.2022.RH5A,Entrada,Óleos e Gorduras (mg/L),"Metodologia aplicável em conformidade com o disposto na legislação em vigor e de acordo com a Diretiva 2009/90/CE, transposta para direito interno pelo Decreto-Lei n.º 83/2011, de 20 de junho.",Mensal,Pontual
L006837.2022.RH5A,Saída,pH (Escala de Sörensen),"Metodologia aplicável em conformidade com o disposto na legislação em vigor e de acordo com a Diretiva 2009/90/CE, transposta para direito interno pelo Decreto-Lei n.º 83/2011, de 20 de junho.",Mensal,Composta (ii)
L006837.2022.RH5A,Saída,Carência Química de Oxigénio (mg/L O2),"Metodologia aplicável em conformidade com o disposto na legislação em vigor e de acordo com a Diretiva 2009/90/CE, transposta para direito interno pelo Decreto-Lei n.º 83/2011, de 20 de junho.",Mensal,Composta (ii)
L006837.2022.RH5A,Saída,Carência Bioquímica de Oxigénio (mg/L O2),"Metodologia aplicável em conformidade com o disposto na legislação em vigor e de acordo com a Diretiva 2009/90/CE, transposta para direito interno pelo Decreto-Lei n.º 83/2011, de 20 de junho.",Mensal,Composta (ii)
L006837.2022.RH5A,Saída,Sólidos Suspensos Totais,Metodologia aplicável em conformidade com o,Mensal,Composta (ii)
L006837.2022.RH5A,Saída,Azoto total (mg/L N),"Metodologia aplicável em conformidade com o disposto na legislação em vigor e de acordo com a Diretiva 2009/90/CE, transposta para direito interno pelo Decreto-Lei n.º 83/2011, de 20 de junho.",Trimestral,Composta (ii)
L006837.2022.RH5A,Saída,Fósforo total (mg/L P),"Metodologia aplicável em conformidade com o disposto na legislação em vigor e de acordo com a Diretiva 2009/90/CE, transposta para direito interno pelo Decreto-Lei n.º 83/2011, de 20 de junho.",Trimestral,Composta (ii)
L006837.2022.RH5A,Saída,Óleos e Gorduras (mg/L),"Metodologia aplicável em conformidade com o disposto na legislação em vigor e de acordo com a Diretiva 2009/90/CE, transposta para direito interno pelo Decreto-Lei n.º 83/2011, de 20 de junho.",Mensal,Pontual
L006837.2022.RH5A,Saída,Caudal (m3/mês),-,Mensal,Pontual
L005951.2022.RH5A,Saída,pH (Escala de Sörensen),"Metodologia aplicável em conformidade com o disposto na legislação em vigor e de acordo com a Diretiva 2009/90/CE, transposta para direito interno pelo Decreto-Lei n.º 83/2011, de 20 de junho.",Mensal,Composta (i)
L005951.2022.RH5A,Saída,Carência Química de Oxigénio (mg/L O2),"Metodologia aplicável em conformidade com o disposto na legislação em vigor e de acordo com a Diretiva 2009/90/CE, transposta para direito interno pelo Decreto-Lei n.º 83/2011, de 20 de junho.",Mensal,Composta (i)
L005951.2022.RH5A,Saída,Carência Bioquímica de Oxigénio (mg/L O2),"Metodologia aplicável em conformidade com o disposto na legislação em vigor e de acordo com a Diretiva 2009/90/CE, transposta para direito interno pelo Decreto-Lei n.º 83/2011, de 20 de junho.",Mensal,Composta (i)
L005951.2022.RH5A,Saída,Sólidos Suspensos Totais (mg/L),"Metodologia aplicável em conformidade com o disposto na legislação em vigor e de acordo com a Diretiva 2009/90/CE, transposta para direito interno pelo Decreto-Lei n.º 83/2011, de 20 de junho.",Mensal,Composta (i)
L005951.2022.RH5A,Saída,Azoto total (mg/L N),"Metodologia aplicável em conformidade com o disposto na legislação em vigor e de acordo com a Diretiva 2009/90/CE, transposta para direito interno pelo Decreto-Lei n.º 83/2011, de 20 de junho.",Trimestral,Composta (i)
L005951.2022.RH5A,Saída,Fósforo total (mg/L P),"Metodologia aplicável em conformidade com o disposto na legislação em vigor e de acordo com a Diretiva 2009/90/CE, transposta para direito interno pelo Decreto-Lei n.º 83/2011, de 20 de junho.",Trimestral,Composta (i)
L005951.2022.RH5A,Saída,Óleos e Gorduras (mg/L),"Metodologia aplicável em conformidade com o disposto na legislação em vigor e de acordo com a Diretiva 2009/90/CE, transposta para direito interno",Trimestral,Pontual
L000894.2021.RH7,Saída,pH (Escala de Sörensen),"Metodologia aplicável em conformidade com o disposto na legislação em vigor e de acordo com a Diretiva 2009/90/CE, transposta para direito interno pelo Decreto-Lei n.º 83/2011, de 20 de junho.",Trimestral,Pontual
L000894.2021.RH7,Saída,Carência Química de Oxigénio (mg/L O2),"Metodologia aplicável em conformidade com o disposto na legislação em vigor e de acordo com a Diretiva 2009/90/CE, transposta para direito interno pelo Decreto-Lei n.º 83/2011, de 20 de junho.",Trimestral,Pontual
L000894.2021.RH7,Saída,Carência Bioquímica de Oxigénio (mg/L O2),"Metodologia aplicável em conformidade com o disposto na legislação em vigor e de acordo com a Diretiva 2009/90/CE, transposta para direito interno pelo Decreto-Lei n.º 83/2011, de 20 de junho.",Trimestral,Pontual
L000894.2021.RH7,Saída,Sólidos Suspensos Totais (mg/L),"Metodologia aplicável em conformidade com o disposto na legislação em vigor e de acordo com a Diretiva 2009/90/CE, transposta para direito interno pelo Decreto-Lei n.º 83/2011, de 20 de junho.",Trimestral,Pontual
L000894.2021.RH7,Saída,Azoto total (mg/L N),"Metodologia aplicável em conformidade com o disposto na legislação em vigor e de acordo com a Diretiva 2009/90/CE, transposta para direito interno pelo Decreto-Lei n.º 83/2011, de 20 de junho.",Trimestral,Pontual
L000894.2021.RH7,Saída,Fósforo total (mg/L P),"Metodologia aplicável em conformidade com o disposto na legislação em vigor e de acordo com a Diretiva 2009/90/CE, transposta para direito interno pelo Decreto-Lei n.º 83/2011, de 20 de junho.",Trimestral,Pontual
L000894.2021.RH7,Saída,Óleos e Gorduras (mg/L),"Metodologia aplicável em conformidade com o disposto na legislação em vigor e de acordo com a Diretiva 2009/90/CE, transposta para direito interno pelo Decreto-Lei n.º 83/2011, de 20 de junho.",Semestral,Pontual
L000894.2021.RH7,Saída,Caudal (m3/mês),-,Mensal,Composta (i)
L003861.2014.RH6,Saída,Caudal (m3/mês),-,Mensal,Composta (i)
L003861.2014.RH6,Saída,pH (Escala de Sörensen),"Metodologia aplicável em conformidade com o disposto na legislação em vigor e de acordo com a Diretiva 2009/90/CE, transposta para direito interno pelo Decreto-Lei n.º 83/2011, de 20 de junho.",Trimestral,Pontual
L003861.2014.RH6,Saída,Carência Bioquímica de Oxigénio (mg/L O2),"Metodologia aplicável em conformidade com o disposto na legislação em vigor e de acordo com a Diretiva 2009/90/CE, transposta para direito interno pelo Decreto-Lei n.º 83/2011, de 20 de junho.",Trimestral,Pontual
L003861.2014.RH6,Saída,Carência Química de Oxigénio (mg/L O2),"Metodologia aplicável em conformidade com o disposto na legislação em vigor e de acordo com a Diretiva 2009/90/CE, transposta para direito interno pelo Decreto-Lei n.º 83/2011, de 20 de junho.",Trimestral,Pontual
L003861.2014.RH6,Saída,Sólidos Suspensos Totais (mg/L),"Metodologia aplicável em conformidade com o disposto na legislação em vigor e de acordo com a Diretiva 2009/90/CE, transposta para direito interno pelo Decreto-Lei n.º 83/2011, de 20 de junho.",Trimestral,Pontual
L003861.2014.RH6,Saída,Fósforo total (mg/L P),"Metodologia aplicável em conformidade com o disposto na legislação em vigor e de acordo com a Diretiva 2009/90/CE, transposta para direito interno pelo Decreto-Lei n.º 83/2011, de 20 de junho.",Trimestral,Pontual
L003861.2014.RH6,Saída,Óleos e Gorduras (mg/L),"Metodologia aplicável em conformidade com o disposto na legislação em vigor e de acordo com a Diretiva 2009/90/CE, transposta para direito interno pelo Decreto-Lei n.º 83/2011, de 20 de junho.",Semestral,Pontual
L003861.2014.RH6,Saída,Azoto total (mg/L N),"Metodologia aplicável em conformidade com o disposto na legislação em vigor e de acordo com a Diretiva 2009/90/CE, transposta para direito interno pelo Decreto-Lei n.º 83/2011, de 20 de junho.",Trimestral,Pontual
L000801.2021.RH7,Saída,pH (Escala de Sörensen),"Metodologia aplicável em conformidade com o disposto na legislação em vigor e de acordo com a Diretiva 2009/90/CE, transposta para direito interno pelo Decreto-Lei n.º 83/2011, de 20 de junho.",Trimestral,Composta (iii)
L000801.2021.RH7,Saída,Carência Química de Oxigénio (mg/L O2),"Metodologia aplicável em conformidade com o disposto na legislação em vigor e de acordo com a Diretiva 2009/90/CE, transposta para direito interno pelo Decreto-Lei n.º 83/2011, de 20 de junho.",Trimestral,Composta (iii)
L000801.2021.RH7,Saída,Carência Bioquímica de Oxigénio (mg/L O2),"Metodologia aplicável em conformidade com o disposto na legislação em vigor e de acordo com a Diretiva 2009/90/CE, transposta para direito interno pelo Decreto-Lei n.º 83/2011, de 20 de junho.",Trimestral,Composta (iii)
L000801.2021.RH7,Saída,Sólidos Suspensos Totais (mg/L),"Metodologia aplicável em conformidade com o disposto na legislação em vigor e de acordo com a Diretiva 2009/90/CE, transposta para direito interno pelo Decreto-Lei n.º 83/2011, de 20 de junho.",Trimestral,Composta (iii)
L000801.2021.RH7,Saída,Azoto total (mg/L N),"Metodologia aplicável em conformidade com o disposto na legislação em vigor e de acordo com a Diretiva 2009/90/CE, transposta para direito interno pelo Decreto-Lei n.º 83/2011, de 20 de junho.",Trimestral,Composta (iii)
L000801.2021.RH7,Saída,Fósforo total (mg/L P),"Metodologia aplicável em conformidade com o disposto na legislação em vigor e de acordo com a Diretiva 2009/90/CE, transposta para direito interno pelo Decreto-Lei n.º 83/2011, de 20 de junho.",Trimestral,Composta (iii)
L000801.2021.RH7,Saída,Óleos e Gorduras (mg/L),"Metodologia aplicável em conformidade com o disposto na legislação em vigor e de acordo com a Diretiva 2009/90/CE, transposta para direito interno pelo Decreto-Lei n.º 83/2011, de 20 de junho.",Semestral,Composta (iii)
L000801.2021.RH7,Saída,Caudal (m3/mês),-,Mensal,Composta (i)
L009075.2018.RH7,Saída,pH (Escala de Sörensen),"Metodologia aplicável em conformidade com o disposto na legislação em vigor e de acordo com a Diretiva 2009/90/CE, transposta para direito interno pelo Decreto-Lei n.º 83/2011, de 20 de junho.",Trimestral,Composta (i)
L009075.2018.RH7,Saída,Carência Química de Oxigénio (mg/L O2),"Metodologia aplicável em conformidade com o disposto na legislação em vigor e de acordo com a Diretiva 2009/90/CE, transposta para direito interno pelo Decreto-Lei n.º 83/2011, de 20 de junho.",Trimestral,Composta (i)
L009075.2018.RH7,Saída,Carência Bioquímica de Oxigénio (mg/L O2),"Metodologia aplicável em conformidade com o disposto na legislação em vigor e de acordo com a Diretiva 2009/90/CE, transposta para direito interno pelo Decreto-Lei n.º 83/2011, de 20 de junho.",Trimestral,Composta (i)
L009075.2018.RH7,Saída,Sólidos Suspensos Totais (mg/L),"Metodologia aplicável em conformidade com o disposto na legislação em vigor e de acordo com a Diretiva 2009/90/CE, transposta para direito interno pelo Decreto-Lei n.º 83/2011, de 20 de junho.",Trimestral,Composta (i)
L009075.2018.RH7,Saída,Azoto total (mg/L N),"Metodologia aplicável em conformidade com o disposto na legislação em vigor e de acordo com a Diretiva 2009/90/CE, transposta para direito interno pelo Decreto-Lei n.º 83/2011, de 20 de junho.",Trimestral,Composta (i)
L009075.2018.RH7,Saída,Fósforo total (mg/L P),"Metodologia aplicável em conformidade com o disposto na legislação em vigor e de acordo com a Diretiva 2009/90/CE, transposta para direito interno pelo Decreto-Lei n.º 83/2011, de 20 de junho.",Trimestral,Composta (i)
L006737.2022.RH5A,Saída,pH (Escala de Sörensen),"Metodologia aplicável em conformidade com o disposto na legislação em vigor e de acordo com a Diretiva 2009/90/CE, transposta para direito interno pelo Decreto-Lei n.º 83/2011, de 20 de junho.",Mensal,Composta (ii)
L006737.2022.RH5A,Saída,Carência Química de Oxigénio (mg/L O2),"Metodologia aplicável em conformidade com o disposto na legislação em vigor e de acordo com a Diretiva 2009/90/CE, transposta para direito interno pelo Decreto-Lei n.º 83/2011, de 20 de junho.",Mensal,Composta (ii)
L006737.2022.RH5A,Saída,Carência Bioquímica de Oxigénio (mg/L O2),"Metodologia aplicável em conformidade com o disposto na legislação em vigor e de acordo com a Diretiva 2009/90/CE, transposta para direito interno pelo Decreto-Lei n.º 83/2011, de 20 de junho.",Mensal,Composta (ii)
L006737.2022.RH5A,Saída,Sólidos Suspensos Totais (mg/L),"Metodologia aplicável em conformidade com o disposto na legislação em vigor e de acordo com a Diretiva 2009/90/CE, transposta para direito interno pelo Decreto-Lei n.º 83/2011, de 20 de junho.",Mensal,Composta (ii)
L006737.2022.RH5A,Saída,Azoto total (mg/L N),"Metodologia aplicável em conformidade com o disposto na legislação em vigor e de acordo com a Diretiva 2009/90/CE, transposta para direito interno pelo Decreto-Lei n.º 83/2011, de 20 de junho.",Trimestral,Composta (ii)
L006737.2022.RH5A,Saída,Fósforo total (mg/L P),"Metodologia aplicável em conformidade com o disposto na legislação em vigor e de acordo com a Diretiva 2009/90/CE, transposta para direito interno pelo Decreto-Lei n.º 83/2011, de 20 de junho.",Trimestral,Composta (ii)
L006737.2022.RH5A,Saída,Caudal (m3/mês),-,Mensal,Pontual
L006737.2022.RH5A,Saída,Escherichia coli (NMP/100 mL),"Metodologia aplicável em conformidade com o disposto na legislação em vigor e de acordo com a Diretiva 2009/90/CE, transposta para direito interno pelo Decreto-Lei n.º 83/2011, de 20 de junho.",Quinzenal,Pontual
L005347.2021.RH5A,Entrada,pH (Escala de Sörensen),"Metodologia aplicável em conformidade com o disposto na legislação em vigor e de acordo com a Diretiva 2009/90/CE, transposta para direito interno pelo Decreto-Lei n.º 83/2011, de 20 de junho.",Quinzenal,Composta (ii)
L005347.2021.RH5A,Entrada,Carência Química de Oxigénio (mg/L O2),"Metodologia aplicável em conformidade com o disposto na legislação em vigor e de acordo com a Diretiva 2009/90/CE, transposta para direito interno pelo Decreto-Lei n.º 83/2011, de 20 de junho.",Quinzenal,Composta (ii)
L005347.2021.RH5A,Entrada,Carência Bioquímica de Oxigénio (mg/L O2),"Metodologia aplicável em conformidade com o disposto na legislação em vigor e de acordo com a Diretiva 2009/90/CE, transposta para direito interno pelo Decreto-Lei n.º 83/2011, de 20 de junho.",Quinzenal,Composta (ii)
L005347.2021.RH5A,Entrada,Sólidos Suspensos Totais (mg/L),"Metodologia aplicável em conformidade com o disposto na legislação em vigor e de acordo com a Diretiva 2009/90/CE, transposta para direito interno pelo Decreto-Lei n.º 83/2011, de 20 de junho.",Quinzenal,Composta (ii)
L005347.2021.RH5A,Entrada,Caudal (m3/mês),-,Mensal,Em contínuo
L005347.2021.RH5A,Entrada,Caudal (m3/dia),-,Quinzenal,Em contínuo
L005347.2021.RH5A,Saída,pH (Escala de Sörensen),"Metodologia aplicável em conformidade com o disposto na legislação em vigor e de acordo com a Diretiva 2009/90/CE, transposta para direito interno pelo Decreto-Lei n.º 83/2011, de 20 de junho.",Quinzenal,Composta (ii)
L005347.2021.RH5A,Saída,Carência Química de Oxigénio (mg/L O2),Metodologia aplicável em conformidade com o disposto na legislação em vigor e de acordo com a,Quinzenal,Composta (ii)
L005347.2021.RH5A,Saída,Carência Bioquímica de Oxigénio (mg/L O2),"Metodologia aplicável em conformidade com o disposto na legislação em vigor e de acordo com a Diretiva 2009/90/CE, transposta para direito interno pelo Decreto-Lei n.º 83/2011, de 20 de junho.",Quinzenal,Composta (ii)
L005347.2021.RH5A,Saída,Sólidos Suspensos Totais (mg/L),"Metodologia aplicável em conformidade com o disposto na legislação em vigor e de acordo com a Diretiva 2009/90/CE, transposta para direito interno pelo Decreto-Lei n.º 83/2011, de 20 de junho.",Quinzenal,Composta (ii)
L005347.2021.RH5A,Saída,Azoto total (mg/L N),"Metodologia aplicável em conformidade com o disposto na legislação em vigor e de acordo com a Diretiva 2009/90/CE, transposta para direito interno pelo Decreto-Lei n.º 83/2011, de 20 de junho.",Trimestral,Composta (ii)
L005347.2021.RH5A,Saída,Fósforo total (mg/L P),"Metodologia aplicável em conformidade com o disposto na legislação em vigor e de acordo com a Diretiva 2009/90/CE, transposta para direito interno pelo Decreto-Lei n.º 83/2011, de 20 de junho.",Trimestral,Composta (ii)
L005347.2021.RH5A,Saída,Caudal (m3/mês),-,Mensal,Em contínuo
L005347.2021.RH5A,Saída,Caudal (m3/dia),-,Quinzenal,Em contínuo
L006858.2022.RH5A,Entrada,pH (Escala de Sörensen),"Metodologia aplicável em conformidade com o disposto na legislação em vigor e de acordo com a Diretiva 2009/90/CE, transposta para direito interno pelo Decreto-Lei n.º 83/2011, de 20 de junho.",Mensal,Composta (ii)
L006858.2022.RH5A,Entrada,Carência Química de Oxigénio (mg/L O2),"Metodologia aplicável em conformidade com o disposto na legislação em vigor e de acordo com a Diretiva 2009/90/CE, transposta para direito interno pelo Decreto-Lei n.º 83/2011, de 20 de junho.",Mensal,Composta (ii)
L006858.2022.RH5A,Entrada,Carência Bioquímica de Oxigénio (mg/L O2),"Metodologia aplicável em conformidade com o disposto na legislação em vigor e de acordo com a Diretiva 2009/90/CE, transposta para direito interno pelo Decreto-Lei n.º 83/2011, de 20 de junho.",Mensal,Composta (ii)
L006858.2022.RH5A,Entrada,Sólidos Suspensos Totais (mg/L),"Metodologia aplicável em conformidade com o disposto na legislação em vigor e de acordo com a Diretiva 2009/90/CE, transposta para direito interno pelo Decreto-Lei n.º 83/2011, de 20 de junho.",Mensal,Composta (ii)
L006858.2022.RH5A,Saída,pH (Escala de Sörensen),"Metodologia aplicável em conformidade com o disposto na legislação em vigor e de acordo com a Diretiva 2009/90/CE, transposta para direito interno pelo Decreto-Lei n.º 83/2011, de 20 de junho.",Mensal,Composta (ii)
L006858.2022.RH5A,Saída,Carência Química de Oxigénio (mg/L O2),"Metodologia aplicável em conformidade com o disposto na legislação em vigor e de acordo com a Diretiva 2009/90/CE, transposta para direito interno pelo Decreto-Lei n.º 83/2011, de 20 de junho.",Mensal,Composta (ii)
L006858.2022.RH5A,Saída,Carência Bioquímica de Oxigénio (mg/L O2),"Metodologia aplicável em conformidade com o disposto na legislação em vigor e de acordo com a Diretiva 2009/90/CE, transposta para direito interno pelo Decreto-Lei n.º 83/2011, de 20 de junho.",Mensal,Composta (ii)
L006858.2022.RH5A,Saída,Sólidos Suspensos Totais (mg/L),"Metodologia aplicável em conformidade com o disposto na legislação em vigor e de acordo com a Diretiva 2009/90/CE, transposta para direito interno pelo Decreto-Lei n.º 83/2011, de 20 de junho.",Mensal,Composta (ii)
L006858.2022.RH5A,Saída,Azoto total (mg/L N),Metodologia aplicável em conformidade com o disposto na legislação em vigor e de acordo com a,Trimestral,Composta (ii)
L006858.2022.RH5A,Saída,Fósforo total (mg/L P),"Metodologia aplicável em conformidade com o disposto na legislação em vigor e de acordo com a Diretiva 2009/90/CE, transposta para direito interno pelo Decreto-Lei n.º 83/2011, de 20 de junho.",Trimestral,Composta (ii)
L006858.2022.RH5A,Saída,Caudal (m3/mês),-,Mensal,Pontual
L004532.2014.RH6,Saída,Caudal (m3/mês),-,Mensal,Composta (i)
L004532.2014.RH6,Saída,pH (Escala de Sörensen),"Metodologia aplicável em conformidade com o disposto na legislação em vigor e de acordo com a Diretiva 2009/90/CE, transposta para direito interno pelo Decreto-Lei n.º 83/2011, de 20 de junho.",Trimestral,Pontual
L004532.2014.RH6,Saída,Carência Bioquímica de Oxigénio (mg/L O2),"Metodologia aplicável em conformidade com o disposto na legislação em vigor e de acordo com a Diretiva 2009/90/CE, transposta para direito interno pelo Decreto-Lei n.º 83/2011, de 20 de junho.",Trimestral,Pontual
L004532.2014.RH6,Saída,Carência Química de Oxigénio (mg/L O2),"Metodologia aplicável em conformidade com o disposto na legislação em vigor e de acordo com a Diretiva 2009/90/CE, transposta para direito interno pelo Decreto-Lei n.º 83/2011, de 20 de junho.",Trimestral,Pontual
L004532.2014.RH6,Saída,Sólidos Suspensos Totais (mg/L),"Metodologia aplicável em conformidade com o disposto na legislação em vigor e de acordo com a Diretiva 2009/90/CE, transposta para direito interno pelo Decreto-Lei n.º 83/2011, de 20 de junho.",Trimestral,Pontual
L004532.2014.RH6,Saída,Óleos e Gorduras (mg/L),"Metodologia aplicável em conformidade com o disposto na legislação em vigor e de acordo com a Diretiva 2009/90/CE, transposta para direito interno pelo Decreto-Lei n.º 83/2011, de 20 de junho.",Semestral,Pontual
L004532.2014.RH6,Saída,Azoto total (mg/L N),"Metodologia aplicável em conformidade com o disposto na legislação em vigor e de acordo com a Diretiva 2009/90/CE, transposta para direito interno pelo Decreto-Lei n.º 83/2011, de 20 de junho.",Trimestral,Pontual
L004532.2014.RH6,Saída,Fósforo total (mg/L P),"Metodologia aplicável em conformidade com o disposto na legislação em vigor e de acordo com a Diretiva 2009/90/CE, transposta para direito interno pelo Decreto-Lei n.º 83/2011, de 20 de junho.",Trimestral,Pontual
L000928.2018.RH7,Saída,pH (Escala de Sörensen),"Metodologia aplicável em conformidade com o disposto na legislação em vigor e de acordo com a Diretiva 2009/90/CE, transposta para direito interno pelo Decreto-Lei n.º 83/2011, de 20 de junho.",Mensal,Composta (i)
L000928.2018.RH7,Saída,Carência Química de Oxigénio (mg/L O2),"Metodologia aplicável em conformidade com o disposto na legislação em vigor e de acordo com a Diretiva 2009/90/CE, transposta para direito interno pelo Decreto-Lei n.º 83/2011, de 20 de junho.",Mensal,Composta (i)
L000928.2018.RH7,Saída,Carência Bioquímica de Oxigénio (mg/L O2),"Metodologia aplicável em conformidade com o disposto na legislação em vigor e de acordo com a Diretiva 2009/90/CE, transposta para direito interno pelo Decreto-Lei n.º 83/2011, de 20 de junho.",Mensal,Composta (i)
L000928.2018.RH7,Saída,Sólidos Suspensos Totais (mg/L),"Metodologia aplicável em conformidade com o disposto na legislação em vigor e de acordo com a Diretiva 2009/90/CE, transposta para direito interno pelo Decreto-Lei n.º 83/2011, de 20 de junho.",Mensal,Composta (i)
L000928.2018.RH7,Saída,Azoto total (mg/L N),"Metodologia aplicável em conformidade com o disposto na legislação em vigor e de acordo com a Diretiva 2009/90/CE, transposta para direito interno pelo Decreto-Lei n.º 83/2011, de 20 de junho.",Mensal,Composta (i)
L000928.2018.RH7,Saída,Fósforo total (mg/L P),"Metodologia aplicável em conformidade com o disposto na legislação em vigor e de acordo com a Diretiva 2009/90/CE, transposta para direito interno pelo Decreto-Lei n.º 83/2011, de 20 de junho.",Mensal,Composta (i)
L000928.2018.RH7,Saída,Óleos e Gorduras (mg/L),"Metodologia aplicável em conformidade com o disposto na legislação em vigor e de acordo com a Diretiva 2009/90/CE, transposta para direito interno pelo Decreto-Lei n.º 83/2011, de 20 de junho.",Mensal,Composta (i)
L000928.2018.RH7,Saída,Caudal (m3/mês),-,Mensal,Composta (i)
L000928.2018.RH7,Saída,Escherichia coli (ufc/100 mL),"Anexo I do Decreto-Lei n.º 135/2009, de 3 de junho.",Mensal,Pontual
L016490.2019.RH7,Saída,pH (Escala de Sörensen),"Metodologia aplicável em conformidade com o disposto na legislação em vigor e de acordo com a Diretiva 2009/90/CE, transposta para direito interno pelo Decreto-Lei n.º 83/2011, de 20 de junho.",Trimestral,Composta (iii)
L016490.2019.RH7,Saída,Carência Química de Oxigénio (mg/L O2),"Metodologia aplicável em conformidade com o disposto na legislação em vigor e de acordo com a Diretiva 2009/90/CE, transposta para direito interno pelo Decreto-Lei n.º 83/2011, de 20 de junho.",Trimestral,Composta (iii)
L016490.2019.RH7,Saída,Carência Bioquímica de Oxigénio (mg/L O2),"Metodologia aplicável em conformidade com o disposto na legislação em vigor e de acordo com a Diretiva 2009/90/CE, transposta para direito interno pelo Decreto-Lei n.º 83/2011, de 20 de junho.",Trimestral,Composta (iii)
L016490.2019.RH7,Saída,Sólidos Suspensos Totais (mg/L),"Metodologia aplicável em conformidade com o disposto na legislação em vigor e de acordo com a Diretiva 2009/90/CE, transposta para direito interno pelo Decreto-Lei n.º 83/2011, de 20 de junho.",Trimestral,Composta (iii)
L016490.2019.RH7,Saída,Azoto total (mg/L N),"Metodologia aplicável em conformidade com o disposto na legislação em vigor e de acordo com a Diretiva 2009/90/CE, transposta para direito interno pelo Decreto-Lei n.º 83/2011, de 20 de junho.",Trimestral,Composta (iii)
L016490.2019.RH7,Saída,Fósforo total (mg/L P),"Metodologia aplicável em conformidade com o disposto na legislação em vigor e de acordo com a Diretiva 2009/90/CE, transposta para direito interno pelo Decreto-Lei n.º 83/2011, de 20 de junho.",Trimestral,Composta (iii)
L016490.2019.RH7,Saída,Óleos e Gorduras (mg/L),"Metodologia aplicável em conformidade com o disposto na legislação em vigor e de acordo com a Diretiva 2009/90/CE, transposta para direito interno pelo Decreto-Lei n.º 83/2011, de 20 de junho.",Semestral,Composta (iii)
L016490.2019.RH7,Saída,Caudal (m3/dia),-,Mensal,Composta (i)
L015829.2021.RH4A,Saída,pH (Escala de Sörensen),"Metodologia aplicável em conformidade com o disposto na legislação em vigor e de acordo com a Diretiva 2009/90/CE, transposta para direito interno pelo Decreto-Lei n.º 83/2011, de 20 de junho.",Trimestral,Pontual
L015829.2021.RH4A,Saída,Carência Química de Oxigénio (mg/L O2),"Metodologia aplicável em conformidade com o disposto na legislação em vigor e de acordo com a Diretiva 2009/90/CE, transposta para direito interno pelo Decreto-Lei n.º 83/2011, de 20 de junho.",Trimestral,Composta (i)
L015829.2021.RH4A,Saída,Carência Bioquímica de Oxigénio (mg/L O2),"Metodologia aplicável em conformidade com o disposto na legislação em vigor e de acordo com a Diretiva 2009/90/CE, transposta para direito interno pelo Decreto-Lei n.º 83/2011, de 20 de junho.",Trimestral,Composta (i)
L015829.2021.RH4A,Saída,Sólidos Suspensos Totais (mg/L),"Metodologia aplicável em conformidade com o disposto na legislação em vigor e de acordo com a Diretiva 2009/90/CE, transposta para direito interno pelo Decreto-Lei n.º 83/2011, de 20 de junho.",Trimestral,Composta (i)
L015829.2021.RH4A,Saída,Azoto total (mg/L N),"Metodologia aplicável em conformidade com o disposto na legislação em vigor e de acordo com a Diretiva 2009/90/CE, transposta para direito interno pelo Decreto-Lei n.º 83/2011, de 20 de junho.",Trimestral,Composta (i)
L015829.2021.RH4A,Saída,Fósforo total (mg/L P),"Metodologia aplicável em conformidade com o disposto na legislação em vigor e de acordo com a Diretiva 2009/90/CE, transposta para direito interno pelo Decreto-Lei n.º 83/2011, de 20 de junho.",Trimestral,Composta (i)
L015829.2021.RH4A,Saída,Azoto amoniacal (mg/L NH4),"Metodologia aplicável em conformidade com o disposto na legislação em vigor e de acordo com a Diretiva 2009/90/CE, transposta para direito interno pelo Decreto-Lei n.º 83/2011, de 20 de junho.",Trimestral,Composta (i)
L009953.2020.RH5A,Entrada,Carência Química de Oxigénio (mg/L O2),"Metodologia aplicável em conformidade com o disposto na legislação em vigor e de acordo com a Diretiva 2009/90/CE, transposta para direito interno pelo Decreto-Lei n.º 83/2011, de 20 de junho.",Mensal,Composta (ii)
L009953.2020.RH5A,Entrada,Carência Bioquímica de Oxigénio (mg/L O2),"Metodologia aplicável em conformidade com o disposto na legislação em vigor e de acordo com a Diretiva 2009/90/CE, transposta para direito interno pelo Decreto-Lei n.º 83/2011, de 20 de junho.",Mensal,Composta (ii)
L009953.2020.RH5A,Entrada,Sólidos Suspensos Totais (mg/L),"Metodologia aplicável em conformidade com o disposto na legislação em vigor e de acordo com a Diretiva 2009/90/CE, transposta para direito interno pelo Decreto-Lei n.º 83/2011, de 20 de junho.",Mensal,Composta (ii)
L009953.2020.RH5A,Entrada,pH (a partir julho 2019) (Escala de Sörensen),"Metodologia aplicável em conformidade com o disposto na legislação em vigor e de acordo com a Diretiva 2009/90/CE, transposta para direito interno pelo Decreto-Lei n.º 83/2011, de 20 de junho.",Mensal,Composta (ii)
L009953.2020.RH5A,Saída,pH (Escala de Sörensen),"Metodologia aplicável em conformidade com o disposto na legislação em vigor e de acordo com a Diretiva 2009/90/CE, transposta para direito interno pelo Decreto-Lei n.º 83/2011, de 20 de junho.",Mensal,Composta (ii)
L009953.2020.RH5A,Saída,Carência Química de Oxigénio (mg/L O2),"Metodologia aplicável em conformidade com o disposto na legislação em vigor e de acordo com a Diretiva 2009/90/CE, transposta para direito interno pelo Decreto-Lei n.º 83/2011, de 20 de junho.",Mensal,Composta (ii)
L009953.2020.RH5A,Saída,Carência Bioquímica de,Metodologia aplicável em conformidade com o,Mensal,Composta (ii)
L009953.2020.RH5A,Saída,Sólidos Suspensos Totais (mg/L),"Metodologia aplicável em conformidade com o disposto na legislação em vigor e de acordo com a Diretiva 2009/90/CE, transposta para direito interno pelo Decreto-Lei n.º 83/2011, de 20 de junho.",Mensal,Composta (ii)
L009953.2020.RH5A,Saída,Azoto total (mg/L N),"Metodologia aplicável em conformidade com o disposto na legislação em vigor e de acordo com a Diretiva 2009/90/CE, transposta para direito interno pelo Decreto-Lei n.º 83/2011, de 20 de junho.",Trimestral,Composta (ii)
L009953.2020.RH5A,Saída,Fósforo total (mg/L P),"Metodologia aplicável em conformidade com o disposto na legislação em vigor e de acordo com a Diretiva 2009/90/CE, transposta para direito interno pelo Decreto-Lei n.º 83/2011, de 20 de junho.",Trimestral,Composta (ii)
L009953.2020.RH5A,Saída,Caudal (m3/mês),-,Mensal,Pontual
L009953.2020.RH5A,Saída,Caudal (m3/dia),-,Mensal,Pontual
L002750.2021.RH7,Saída,pH (Escala de Sörensen),"Metodologia aplicável em conformidade com o disposto na legislação em vigor e de acordo com a Diretiva 2009/90/CE, transposta para direito interno pelo Decreto-Lei n.º 83/2011, de 20 de junho.",Mensal,Composta (iii)
L002750.2021.RH7,Saída,Carência Química de Oxigénio (mg/L O2),"Metodologia aplicável em conformidade com o disposto na legislação em vigor e de acordo com a Diretiva 2009/90/CE, transposta para direito interno pelo Decreto-Lei n.º 83/2011, de 20 de junho.",Mensal,Composta (iii)
L002750.2021.RH7,Saída,Carência Bioquímica de Oxigénio (mg/L O2),"Metodologia aplicável em conformidade com o disposto na legislação em vigor e de acordo com a Diretiva 2009/90/CE, transposta para direito interno pelo Decreto-Lei n.º 83/2011, de 20 de junho.",Mensal,Composta (iii)
L002750.2021.RH7,Saída,Sólidos Suspensos Totais (mg/L),"Metodologia aplicável em conformidade com o disposto na legislação em vigor e de acordo com a Diretiva 2009/90/CE, transposta para direito interno pelo Decreto-Lei n.º 83/2011, de 20 de junho.",Mensal,Composta (iii)
L002750.2021.RH7,Saída,Azoto total (mg/L N),"Metodologia aplicável em conformidade com o disposto na legislação em vigor e de acordo com a Diretiva 2009/90/CE, transposta para direito interno pelo Decreto-Lei n.º 83/2011, de 20 de junho.",Mensal,Composta (iii)
L002750.2021.RH7,Saída,Fósforo total (mg/L P),"Metodologia aplicável em conformidade com o disposto na legislação em vigor e de acordo com a Diretiva 2009/90/CE, transposta para direito interno pelo Decreto-Lei n.º 83/2011, de 20 de junho.",Mensal,Composta (iii)
L002750.2021.RH7,Saída,Óleos e Gorduras (mg/L),"Metodologia aplicável em conformidade com o disposto na legislação em vigor e de acordo com a Diretiva 2009/90/CE, transposta para direito interno pelo Decreto-Lei n.º 83/2011, de 20 de junho.",Semestral,Composta (iii)
L002750.2021.RH7,Saída,Caudal (m3/mês),-,Mensal,Composta (i)
L009097.2020.RH7,Saída,pH (Escala de Sörensen),"Metodologia aplicável em conformidade com o disposto na legislação em vigor e de acordo com a Diretiva 2009/90/CE, transposta para direito interno pelo Decreto-Lei n.º 83/2011, de 20 de junho.",Mensal,Pontual
L009097.2020.RH7,Saída,Carência Química de Oxigénio (mg/L O2),"Metodologia aplicável em conformidade com o disposto na legislação em vigor e de acordo com a Diretiva 2009/90/CE, transposta para direito interno pelo Decreto-Lei n.º 83/2011, de 20 de junho.",Mensal,Pontual
L009097.2020.RH7,Saída,Carência Bioquímica de Oxigénio (mg/L O2),"Metodologia aplicável em conformidade com o disposto na legislação em vigor e de acordo com a Diretiva 2009/90/CE, transposta para direito interno pelo Decreto-Lei n.º 83/2011, de 20 de junho.",Mensal,Pontual
L009097.2020.RH7,Saída,Sólidos Suspensos Totais (mg/L),"Metodologia aplicável em conformidade com o disposto na legislação em vigor e de acordo com a Diretiva 2009/90/CE, transposta para direito interno pelo Decreto-Lei n.º 83/2011, de 20 de junho.",Mensal,Pontual
L009097.2020.RH7,Saída,Azoto total (mg/L N),"Metodologia aplicável em conformidade com o disposto na legislação em vigor e de acordo com a Diretiva 2009/90/CE, transposta para direito interno pelo Decreto-Lei n.º 83/2011, de 20 de junho.",Mensal,Pontual
L009097.2020.RH7,Saída,Fósforo total (mg/L P),"Metodologia aplicável em conformidade com o disposto na legislação em vigor e de acordo com a Diretiva 2009/90/CE, transposta para direito interno pelo Decreto-Lei n.º 83/2011, de 20 de junho.",Mensal,Pontual
L009097.2020.RH7,Saída,Óleos e Gorduras (mg/L),"Metodologia aplicável em conformidade com o disposto na legislação em vigor e de acordo com a Diretiva 2009/90/CE, transposta para direito interno pelo Decreto-Lei n.º 83/2011, de 20 de junho.",Mensal,Pontual
L009097.2020.RH7,Saída,Caudal (m3/dia),-,Mensal,Composta (i)
L009098.2020.RH7,Saída,pH (Escala de Sörensen),"Metodologia aplicável em conformidade com o disposto na legislação em vigor e de acordo com a Diretiva 2009/90/CE, transposta para direito interno pelo Decreto-Lei n.º 83/2011, de 20 de junho.",Mensal,Pontual
L009098.2020.RH7,Saída,Carência Química de Oxigénio (mg/L O2),"Metodologia aplicável em conformidade com o disposto na legislação em vigor e de acordo com a Diretiva 2009/90/CE, transposta para direito interno pelo Decreto-Lei n.º 83/2011, de 20 de junho.",Mensal,Pontual
L009098.2020.RH7,Saída,Carência Bioquímica de Oxigénio (mg/L O2),"Metodologia aplicável em conformidade com o disposto na legislação em vigor e de acordo com a Diretiva 2009/90/CE, transposta para direito interno pelo Decreto-Lei n.º 83/2011, de 20 de junho.",Mensal,Pontual
L009098.2020.RH7,Saída,Sólidos Suspensos Totais (mg/L),"Metodologia aplicável em conformidade com o disposto na legislação em vigor e de acordo com a Diretiva 2009/90/CE, transposta para direito interno pelo Decreto-Lei n.º 83/2011, de 20 de junho.",Mensal,Pontual
L009098.2020.RH7,Saída,Azoto total (mg/L N),"Metodologia aplicável em conformidade com o disposto na legislação em vigor e de acordo com a Diretiva 2009/90/CE, transposta para direito interno pelo Decreto-Lei n.º 83/2011, de 20 de junho.",Mensal,Pontual
L009098.2020.RH7,Saída,Fósforo total (mg/L P),"Metodologia aplicável em conformidade com o disposto na legislação em vigor e de acordo com a Diretiva 2009/90/CE, transposta para direito interno pelo Decreto-Lei n.º 83/2011, de 20 de junho.",Mensal,Pontual
L009098.2020.RH7,Saída,Óleos e Gorduras (mg/L),"Metodologia aplicável em conformidade com o disposto na legislação em vigor e de acordo com a Diretiva 2009/90/CE, transposta para direito interno pelo Decreto-Lei n.º 83/2011, de 20 de junho.",Mensal,Pontual
L009098.2020.RH7,Saída,Caudal (m3/dia),-,Mensal,Composta (i)
L018980.2022.RH4A,Saída,pH (Escala de Sörensen),"Metodologia aplicável em conformidade com o disposto na legislação em vigor e de acordo com a Diretiva 2009/90/CE, transposta para direito interno pelo Decreto-Lei n.º 83/2011, de 20 de junho.",Trimestral,Composta (i)
L018980.2022.RH4A,Saída,Carência Química de Oxigénio (mg/L O2),"Metodologia aplicável em conformidade com o disposto na legislação em vigor e de acordo com a Diretiva 2009/90/CE, transposta para direito interno pelo Decreto-Lei n.º 83/2011, de 20 de junho.",Trimestral,Composta (i)
L018980.2022.RH4A,Saída,Carência Bioquímica de Oxigénio (mg/L O2),"Metodologia aplicável em conformidade com o disposto na legislação em vigor e de acordo com a Diretiva 2009/90/CE, transposta para direito interno pelo Decreto-Lei n.º 83/2011, de 20 de junho.",Trimestral,Composta (i)
L018980.2022.RH4A,Saída,Sólidos Suspensos Totais (mg/L),"Metodologia aplicável em conformidade com o disposto na legislação em vigor e de acordo com a Diretiva 2009/90/CE, transposta para direito interno pelo Decreto-Lei n.º 83/2011, de 20 de junho.",Trimestral,Composta (i)
L018980.2022.RH4A,Saída,Azoto total (mg/L N),"Metodologia aplicável em conformidade com o disposto na legislação em vigor e de acordo com a Diretiva 2009/90/CE, transposta para direito interno pelo Decreto-Lei n.º 83/2011, de 20 de junho.",Trimestral,Composta (i)
L018980.2022.RH4A,Saída,Azoto amoniacal (mg/L NH4),"Metodologia aplicável em conformidade com o disposto na legislação em vigor e de acordo com a Diretiva 2009/90/CE, transposta para direito interno pelo Decreto-Lei n.º 83/2011, de 20 de junho.",Trimestral,Composta (i)
L018980.2022.RH4A,Saída,Fósforo total (a partir julho 2019) (mg/L P),"Metodologia aplicável em conformidade com o disposto na legislação em vigor e de acordo com a Diretiva 2009/90/CE, transposta para direito interno pelo Decreto-Lei n.º 83/2011, de 20 de junho.",Trimestral,Composta (i)
L007500.2022.RH5A,Entrada,pH (Escala de Sörensen),"Metodologia aplicável em conformidade com o disposto na legislação em vigor e de acordo com a Diretiva 2009/90/CE, transposta para direito interno pelo Decreto-Lei n.º 83/2011, de 20 de junho.",Quinzenal,Composta (ii)
L007500.2022.RH5A,Entrada,Carência Química de Oxigénio (mg/L O2),"Metodologia aplicável em conformidade com o disposto na legislação em vigor e de acordo com a Diretiva 2009/90/CE, transposta para direito interno pelo Decreto-Lei n.º 83/2011, de 20 de junho.",Quinzenal,Composta (ii)
L007500.2022.RH5A,Entrada,Carência Bioquímica de Oxigénio (mg/L O2),"Metodologia aplicável em conformidade com o disposto na legislação em vigor e de acordo com a Diretiva 2009/90/CE, transposta para direito interno pelo Decreto-Lei n.º 83/2011, de 20 de junho.",Quinzenal,Composta (ii)
L007500.2022.RH5A,Entrada,Sólidos Suspensos Totais (mg/L),"Metodologia aplicável em conformidade com o disposto na legislação em vigor e de acordo com a Diretiva 2009/90/CE, transposta para direito interno pelo Decreto-Lei n.º 83/2011, de 20 de junho.",Quinzenal,Composta (ii)
L007500.2022.RH5A,Entrada,Fósforo total (mg/L P),"Metodologia aplicável em conformidade com o disposto na legislação em vigor e de acordo com a Diretiva 2009/90/CE, transposta para direito interno pelo Decreto-Lei n.º 83/2011, de 20 de junho.",Quinzenal,Composta (ii)
L007500.2022.RH5A,Entrada,Óleos e Gorduras (mg/L),"Metodologia aplicável em conformidade com o disposto na legislação em vigor e de acordo com a Diretiva 2009/90/CE, transposta para direito interno pelo Decreto-Lei n.º 83/2011, de 20 de junho.",Quinzenal,Pontual
L007500.2022.RH5A,Entrada,Caudal (m3/mês),-,Mensal,Composta (ii)
L007500.2022.RH5A,Entrada,Fenóis (mg/L C6H5OH),"Metodologia aplicável em conformidade com o disposto na legislação em vigor e de acordo com a Diretiva 2009/90/CE, transposta para direito interno pelo Decreto-Lei n.º 83/2011, de 20 de junho.",Quinzenal,Composta (ii)
L007500.2022.RH5A,Saída,pH (Escala de Sörensen),"Metodologia aplicável em conformidade com o disposto na legislação em vigor e de acordo com a Diretiva 2009/90/CE, transposta para direito interno pelo Decreto-Lei n.º 83/2011, de 20 de junho.",Quinzenal,Composta (ii)
L007500.2022.RH5A,Saída,Carência Química de Oxigénio (mg/L O2),"Metodologia aplicável em conformidade com o disposto na legislação em vigor e de acordo com a Diretiva 2009/90/CE, transposta para direito interno pelo Decreto-Lei n.º 83/2011, de 20 de junho.",Quinzenal,Composta (ii)
L007500.2022.RH5A,Saída,Carência Bioquímica de Oxigénio (mg/L O2),"Metodologia aplicável em conformidade com o disposto na legislação em vigor e de acordo com a Diretiva 2009/90/CE, transposta para direito interno pelo Decreto-Lei n.º 83/2011, de 20 de junho.",Quinzenal,Composta (ii)
L007500.2022.RH5A,Saída,Sólidos Suspensos Totais (mg/L),"Metodologia aplicável em conformidade com o disposto na legislação em vigor e de acordo com a Diretiva 2009/90/CE, transposta para direito interno pelo Decreto-Lei n.º 83/2011, de 20 de junho.",Quinzenal,Composta (ii)
L007500.2022.RH5A,Saída,Azoto total (mg/L N),"Metodologia aplicável em conformidade com o disposto na legislação em vigor e de acordo com a Diretiva 2009/90/CE, transposta para direito interno pelo Decreto-Lei n.º 83/2011, de 20 de junho.",Trimestral,Composta (ii)
L007500.2022.RH5A,Saída,Fósforo total (mg/L P),"Metodologia aplicável em conformidade com o disposto na legislação em vigor e de acordo com a Diretiva 2009/90/CE, transposta para direito interno pelo Decreto-Lei n.º 83/2011, de 20 de junho.",Quinzenal,Composta (ii)
L007500.2022.RH5A,Saída,Óleos e Gorduras (mg/L),"Metodologia aplicável em conformidade com o disposto na legislação em vigor e de acordo com a Diretiva 2009/90/CE, transposta para direito interno pelo Decreto-Lei n.º 83/2011, de 20 de junho.",Quinzenal,Pontual
L007500.2022.RH5A,Saída,Caudal (m3/mês),-,Mensal,Composta (ii)
L007500.2022.RH5A,Saída,Fenóis (mg/L C6H5OH),"Metodologia aplicável em conformidade com o disposto na legislação em vigor e de acordo com a Diretiva 2009/90/CE, transposta para direito interno pelo Decreto-Lei n.º 83/2011, de 20 de junho.",Quinzenal,Composta (ii)
L019877.2018.RH6,Saída,pH (Escala de Sörensen),"Metodologia aplicável em conformidade com o disposto na legislação em vigor e de acordo com a Diretiva 2009/90/CE, transposta para direito interno pelo Decreto-Lei n.º 83/2011, de 20 de junho.",Semestral,Composta (i)
L019877.2018.RH6,Saída,Carência Química de Oxigénio (mg/L O2),"Metodologia aplicável em conformidade com o disposto na legislação em vigor e de acordo com a Diretiva 2009/90/CE, transposta para direito interno pelo Decreto-Lei n.º 83/2011, de 20 de junho.",Semestral,Composta (i)
L019877.2018.RH6,Saída,Carência Bioquímica de Oxigénio (mg/L O2),"Metodologia aplicável em conformidade com o disposto na legislação em vigor e de acordo com a Diretiva 2009/90/CE, transposta para direito interno pelo Decreto-Lei n.º 83/2011, de 20 de junho.",Semestral,Composta (i)
L019877.2018.RH6,Saída,Sólidos Suspensos Totais (mg/L),"Metodologia aplicável em conformidade com o disposto na legislação em vigor e de acordo com a Diretiva 2009/90/CE, transposta para direito interno pelo Decreto-Lei n.º 83/2011, de 20 de junho.",Semestral,Composta (i)
L019877.2018.RH6,Saída,Azoto total (mg/L N),"Metodologia aplicável em conformidade com o disposto na legislação em vigor e de acordo com a Diretiva 2009/90/CE, transposta para direito interno pelo Decreto-Lei n.º 83/2011, de 20 de junho.",Semestral,Composta (i)
L019877.2018.RH6,Saída,Fósforo total (mg/L P),"Metodologia aplicável em conformidade com o disposto na legislação em vigor e de acordo com a Diretiva 2009/90/CE, transposta para direito interno pelo Decreto-Lei n.º 83/2011, de 20 de junho.",Semestral,Composta (i)
L019877.2018.RH6,Saída,Óleos e Gorduras (mg/L),"Metodologia aplicável em conformidade com o disposto na legislação em vigor e de acordo com a Diretiva 2009/90/CE, transposta para direito interno pelo Decreto-Lei n.º 83/2011, de 20 de junho.",Anual,Composta (i)
L019877.2018.RH6,Saída,Caudal (m3/mês),-,Mensal,Composta (i)
L024352.2020.RH5A,Entrada,pH (Escala de Sörensen),"Metodologia aplicável em conformidade com o disposto na legislação em vigor e de acordo com a Diretiva 2009/90/CE, transposta para direito interno pelo Decreto-Lei n.º 83/2011, de 20 de junho.",Quinzenal,Composta (ii)
L024352.2020.RH5A,Entrada,Carência Química de Oxigénio (mg/L O2),"Metodologia aplicável em conformidade com o disposto na legislação em vigor e de acordo com a Diretiva 2009/90/CE, transposta para direito interno pelo Decreto-Lei n.º 83/2011, de 20 de junho.",Quinzenal,Composta (ii)
L024352.2020.RH5A,Entrada,Carência Bioquímica de Oxigénio (mg/L O2),"Metodologia aplicável em conformidade com o disposto na legislação em vigor e de acordo com a Diretiva 2009/90/CE, transposta para direito interno pelo Decreto-Lei n.º 83/2011, de 20 de junho.",Quinzenal,Composta (ii)
L024352.2020.RH5A,Entrada,Sólidos Suspensos Totais (mg/L),"Metodologia aplicável em conformidade com o disposto na legislação em vigor e de acordo com a Diretiva 2009/90/CE, transposta para direito interno pelo Decreto-Lei n.º 83/2011, de 20 de junho.",Quinzenal,Composta (ii)
L024352.2020.RH5A,Entrada,Óleos e Gorduras (mg/L),"Metodologia aplicável em conformidade com o disposto na legislação em vigor e de acordo com a Diretiva 2009/90/CE, transposta para direito interno pelo Decreto-Lei n.º 83/2011, de 20 de junho.",Quinzenal,Composta (ii)
L024352.2020.RH5A,Entrada,Caudal (m3/mês),-,Mensal,Composta (ii)
L024352.2020.RH5A,Entrada,Caudal (m3/dia),-,Quinzenal,Composta (ii)
L024352.2020.RH5A,Saída,pH (Escala de Sörensen),"Metodologia aplicável em conformidade com o disposto na legislação em vigor e de acordo com a Diretiva 2009/90/CE, transposta para direito interno pelo Decreto-Lei n.º 83/2011, de 20 de junho.",Quinzenal,Composta (ii)
L024352.2020.RH5A,Saída,Carência Química de Oxigénio (mg/L O2),"Metodologia aplicável em conformidade com o disposto na legislação em vigor e de acordo com a Diretiva 2009/90/CE, transposta para direito interno pelo Decreto-Lei n.º 83/2011, de 20 de junho.",Quinzenal,Composta (ii)
L024352.2020.RH5A,Saída,Carência Bioquímica de Oxigénio (mg/L O2),"Metodologia aplicável em conformidade com o disposto na legislação em vigor e de acordo com a Diretiva 2009/90/CE, transposta para direito interno pelo Decreto-Lei n.º 83/2011, de 20 de junho.",Quinzenal,Composta (ii)
L024352.2020.RH5A,Saída,Sólidos Suspensos Totais (mg/L),"Metodologia aplicável em conformidade com o disposto na legislação em vigor e de acordo com a Diretiva 2009/90/CE, transposta para direito interno pelo Decreto-Lei n.º 83/2011, de 20 de junho.",Quinzenal,Composta (ii)
L024352.2020.RH5A,Saída,Azoto total (mg/L N),"Metodologia aplicável em conformidade com o disposto na legislação em vigor e de acordo com a Diretiva 2009/90/CE, transposta para direito interno pelo Decreto-Lei n.º 83/2011, de 20 de junho.",Trimestral,Composta (ii)
L024352.2020.RH5A,Saída,Fósforo total (mg/L P),"Metodologia aplicável em conformidade com o disposto na legislação em vigor e de acordo com a Diretiva 2009/90/CE, transposta para direito interno pelo Decreto-Lei n.º 83/2011, de 20 de junho.",Trimestral,Composta (ii)
L024352.2020.RH5A,Saída,Óleos e Gorduras (mg/L),"Metodologia aplicável em conformidade com o disposto na legislação em vigor e de acordo com a Diretiva 2009/90/CE, transposta para direito interno pelo Decreto-Lei n.º 83/2011, de 20 de junho.",Quinzenal,Composta (ii)
L024352.2020.RH5A,Saída,Caudal (m3/mês),-,Mensal,Composta (ii)
L024352.2020.RH5A,Saída,Caudal (m3/dia),-,Quinzenal,Composta (ii)
L024352.2020.RH5A,Saída,Escherichia coli (NMP/100 mL),"Metodologia aplicável em conformidade com o disposto na legislação em vigor e de acordo com a Diretiva 2009/90/CE, transposta para direito interno pelo Decreto-Lei n.º 83/2011, de 20 de junho.",Mensal,Composta (ii)
L024352.2020.RH5A,Saída,Enterococos Intestinais (NMP/100 mL),"Metodologia aplicável em conformidade com o disposto na legislação em vigor e de acordo com a Diretiva 2009/90/CE, transposta para direito interno pelo Decreto-Lei n.º 83/2011, de 20 de junho.",Mensal,Composta (ii)
L006726.2022.RH5A,Entrada,pH (Escala de Sörensen),"Metodologia aplicável em conformidade com o disposto na legislação em vigor e de acordo com a Diretiva 2009/90/CE, transposta para direito interno pelo Decreto-Lei n.º 83/2011, de 20 de junho.",Mensal,Pontual
L006726.2022.RH5A,Entrada,Carência Química de Oxigénio (mg/L O2),"Metodologia aplicável em conformidade com o disposto na legislação em vigor e de acordo com a Diretiva 2009/90/CE, transposta para direito interno pelo Decreto-Lei n.º 83/2011, de 20 de junho.",Mensal,Pontual
L006726.2022.RH5A,Entrada,Carência Bioquímica de Oxigénio (mg/L O2),"Metodologia aplicável em conformidade com o disposto na legislação em vigor e de acordo com a Diretiva 2009/90/CE, transposta para direito interno pelo Decreto-Lei n.º 83/2011, de 20 de junho.",Mensal,Pontual
L006726.2022.RH5A,Entrada,Sólidos Suspensos Totais (mg/L),"Metodologia aplicável em conformidade com o disposto na legislação em vigor e de acordo com a Diretiva 2009/90/CE, transposta para direito interno pelo Decreto-Lei n.º 83/2011, de 20 de junho.",Mensal,Pontual
L006726.2022.RH5A,Saída,pH (Escala de Sörensen),"Metodologia aplicável em conformidade com o disposto na legislação em vigor e de acordo com a Diretiva 2009/90/CE, transposta para direito interno pelo Decreto-Lei n.º 83/2011, de 20 de junho.",Mensal,Pontual
L006726.2022.RH5A,Saída,Carência Química de Oxigénio (mg/L O2),"Metodologia aplicável em conformidade com o disposto na legislação em vigor e de acordo com a Diretiva 2009/90/CE, transposta para direito interno pelo Decreto-Lei n.º 83/2011, de 20 de junho.",Mensal,Pontual
L006726.2022.RH5A,Saída,Carência Bioquímica de Oxigénio (mg/L O2),"Metodologia aplicável em conformidade com o disposto na legislação em vigor e de acordo com a Diretiva 2009/90/CE, transposta para direito interno pelo Decreto-Lei n.º 83/2011, de 20 de junho.",Mensal,Pontual
L006726.2022.RH5A,Saída,Sólidos Suspensos Totais (mg/L),"Metodologia aplicável em conformidade com o disposto na legislação em vigor e de acordo com a Diretiva 2009/90/CE, transposta para direito interno pelo Decreto-Lei n.º 83/2011, de 20 de junho.",Mensal,Pontual
L006726.2022.RH5A,Saída,Azoto total (mg/L N),Metodologia aplicável em conformidade com o disposto na legislação em vigor e de acordo com a,Trimestral,Pontual
L006726.2022.RH5A,Saída,Fósforo total (mg/L P),"Metodologia aplicável em conformidade com o disposto na legislação em vigor e de acordo com a Diretiva 2009/90/CE, transposta para direito interno pelo Decreto-Lei n.º 83/2011, de 20 de junho.",Trimestral,Pontual
L006726.2022.RH5A,Saída,Caudal (m3/mês),-,Mensal,Pontual
L012302.2022.RH4A,Saída,pH (Escala de Sörensen),"Metodologia aplicável em conformidade com o disposto na legislação em vigor e de acordo com a Diretiva 2009/90/CE, transposta para direito interno pelo Decreto-Lei n.º 83/2011, de 20 de junho.",Trimestral,Composta (i)
L012302.2022.RH4A,Saída,Carência Química de Oxigénio (mg/L O2),"Metodologia aplicável em conformidade com o disposto na legislação em vigor e de acordo com a Diretiva 2009/90/CE, transposta para direito interno pelo Decreto-Lei n.º 83/2011, de 20 de junho.",Trimestral,Composta (i)
L012302.2022.RH4A,Saída,Carência Bioquímica de Oxigénio (mg/L O2),"Metodologia aplicável em conformidade com o disposto na legislação em vigor e de acordo com a Diretiva 2009/90/CE, transposta para direito interno pelo Decreto-Lei n.º 83/2011, de 20 de junho.",Trimestral,Composta (i)
L012302.2022.RH4A,Saída,Sólidos Suspensos Totais (mg/L),"Metodologia aplicável em conformidade com o disposto na legislação em vigor e de acordo com a Diretiva 2009/90/CE, transposta para direito interno pelo Decreto-Lei n.º 83/2011, de 20 de junho.",Trimestral,Composta (i)
L012302.2022.RH4A,Saída,Azoto total (mg/L N),"Metodologia aplicável em conformidade com o disposto na legislação em vigor e de acordo com a Diretiva 2009/90/CE, transposta para direito interno pelo Decreto-Lei n.º 83/2011, de 20 de junho.",Trimestral,Composta (i)
L012302.2022.RH4A,Saída,Fósforo total (mg/L P),"Metodologia aplicável em conformidade com o disposto na legislação em vigor e de acordo com a Diretiva 2009/90/CE, transposta para direito interno pelo Decreto-Lei n.º 83/2011, de 20 de junho.",Trimestral,Composta (i)
L012302.2022.RH4A,Saída,Azoto amoniacal (mg/L NH4),"Metodologia aplicável em conformidade com o disposto na legislação em vigor e de acordo com a Diretiva 2009/90/CE, transposta para direito interno pelo Decreto-Lei n.º 83/2011, de 20 de junho.",Trimestral,Composta (i)
L021799.2021.RH4A,Saída,pH (Escala de Sörensen),"Metodologia aplicável em conformidade com o disposto na legislação em vigor e de acordo com a Diretiva 2009/90/CE, transposta para direito interno pelo Decreto-Lei n.º 83/2011, de 20 de junho.",Trimestral,Pontual
L021799.2021.RH4A,Saída,Carência Química de Oxigénio (mg/L O2),"Metodologia aplicável em conformidade com o disposto na legislação em vigor e de acordo com a Diretiva 2009/90/CE, transposta para direito interno pelo Decreto-Lei n.º 83/2011, de 20 de junho.",Trimestral,Composta (i)
L021799.2021.RH4A,Saída,Carência Bioquímica de Oxigénio (mg/L O2),"Metodologia aplicável em conformidade com o disposto na legislação em vigor e de acordo com a Diretiva 2009/90/CE, transposta para direito interno pelo Decreto-Lei n.º 83/2011, de 20 de junho.",Trimestral,Composta (i)
L021799.2021.RH4A,Saída,Sólidos Suspensos Totais (mg/L),"Metodologia aplicável em conformidade com o disposto na legislação em vigor e de acordo com a Diretiva 2009/90/CE, transposta para direito interno pelo Decreto-Lei n.º 83/2011, de 20 de junho.",Trimestral,Composta (i)
L021799.2021.RH4A,Saída,Azoto total (mg/L N),"Metodologia aplicável em conformidade com o disposto na legislação em vigor e de acordo com a Diretiva 2009/90/CE, transposta para direito interno pelo Decreto-Lei n.º 83/2011, de 20 de junho.",Trimestral,Composta (i)
L021799.2021.RH4A,Saída,Fósforo total (mg/L P),"Metodologia aplicável em conformidade com o disposto na legislação em vigor e de acordo com a Diretiva 2009/90/CE, transposta para direito interno pelo Decreto-Lei n.º 83/2011, de 20 de junho.",Trimestral,Composta (i)
L021799.2021.RH4A,Saída,Azoto amoniacal (mg/L NH4),"Metodologia aplicável em conformidade com o disposto na legislação em vigor e de acordo com a Diretiva 2009/90/CE, transposta para direito interno pelo Decreto-Lei n.º 83/2011, de 20 de junho.",Trimestral,Composta (i)
L001865.2014.RH5,Saída,Carência Bioquímica de Oxigénio (mg/l O2),"Metodologia aplicável em conformidade com o disposto na legislação em vigor e de acordo com a Directiva 2009/90/CE, transposta para direito interno pelo Decreto-Lei n.º 83/2011, de 20 de junho.",Trimestral,Composta (ii)
L001865.2014.RH5,Saída,Carência Química de Oxigénio (mg/l O2),"Metodologia aplicável em conformidade com o disposto na legislação em vigor e de acordo com a Directiva 2009/90/CE, transposta para direito interno pelo Decreto-Lei n.º 83/2011, de 20 de junho.",Trimestral,Composta (ii)
L001865.2014.RH5,Saída,Sólidos Suspensos Totais (mg/l),"Metodologia aplicável em conformidade com o disposto na legislação em vigor e de acordo com a Directiva 2009/90/CE, transposta para direito interno pelo Decreto-Lei n.º 83/2011, de 20 de junho.",Trimestral,Composta (ii)
L001865.2014.RH5,Saída,pH (Escala de Sörensen),"Metodologia aplicável em conformidade com o disposto na legislação em vigor e de acordo com a Directiva 2009/90/CE, transposta para direito interno pelo Decreto-Lei n.º 83/2011, de 20 de junho.",Trimestral,Composta (ii)
L001865.2014.RH5,Saída,Azoto total (mg/l N),"Metodologia aplicável em conformidade com o disposto na legislação em vigor e de acordo com a Directiva 2009/90/CE, transposta para direito interno pelo Decreto-Lei n.º 83/2011, de 20 de junho.",Trimestral,Composta (iii)
L001865.2014.RH5,Saída,Fósforo total (mg/l P),"Metodologia aplicável em conformidade com o disposto na legislação em vigor e de acordo com a Directiva 2009/90/CE, transposta para direito interno pelo Decreto-Lei n.º 83/2011, de 20 de junho.",Trimestral,Composta (iii)
L001865.2014.RH5,Saída,Azoto amoniacal (mg/l NH4),"Metodologia aplicável em conformidade com o disposto na legislação em vigor e de acordo com a Directiva 2009/90/CE, transposta para direito interno pelo Decreto-Lei n.º 83/2011, de 20 de junho.",Trimestral,Composta (iii)
L010284.2022.RH4A,Saída,pH (Escala de Sörensen),"Metodologia aplicável em conformidade com o disposto na legislação em vigor e de acordo com a Diretiva 2009/90/CE, transposta para direito interno pelo Decreto-Lei n.º 83/2011, de 20 de junho.",Trimestral,Composta (i)
L010284.2022.RH4A,Saída,Carência Química de Oxigénio (mg/L O2),"Metodologia aplicável em conformidade com o disposto na legislação em vigor e de acordo com a Diretiva 2009/90/CE, transposta para direito interno pelo Decreto-Lei n.º 83/2011, de 20 de junho.",Trimestral,Composta (i)
L010284.2022.RH4A,Saída,Carência Bioquímica de Oxigénio (mg/L O2),"Metodologia aplicável em conformidade com o disposto na legislação em vigor e de acordo com a Diretiva 2009/90/CE, transposta para direito interno pelo Decreto-Lei n.º 83/2011, de 20 de junho.",Trimestral,Composta (i)
L010284.2022.RH4A,Saída,Sólidos Suspensos Totais (mg/L),"Metodologia aplicável em conformidade com o disposto na legislação em vigor e de acordo com a Diretiva 2009/90/CE, transposta para direito interno pelo Decreto-Lei n.º 83/2011, de 20 de junho.",Trimestral,Composta (i)
L010284.2022.RH4A,Saída,Azoto total (mg/L N),"Metodologia aplicável em conformidade com o disposto na legislação em vigor e de acordo com a Diretiva 2009/90/CE, transposta para direito interno pelo Decreto-Lei n.º 83/2011, de 20 de junho.",Trimestral,Composta (i)
L010284.2022.RH4A,Saída,Fósforo total (mg/L P),"Metodologia aplicável em conformidade com o disposto na legislação em vigor e de acordo com a Diretiva 2009/90/CE, transposta para direito interno pelo Decreto-Lei n.º 83/2011, de 20 de junho.",Trimestral,Composta (i)
L010284.2022.RH4A,Saída,Escherichia coli (NMP/100 mL),"Metodologia aplicável em conformidade com o disposto na legislação em vigor e de acordo com a Diretiva 2009/90/CE, transposta para direito interno pelo Decreto-Lei n.º 83/2011, de 20 de junho.",Trimestral,Pontual
L010284.2022.RH4A,Saída,Enterococos Intestinais (NMP/100 mL),"Metodologia aplicável em conformidade com o disposto na legislação em vigor e de acordo com a Diretiva 2009/90/CE, transposta para direito interno pelo Decreto-Lei n.º 83/2011, de 20 de junho.",Trimestral,Pontual
L007422.2022.RH5A,Entrada,pH (Escala de Sörensen),"Metodologia aplicável em conformidade com o disposto na legislação em vigor e de acordo com a Diretiva 2009/90/CE, transposta para direito interno pelo Decreto-Lei n.º 83/2011, de 20 de junho.",Quinzenal,Composta (ii)
L007422.2022.RH5A,Entrada,Carência Química de Oxigénio (mg/L O2),"Metodologia aplicável em conformidade com o disposto na legislação em vigor e de acordo com a Diretiva 2009/90/CE, transposta para direito interno pelo Decreto-Lei n.º 83/2011, de 20 de junho.",Quinzenal,Composta (ii)
L007422.2022.RH5A,Entrada,Carência Bioquímica de Oxigénio (mg/L O2),"Metodologia aplicável em conformidade com o disposto na legislação em vigor e de acordo com a Diretiva 2009/90/CE, transposta para direito interno pelo Decreto-Lei n.º 83/2011, de 20 de junho.",Quinzenal,Composta (ii)
L007422.2022.RH5A,Entrada,Sólidos Suspensos Totais (mg/L),"Metodologia aplicável em conformidade com o disposto na legislação em vigor e de acordo com a Diretiva 2009/90/CE, transposta para direito interno pelo Decreto-Lei n.º 83/2011, de 20 de junho.",Quinzenal,Composta (ii)
L007422.2022.RH5A,Entrada,Óleos e Gorduras (mg/L),"Metodologia aplicável em conformidade com o disposto na legislação em vigor e de acordo com a Diretiva 2009/90/CE, transposta para direito interno pelo Decreto-Lei n.º 83/2011, de 20 de junho.",Quinzenal,Composta (ii)
L007422.2022.RH5A,Entrada,Caudal (m3/mês),-,Mensal,Pontual
L007422.2022.RH5A,Saída,pH (Escala de Sörensen),"Metodologia aplicável em conformidade com o disposto na legislação em vigor e de acordo com a Diretiva 2009/90/CE, transposta para direito interno pelo Decreto-Lei n.º 83/2011, de 20 de junho.",Quinzenal,Composta (ii)
L007422.2022.RH5A,Saída,Carência Química de Oxigénio (mg/L O2),"Metodologia aplicável em conformidade com o disposto na legislação em vigor e de acordo com a Diretiva 2009/90/CE, transposta para direito interno pelo Decreto-Lei n.º 83/2011, de 20 de junho.",Quinzenal,Composta (ii)
L007422.2022.RH5A,Saída,Carência Bioquímica de Oxigénio (mg/L O2),"Metodologia aplicável em conformidade com o disposto na legislação em vigor e de acordo com a Diretiva 2009/90/CE, transposta para direito interno pelo Decreto-Lei n.º 83/2011, de 20 de junho.",Quinzenal,Composta (ii)
L007422.2022.RH5A,Saída,Sólidos Suspensos Totais (mg/L),"Metodologia aplicável em conformidade com o disposto na legislação em vigor e de acordo com a Diretiva 2009/90/CE, transposta para direito interno pelo Decreto-Lei n.º 83/2011, de 20 de junho.",Quinzenal,Composta (ii)
L007422.2022.RH5A,Saída,Azoto total (mg/L N),"Metodologia aplicável em conformidade com o disposto na legislação em vigor e de acordo com a Diretiva 2009/90/CE, transposta para direito interno pelo Decreto-Lei n.º 83/2011, de 20 de junho.",Mensal,Composta (ii)
L007422.2022.RH5A,Saída,Fósforo total (mg/L P),"Metodologia aplicável em conformidade com o disposto na legislação em vigor e de acordo com a Diretiva 2009/90/CE, transposta para direito interno pelo Decreto-Lei n.º 83/2011, de 20 de junho.",Mensal,Composta (ii)
L007422.2022.RH5A,Saída,Óleos e Gorduras (mg/L),"Metodologia aplicável em conformidade com o disposto na legislação em vigor e de acordo com a Diretiva 2009/90/CE, transposta para direito interno pelo Decreto-Lei n.º 83/2011, de 20 de junho.",Quinzenal,Composta (ii)
L007422.2022.RH5A,Saída,Caudal (m3/mês),-,Mensal,Pontual
L007422.2022.RH5A,Saída,Azoto amoniacal (mg/L NH4),"Metodologia aplicável em conformidade com o disposto na legislação em vigor e de acordo com a Diretiva 2009/90/CE, transposta para direito interno pelo Decreto-Lei n.º 83/2011, de 20 de junho.",Mensal,Composta (ii)
L016354.2019.RH7,Saída,pH (Escala de Sörensen),"Metodologia aplicável em conformidade com o disposto na legislação em vigor e de acordo com a Diretiva 2009/90/CE, transposta para direito interno pelo Decreto-Lei n.º 83/2011, de 20 de junho.",Trimestral,Composta (iii)
L016354.2019.RH7,Saída,Carência Química de Oxigénio (mg/L O2),"Metodologia aplicável em conformidade com o disposto na legislação em vigor e de acordo com a Diretiva 2009/90/CE, transposta para direito interno pelo Decreto-Lei n.º 83/2011, de 20 de junho.",Trimestral,Composta (iii)
L016354.2019.RH7,Saída,Carência Bioquímica de Oxigénio (mg/L O2),"Metodologia aplicável em conformidade com o disposto na legislação em vigor e de acordo com a Diretiva 2009/90/CE, transposta para direito interno pelo Decreto-Lei n.º 83/2011, de 20 de junho.",Trimestral,Composta (iii)
L016354.2019.RH7,Saída,Sólidos Suspensos Totais (mg/L),"Metodologia aplicável em conformidade com o disposto na legislação em vigor e de acordo com a Diretiva 2009/90/CE, transposta para direito interno pelo Decreto-Lei n.º 83/2011, de 20 de junho.",Trimestral,Composta (iii)
L016354.2019.RH7,Saída,Azoto total (mg/L N),"Metodologia aplicável em conformidade com o disposto na legislação em vigor e de acordo com a Diretiva 2009/90/CE, transposta para direito interno pelo Decreto-Lei n.º 83/2011, de 20 de junho.",Trimestral,Composta (iii)
L016354.2019.RH7,Saída,Fósforo total (mg/L P),"Metodologia aplicável em conformidade com o disposto na legislação em vigor e de acordo com a Diretiva 2009/90/CE, transposta para direito interno pelo Decreto-Lei n.º 83/2011, de 20 de junho.",Trimestral,Composta (iii)
L016354.2019.RH7,Saída,Óleos e Gorduras (mg/L),"Metodologia aplicável em conformidade com o disposto na legislação em vigor e de acordo com a Diretiva 2009/90/CE, transposta para direito interno pelo Decreto-Lei n.º 83/2011, de 20 de junho.",Semestral,Composta (iii)
L016354.2019.RH7,Saída,Caudal (m3/dia),-,Mensal,Composta (i)
L003050.2014.RH7,Saída,Caudal (m3/mês),-,Mensal,Composta (i)
L003050.2014.RH7,Saída,pH (Escala de Sörensen),"Metodologia aplicável em conformidade com o disposto na legislação em vigor e de acordo com a Directiva 2009/90/CE, transposta para direito interno pelo Decreto-Lei n.º 83/2011, de 20 de junho.",Mensal,Composta (i)
L003050.2014.RH7,Saída,Carência Bioquímica de Oxigénio (mg/l O2),"Metodologia aplicável em conformidade com o disposto na legislação em vigor e de acordo com a Directiva 2009/90/CE, transposta para direito interno pelo Decreto-Lei n.º 83/2011, de 20 de junho.",Mensal,Composta (i)
L003050.2014.RH7,Saída,Carência Química de Oxigénio (mg/l O2),"Metodologia aplicável em conformidade com o disposto na legislação em vigor e de acordo com a Directiva 2009/90/CE, transposta para direito interno pelo Decreto-Lei n.º 83/2011, de 20 de junho.",Mensal,Composta (i)
L003050.2014.RH7,Saída,Sólidos Suspensos Totais (mg/l),"Metodologia aplicável em conformidade com o disposto na legislação em vigor e de acordo com a Directiva 2009/90/CE, transposta para direito interno pelo Decreto-Lei n.º 83/2011, de 20 de junho.",Mensal,Composta (i)
L003050.2014.RH7,Saída,Óleos e Gorduras (mg/l),"Metodologia aplicável em conformidade com o disposto na legislação em vigor e de acordo com a Directiva 2009/90/CE, transposta para direito interno pelo Decreto-Lei n.º 83/2011, de 20 de junho.",Trimestral,Composta (i)
L003050.2014.RH7,Saída,Azoto total (mg/l N),"Metodologia aplicável em conformidade com o disposto na legislação em vigor e de acordo com a Directiva 2009/90/CE, transposta para direito interno pelo Decreto-Lei n.º 83/2011, de 20 de junho.",Mensal,Composta (i)
L003050.2014.RH7,Saída,Fósforo total (mg/l P),"Metodologia aplicável em conformidade com o disposto na legislação em vigor e de acordo com a Directiva 2009/90/CE, transposta para direito interno pelo Decreto-Lei n.º 83/2011, de 20 de junho.",Mensal,Composta (i)
L019966.2022.RH4A,Saída,pH (Escala de Sörensen),"Metodologia aplicável em conformidade com o disposto na legislação em vigor e de acordo com a Diretiva 2009/90/CE, transposta para direito interno pelo Decreto-Lei n.º 83/2011, de 20 de junho.",Trimestral,Composta (i)
L019966.2022.RH4A,Saída,Carência Química de Oxigénio (mg/L O2),"Metodologia aplicável em conformidade com o disposto na legislação em vigor e de acordo com a Diretiva 2009/90/CE, transposta para direito interno pelo Decreto-Lei n.º 83/2011, de 20 de junho.",Trimestral,Composta (i)
L019966.2022.RH4A,Saída,Carência Bioquímica de Oxigénio (mg/L O2),"Metodologia aplicável em conformidade com o disposto na legislação em vigor e de acordo com a Diretiva 2009/90/CE, transposta para direito interno pelo Decreto-Lei n.º 83/2011, de 20 de junho.",Trimestral,Composta (i)
L019966.2022.RH4A,Saída,Sólidos Suspensos Totais (mg/L),"Metodologia aplicável em conformidade com o disposto na legislação em vigor e de acordo com a Diretiva 2009/90/CE, transposta para direito interno pelo Decreto-Lei n.º 83/2011, de 20 de junho.",Trimestral,Composta (i)
L019966.2022.RH4A,Saída,Azoto total (mg/L N),"Metodologia aplicável em conformidade com o disposto na legislação em vigor e de acordo com a Diretiva 2009/90/CE, transposta para direito interno pelo Decreto-Lei n.º 83/2011, de 20 de junho.",Trimestral,Composta (i)
L019966.2022.RH4A,Saída,Fósforo total (mg/L P),"Metodologia aplicável em conformidade com o disposto na legislação em vigor e de acordo com a Diretiva 2009/90/CE, transposta para direito interno pelo Decreto-Lei n.º 83/2011, de 20 de junho.",Trimestral,Composta (i)
L019966.2022.RH4A,Saída,Azoto amoniacal (mg/L NH4),"Metodologia aplicável em conformidade com o disposto na legislação em vigor e de acordo com a Diretiva 2009/90/CE, transposta para direito interno pelo Decreto-Lei n.º 83/2011, de 20 de junho.",Trimestral,Composta (i)
L019241.2021.RH7,Saída,pH (Escala de Sörensen),"Metodologia aplicável em conformidade com o disposto na legislação em vigor e de acordo com a Diretiva 2009/90/CE, transposta para direito interno pelo Decreto-Lei n.º 83/2011, de 20 de junho.",Mensal,Composta (i)
L019241.2021.RH7,Saída,Carência Química de Oxigénio (mg/L O2),"Metodologia aplicável em conformidade com o disposto na legislação em vigor e de acordo com a Diretiva 2009/90/CE, transposta para direito interno pelo Decreto-Lei n.º 83/2011, de 20 de junho.",Mensal,Composta (i)
L019241.2021.RH7,Saída,Carência Bioquímica de Oxigénio (mg/L O2),"Metodologia aplicável em conformidade com o disposto na legislação em vigor e de acordo com a Diretiva 2009/90/CE, transposta para direito interno pelo Decreto-Lei n.º 83/2011, de 20 de junho.",Mensal,Composta (i)
L019241.2021.RH7,Saída,Sólidos Suspensos Totais (mg/L),"Metodologia aplicável em conformidade com o disposto na legislação em vigor e de acordo com a Diretiva 2009/90/CE, transposta para direito interno pelo Decreto-Lei n.º 83/2011, de 20 de junho.",Mensal,Composta (i)
L019241.2021.RH7,Saída,Azoto total (mg/L N),"Metodologia aplicável em conformidade com o disposto na legislação em vigor e de acordo com a Diretiva 2009/90/CE, transposta para direito interno pelo Decreto-Lei n.º 83/2011, de 20 de junho.",Mensal,Composta (i)
L019241.2021.RH7,Saída,Fósforo total (mg/L P),"Metodologia aplicável em conformidade com o disposto na legislação em vigor e de acordo com a Diretiva 2009/90/CE, transposta para direito interno pelo Decreto-Lei n.º 83/2011, de 20 de junho.",Mensal,Composta (i)
L019241.2021.RH7,Saída,Óleos e Gorduras (mg/L),"Metodologia aplicável em conformidade com o disposto na legislação em vigor e de acordo com a Diretiva 2009/90/CE, transposta para direito interno pelo Decreto-Lei n.º 83/2011, de 20 de junho.",Mensal,Composta (i)
L019241.2021.RH7,Saída,Azoto amoniacal (mg/L NH4),"Metodologia aplicável em conformidade com o disposto na legislação em vigor e de acordo com a Diretiva 2009/90/CE, transposta para direito interno pelo Decreto-Lei n.º 83/2011, de 20 de junho.",Mensal,Composta (i)
L019241.2021.RH7,Saída,Escherichia coli (ufc/100 mL),"Anexo I do Decreto-Lei n.º 135/2009, de 3 de junho.",Mensal,Pontual
L019241.2021.RH7,Saída,Caudal (m3/dia),-,Mensal,Composta (i)
L013710.2021.RH5A,Entrada,pH (Escala de Sörensen),"Metodologia aplicável em conformidade com o disposto na legislação em vigor e de acordo com a Diretiva 2009/90/CE, transposta para direito interno",Quinzenal,Composta (i)
L013710.2021.RH5A,Entrada,Carência Química de Oxigénio (mg/L O2),"Metodologia aplicável em conformidade com o disposto na legislação em vigor e de acordo com a Diretiva 2009/90/CE, transposta para direito interno pelo Decreto-Lei n.º 83/2011, de 20 de junho.",Quinzenal,Composta (i)
L013710.2021.RH5A,Entrada,Carência Bioquímica de Oxigénio (mg/L O2),"Metodologia aplicável em conformidade com o disposto na legislação em vigor e de acordo com a Diretiva 2009/90/CE, transposta para direito interno pelo Decreto-Lei n.º 83/2011, de 20 de junho.",Quinzenal,Composta (i)
L013710.2021.RH5A,Entrada,Sólidos Suspensos Totais (mg/L),"Metodologia aplicável em conformidade com o disposto na legislação em vigor e de acordo com a Diretiva 2009/90/CE, transposta para direito interno pelo Decreto-Lei n.º 83/2011, de 20 de junho.",Quinzenal,Composta (i)
L013710.2021.RH5A,Saída,pH (Escala de Sörensen),"Metodologia aplicável em conformidade com o disposto na legislação em vigor e de acordo com a Diretiva 2009/90/CE, transposta para direito interno pelo Decreto-Lei n.º 83/2011, de 20 de junho.",Quinzenal,Composta (i)
L013710.2021.RH5A,Saída,Carência Química de Oxigénio (mg/L O2),"Metodologia aplicável em conformidade com o disposto na legislação em vigor e de acordo com a Diretiva 2009/90/CE, transposta para direito interno pelo Decreto-Lei n.º 83/2011, de 20 de junho.",Quinzenal,Composta (i)
L013710.2021.RH5A,Saída,Carência Bioquímica de Oxigénio (mg/L O2),"Metodologia aplicável em conformidade com o disposto na legislação em vigor e de acordo com a Diretiva 2009/90/CE, transposta para direito interno pelo Decreto-Lei n.º 83/2011, de 20 de junho.",Quinzenal,Composta (i)
L013710.2021.RH5A,Saída,Sólidos Suspensos Totais (mg/L),"Metodologia aplicável em conformidade com o disposto na legislação em vigor e de acordo com a Diretiva 2009/90/CE, transposta para direito interno pelo Decreto-Lei n.º 83/2011, de 20 de junho.",Quinzenal,Composta (i)
L013710.2021.RH5A,Saída,Azoto total (mg/L N),"Metodologia aplicável em conformidade com o disposto na legislação em vigor e de acordo com a Diretiva 2009/90/CE, transposta para direito interno pelo Decreto-Lei n.º 83/2011, de 20 de junho.",Mensal,Composta (i)
L013710.2021.RH5A,Saída,Fósforo total (mg/L P),"Metodologia aplicável em conformidade com o disposto na legislação em vigor e de acordo com a Diretiva 2009/90/CE, transposta para direito interno pelo Decreto-Lei n.º 83/2011, de 20 de junho.",Mensal,Composta (i)
L013710.2021.RH5A,Saída,Óleos e Gorduras (mg/L),"Metodologia aplicável em conformidade com o disposto na legislação em vigor e de acordo com a Diretiva 2009/90/CE, transposta para direito interno pelo Decreto-Lei n.º 83/2011, de 20 de junho.",Trimestral,Pontual
L007525.2022.RH5A,Entrada,pH (Escala de Sörensen),"Metodologia aplicável em conformidade com o disposto na legislação em vigor e de acordo com a Diretiva 2009/90/CE, transposta para direito interno pelo Decreto-Lei n.º 83/2011, de 20 de junho.",Mensal,Composta (ii)
L007525.2022.RH5A,Entrada,Carência Química de Oxigénio (mg/L O2),"Metodologia aplicável em conformidade com o disposto na legislação em vigor e de acordo com a Diretiva 2009/90/CE, transposta para direito interno pelo Decreto-Lei n.º 83/2011, de 20 de junho.",Mensal,Composta (ii)
L007525.2022.RH5A,Entrada,Carência Bioquímica de Oxigénio (mg/L O2),"Metodologia aplicável em conformidade com o disposto na legislação em vigor e de acordo com a Diretiva 2009/90/CE, transposta para direito interno pelo Decreto-Lei n.º 83/2011, de 20 de junho.",Mensal,Composta (ii)
L007525.2022.RH5A,Entrada,Sólidos Suspensos Totais (mg/L),"Metodologia aplicável em conformidade com o disposto na legislação em vigor e de acordo com a Diretiva 2009/90/CE, transposta para direito interno pelo Decreto-Lei n.º 83/2011, de 20 de junho.",Mensal,Composta (ii)
L007525.2022.RH5A,Saída,pH (Escala de Sörensen),"Metodologia aplicável em conformidade com o disposto na legislação em vigor e de acordo com a Diretiva 2009/90/CE, transposta para direito interno pelo Decreto-Lei n.º 83/2011, de 20 de junho.",Mensal,Composta (ii)
L007525.2022.RH5A,Saída,Carência Química de Oxigénio (mg/L O2),"Metodologia aplicável em conformidade com o disposto na legislação em vigor e de acordo com a Diretiva 2009/90/CE, transposta para direito interno pelo Decreto-Lei n.º 83/2011, de 20 de junho.",Mensal,Composta (ii)
L007525.2022.RH5A,Saída,Carência Bioquímica de Oxigénio (mg/L O2),"Metodologia aplicável em conformidade com o disposto na legislação em vigor e de acordo com a Diretiva 2009/90/CE, transposta para direito interno pelo Decreto-Lei n.º 83/2011, de 20 de junho.",Mensal,Composta (ii)
L007525.2022.RH5A,Saída,Sólidos Suspensos Totais (mg/L),"Metodologia aplicável em conformidade com o disposto na legislação em vigor e de acordo com a Diretiva 2009/90/CE, transposta para direito interno pelo Decreto-Lei n.º 83/2011, de 20 de junho.",Mensal,Composta (ii)
L007525.2022.RH5A,Saída,Azoto total (mg/L N),"Metodologia aplicável em conformidade com o disposto na legislação em vigor e de acordo com a Diretiva 2009/90/CE, transposta para direito interno",Trimestral,Composta (ii)
L007525.2022.RH5A,Saída,Fósforo total (mg/L P),"Metodologia aplicável em conformidade com o disposto na legislação em vigor e de acordo com a Diretiva 2009/90/CE, transposta para direito interno pelo Decreto-Lei n.º 83/2011, de 20 de junho.",Trimestral,Composta (ii)
L007525.2022.RH5A,Saída,Caudal (m3/mês),-,Mensal,Pontual
L001091.2014.RH7,Saída,pH (Escala de Sörensen),"Metodologia aplicável em conformidade com o disposto na legislação em vigor e de acordo com a Diretiva 2009/90/CE, transposta para direito interno pelo Decreto-Lei n.º 83/2011, de 20 de junho.",Trimestral,Composta (i)
L001091.2014.RH7,Saída,Carência Química de Oxigénio (mg/L O2),"Metodologia aplicável em conformidade com o disposto na legislação em vigor e de acordo com a Diretiva 2009/90/CE, transposta para direito interno pelo Decreto-Lei n.º 83/2011, de 20 de junho.",Trimestral,Composta (i)
L001091.2014.RH7,Saída,Carência Bioquímica de Oxigénio (mg/L O2),"Metodologia aplicável em conformidade com o disposto na legislação em vigor e de acordo com a Diretiva 2009/90/CE, transposta para direito interno pelo Decreto-Lei n.º 83/2011, de 20 de junho.",Trimestral,Composta (i)
L001091.2014.RH7,Saída,Sólidos Suspensos Totais (mg/L),"Metodologia aplicável em conformidade com o disposto na legislação em vigor e de acordo com a Diretiva 2009/90/CE, transposta para direito interno pelo",Trimestral,Composta (i)
L001091.2014.RH7,Saída,Azoto total (mg/L N),"Metodologia aplicável em conformidade com o disposto na legislação em vigor e de acordo com a Diretiva 2009/90/CE, transposta para direito interno pelo Decreto-Lei n.º 83/2011, de 20 de junho.",Trimestral,Composta (i)
L001091.2014.RH7,Saída,Fósforo total (mg/L P),"Metodologia aplicável em conformidade com o disposto na legislação em vigor e de acordo com a Diretiva 2009/90/CE, transposta para direito interno pelo Decreto-Lei n.º 83/2011, de 20 de junho.",Trimestral,Composta (i)
L001091.2014.RH7,Saída,Óleos e Gorduras (mg/L),"Metodologia aplicável em conformidade com o disposto na legislação em vigor e de acordo com a Diretiva 2009/90/CE, transposta para direito interno pelo Decreto-Lei n.º 83/2011, de 20 de junho.",Semestral,Composta (i)
L001091.2014.RH7,Saída,Caudal (m3/mês),-,Mensal,Composta (i)
L012142.2022.RH4A,Saída,pH (Escala de Sörensen),"Metodologia aplicável em conformidade com o disposto na legislação em vigor e de acordo com a Diretiva 2009/90/CE, transposta para direito interno pelo Decreto-Lei n.º 83/2011, de 20 de junho.",Trimestral,Composta (i)
L012142.2022.RH4A,Saída,Carência Química de Oxigénio (mg/L O2),"Metodologia aplicável em conformidade com o disposto na legislação em vigor e de acordo com a Diretiva 2009/90/CE, transposta para direito interno pelo Decreto-Lei n.º 83/2011, de 20 de junho.",Trimestral,Composta (i)
L012142.2022.RH4A,Saída,Carência Bioquímica de Oxigénio (mg/L O2),"Metodologia aplicável em conformidade com o disposto na legislação em vigor e de acordo com a Diretiva 2009/90/CE, transposta para direito interno pelo Decreto-Lei n.º 83/2011, de 20 de junho.",Trimestral,Composta (i)
L012142.2022.RH4A,Saída,Sólidos Suspensos Totais (mg/L),"Metodologia aplicável em conformidade com o disposto na legislação em vigor e de acordo com a Diretiva 2009/90/CE, transposta para direito interno pelo Decreto-Lei n.º 83/2011, de 20 de junho.",Trimestral,Composta (i)
L012142.2022.RH4A,Saída,Azoto total (mg/L N),"Metodologia aplicável em conformidade com o disposto na legislação em vigor e de acordo com a Diretiva 2009/90/CE, transposta para direito interno pelo Decreto-Lei n.º 83/2011, de 20 de junho.",Trimestral,Composta (i)
L012142.2022.RH4A,Saída,Fósforo total (mg/L P),"Metodologia aplicável em conformidade com o disposto na legislação em vigor e de acordo com a Diretiva 2009/90/CE, transposta para direito interno pelo Decreto-Lei n.º 83/2011, de 20 de junho.",Trimestral,Composta (i)
L012142.2022.RH4A,Saída,Azoto amoniacal (mg/L NH4),"Metodologia aplicável em conformidade com o disposto na legislação em vigor e de acordo com a Diretiva 2009/90/CE, transposta para direito interno pelo Decreto-Lei n.º 83/2011, de 20 de junho.",Trimestral,Composta (i)
L010179.2021.RH4A,Entrada,pH (Escala de Sörensen),"Metodologia aplicável em conformidade com o disposto na legislação em vigor e de acordo com a Diretiva 2009/90/CE, transposta para direito interno pelo Decreto-Lei n.º 83/2011, de 20 de junho.",Mensal,Pontual
L010179.2021.RH4A,Entrada,Carência Química de Oxigénio (mg/L O2),"Metodologia aplicável em conformidade com o disposto na legislação em vigor e de acordo com a Diretiva 2009/90/CE, transposta para direito interno pelo Decreto-Lei n.º 83/2011, de 20 de junho.",Mensal,Composta (i)
L010179.2021.RH4A,Entrada,Carência Bioquímica de Oxigénio (mg/L O2),"Metodologia aplicável em conformidade com o disposto na legislação em vigor e de acordo com a Diretiva 2009/90/CE, transposta para direito interno pelo Decreto-Lei n.º 83/2011, de 20 de junho.",Mensal,Composta (i)
L010179.2021.RH4A,Entrada,Sólidos Suspensos Totais (mg/L),"Metodologia aplicável em conformidade com o disposto na legislação em vigor e de acordo com a Diretiva 2009/90/CE, transposta para direito interno pelo Decreto-Lei n.º 83/2011, de 20 de junho.",Mensal,Composta (i)
L010179.2021.RH4A,Entrada,Azoto total (mg/L N),"Metodologia aplicável em conformidade com o disposto na legislação em vigor e de acordo com a Diretiva 2009/90/CE, transposta para direito interno pelo Decreto-Lei n.º 83/2011, de 20 de junho.",Mensal,Composta (i)
L010179.2021.RH4A,Entrada,Fósforo total (mg/L P),"Metodologia aplicável em conformidade com o disposto na legislação em vigor e de acordo com a Diretiva 2009/90/CE, transposta para direito interno pelo Decreto-Lei n.º 83/2011, de 20 de junho.",Mensal,Composta (i)
L010179.2021.RH4A,Entrada,Azoto amoniacal (mg/L NH4),"Metodologia aplicável em conformidade com o disposto na legislação em vigor e de acordo com a Diretiva 2009/90/CE, transposta para direito interno pelo Decreto-Lei n.º 83/2011, de 20 de junho.",Mensal,Composta (i)
L010179.2021.RH4A,Saída,pH (Escala de Sörensen),"Metodologia aplicável em conformidade com o disposto na legislação em vigor e de acordo com a Diretiva 2009/90/CE, transposta para direito interno pelo Decreto-Lei n.º 83/2011, de 20 de junho.",Mensal,Pontual
L010179.2021.RH4A,Saída,Carência Química de Oxigénio (mg/L O2),"Metodologia aplicável em conformidade com o disposto na legislação em vigor e de acordo com a Diretiva 2009/90/CE, transposta para direito interno pelo Decreto-Lei n.º 83/2011, de 20 de junho.",Mensal,Composta (i)
L010179.2021.RH4A,Saída,Carência Bioquímica de Oxigénio (mg/L O2),"Metodologia aplicável em conformidade com o disposto na legislação em vigor e de acordo com a Diretiva 2009/90/CE, transposta para direito interno",Mensal,Composta (i)
L010179.2021.RH4A,Saída,Sólidos Suspensos Totais (mg/L),"Metodologia aplicável em conformidade com o disposto na legislação em vigor e de acordo com a Diretiva 2009/90/CE, transposta para direito interno pelo Decreto-Lei n.º 83/2011, de 20 de junho.",Mensal,Composta (i)
L010179.2021.RH4A,Saída,Azoto total (mg/L N),"Metodologia aplicável em conformidade com o disposto na legislação em vigor e de acordo com a Diretiva 2009/90/CE, transposta para direito interno pelo Decreto-Lei n.º 83/2011, de 20 de junho.",Mensal,Composta (i)
L010179.2021.RH4A,Saída,Fósforo total (mg/L P),"Metodologia aplicável em conformidade com o disposto na legislação em vigor e de acordo com a Diretiva 2009/90/CE, transposta para direito interno pelo Decreto-Lei n.º 83/2011, de 20 de junho.",Mensal,Composta (i)
L010179.2021.RH4A,Saída,Azoto amoniacal (mg/L NH4),"Metodologia aplicável em conformidade com o disposto na legislação em vigor e de acordo com a Diretiva 2009/90/CE, transposta para direito interno pelo Decreto-Lei n.º 83/2011, de 20 de junho.",Mensal,Composta (i)
L006127.2022.RH5A,Entrada,pH (Escala de Sörensen),"Metodologia aplicável em conformidade com o disposto na legislação em vigor e de acordo com a Diretiva 2009/90/CE, transposta para direito interno pelo Decreto-Lei n.º 83/2011, de 20 de junho.",Mensal,Composta (ii)
L006127.2022.RH5A,Entrada,Carência Química de Oxigénio (mg/L O2),"Metodologia aplicável em conformidade com o disposto na legislação em vigor e de acordo com a Diretiva 2009/90/CE, transposta para direito interno pelo Decreto-Lei n.º 83/2011, de 20 de junho.",Mensal,Composta (ii)
L006127.2022.RH5A,Entrada,Carência Bioquímica de Oxigénio (mg/L O2),"Metodologia aplicável em conformidade com o disposto na legislação em vigor e de acordo com a Diretiva 2009/90/CE, transposta para direito interno pelo Decreto-Lei n.º 83/2011, de 20 de junho.",Mensal,Composta (ii)
L006127.2022.RH5A,Entrada,Sólidos Suspensos Totais (mg/L),"Metodologia aplicável em conformidade com o disposto na legislação em vigor e de acordo com a Diretiva 2009/90/CE, transposta para direito interno pelo Decreto-Lei n.º 83/2011, de 20 de junho.",Mensal,Composta (ii)
L006127.2022.RH5A,Saída,pH (Escala de Sörensen),"Metodologia aplicável em conformidade com o disposto na legislação em vigor e de acordo com a Diretiva 2009/90/CE, transposta para direito interno pelo Decreto-Lei n.º 83/2011, de 20 de junho.",Mensal,Composta (ii)
L006127.2022.RH5A,Saída,Carência Química de Oxigénio (mg/L O2),Metodologia aplicável em conformidade com o disposto na legislação em vigor e de acordo com a,Mensal,Composta (ii)
L006127.2022.RH5A,Saída,Carência Bioquímica de Oxigénio (mg/L O2),"Metodologia aplicável em conformidade com o disposto na legislação em vigor e de acordo com a Diretiva 2009/90/CE, transposta para direito interno pelo Decreto-Lei n.º 83/2011, de 20 de junho.",Mensal,Composta (ii)
L006127.2022.RH5A,Saída,Sólidos Suspensos Totais (mg/L),"Metodologia aplicável em conformidade com o disposto na legislação em vigor e de acordo com a Diretiva 2009/90/CE, transposta para direito interno pelo Decreto-Lei n.º 83/2011, de 20 de junho.",Mensal,Composta (ii)
L006127.2022.RH5A,Saída,Azoto total (mg/L N),"Metodologia aplicável em conformidade com o disposto na legislação em vigor e de acordo com a Diretiva 2009/90/CE, transposta para direito interno pelo Decreto-Lei n.º 83/2011, de 20 de junho.",Trimestral,Composta (ii)
L006127.2022.RH5A,Saída,Fósforo total (mg/L P),"Metodologia aplicável em conformidade com o disposto na legislação em vigor e de acordo com a Diretiva 2009/90/CE, transposta para direito interno pelo Decreto-Lei n.º 83/2011, de 20 de junho.",Trimestral,Composta (ii)
L006127.2022.RH5A,Saída,Caudal (m3/mês),-,Mensal,Pontual
L006128.2022.RH5A,Saída,pH (Escala de Sörensen),"Metodologia aplicável em conformidade com o disposto na legislação em vigor e de acordo com a Diretiva 2009/90/CE, transposta para direito interno pelo Decreto-Lei n.º 83/2011, de 20 de junho.",Mensal,Composta (ii)
L006128.2022.RH5A,Saída,Carência Química de Oxigénio (mg/L O2),"Metodologia aplicável em conformidade com o disposto na legislação em vigor e de acordo com a Diretiva 2009/90/CE, transposta para direito interno pelo Decreto-Lei n.º 83/2011, de 20 de junho.",Mensal,Composta (ii)
L006128.2022.RH5A,Saída,Carência Bioquímica de Oxigénio (mg/L O2),"Metodologia aplicável em conformidade com o disposto na legislação em vigor e de acordo com a Diretiva 2009/90/CE, transposta para direito interno pelo Decreto-Lei n.º 83/2011, de 20 de junho.",Mensal,Composta (ii)
L006128.2022.RH5A,Saída,Sólidos Suspensos Totais (mg/L),"Metodologia aplicável em conformidade com o disposto na legislação em vigor e de acordo com a Diretiva 2009/90/CE, transposta para direito interno pelo Decreto-Lei n.º 83/2011, de 20 de junho.",Mensal,Composta (ii)
L006128.2022.RH5A,Saída,Azoto total (mg/L N),"Metodologia aplicável em conformidade com o disposto na legislação em vigor e de acordo com a Diretiva 2009/90/CE, transposta para direito interno pelo Decreto-Lei n.º 83/2011, de 20 de junho.",Trimestral,Composta (ii)
L006128.2022.RH5A,Saída,Fósforo total (mg/L P),Metodologia aplicável em conformidade com o disposto na legislação em vigor e de acordo com a,Trimestral,Composta (ii)
L006128.2022.RH5A,Saída,Caudal (m3/mês),-,Mensal,Pontual
L006090.2021.RH5A,Entrada,pH (Escala de Sörensen),"Metodologia aplicável em conformidade com o disposto na legislação em vigor e de acordo com a Diretiva 2009/90/CE, transposta para direito interno pelo Decreto-Lei n.º 83/2011, de 20 de junho.",Mensal,Pontual
L006090.2021.RH5A,Entrada,Carência Química de Oxigénio (mg/L O2),"Metodologia aplicável em conformidade com o disposto na legislação em vigor e de acordo com a Diretiva 2009/90/CE, transposta para direito interno pelo Decreto-Lei n.º 83/2011, de 20 de junho.",Mensal,Pontual
L006090.2021.RH5A,Entrada,Carência Bioquímica de Oxigénio (mg/L O2),"Metodologia aplicável em conformidade com o disposto na legislação em vigor e de acordo com a Diretiva 2009/90/CE, transposta para direito interno pelo Decreto-Lei n.º 83/2011, de 20 de junho.",Mensal,Pontual
L006090.2021.RH5A,Entrada,Sólidos Suspensos Totais (mg/L),"Metodologia aplicável em conformidade com o disposto na legislação em vigor e de acordo com a Diretiva 2009/90/CE, transposta para direito interno pelo Decreto-Lei n.º 83/2011, de 20 de junho.",Mensal,Pontual
L006090.2021.RH5A,Entrada,Óleos e Gorduras (mg/L),"Metodologia aplicável em conformidade com o disposto na legislação em vigor e de acordo com a Diretiva 2009/90/CE, transposta para direito interno pelo Decreto-Lei n.º 83/2011, de 20 de junho.",Mensal,Pontual
L006090.2021.RH5A,Entrada,Caudal (m3/dia),-,Mensal,Em contínuo
L006090.2021.RH5A,Saída,pH (Escala de Sörensen),"Metodologia aplicável em conformidade com o disposto na legislação em vigor e de acordo com a Diretiva 2009/90/CE, transposta para direito interno pelo Decreto-Lei n.º 83/2011, de 20 de junho.",Mensal,Pontual
L006090.2021.RH5A,Saída,Carência Química de Oxigénio (mg/L O2),"Metodologia aplicável em conformidade com o disposto na legislação em vigor e de acordo com a Diretiva 2009/90/CE, transposta para direito interno pelo Decreto-Lei n.º 83/2011, de 20 de junho.",Mensal,Pontual
L006090.2021.RH5A,Saída,Carência Bioquímica de Oxigénio (mg/L O2),"Metodologia aplicável em conformidade com o disposto na legislação em vigor e de acordo com a Diretiva 2009/90/CE, transposta para direito interno pelo Decreto-Lei n.º 83/2011, de 20 de junho.",Mensal,Pontual
L006090.2021.RH5A,Saída,Sólidos Suspensos Totais (mg/L),"Metodologia aplicável em conformidade com o disposto na legislação em vigor e de acordo com a Diretiva 2009/90/CE, transposta para direito interno pelo Decreto-Lei n.º 83/2011, de 20 de junho.",Mensal,Pontual
L006090.2021.RH5A,Saída,Azoto total (mg/L N),"Metodologia aplicável em conformidade com o disposto na legislação em vigor e de acordo com a Diretiva 2009/90/CE, transposta para direito interno pelo Decreto-Lei n.º 83/2011, de 20 de junho.",Trimestral,Pontual
L006090.2021.RH5A,Saída,Fósforo total (mg/L P),"Metodologia aplicável em conformidade com o disposto na legislação em vigor e de acordo com a Diretiva 2009/90/CE, transposta para direito interno pelo Decreto-Lei n.º 83/2011, de 20 de junho.",Trimestral,Pontual
L006090.2021.RH5A,Saída,Óleos e Gorduras (mg/L),"Metodologia aplicável em conformidade com o disposto na legislação em vigor e de acordo com a Diretiva 2009/90/CE, transposta para direito interno pelo Decreto-Lei n.º 83/2011, de 20 de junho.",Mensal,Pontual
L006090.2021.RH5A,Saída,Azoto amoniacal (mg/L NH4),"Metodologia aplicável em conformidade com o disposto na legislação em vigor e de acordo com a Diretiva 2009/90/CE, transposta para direito interno pelo Decreto-Lei n.º 83/2011, de 20 de junho.",Trimestral,Pontual
L019546.2018.RH5A,Entrada,pH (Escala de Sörensen),"Metodologia aplicável em conformidade com o disposto na legislação em vigor e de acordo com a Diretiva 2009/90/CE, transposta para direito interno pelo Decreto-Lei n.º 83/2011, de 20 de junho.",Quinzenal,Composta (i)
L019546.2018.RH5A,Entrada,Carência Química de Oxigénio (mg/L O2),"Metodologia aplicável em conformidade com o disposto na legislação em vigor e de acordo com a Diretiva 2009/90/CE, transposta para direito interno pelo Decreto-Lei n.º 83/2011, de 20 de junho.",Quinzenal,Composta (i)
L019546.2018.RH5A,Entrada,Carência Bioquímica de Oxigénio (mg/L O2),"Metodologia aplicável em conformidade com o disposto na legislação em vigor e de acordo com a Diretiva 2009/90/CE, transposta para direito interno pelo Decreto-Lei n.º 83/2011, de 20 de junho.",Quinzenal,Composta (i)
L019546.2018.RH5A,Entrada,Sólidos Suspensos Totais (mg/L),"Metodologia aplicável em conformidade com o disposto na legislação em vigor e de acordo com a Diretiva 2009/90/CE, transposta para direito interno pelo Decreto-Lei n.º 83/2011, de 20 de junho.",Quinzenal,Composta (i)
L019546.2018.RH5A,Entrada,Fósforo total (mg/L P),"Metodologia aplicável em conformidade com o disposto na legislação em vigor e de acordo com a Diretiva 2009/90/CE, transposta para direito interno pelo Decreto-Lei n.º 83/2011, de 20 de junho.",Quinzenal,Composta (i)
L019546.2018.RH5A,Entrada,Caudal (m3/mês),-,Quinzenal,Composta (i)
L019546.2018.RH5A,Saída,pH (Escala de Sörensen),"Metodologia aplicável em conformidade com o disposto na legislação em vigor e de acordo com a Diretiva 2009/90/CE, transposta para direito interno pelo Decreto-Lei n.º 83/2011, de 20 de junho.",Quinzenal,Composta (i)
L019546.2018.RH5A,Saída,Carência Química de Oxigénio (mg/L O2),"Metodologia aplicável em conformidade com o disposto na legislação em vigor e de acordo com a Diretiva 2009/90/CE, transposta para direito interno pelo Decreto-Lei n.º 83/2011, de 20 de junho.",Quinzenal,Composta (i)
L019546.2018.RH5A,Saída,Carência Bioquímica de Oxigénio (mg/L O2),"Metodologia aplicável em conformidade com o disposto na legislação em vigor e de acordo com a Diretiva 2009/90/CE, transposta para direito interno pelo Decreto-Lei n.º 83/2011, de 20 de junho.",Quinzenal,Composta (i)
L019546.2018.RH5A,Saída,Sólidos Suspensos Totais (mg/L),"Metodologia aplicável em conformidade com o disposto na legislação em vigor e de acordo com a Diretiva 2009/90/CE, transposta para direito interno pelo Decreto-Lei n.º 83/2011, de 20 de junho.",Quinzenal,Composta (i)
L019546.2018.RH5A,Saída,Azoto total (mg/L N),"Metodologia aplicável em conformidade com o disposto na legislação em vigor e de acordo com a Diretiva 2009/90/CE, transposta para direito interno pelo Decreto-Lei n.º 83/2011, de 20 de junho.",Quinzenal,Composta (i)
L019546.2018.RH5A,Saída,Fósforo total (mg/L P),"Metodologia aplicável em conformidade com o disposto na legislação em vigor e de acordo com a Diretiva 2009/90/CE, transposta para direito interno pelo Decreto-Lei n.º 83/2011, de 20 de junho.",Quinzenal,Composta (i)
L019546.2018.RH5A,Saída,Caudal (m3/mês),-,Quinzenal,Composta (i)
L004199.2017.RH7,Saída,Caudal (m3/mês),-,Mensal,Composta (i)
L004199.2017.RH7,Saída,pH (Escala de Sörensen),Metodologia aplicável em conformidade com o,Bimestral,Composta (i)
L004199.2017.RH7,Saída,Carência Química de Oxigénio (mg/L O2),"Metodologia aplicável em conformidade com o disposto na legislação em vigor e de acordo com a Diretiva 2009/90/CE, transposta para direito interno pelo Decreto-Lei n.º 83/2011, de 20 de junho.",Bimestral,Composta (i)
L004199.2017.RH7,Saída,Carência Bioquímica de Oxigénio (mg/L O2),"Metodologia aplicável em conformidade com o disposto na legislação em vigor e de acordo com a Diretiva 2009/90/CE, transposta para direito interno pelo Decreto-Lei n.º 83/2011, de 20 de junho.",Bimestral,Composta (i)
L004199.2017.RH7,Saída,Sólidos Suspensos Totais (mg/L),"Metodologia aplicável em conformidade com o disposto na legislação em vigor e de acordo com a Diretiva 2009/90/CE, transposta para direito interno pelo Decreto-Lei n.º 83/2011, de 20 de junho.",Bimestral,Composta (i)
L004199.2017.RH7,Saída,Azoto total (mg/L N),"Metodologia aplicável em conformidade com o disposto na legislação em vigor e de acordo com a Diretiva 2009/90/CE, transposta para direito interno pelo Decreto-Lei n.º 83/2011, de 20 de junho.",Bimestral,Composta (i)
L004199.2017.RH7,Saída,Fósforo total (mg/L P),"Metodologia aplicável em conformidade com o disposto na legislação em vigor e de acordo com a Diretiva 2009/90/CE, transposta para direito interno pelo Decreto-Lei n.º 83/2011, de 20 de junho.",Bimestral,Composta (i)
L004199.2017.RH7,Saída,Óleos e Gorduras (mg/L),"Metodologia aplicável em conformidade com o disposto na legislação em vigor e de acordo com a Diretiva 2009/90/CE, transposta para direito interno pelo Decreto-Lei n.º 83/2011, de 20 de junho.",Semestral,Composta (i)
L021840.2021.RH4A,Saída,pH (Escala de Sörensen),"Metodologia aplicável em conformidade com o disposto na legislação em vigor e de acordo com a Diretiva 2009/90/CE, transposta para direito interno pelo Decreto-Lei n.º 83/2011, de 20 de junho.",Trimestral,Pontual
L021840.2021.RH4A,Saída,Carência Química de Oxigénio (mg/L O2),"Metodologia aplicável em conformidade com o disposto na legislação em vigor e de acordo com a Diretiva 2009/90/CE, transposta para direito interno pelo Decreto-Lei n.º 83/2011, de 20 de junho.",Trimestral,Composta (i)
L021840.2021.RH4A,Saída,Carência Bioquímica de Oxigénio (mg/L O2),"Metodologia aplicável em conformidade com o disposto na legislação em vigor e de acordo com a Diretiva 2009/90/CE, transposta para direito interno pelo Decreto-Lei n.º 83/2011, de 20 de junho.",Trimestral,Composta (i)
L021840.2021.RH4A,Saída,Sólidos Suspensos Totais (mg/L),"Metodologia aplicável em conformidade com o disposto na legislação em vigor e de acordo com a Diretiva 2009/90/CE, transposta para direito interno pelo Decreto-Lei n.º 83/2011, de 20 de junho.",Trimestral,Composta (i)
L021840.2021.RH4A,Saída,Azoto total (mg/L N),"Metodologia aplicável em conformidade com o disposto na legislação em vigor e de acordo com a Diretiva 2009/90/CE, transposta para direito interno pelo Decreto-Lei n.º 83/2011, de 20 de junho.",Trimestral,Composta (i)
L021840.2021.RH4A,Saída,Fósforo total (mg/L P),"Metodologia aplicável em conformidade com o disposto na legislação em vigor e de acordo com a Diretiva 2009/90/CE, transposta para direito interno pelo Decreto-Lei n.º 83/2011, de 20 de junho.",Trimestral,Composta (i)
L021840.2021.RH4A,Saída,Azoto amoniacal (mg/L NH4),"Metodologia aplicável em conformidade com o disposto na legislação em vigor e de acordo com a Diretiva 2009/90/CE, transposta para direito interno pelo Decreto-Lei n.º 83/2011, de 20 de junho.",Trimestral,Composta (i)
L010196.2021.RH4A,Saída,pH (Escala de Sörensen),"Metodologia aplicável em conformidade com o disposto na legislação em vigor e de acordo com a Diretiva 2009/90/CE, transposta para direito interno pelo Decreto-Lei n.º 83/2011, de 20 de junho.",Trimestral,Pontual
L010196.2021.RH4A,Saída,Carência Química de Oxigénio (mg/L O2),"Metodologia aplicável em conformidade com o disposto na legislação em vigor e de acordo com a Diretiva 2009/90/CE, transposta para direito interno pelo Decreto-Lei n.º 83/2011, de 20 de junho.",Trimestral,Composta (i)
L010196.2021.RH4A,Saída,Carência Bioquímica de Oxigénio (mg/L O2),"Metodologia aplicável em conformidade com o disposto na legislação em vigor e de acordo com a Diretiva 2009/90/CE, transposta para direito interno pelo Decreto-Lei n.º 83/2011, de 20 de junho.",Trimestral,Composta (i)
L010196.2021.RH4A,Saída,Sólidos Suspensos Totais (mg/L),"Metodologia aplicável em conformidade com o disposto na legislação em vigor e de acordo com a Diretiva 2009/90/CE, transposta para direito interno pelo Decreto-Lei n.º 83/2011, de 20 de junho.",Trimestral,Composta (i)
L010196.2021.RH4A,Saída,Azoto total (mg/L N),"Metodologia aplicável em conformidade com o disposto na legislação em vigor e de acordo com a Diretiva 2009/90/CE, transposta para direito interno pelo Decreto-Lei n.º 83/2011, de 20 de junho.",Trimestral,Composta (i)
L010196.2021.RH4A,Saída,Fósforo total (mg/L P),"Metodologia aplicável em conformidade com o disposto na legislação em vigor e de acordo com a Diretiva 2009/90/CE, transposta para direito interno pelo Decreto-Lei n.º 83/2011, de 20 de junho.",Trimestral,Composta (i)
L020748.2021.RH4A,Saída,pH (Escala de Sörensen),"Metodologia aplicável em conformidade com o disposto na legislação em vigor e de acordo com a Diretiva 2009/90/CE, transposta para direito interno pelo Decreto-Lei n.º 83/2011, de 20 de junho.",Trimestral,Composta (i)
L020748.2021.RH4A,Saída,Carência Química de Oxigénio (mg/L O2),"Metodologia aplicável em conformidade com o disposto na legislação em vigor e de acordo com a Diretiva 2009/90/CE, transposta para direito interno pelo Decreto-Lei n.º 83/2011, de 20 de junho.",Trimestral,Composta (i)
L020748.2021.RH4A,Saída,Carência Bioquímica de Oxigénio (mg/L O2),"Metodologia aplicável em conformidade com o disposto na legislação em vigor e de acordo com a Diretiva 2009/90/CE, transposta para direito interno pelo Decreto-Lei n.º 83/2011, de 20 de junho.",Trimestral,Composta (i)
L020748.2021.RH4A,Saída,Sólidos Suspensos Totais (mg/L),"Metodologia aplicável em conformidade com o disposto na legislação em vigor e de acordo com a Diretiva 2009/90/CE, transposta para direito interno pelo Decreto-Lei n.º 83/2011, de 20 de junho.",Trimestral,Composta (ii)
L020748.2021.RH4A,Saída,Azoto total (mg/L N),"Metodologia aplicável em conformidade com o disposto na legislação em vigor e de acordo com a Diretiva 2009/90/CE, transposta para direito interno pelo Decreto-Lei n.º 83/2011, de 20 de junho.",Trimestral,Composta (i)
L020748.2021.RH4A,Saída,Fósforo total (mg/L P),"Metodologia aplicável em conformidade com o disposto na legislação em vigor e de acordo com a Diretiva 2009/90/CE, transposta para direito interno pelo Decreto-Lei n.º 83/2011, de 20 de junho.",Trimestral,Composta (i)
L020748.2021.RH4A,Saída,Azoto amoniacal (mg/L NH4),"Metodologia aplicável em conformidade com o disposto na legislação em vigor e de acordo com a Diretiva 2009/90/CE, transposta para direito interno pelo Decreto-Lei n.º 83/2011, de 20 de junho.",Trimestral,Composta (i)
L010659.2020.RH5A,Entrada,pH (Escala de Sörensen),"Metodologia aplicável em conformidade com o disposto na legislação em vigor e de acordo com a Diretiva 2009/90/CE, transposta para direito interno pelo Decreto-Lei n.º 83/2011, de 20 de junho.",Mensal,Composta (ii)
L010659.2020.RH5A,Entrada,Carência Química de Oxigénio (mg/L O2),"Metodologia aplicável em conformidade com o disposto na legislação em vigor e de acordo com a Diretiva 2009/90/CE, transposta para direito interno pelo Decreto-Lei n.º 83/2011, de 20 de junho.",Mensal,Composta (ii)
L010659.2020.RH5A,Entrada,Carência Bioquímica de Oxigénio (mg/L O2),"Metodologia aplicável em conformidade com o disposto na legislação em vigor e de acordo com a Diretiva 2009/90/CE, transposta para direito interno pelo Decreto-Lei n.º 83/2011, de 20 de junho.",Mensal,Composta (ii)
L010659.2020.RH5A,Entrada,Sólidos Suspensos Totais (mg/L),"Metodologia aplicável em conformidade com o disposto na legislação em vigor e de acordo com a Diretiva 2009/90/CE, transposta para direito interno pelo Decreto-Lei n.º 83/2011, de 20 de junho.",Mensal,Composta (ii)
L010659.2020.RH5A,Entrada,Fósforo total (mg/L P),"Metodologia aplicável em conformidade com o disposto na legislação em vigor e de acordo com a Diretiva 2009/90/CE, transposta para direito interno pelo Decreto-Lei n.º 83/2011, de 20 de junho.",Mensal,Composta (ii)
L010659.2020.RH5A,Entrada,Óleos e Gorduras (mg/L),"Metodologia aplicável em conformidade com o disposto na legislação em vigor e de acordo com a Diretiva 2009/90/CE, transposta para direito interno",Trimestral,Pontual
L010659.2020.RH5A,Entrada,Caudal (m3/mês),-,Mensal,Pontual
L010659.2020.RH5A,Entrada,Caudal (m3/dia),-,Mensal,Pontual
L010659.2020.RH5A,Saída,pH (Escala de Sörensen),"Metodologia aplicável em conformidade com o disposto na legislação em vigor e de acordo com a Diretiva 2009/90/CE, transposta para direito interno pelo Decreto-Lei n.º 83/2011, de 20 de junho.",Mensal,Composta (ii)
L010659.2020.RH5A,Saída,Carência Química de Oxigénio (mg/L O2),"Metodologia aplicável em conformidade com o disposto na legislação em vigor e de acordo com a Diretiva 2009/90/CE, transposta para direito interno pelo Decreto-Lei n.º 83/2011, de 20 de junho.",Mensal,Composta (ii)
L010659.2020.RH5A,Saída,Carência Bioquímica de Oxigénio (mg/L O2),"Metodologia aplicável em conformidade com o disposto na legislação em vigor e de acordo com a Diretiva 2009/90/CE, transposta para direito interno pelo Decreto-Lei n.º 83/2011, de 20 de junho.",Mensal,Composta (ii)
L010659.2020.RH5A,Saída,Sólidos Suspensos Totais (mg/L),"Metodologia aplicável em conformidade com o disposto na legislação em vigor e de acordo com a Diretiva 2009/90/CE, transposta para direito interno pelo Decreto-Lei n.º 83/2011, de 20 de junho.",Mensal,Composta (ii)
L010659.2020.RH5A,Saída,Azoto total (mg/L N),"Metodologia aplicável em conformidade com o disposto na legislação em vigor e de acordo com a Diretiva 2009/90/CE, transposta para direito interno pelo Decreto-Lei n.º 83/2011, de 20 de junho.",Trimestral,Composta (ii)
L010659.2020.RH5A,Saída,Fósforo total (mg/L P),"Metodologia aplicável em conformidade com o disposto na legislação em vigor e de acordo com a Diretiva 2009/90/CE, transposta para direito interno pelo Decreto-Lei n.º 83/2011, de 20 de junho.",Mensal,Composta (ii)
L010659.2020.RH5A,Saída,Óleos e Gorduras (mg/L),"Metodologia aplicável em conformidade com o disposto na legislação em vigor e de acordo com a Diretiva 2009/90/CE, transposta para direito interno pelo Decreto-Lei n.º 83/2011, de 20 de junho.",Trimestral,Pontual
L009735.2020.RH5A,Entrada,pH (Escala de Sörensen),"Metodologia aplicável em conformidade com o disposto na legislação em vigor e de acordo com a Diretiva 2009/90/CE, transposta para direito interno pelo Decreto-Lei n.º 83/2011, de 20 de junho.",Mensal,Composta (ii)
L009735.2020.RH5A,Entrada,Carência Química de Oxigénio (mg/L O2),"Metodologia aplicável em conformidade com o disposto na legislação em vigor e de acordo com a Diretiva 2009/90/CE, transposta para direito interno pelo Decreto-Lei n.º 83/2011, de 20 de junho.",Mensal,Composta (ii)
L009735.2020.RH5A,Entrada,Carência Bioquímica de Oxigénio (mg/L O2),"Metodologia aplicável em conformidade com o disposto na legislação em vigor e de acordo com a Diretiva 2009/90/CE, transposta para direito interno pelo Decreto-Lei n.º 83/2011, de 20 de junho.",Mensal,Composta (ii)
L009735.2020.RH5A,Entrada,Sólidos Suspensos Totais (mg/L),"Metodologia aplicável em conformidade com o disposto na legislação em vigor e de acordo com a Diretiva 2009/90/CE, transposta para direito interno pelo Decreto-Lei n.º 83/2011, de 20 de junho.",Mensal,Composta (ii)
L009735.2020.RH5A,Saída,pH (Escala de Sörensen),"Metodologia aplicável em conformidade com o disposto na legislação em vigor e de acordo com a Diretiva 2009/90/CE, transposta para direito interno pelo Decreto-Lei n.º 83/2011, de 20 de junho.",Mensal,Composta (ii)
L009735.2020.RH5A,Saída,Carência Química de Oxigénio (mg/L O2),"Metodologia aplicável em conformidade com o disposto na legislação em vigor e de acordo com a Diretiva 2009/90/CE, transposta para direito interno pelo Decreto-Lei n.º 83/2011, de 20 de junho.",Mensal,Composta (ii)
L009735.2020.RH5A,Saída,Carência Bioquímica de,Metodologia aplicável em conformidade com o,Mensal,Composta (ii)
L009735.2020.RH5A,Saída,Sólidos Suspensos Totais (mg/L),"Metodologia aplicável em conformidade com o disposto na legislação em vigor e de acordo com a Diretiva 2009/90/CE, transposta para direito interno pelo Decreto-Lei n.º 83/2011, de 20 de junho.",Mensal,Composta (ii)
L009735.2020.RH5A,Saída,Azoto total (mg/L N),"Metodologia aplicável em conformidade com o disposto na legislação em vigor e de acordo com a Diretiva 2009/90/CE, transposta para direito interno pelo Decreto-Lei n.º 83/2011, de 20 de junho.",Trimestral,Composta (ii)
L009735.2020.RH5A,Saída,Fósforo total (mg/L P),"Metodologia aplicável em conformidade com o disposto na legislação em vigor e de acordo com a Diretiva 2009/90/CE, transposta para direito interno pelo Decreto-Lei n.º 83/2011, de 20 de junho.",Trimestral,Composta (ii)
L009735.2020.RH5A,Saída,Caudal (m3/mês),-,Mensal,Pontual
L009735.2020.RH5A,Saída,Caudal (m3/dia),-,Mensal,Pontual
L019026.2021.RH5A,Saída,pH (Escala de Sörensen),"Metodologia aplicável em conformidade com o disposto na legislação em vigor e de acordo com a Diretiva 2009/90/CE, transposta para direito interno pelo Decreto-Lei n.º 83/2011, de 20 de junho.",Mensal,Composta (ii)
L019026.2021.RH5A,Saída,Carência Química de Oxigénio (mg/L O2),"Metodologia aplicável em conformidade com o disposto na legislação em vigor e de acordo com a Diretiva 2009/90/CE, transposta para direito interno pelo Decreto-Lei n.º 83/2011, de 20 de junho.",Mensal,Composta (ii)
L019026.2021.RH5A,Saída,Carência Bioquímica de Oxigénio (mg/L O2),"Metodologia aplicável em conformidade com o disposto na legislação em vigor e de acordo com a Diretiva 2009/90/CE, transposta para direito interno pelo Decreto-Lei n.º 83/2011, de 20 de junho.",Mensal,Composta (ii)
L019026.2021.RH5A,Saída,Sólidos Suspensos Totais (mg/L),"Metodologia aplicável em conformidade com o disposto na legislação em vigor e de acordo com a Diretiva 2009/90/CE, transposta para direito interno pelo Decreto-Lei n.º 83/2011, de 20 de junho.",Mensal,Composta (ii)
L019026.2021.RH5A,Saída,Azoto total (mg/L N),"Metodologia aplicável em conformidade com o disposto na legislação em vigor e de acordo com a Diretiva 2009/90/CE, transposta para direito interno pelo Decreto-Lei n.º 83/2011, de 20 de junho.",Mensal,Composta (ii)
L019026.2021.RH5A,Saída,Fósforo total (mg/L P),"Metodologia aplicável em conformidade com o disposto na legislação em vigor e de acordo com a Diretiva 2009/90/CE, transposta para direito interno pelo Decreto-Lei n.º 83/2011, de 20 de junho.",Mensal,Composta (ii)
L019026.2021.RH5A,Saída,Caudal (m3/mês),-,Mensal,Composta (ii)
L020502.2021.RH5A,Entrada,pH (Escala de Sörensen),"Metodologia aplicável em conformidade com o disposto na legislação em vigor e de acordo com a Diretiva 2009/90/CE, transposta para direito interno pelo Decreto-Lei n.º 83/2011, de 20 de junho.",Quinzenal,Composta (i)
L020502.2021.RH5A,Entrada,Carência Química de Oxigénio (mg/L O2),"Metodologia aplicável em conformidade com o disposto na legislação em vigor e de acordo com a Diretiva 2009/90/CE, transposta para direito interno pelo Decreto-Lei n.º 83/2011, de 20 de junho.",Quinzenal,Composta (i)
L020502.2021.RH5A,Entrada,Carência Bioquímica de Oxigénio (mg/L O2),"Metodologia aplicável em conformidade com o disposto na legislação em vigor e de acordo com a Diretiva 2009/90/CE, transposta para direito interno pelo Decreto-Lei n.º 83/2011, de 20 de junho.",Quinzenal,Composta (i)
L020502.2021.RH5A,Entrada,Sólidos Suspensos Totais (mg/L),Metodologia aplicável em conformidade com o disposto na legislação em vigor e de acordo com a,Quinzenal,Composta (i)
L020502.2021.RH5A,Saída,pH (Escala de Sörensen),"Metodologia aplicável em conformidade com o disposto na legislação em vigor e de acordo com a Diretiva 2009/90/CE, transposta para direito interno pelo Decreto-Lei n.º 83/2011, de 20 de junho.",Quinzenal,Composta (i)
L020502.2021.RH5A,Saída,Carência Química de Oxigénio (mg/L O2),"Metodologia aplicável em conformidade com o disposto na legislação em vigor e de acordo com a Diretiva 2009/90/CE, transposta para direito interno pelo Decreto-Lei n.º 83/2011, de 20 de junho.",Quinzenal,Composta (i)
L020502.2021.RH5A,Saída,Carência Bioquímica de Oxigénio (mg/L O2),"Metodologia aplicável em conformidade com o disposto na legislação em vigor e de acordo com a Diretiva 2009/90/CE, transposta para direito interno pelo Decreto-Lei n.º 83/2011, de 20 de junho.",Quinzenal,Composta (i)
L020502.2021.RH5A,Saída,Sólidos Suspensos Totais (mg/L),"Metodologia aplicável em conformidade com o disposto na legislação em vigor e de acordo com a Diretiva 2009/90/CE, transposta para direito interno pelo Decreto-Lei n.º 83/2011, de 20 de junho.",Quinzenal,Composta (i)
L020502.2021.RH5A,Saída,Azoto total (mg/L N),"Metodologia aplicável em conformidade com o disposto na legislação em vigor e de acordo com a Diretiva 2009/90/CE, transposta para direito interno pelo Decreto-Lei n.º 83/2011, de 20 de junho.",Trimestral,Composta (i)
L020502.2021.RH5A,Saída,Fósforo total (mg/L P),"Metodologia aplicável em conformidade com o disposto na legislação em vigor e de acordo com a Diretiva 2009/90/CE, transposta para direito interno pelo Decreto-Lei n.º 83/2011, de 20 de junho.",Trimestral,Composta (i)
L020502.2021.RH5A,Saída,Óleos e Gorduras (mg/L),"Metodologia aplicável em conformidade com o disposto na legislação em vigor e de acordo com a Diretiva 2009/90/CE, transposta para direito interno pelo Decreto-Lei n.º 83/2011, de 20 de junho.",Trimestral,Pontual
L020002.2021.RH5A,Saída,pH (Escala de Sörensen),"Metodologia aplicável em conformidade com o disposto na legislação em vigor e de acordo com a Diretiva 2009/90/CE, transposta para direito interno pelo Decreto-Lei n.º 83/2011, de 20 de junho.",Mensal,Composta (i)
L020002.2021.RH5A,Saída,Carência Química de Oxigénio (mg/L O2),"Metodologia aplicável em conformidade com o disposto na legislação em vigor e de acordo com a Diretiva 2009/90/CE, transposta para direito interno pelo Decreto-Lei n.º 83/2011, de 20 de junho.",Mensal,Composta (i)
L020002.2021.RH5A,Saída,Carência Bioquímica de Oxigénio (mg/L O2),"Metodologia aplicável em conformidade com o disposto na legislação em vigor e de acordo com a Diretiva 2009/90/CE, transposta para direito interno pelo Decreto-Lei n.º 83/2011, de 20 de junho.",Mensal,Composta (i)
L020002.2021.RH5A,Saída,Sólidos Suspensos Totais (mg/L),"Metodologia aplicável em conformidade com o disposto na legislação em vigor e de acordo com a Diretiva 2009/90/CE, transposta para direito interno pelo Decreto-Lei n.º 83/2011, de 20 de junho.",Mensal,Composta (i)
L020002.2021.RH5A,Saída,Azoto total (mg/L N),"Metodologia aplicável em conformidade com o disposto na legislação em vigor e de acordo com a Diretiva 2009/90/CE, transposta para direito interno pelo Decreto-Lei n.º 83/2011, de 20 de junho.",Trimestral,Composta (i)
L020002.2021.RH5A,Saída,Fósforo total (mg/L P),"Metodologia aplicável em conformidade com o disposto na legislação em vigor e de acordo com a Diretiva 2009/90/CE, transposta para direito interno pelo Decreto-Lei n.º 83/2011, de 20 de junho.",Trimestral,Composta (i)
L020002.2021.RH5A,Saída,Óleos e Gorduras (mg/L),"Metodologia aplicável em conformidade com o disposto na legislação em vigor e de acordo com a Diretiva 2009/90/CE, transposta para direito interno pelo Decreto-Lei n.º 83/2011, de 20 de junho.",Trimestral,Pontual
L009723.2020.RH5A,Entrada,pH (Escala de Sörensen),"Metodologia aplicável em conformidade com o disposto na legislação em vigor e de acordo com a Diretiva 2009/90/CE, transposta para direito interno pelo Decreto-Lei n.º 83/2011, de 20 de junho.",Mensal,Pontual
L009723.2020.RH5A,Entrada,Carência Química de Oxigénio (mg/L O2),"Metodologia aplicável em conformidade com o disposto na legislação em vigor e de acordo com a Diretiva 2009/90/CE, transposta para direito interno pelo Decreto-Lei n.º 83/2011, de 20 de junho.",Mensal,Pontual
L009723.2020.RH5A,Entrada,Carência Bioquímica de Oxigénio (mg/L O2),"Metodologia aplicável em conformidade com o disposto na legislação em vigor e de acordo com a Diretiva 2009/90/CE, transposta para direito interno pelo Decreto-Lei n.º 83/2011, de 20 de junho.",Mensal,Pontual
L009723.2020.RH5A,Entrada,Sólidos Suspensos Totais (mg/L),"Metodologia aplicável em conformidade com o disposto na legislação em vigor e de acordo com a Diretiva 2009/90/CE, transposta para direito interno pelo Decreto-Lei n.º 83/2011, de 20 de junho.",Mensal,Pontual
L009723.2020.RH5A,Entrada,Azoto amoniacal (mg/L NH4),"Metodologia aplicável em conformidade com o disposto na legislação em vigor e de acordo com a Diretiva 2009/90/CE, transposta para direito interno pelo Decreto-Lei n.º 83/2011, de 20 de junho.",Mensal,Pontual
L009723.2020.RH5A,Entrada,Coliformes fecais (NMP/100 mL),"Anexo XIII do Decreto-Lei n.º 236/98, de 1 de agosto.",Mensal,Pontual
L009723.2020.RH5A,Saída,pH (Escala de Sörensen),"Metodologia aplicável em conformidade com o disposto na legislação em vigor e de acordo com a Diretiva 2009/90/CE, transposta para direito interno pelo Decreto-Lei n.º 83/2011, de 20 de junho.",Mensal,Pontual
L009723.2020.RH5A,Saída,Carência Química de Oxigénio (mg/L O2),"Metodologia aplicável em conformidade com o disposto na legislação em vigor e de acordo com a Diretiva 2009/90/CE, transposta para direito interno pelo Decreto-Lei n.º 83/2011, de 20 de junho.",Mensal,Pontual
L009723.2020.RH5A,Saída,Carência Bioquímica de Oxigénio (mg/L O2),"Metodologia aplicável em conformidade com o disposto na legislação em vigor e de acordo com a Diretiva 2009/90/CE, transposta para direito interno pelo Decreto-Lei n.º 83/2011, de 20 de junho.",Mensal,Pontual
L009723.2020.RH5A,Saída,Sólidos Suspensos Totais (mg/L),"Metodologia aplicável em conformidade com o disposto na legislação em vigor e de acordo com a Diretiva 2009/90/CE, transposta para direito interno pelo Decreto-Lei n.º 83/2011, de 20 de junho.",Mensal,Pontual
L009723.2020.RH5A,Saída,Azoto total (mg/L N),"Metodologia aplicável em conformidade com o disposto na legislação em vigor e de acordo com a Diretiva 2009/90/CE, transposta para direito interno pelo Decreto-Lei n.º 83/2011, de 20 de junho.",Trimestral,Pontual
L009723.2020.RH5A,Saída,Fósforo total (mg/L P),"Metodologia aplicável em conformidade com o disposto na legislação em vigor e de acordo com a Diretiva 2009/90/CE, transposta para direito interno pelo Decreto-Lei n.º 83/2011, de 20 de junho.",Trimestral,Pontual
L009723.2020.RH5A,Saída,Caudal (m3/mês),-,Mensal,Pontual
L009723.2020.RH5A,Saída,Azoto amoniacal (mg/L NH4),"Metodologia aplicável em conformidade com o disposto na legislação em vigor e de acordo com a Diretiva 2009/90/CE, transposta para direito interno pelo Decreto-Lei n.º 83/2011, de 20 de junho.",Mensal,Pontual
L009723.2020.RH5A,Saída,Coliformes fecais (NMP/100 mL),"Anexo XIII do Decreto-Lei n.º 236/98, de 1 de agosto.",Mensal,Pontual
L009723.2020.RH5A,Saída,Caudal (m3/dia),-,Mensal,Pontual
L015838.2021.RH4A,Saída,pH (Escala de Sörensen),"Metodologia aplicável em conformidade com o disposto na legislação em vigor e de acordo com a Diretiva 2009/90/CE, transposta para direito interno pelo Decreto-Lei n.º 83/2011, de 20 de junho.",Trimestral,Pontual
L015838.2021.RH4A,Saída,Carência Química de Oxigénio (mg/L O2),"Metodologia aplicável em conformidade com o disposto na legislação em vigor e de acordo com a Diretiva 2009/90/CE, transposta para direito interno pelo Decreto-Lei n.º 83/2011, de 20 de junho.",Trimestral,Composta (i)
L015838.2021.RH4A,Saída,Carência Bioquímica de Oxigénio (mg/L O2),"Metodologia aplicável em conformidade com o disposto na legislação em vigor e de acordo com a Diretiva 2009/90/CE, transposta para direito interno pelo Decreto-Lei n.º 83/2011, de 20 de junho.",Trimestral,Composta (i)
L015838.2021.RH4A,Saída,Sólidos Suspensos Totais (mg/L),"Metodologia aplicável em conformidade com o disposto na legislação em vigor e de acordo com a Diretiva 2009/90/CE, transposta para direito interno pelo Decreto-Lei n.º 83/2011, de 20 de junho.",Trimestral,Composta (i)
L015838.2021.RH4A,Saída,Azoto total (mg/L N),"Metodologia aplicável em conformidade com o disposto na legislação em vigor e de acordo com a Diretiva 2009/90/CE, transposta para direito interno pelo Decreto-Lei n.º 83/2011, de 20 de junho.",Trimestral,Composta (i)
L015838.2021.RH4A,Saída,Fósforo total (mg/L P),"Metodologia aplicável em conformidade com o disposto na legislação em vigor e de acordo com a Diretiva 2009/90/CE, transposta para direito interno pelo Decreto-Lei n.º 83/2011, de 20 de junho.",Trimestral,Composta (i)
L015838.2021.RH4A,Saída,Azoto amoniacal (mg/L NH4),"Metodologia aplicável em conformidade com o disposto na legislação em vigor e de acordo com a Diretiva 2009/90/CE, transposta para direito interno pelo Decreto-Lei n.º 83/2011, de 20 de junho.",Trimestral,Composta (i)
L016441.2019.RH7,Saída,pH (Escala de Sörensen),"Metodologia aplicável em conformidade com o disposto na legislação em vigor e de acordo com a Diretiva 2009/90/CE, transposta para direito interno pelo Decreto-Lei n.º 83/2011, de 20 de junho.",Trimestral,Composta (iii)
L016441.2019.RH7,Saída,Carência Química de Oxigénio (mg/L O2),"Metodologia aplicável em conformidade com o disposto na legislação em vigor e de acordo com a Diretiva 2009/90/CE, transposta para direito interno pelo Decreto-Lei n.º 83/2011, de 20 de junho.",Trimestral,Composta (iii)
L016441.2019.RH7,Saída,Carência Bioquímica de Oxigénio (mg/L O2),"Metodologia aplicável em conformidade com o disposto na legislação em vigor e de acordo com a Diretiva 2009/90/CE, transposta para direito interno pelo Decreto-Lei n.º 83/2011, de 20 de junho.",Trimestral,Composta (iii)
L016441.2019.RH7,Saída,Sólidos Suspensos Totais (mg/L),"Metodologia aplicável em conformidade com o disposto na legislação em vigor e de acordo com a Diretiva 2009/90/CE, transposta para direito interno pelo Decreto-Lei n.º 83/2011, de 20 de junho.",Trimestral,Composta (iii)
L016441.2019.RH7,Saída,Azoto total (mg/L N),"Metodologia aplicável em conformidade com o disposto na legislação em vigor e de acordo com a Diretiva 2009/90/CE, transposta para direito interno pelo Decreto-Lei n.º 83/2011, de 20 de junho.",Trimestral,Composta (iii)
L016441.2019.RH7,Saída,Fósforo total (mg/L P),"Metodologia aplicável em conformidade com o disposto na legislação em vigor e de acordo com a Diretiva 2009/90/CE, transposta para direito interno pelo Decreto-Lei n.º 83/2011, de 20 de junho.",Trimestral,Composta (iii)
L016441.2019.RH7,Saída,Óleos e Gorduras (mg/L),"Metodologia aplicável em conformidade com o disposto na legislação em vigor e de acordo com a Diretiva 2009/90/CE, transposta para direito interno pelo Decreto-Lei n.º 83/2011, de 20 de junho.",Semestral,Composta (iii)
L016441.2019.RH7,Saída,Caudal (m3/dia),-,Mensal,Composta (i)
L012313.2022.RH4A,Saída,pH (Escala de Sörensen),"Metodologia aplicável em conformidade com o disposto na legislação em vigor e de acordo com a Diretiva 2009/90/CE, transposta para direito interno pelo Decreto-Lei n.º 83/2011, de 20 de junho.",Trimestral,Composta (i)
L012313.2022.RH4A,Saída,Carência Química de Oxigénio (mg/L O2),"Metodologia aplicável em conformidade com o disposto na legislação em vigor e de acordo com a Diretiva 2009/90/CE, transposta para direito interno pelo Decreto-Lei n.º 83/2011, de 20 de junho.",Trimestral,Composta (i)
L012313.2022.RH4A,Saída,Carência Bioquímica de Oxigénio (mg/L O2),"Metodologia aplicável em conformidade com o disposto na legislação em vigor e de acordo com a Diretiva 2009/90/CE, transposta para direito interno pelo Decreto-Lei n.º 83/2011, de 20 de junho.",Trimestral,Composta (i)
L012313.2022.RH4A,Saída,Sólidos Suspensos Totais (mg/L),"Metodologia aplicável em conformidade com o disposto na legislação em vigor e de acordo com a Diretiva 2009/90/CE, transposta para direito interno pelo Decreto-Lei n.º 83/2011, de 20 de junho.",Trimestral,Composta (i)
L012313.2022.RH4A,Saída,Azoto total (mg/L N),"Metodologia aplicável em conformidade com o disposto na legislação em vigor e de acordo com a Diretiva 2009/90/CE, transposta para direito interno pelo Decreto-Lei n.º 83/2011, de 20 de junho.",Trimestral,Composta (i)
L012313.2022.RH4A,Saída,Fósforo total (mg/L P),"Metodologia aplicável em conformidade com o disposto na legislação em vigor e de acordo com a Diretiva 2009/90/CE, transposta para direito interno pelo Decreto-Lei n.º 83/2011, de 20 de junho.",Trimestral,Composta (i)
L012313.2022.RH4A,Saída,Azoto amoniacal (mg/L NH4),"Metodologia aplicável em conformidade com o disposto na legislação em vigor e de acordo com a Diretiva 2009/90/CE, transposta para direito interno pelo Decreto-Lei n.º 83/2011, de 20 de junho.",Trimestral,Composta (i)
L009952.2020.RH5A,Entrada,pH (Escala de Sörensen),"Metodologia aplicável em conformidade com o disposto na legislação em vigor e de acordo com a Diretiva 2009/90/CE, transposta para direito interno pelo Decreto-Lei n.º 83/2011, de 20 de junho.",Mensal,Composta (ii)
L009952.2020.RH5A,Entrada,Carência Química de Oxigénio (mg/L O2),"Metodologia aplicável em conformidade com o disposto na legislação em vigor e de acordo com a Diretiva 2009/90/CE, transposta para direito interno pelo Decreto-Lei n.º 83/2011, de 20 de junho.",Mensal,Composta (ii)
L009952.2020.RH5A,Entrada,Carência Bioquímica de Oxigénio (mg/L O2),"Metodologia aplicável em conformidade com o disposto na legislação em vigor e de acordo com a Diretiva 2009/90/CE, transposta para direito interno pelo Decreto-Lei n.º 83/2011, de 20 de junho.",Mensal,Composta (ii)
L009952.2020.RH5A,Entrada,Sólidos Suspensos Totais (mg/L),"Metodologia aplicável em conformidade com o disposto na legislação em vigor e de acordo com a Diretiva 2009/90/CE, transposta para direito interno pelo Decreto-Lei n.º 83/2011, de 20 de junho.",Mensal,Composta (ii)
L009952.2020.RH5A,Saída,pH (Escala de Sörensen),"Metodologia aplicável em conformidade com o disposto na legislação em vigor e de acordo com a Diretiva 2009/90/CE, transposta para direito interno pelo Decreto-Lei n.º 83/2011, de 20 de junho.",Mensal,Composta (ii)
L009952.2020.RH5A,Saída,Carência Química de Oxigénio (mg/L O2),"Metodologia aplicável em conformidade com o disposto na legislação em vigor e de acordo com a Diretiva 2009/90/CE, transposta para direito interno pelo Decreto-Lei n.º 83/2011, de 20 de junho.",Mensal,Composta (ii)
L009952.2020.RH5A,Saída,Carência Bioquímica de,Metodologia aplicável em conformidade com o,Mensal,Composta (ii)
L009952.2020.RH5A,Saída,Sólidos Suspensos Totais (mg/L),"Metodologia aplicável em conformidade com o disposto na legislação em vigor e de acordo com a Diretiva 2009/90/CE, transposta para direito interno pelo Decreto-Lei n.º 83/2011, de 20 de junho.",Mensal,Composta (ii)
L009952.2020.RH5A,Saída,Azoto total (mg/L N),"Metodologia aplicável em conformidade com o disposto na legislação em vigor e de acordo com a Diretiva 2009/90/CE, transposta para direito interno pelo Decreto-Lei n.º 83/2011, de 20 de junho.",Trimestral,Composta (ii)
L009952.2020.RH5A,Saída,Fósforo total (mg/L P),"Metodologia aplicável em conformidade com o disposto na legislação em vigor e de acordo com a Diretiva 2009/90/CE, transposta para direito interno pelo Decreto-Lei n.º 83/2011, de 20 de junho.",Trimestral,Composta (ii)
L009952.2020.RH5A,Saída,Caudal (m3/mês),-,Mensal,Pontual
L009952.2020.RH5A,Saída,Caudal (m3/dia),-,Mensal,Pontual
L006833.2022.RH5A,Saída,pH (Escala de Sörensen),"Metodologia aplicável em conformidade com o disposto na legislação em vigor e de acordo com a Diretiva 2009/90/CE, transposta para direito interno pelo Decreto-Lei n.º 83/2011, de 20 de junho.",Mensal,Composta (ii)
L006833.2022.RH5A,Saída,Carência Química de Oxigénio (mg/L O2),"Metodologia aplicável em conformidade com o disposto na legislação em vigor e de acordo com a Diretiva 2009/90/CE, transposta para direito interno pelo Decreto-Lei n.º 83/2011, de 20 de junho.",Mensal,Composta (ii)
L006833.2022.RH5A,Saída,Carência Bioquímica de Oxigénio (mg/L O2),"Metodologia aplicável em conformidade com o disposto na legislação em vigor e de acordo com a Diretiva 2009/90/CE, transposta para direito interno pelo Decreto-Lei n.º 83/2011, de 20 de junho.",Mensal,Composta (ii)
L006833.2022.RH5A,Saída,Sólidos Suspensos Totais (mg/L),"Metodologia aplicável em conformidade com o disposto na legislação em vigor e de acordo com a Diretiva 2009/90/CE, transposta para direito interno pelo Decreto-Lei n.º 83/2011, de 20 de junho.",Mensal,Composta (ii)
L006833.2022.RH5A,Saída,Azoto total (mg/L N),"Metodologia aplicável em conformidade com o disposto na legislação em vigor e de acordo com a Diretiva 2009/90/CE, transposta para direito interno pelo Decreto-Lei n.º 83/2011, de 20 de junho.",Trimestral,Composta (ii)
L006833.2022.RH5A,Saída,Fósforo total (mg/L P),"Metodologia aplicável em conformidade com o disposto na legislação em vigor e de acordo com a Diretiva 2009/90/CE, transposta para direito interno pelo Decreto-Lei n.º 83/2011, de 20 de junho.",Trimestral,Composta (ii)
L006833.2022.RH5A,Saída,Óleos e Gorduras (mg/L),"Metodologia aplicável em conformidade com o disposto na legislação em vigor e de acordo com a Diretiva 2009/90/CE, transposta para direito interno pelo Decreto-Lei n.º 83/2011, de 20 de junho.",Mensal,Composta (ii)
L006833.2022.RH5A,Saída,Caudal (m3/mês),-,Mensal,Composta (ii)
L006774.2022.RH5A,Saída,pH (Escala de Sörensen),"Metodologia aplicável em conformidade com o disposto na legislação em vigor e de acordo com a Diretiva 2009/90/CE, transposta para direito interno pelo Decreto-Lei n.º 83/2011, de 20 de junho.",Mensal,Composta (ii)
L006774.2022.RH5A,Saída,Carência Química de Oxigénio (mg/L O2),"Metodologia aplicável em conformidade com o disposto na legislação em vigor e de acordo com a Diretiva 2009/90/CE, transposta para direito interno pelo Decreto-Lei n.º 83/2011, de 20 de junho.",Mensal,Composta (ii)
L006774.2022.RH5A,Saída,Carência Bioquímica de Oxigénio (mg/L O2),"Metodologia aplicável em conformidade com o disposto na legislação em vigor e de acordo com a Diretiva 2009/90/CE, transposta para direito interno pelo Decreto-Lei n.º 83/2011, de 20 de junho.",Mensal,Composta (ii)
L006774.2022.RH5A,Saída,Sólidos Suspensos Totais (mg/L),"Metodologia aplicável em conformidade com o disposto na legislação em vigor e de acordo com a Diretiva 2009/90/CE, transposta para direito interno pelo Decreto-Lei n.º 83/2011, de 20 de junho.",Mensal,Composta (ii)
L006774.2022.RH5A,Saída,Azoto total (mg/L N),"Metodologia aplicável em conformidade com o disposto na legislação em vigor e de acordo com a Diretiva 2009/90/CE, transposta para direito interno pelo Decreto-Lei n.º 83/2011, de 20 de junho.",Trimestral,Composta (ii)
L006774.2022.RH5A,Saída,Fósforo total (mg/L P),"Metodologia aplicável em conformidade com o disposto na legislação em vigor e de acordo com a Diretiva 2009/90/CE, transposta para direito interno pelo Decreto-Lei n.º 83/2011, de 20 de junho.",Trimestral,Composta (ii)
L006774.2022.RH5A,Saída,Caudal (m3/mês),-,Mensal,Pontual
L016581.2019.RH7,Saída,pH (Escala de Sörensen),"Metodologia aplicável em conformidade com o disposto na legislação em vigor e de acordo com a Diretiva 2009/90/CE, transposta para direito interno pelo Decreto-Lei n.º 83/2011, de 20 de junho.",Trimestral,Composta (iii)
L016581.2019.RH7,Saída,Carência Química de Oxigénio (mg/L O2),"Metodologia aplicável em conformidade com o disposto na legislação em vigor e de acordo com a Diretiva 2009/90/CE, transposta para direito interno pelo Decreto-Lei n.º 83/2011, de 20 de junho.",Trimestral,Composta (iii)
L016581.2019.RH7,Saída,Carência Bioquímica de Oxigénio (mg/L O2),"Metodologia aplicável em conformidade com o disposto na legislação em vigor e de acordo com a Diretiva 2009/90/CE, transposta para direito interno pelo Decreto-Lei n.º 83/2011, de 20 de junho.",Trimestral,Composta (iii)
L016581.2019.RH7,Saída,Sólidos Suspensos Totais (mg/L),"Metodologia aplicável em conformidade com o disposto na legislação em vigor e de acordo com a Diretiva 2009/90/CE, transposta para direito interno pelo Decreto-Lei n.º 83/2011, de 20 de junho.",Trimestral,Composta (iii)
L016581.2019.RH7,Saída,Azoto total (mg/L N),"Metodologia aplicável em conformidade com o disposto na legislação em vigor e de acordo com a Diretiva 2009/90/CE, transposta para direito interno pelo Decreto-Lei n.º 83/2011, de 20 de junho.",Trimestral,Composta (iii)
L016581.2019.RH7,Saída,Fósforo total (mg/L P),"Metodologia aplicável em conformidade com o disposto na legislação em vigor e de acordo com a Diretiva 2009/90/CE, transposta para direito interno pelo Decreto-Lei n.º 83/2011, de 20 de junho.",Trimestral,Composta (iii)
L016581.2019.RH7,Saída,Óleos e Gorduras (mg/L),"Metodologia aplicável em conformidade com o disposto na legislação em vigor e de acordo com a Diretiva 2009/90/CE, transposta para direito interno pelo Decreto-Lei n.º 83/2011, de 20 de junho.",Semestral,Composta (iii)
L016581.2019.RH7,Saída,Caudal (m3/dia),-,Mensal,Composta (i)
L022935.2020.RH7,Saída,pH (Escala de Sörensen),"Metodologia aplicável em conformidade com o disposto na legislação em vigor e de acordo com a Diretiva 2009/90/CE, transposta para direito interno pelo Decreto-Lei n.º 83/2011, de 20 de junho.",Trimestral,Pontual
L022935.2020.RH7,Saída,Carência Química de Oxigénio (mg/L O2),"Metodologia aplicável em conformidade com o disposto na legislação em vigor e de acordo com a Diretiva 2009/90/CE, transposta para direito interno pelo Decreto-Lei n.º 83/2011, de 20 de junho.",Trimestral,Pontual
L022935.2020.RH7,Saída,Carência Bioquímica de Oxigénio (mg/L O2),"Metodologia aplicável em conformidade com o disposto na legislação em vigor e de acordo com a Diretiva 2009/90/CE, transposta para direito interno pelo Decreto-Lei n.º 83/2011, de 20 de junho.",Trimestral,Pontual
L022935.2020.RH7,Saída,Sólidos Suspensos Totais (mg/L),"Metodologia aplicável em conformidade com o disposto na legislação em vigor e de acordo com a Diretiva 2009/90/CE, transposta para direito interno pelo Decreto-Lei n.º 83/2011, de 20 de junho.",Trimestral,Pontual
L022935.2020.RH7,Saída,Azoto total (mg/L N),"Metodologia aplicável em conformidade com o disposto na legislação em vigor e de acordo com a Diretiva 2009/90/CE, transposta para direito interno pelo Decreto-Lei n.º 83/2011, de 20 de junho.",Trimestral,Pontual
L022935.2020.RH7,Saída,Fósforo total (mg/L P),"Metodologia aplicável em conformidade com o disposto na legislação em vigor e de acordo com a Diretiva 2009/90/CE, transposta para direito interno pelo Decreto-Lei n.º 83/2011, de 20 de junho.",Trimestral,Pontual
L022935.2020.RH7,Saída,Óleos e Gorduras (mg/L),"Metodologia aplicável em conformidade com o disposto na legislação em vigor e de acordo com a Diretiva 2009/90/CE, transposta para direito interno pelo Decreto-Lei n.º 83/2011, de 20 de junho.",Semestral,Pontual
L022935.2020.RH7,Saída,Caudal (m3/dia),-,Mensal,Composta (i)
L014425.2021.RH5A,Entrada,pH (Escala de Sörensen),"Metodologia aplicável em conformidade com o disposto na legislação em vigor e de acordo com a Diretiva 2009/90/CE, transposta para direito interno pelo Decreto-Lei n.º 83/2011, de 20 de junho.",Quinzenal,Composta (ii)
L014425.2021.RH5A,Entrada,Carência Química de Oxigénio (mg/L O2),"Metodologia aplicável em conformidade com o disposto na legislação em vigor e de acordo com a Diretiva 2009/90/CE, transposta para direito interno pelo Decreto-Lei n.º 83/2011, de 20 de junho.",Quinzenal,Composta (ii)
L014425.2021.RH5A,Entrada,Carência Bioquímica de Oxigénio (mg/L O2),"Metodologia aplicável em conformidade com o disposto na legislação em vigor e de acordo com a Diretiva 2009/90/CE, transposta para direito interno pelo Decreto-Lei n.º 83/2011, de 20 de junho.",Quinzenal,Composta (ii)
L014425.2021.RH5A,Entrada,Sólidos Suspensos Totais (mg/L),"Metodologia aplicável em conformidade com o disposto na legislação em vigor e de acordo com a Diretiva 2009/90/CE, transposta para direito interno pelo Decreto-Lei n.º 83/2011, de 20 de junho.",Quinzenal,Composta (ii)
L014425.2021.RH5A,Entrada,Caudal (m3/mês),-,Mensal,Pontual
L014425.2021.RH5A,Entrada,Caudal (m3/dia),-,Quinzenal,Pontual
L014425.2021.RH5A,Saída,pH (Escala de Sörensen),Metodologia aplicável em conformidade com o,Quinzenal,Composta (ii)
L014425.2021.RH5A,Saída,Carência Química de Oxigénio (mg/L O2),"Metodologia aplicável em conformidade com o disposto na legislação em vigor e de acordo com a Diretiva 2009/90/CE, transposta para direito interno pelo Decreto-Lei n.º 83/2011, de 20 de junho.",Quinzenal,Composta (ii)
L014425.2021.RH5A,Saída,Carência Bioquímica de Oxigénio (mg/L O2),"Metodologia aplicável em conformidade com o disposto na legislação em vigor e de acordo com a Diretiva 2009/90/CE, transposta para direito interno pelo Decreto-Lei n.º 83/2011, de 20 de junho.",Quinzenal,Composta (ii)
L014425.2021.RH5A,Saída,Sólidos Suspensos Totais (mg/L),"Metodologia aplicável em conformidade com o disposto na legislação em vigor e de acordo com a Diretiva 2009/90/CE, transposta para direito interno pelo Decreto-Lei n.º 83/2011, de 20 de junho.",Quinzenal,Composta (ii)
L014425.2021.RH5A,Saída,Azoto total (mg/L N),"Metodologia aplicável em conformidade com o disposto na legislação em vigor e de acordo com a Diretiva 2009/90/CE, transposta para direito interno pelo Decreto-Lei n.º 83/2011, de 20 de junho.",Trimestral,Composta (ii)
L014425.2021.RH5A,Saída,Fósforo total (mg/L P),"Metodologia aplicável em conformidade com o disposto na legislação em vigor e de acordo com a Diretiva 2009/90/CE, transposta para direito interno pelo Decreto-Lei n.º 83/2011, de 20 de junho.",Trimestral,Composta (ii)
L014425.2021.RH5A,Saída,Caudal (m3/mês),-,Mensal,Pontual
L014425.2021.RH5A,Saída,Azoto amoniacal (mg/L NH4),"Metodologia aplicável em conformidade com o disposto na legislação em vigor e de acordo com a Diretiva 2009/90/CE, transposta para direito interno pelo Decreto-Lei n.º 83/2011, de 20 de junho.",Trimestral,Composta (ii)
L014425.2021.RH5A,Saída,Caudal (m3/dia),-,Quinzenal,Pontual
L006787.2022.RH5A,Entrada,pH (Escala de Sörensen),"Metodologia aplicável em conformidade com o disposto na legislação em vigor e de acordo com a Diretiva 2009/90/CE, transposta para direito interno pelo Decreto-Lei n.º 83/2011, de 20 de junho.",Mensal,Pontual
L006787.2022.RH5A,Entrada,Carência Química de Oxigénio (mg/L O2),"Metodologia aplicável em conformidade com o disposto na legislação em vigor e de acordo com a Diretiva 2009/90/CE, transposta para direito interno pelo Decreto-Lei n.º 83/2011, de 20 de junho.",Mensal,Pontual
L006787.2022.RH5A,Entrada,Carência Bioquímica de Oxigénio (mg/L O2),"Metodologia aplicável em conformidade com o disposto na legislação em vigor e de acordo com a Diretiva 2009/90/CE, transposta para direito interno pelo Decreto-Lei n.º 83/2011, de 20 de junho.",Mensal,Pontual
L006787.2022.RH5A,Entrada,Sólidos Suspensos Totais (mg/L),"Metodologia aplicável em conformidade com o disposto na legislação em vigor e de acordo com a Diretiva 2009/90/CE, transposta para direito interno pelo Decreto-Lei n.º 83/2011, de 20 de junho.",Mensal,Pontual
L006787.2022.RH5A,Saída,pH (Escala de Sörensen),"Metodologia aplicável em conformidade com o disposto na legislação em vigor e de acordo com a Diretiva 2009/90/CE, transposta para direito interno pelo Decreto-Lei n.º 83/2011, de 20 de junho.",Mensal,Pontual
L006787.2022.RH5A,Saída,Carência Química de Oxigénio (mg/L O2),"Metodologia aplicável em conformidade com o disposto na legislação em vigor e de acordo com a Diretiva 2009/90/CE, transposta para direito interno pelo Decreto-Lei n.º 83/2011, de 20 de junho.",Mensal,Pontual
L006787.2022.RH5A,Saída,Carência Bioquímica de Oxigénio (mg/L O2),"Metodologia aplicável em conformidade com o disposto na legislação em vigor e de acordo com a Diretiva 2009/90/CE, transposta para direito interno pelo Decreto-Lei n.º 83/2011, de 20 de junho.",Mensal,Pontual
L006787.2022.RH5A,Saída,Sólidos Suspensos Totais (mg/L),"Metodologia aplicável em conformidade com o disposto na legislação em vigor e de acordo com a Diretiva 2009/90/CE, transposta para direito interno pelo Decreto-Lei n.º 83/2011, de 20 de junho.",Mensal,Pontual
L006787.2022.RH5A,Saída,Azoto total (mg/L N),"Metodologia aplicável em conformidade com o disposto na legislação em vigor e de acordo com a Diretiva 2009/90/CE, transposta para direito interno pelo Decreto-Lei n.º 83/2011, de 20 de junho.",Trimestral,Pontual
L006787.2022.RH5A,Saída,Fósforo total (mg/L P),Metodologia aplicável em conformidade com o,Trimestral,Pontual
L006787.2022.RH5A,Saída,Caudal (m3/mês),-,Mensal,Pontual
L014558.2016.RH7,Saída,pH (Escala de Sörensen),"Metodologia aplicável em conformidade com o disposto na legislação em vigor e de acordo com a Diretiva 2009/90/CE, transposta para direito interno",Mensal,Composta (i)
L014558.2016.RH7,Saída,Carência Química de Oxigénio (mg/L O2),"Metodologia aplicável em conformidade com o disposto na legislação em vigor e de acordo com a Diretiva 2009/90/CE, transposta para direito interno pelo Decreto-Lei n.º 83/2011, de 20 de junho.",Mensal,Composta (i)
L014558.2016.RH7,Saída,Carência Bioquímica de Oxigénio (mg/L O2),"Metodologia aplicável em conformidade com o disposto na legislação em vigor e de acordo com a Diretiva 2009/90/CE, transposta para direito interno pelo Decreto-Lei n.º 83/2011, de 20 de junho.",Mensal,Composta (i)
L014558.2016.RH7,Saída,Sólidos Suspensos Totais (mg/L),"Metodologia aplicável em conformidade com o disposto na legislação em vigor e de acordo com a Diretiva 2009/90/CE, transposta para direito interno pelo Decreto-Lei n.º 83/2011, de 20 de junho.",Mensal,Composta (i)
L014558.2016.RH7,Saída,Azoto total (mg/L N),"Metodologia aplicável em conformidade com o disposto na legislação em vigor e de acordo com a Diretiva 2009/90/CE, transposta para direito interno pelo Decreto-Lei n.º 83/2011, de 20 de junho.",Mensal,Composta (i)
L014558.2016.RH7,Saída,Fósforo total (mg/L P),"Metodologia aplicável em conformidade com o disposto na legislação em vigor e de acordo com a Diretiva 2009/90/CE, transposta para direito interno pelo Decreto-Lei n.º 83/2011, de 20 de junho.",Mensal,Composta (i)
L014558.2016.RH7,Saída,Caudal (m3/mês),-,Mensal,Composta (i)
L014558.2016.RH7,Saída,Crómio total (mg/L Cr),"Metodologia aplicável em conformidade com o disposto na legislação em vigor e de acordo com a Diretiva 2009/90/CE, transposta para direito interno pelo Decreto-Lei n.º 83/2011, de 20 de junho.",Mensal,Composta (i)
L014558.2016.RH7,Saída,Sulfuretos (mg/L S),"Metodologia aplicável em conformidade com o disposto na legislação em vigor e de acordo com a Diretiva 2009/90/CE, transposta para direito interno pelo Decreto-Lei n.º 83/2011, de 20 de junho.",Mensal,Composta (i)
L014558.2016.RH7,Saída,Óleos e Gorduras (mg/L),"Metodologia aplicável em conformidade com o disposto na legislação em vigor e de acordo com a Diretiva 2009/90/CE, transposta para direito interno pelo Decreto-Lei n.º 83/2011, de 20 de junho.",Trimestral,Composta (i)
L014558.2016.RH7,Saída,Sulfatos (mg/L SO4),"Metodologia aplicável em conformidade com o disposto na legislação em vigor e de acordo com a Diretiva 2009/90/CE, transposta para direito interno pelo Decreto-Lei n.º 83/2011, de 20 de junho.",Semestral,Composta (i)
L014558.2016.RH7,Saída,Cor (-),"Metodologia aplicável em conformidade com o disposto na legislação em vigor e de acordo com a Diretiva 2009/90/CE, transposta para direito interno pelo Decreto-Lei n.º 83/2011, de 20 de junho.",Semestral,Composta (i)
L014558.2016.RH7,Saída,Fenóis (mg/L C6H5OH),"Metodologia aplicável em conformidade com o disposto na legislação em vigor e de acordo com a Diretiva 2009/90/CE, transposta para direito interno pelo Decreto-Lei n.º 83/2011, de 20 de junho.",Semestral,Composta (i)
L014558.2016.RH7,Saída,Detergentes (sulfato de lauril e sódio) (mg/L),"Metodologia aplicável em conformidade com o disposto na legislação em vigor e de acordo com a Diretiva 2009/90/CE, transposta para direito interno pelo Decreto-Lei n.º 83/2011, de 20 de junho.",Semestral,Composta (i)
L014558.2016.RH7,Saída,Cloretos (mg/L Cl),"Metodologia aplicável em conformidade com o disposto na legislação em vigor e de acordo com a Diretiva 2009/90/CE, transposta para direito interno pelo Decreto-Lei n.º 83/2011, de 20 de junho.",Semestral,Composta (i)
L015998.2021.RH5A,Entrada,pH (Escala de Sörensen),"Metodologia aplicável em conformidade com o disposto na legislação em vigor e de acordo com a Diretiva 2009/90/CE, transposta para direito interno pelo Decreto-Lei n.º 83/2011, de 20 de junho.",Mensal,Composta (ii)
L015998.2021.RH5A,Entrada,Carência Química de Oxigénio (mg/L O2),"Metodologia aplicável em conformidade com o disposto na legislação em vigor e de acordo com a Diretiva 2009/90/CE, transposta para direito interno pelo Decreto-Lei n.º 83/2011, de 20 de junho.",Mensal,Composta (ii)
L015998.2021.RH5A,Entrada,Carência Bioquímica de Oxigénio (mg/L O2),"Metodologia aplicável em conformidade com o disposto na legislação em vigor e de acordo com a Diretiva 2009/90/CE, transposta para direito interno pelo Decreto-Lei n.º 83/2011, de 20 de junho.",Mensal,Composta (ii)
L015998.2021.RH5A,Entrada,Sólidos Suspensos Totais (mg/L),"Metodologia aplicável em conformidade com o disposto na legislação em vigor e de acordo com a Diretiva 2009/90/CE, transposta para direito interno pelo Decreto-Lei n.º 83/2011, de 20 de junho.",Mensal,Composta (ii)
L015998.2021.RH5A,Entrada,Caudal (m3/mês),-,Mensal,Composta (ii)
L015998.2021.RH5A,Saída,pH (Escala de Sörensen),"Metodologia aplicável em conformidade com o disposto na legislação em vigor e de acordo com a Diretiva 2009/90/CE, transposta para direito interno pelo Decreto-Lei n.º 83/2011, de 20 de junho.",Mensal,Composta (ii)
L015998.2021.RH5A,Saída,Carência Química de Oxigénio (mg/L O2),"Metodologia aplicável em conformidade com o disposto na legislação em vigor e de acordo com a Diretiva 2009/90/CE, transposta para direito interno pelo Decreto-Lei n.º 83/2011, de 20 de junho.",Mensal,Composta (ii)
L015998.2021.RH5A,Saída,Carência Bioquímica de Oxigénio (mg/L O2),"Metodologia aplicável em conformidade com o disposto na legislação em vigor e de acordo com a Diretiva 2009/90/CE, transposta para direito interno pelo Decreto-Lei n.º 83/2011, de 20 de junho.",Mensal,Composta (ii)
L015998.2021.RH5A,Saída,Sólidos Suspensos Totais (mg/L),"Metodologia aplicável em conformidade com o disposto na legislação em vigor e de acordo com a Diretiva 2009/90/CE, transposta para direito interno pelo Decreto-Lei n.º 83/2011, de 20 de junho.",Mensal,Composta (ii)
L015998.2021.RH5A,Saída,Azoto total (mg/L N),"Metodologia aplicável em conformidade com o disposto na legislação em vigor e de acordo com a Diretiva 2009/90/CE, transposta para direito interno pelo Decreto-Lei n.º 83/2011, de 20 de junho.",Trimestral,Composta (ii)
L015998.2021.RH5A,Saída,Fósforo total (mg/L P),"Metodologia aplicável em conformidade com o disposto na legislação em vigor e de acordo com a Diretiva 2009/90/CE, transposta para direito interno pelo Decreto-Lei n.º 83/2011, de 20 de junho.",Trimestral,Composta (ii)
L012672.2013.RH6,Saída,Caudal (m3/mês),-,Mensal,Composta (i)
L012672.2013.RH6,Saída,pH (Escala de Sörensen),"Metodologia aplicável em conformidade com o disposto na legislação em vigor e de acordo com a Directiva 2009/90/CE, transposta para direito interno pelo Decreto-Lei n.º 83/2011, de 20 de junho.",Bimestral,Composta (i)
L012672.2013.RH6,Saída,Carência Bioquímica de Oxigénio (mg/l O2),"Metodologia aplicável em conformidade com o disposto na legislação em vigor e de acordo com a Directiva 2009/90/CE, transposta para direito interno pelo Decreto-Lei n.º 83/2011, de 20 de junho.",Bimestral,Composta (i)
L012672.2013.RH6,Saída,Carência Química de Oxigénio (mg/l O2),"Metodologia aplicável em conformidade com o disposto na legislação em vigor e de acordo com a Directiva 2009/90/CE, transposta para direito interno pelo Decreto-Lei n.º 83/2011, de 20 de junho.",Bimestral,Composta (i)
L012672.2013.RH6,Saída,Sólidos Suspensos Totais (mg/l),"Metodologia aplicável em conformidade com o disposto na legislação em vigor e de acordo com a Directiva 2009/90/CE, transposta para direito interno pelo Decreto-Lei n.º 83/2011, de 20 de junho.",Bimestral,Composta (i)
L012672.2013.RH6,Saída,Óleos e Gorduras (mg/l),"Metodologia aplicável em conformidade com o disposto na legislação em vigor e de acordo com a Directiva 2009/90/CE, transposta para direito interno pelo Decreto-Lei n.º 83/2011, de 20 de junho.",Bimestral,Composta (i)
L012672.2013.RH6,Saída,Azoto total (mg/l N),"Metodologia aplicável em conformidade com o disposto na legislação em vigor e de acordo com a Directiva 2009/90/CE, transposta para direito interno pelo Decreto-Lei n.º 83/2011, de 20 de junho.",Bimestral,Composta (i)
L012672.2013.RH6,Saída,Fósforo total (mg/l P),"Metodologia aplicável em conformidade com o disposto na legislação em vigor e de acordo com a Directiva 2009/90/CE, transposta para direito interno pelo Decreto-Lei n.º 83/2011, de 20 de junho.",Bimestral,Composta (i)
L012672.2013.RH6,Saída,Coliformes fecais (/100 ml),"Anexo III do Decreto-Lei n.º 236/98, de 1 de agosto.",Bimestral,Pontual
L006065.2022.RH5A,Entrada,pH (Escala de Sörensen),"Metodologia aplicável em conformidade com o disposto na legislação em vigor e de acordo com a Diretiva 2009/90/CE, transposta para direito interno pelo Decreto-Lei n.º 83/2011, de 20 de junho.",Mensal,Composta (i)
L006065.2022.RH5A,Entrada,Carência Química de Oxigénio (mg/L O2),"Metodologia aplicável em conformidade com o disposto na legislação em vigor e de acordo com a Diretiva 2009/90/CE, transposta para direito interno pelo Decreto-Lei n.º 83/2011, de 20 de junho.",Mensal,Composta (i)
L006065.2022.RH5A,Entrada,Carência Bioquímica de Oxigénio (mg/L O2),"Metodologia aplicável em conformidade com o disposto na legislação em vigor e de acordo com a Diretiva 2009/90/CE, transposta para direito interno pelo Decreto-Lei n.º 83/2011, de 20 de junho.",Mensal,Composta (i)
L006065.2022.RH5A,Entrada,Sólidos Suspensos Totais (mg/L),"Metodologia aplicável em conformidade com o disposto na legislação em vigor e de acordo com a Diretiva 2009/90/CE, transposta para direito interno pelo Decreto-Lei n.º 83/2011, de 20 de junho.",Mensal,Composta (i)
L006065.2022.RH5A,Saída,pH (Escala de Sörensen),"Metodologia aplicável em conformidade com o disposto na legislação em vigor e de acordo com a Diretiva 2009/90/CE, transposta para direito interno pelo Decreto-Lei n.º 83/2011, de 20 de junho.",Mensal,Composta (i)
L006065.2022.RH5A,Saída,Carência Química de Oxigénio (mg/L O2),"Metodologia aplicável em conformidade com o disposto na legislação em vigor e de acordo com a Diretiva 2009/90/CE, transposta para direito interno",Mensal,Composta (i)
L006065.2022.RH5A,Saída,Carência Bioquímica de Oxigénio (mg/L O2),"Metodologia aplicável em conformidade com o disposto na legislação em vigor e de acordo com a Diretiva 2009/90/CE, transposta para direito interno pelo Decreto-Lei n.º 83/2011, de 20 de junho.",Mensal,Composta (i)
L006065.2022.RH5A,Saída,Sólidos Suspensos Totais (mg/L),"Metodologia aplicável em conformidade com o disposto na legislação em vigor e de acordo com a Diretiva 2009/90/CE, transposta para direito interno pelo Decreto-Lei n.º 83/2011, de 20 de junho.",Mensal,Composta (i)
L006065.2022.RH5A,Saída,Azoto total (mg/L N),"Metodologia aplicável em conformidade com o disposto na legislação em vigor e de acordo com a Diretiva 2009/90/CE, transposta para direito interno pelo Decreto-Lei n.º 83/2011, de 20 de junho.",Trimestral,Composta (i)
L006065.2022.RH5A,Saída,Fósforo total (mg/L P),"Metodologia aplicável em conformidade com o disposto na legislação em vigor e de acordo com a Diretiva 2009/90/CE, transposta para direito interno pelo Decreto-Lei n.º 83/2011, de 20 de junho.",Trimestral,Composta (i)
L006065.2022.RH5A,Saída,Óleos e Gorduras (mg/L),"Metodologia aplicável em conformidade com o disposto na legislação em vigor e de acordo com a Diretiva 2009/90/CE, transposta para direito interno pelo Decreto-Lei n.º 83/2011, de 20 de junho.",Trimestral,Pontual
L007292.2016.RH7,Saída,pH (Escala de Sörensen),"Metodologia aplicável em conformidade com o disposto na legislação em vigor e de acordo com a Diretiva 2009/90/CE, transposta para direito interno pelo Decreto-Lei n.º 83/2011, de 20 de junho.",Trimestral,Pontual
L007292.2016.RH7,Saída,Carência Química de Oxigénio (mg/L O2),"Metodologia aplicável em conformidade com o disposto na legislação em vigor e de acordo com a Diretiva 2009/90/CE, transposta para direito interno pelo Decreto-Lei n.º 83/2011, de 20 de junho.",Trimestral,Pontual
L007292.2016.RH7,Saída,Carência Bioquímica de Oxigénio (mg/L O2),"Metodologia aplicável em conformidade com o disposto na legislação em vigor e de acordo com a Diretiva 2009/90/CE, transposta para direito interno pelo Decreto-Lei n.º 83/2011, de 20 de junho.",Trimestral,Pontual
L007292.2016.RH7,Saída,Sólidos Suspensos Totais (mg/L),"Metodologia aplicável em conformidade com o disposto na legislação em vigor e de acordo com a Diretiva 2009/90/CE, transposta para direito interno pelo Decreto-Lei n.º 83/2011, de 20 de junho.",Trimestral,Pontual
L007292.2016.RH7,Saída,Óleos e Gorduras (mg/L),"Metodologia aplicável em conformidade com o disposto na legislação em vigor e de acordo com a Diretiva 2009/90/CE, transposta para direito interno pelo Decreto-Lei n.º 83/2011, de 20 de junho.",Semestral,Pontual
L004484.2022.RH5A,Entrada,pH (Escala de Sörensen),"Metodologia aplicável em conformidade com o disposto na legislação em vigor e de acordo com a Diretiva 2009/90/CE, transposta para direito interno pelo Decreto-Lei n.º 83/2011, de 20 de junho.",Quinzenal,Composta (i)
L004484.2022.RH5A,Entrada,Carência Química de Oxigénio (mg/L O2),"Metodologia aplicável em conformidade com o disposto na legislação em vigor e de acordo com a Diretiva 2009/90/CE, transposta para direito interno pelo Decreto-Lei n.º 83/2011, de 20 de junho.",Quinzenal,Composta (i)
L004484.2022.RH5A,Entrada,Carência Bioquímica de Oxigénio (mg/L O2),"Metodologia aplicável em conformidade com o disposto na legislação em vigor e de acordo com a Diretiva 2009/90/CE, transposta para direito interno pelo Decreto-Lei n.º 83/2011, de 20 de junho.",Quinzenal,Composta (i)
L004484.2022.RH5A,Entrada,Sólidos Suspensos Totais (mg/L),"Metodologia aplicável em conformidade com o disposto na legislação em vigor e de acordo com a Diretiva 2009/90/CE, transposta para direito interno pelo Decreto-Lei n.º 83/2011, de 20 de junho.",Quinzenal,Composta (i)
L004484.2022.RH5A,Saída,pH (Escala de Sörensen),"Metodologia aplicável em conformidade com o disposto na legislação em vigor e de acordo com a Diretiva 2009/90/CE, transposta para direito interno pelo Decreto-Lei n.º 83/2011, de 20 de junho.",Quinzenal,Composta (i)
L004484.2022.RH5A,Saída,Carência Química de Oxigénio (mg/L O2),"Metodologia aplicável em conformidade com o disposto na legislação em vigor e de acordo com a Diretiva 2009/90/CE, transposta para direito interno",Quinzenal,Composta (i)
L004484.2022.RH5A,Saída,Carência Bioquímica de Oxigénio (mg/L O2),"Metodologia aplicável em conformidade com o disposto na legislação em vigor e de acordo com a Diretiva 2009/90/CE, transposta para direito interno pelo Decreto-Lei n.º 83/2011, de 20 de junho.",Quinzenal,Composta (i)
L004484.2022.RH5A,Saída,Sólidos Suspensos Totais (mg/L),"Metodologia aplicável em conformidade com o disposto na legislação em vigor e de acordo com a Diretiva 2009/90/CE, transposta para direito interno pelo Decreto-Lei n.º 83/2011, de 20 de junho.",Quinzenal,Composta (i)
L004484.2022.RH5A,Saída,Óleos e Gorduras (mg/L),"Metodologia aplicável em conformidade com o disposto na legislação em vigor e de acordo com a Diretiva 2009/90/CE, transposta para direito interno pelo Decreto-Lei n.º 83/2011, de 20 de junho.",Trimestral,Pontual
L021894.2021.RH5A,Entrada,pH (Escala de Sörensen),"Metodologia aplicável em conformidade com o disposto na legislação em vigor e de acordo com a Diretiva 2009/90/CE, transposta para direito interno pelo Decreto-Lei n.º 83/2011, de 20 de junho.",Mensal,Composta (ii)
L021894.2021.RH5A,Entrada,Carência Química de Oxigénio (mg/L O2),"Metodologia aplicável em conformidade com o disposto na legislação em vigor e de acordo com a Diretiva 2009/90/CE, transposta para direito interno pelo Decreto-Lei n.º 83/2011, de 20 de junho.",Mensal,Composta (ii)
L021894.2021.RH5A,Entrada,Carência Bioquímica de Oxigénio (mg/L O2),"Metodologia aplicável em conformidade com o disposto na legislação em vigor e de acordo com a Diretiva 2009/90/CE, transposta para direito interno pelo Decreto-Lei n.º 83/2011, de 20 de junho.",Mensal,Composta (ii)
L021894.2021.RH5A,Entrada,Sólidos Suspensos Totais (mg/L),"Metodologia aplicável em conformidade com o disposto na legislação em vigor e de acordo com a Diretiva 2009/90/CE, transposta para direito interno pelo Decreto-Lei n.º 83/2011, de 20 de junho.",Mensal,Composta (ii)
L021894.2021.RH5A,Entrada,Óleos e Gorduras (mg/L),"Metodologia aplicável em conformidade com o disposto na legislação em vigor e de acordo com a Diretiva 2009/90/CE, transposta para direito interno pelo Decreto-Lei n.º 83/2011, de 20 de junho.",Mensal,Pontual
L021894.2021.RH5A,Saída,pH (Escala de Sörensen),"Metodologia aplicável em conformidade com o disposto na legislação em vigor e de acordo com a Diretiva 2009/90/CE, transposta para direito interno pelo Decreto-Lei n.º 83/2011, de 20 de junho.",Mensal,Composta (ii)
L021894.2021.RH5A,Saída,Carência Química de Oxigénio (mg/L O2),"Metodologia aplicável em conformidade com o disposto na legislação em vigor e de acordo com a Diretiva 2009/90/CE, transposta para direito interno pelo Decreto-Lei n.º 83/2011, de 20 de junho.",Mensal,Composta (ii)
L021894.2021.RH5A,Saída,Carência Bioquímica de Oxigénio (mg/L O2),"Metodologia aplicável em conformidade com o disposto na legislação em vigor e de acordo com a Diretiva 2009/90/CE, transposta para direito interno pelo Decreto-Lei n.º 83/2011, de 20 de junho.",Mensal,Composta (ii)
L021894.2021.RH5A,Saída,Sólidos Suspensos Totais (mg/L),Metodologia aplicável em conformidade com o disposto na legislação em vigor e de acordo com a,Mensal,Composta (ii)
L021894.2021.RH5A,Saída,Azoto total (mg/L N),"Metodologia aplicável em conformidade com o disposto na legislação em vigor e de acordo com a Diretiva 2009/90/CE, transposta para direito interno pelo Decreto-Lei n.º 83/2011, de 20 de junho.",Trimestral,Composta (ii)
L021894.2021.RH5A,Saída,Fósforo total (mg/L P),"Metodologia aplicável em conformidade com o disposto na legislação em vigor e de acordo com a Diretiva 2009/90/CE, transposta para direito interno pelo Decreto-Lei n.º 83/2011, de 20 de junho.",Trimestral,Composta (ii)
L021894.2021.RH5A,Saída,Óleos e Gorduras (mg/L),"Metodologia aplicável em conformidade com o disposto na legislação em vigor e de acordo com a Diretiva 2009/90/CE, transposta para direito interno pelo Decreto-Lei n.º 83/2011, de 20 de junho.",Mensal,Pontual
L021894.2021.RH5A,Saída,Caudal (m3/mês),-,Mensal,Pontual
L012164.2022.RH4A,Saída,pH (Escala de Sörensen),"Metodologia aplicável em conformidade com o disposto na legislação em vigor e de acordo com a Diretiva 2009/90/CE, transposta para direito interno pelo Decreto-Lei n.º 83/2011, de 20 de junho.",Trimestral,Composta (i)
L012164.2022.RH4A,Saída,Carência Química de Oxigénio (mg/L O2),"Metodologia aplicável em conformidade com o disposto na legislação em vigor e de acordo com a Diretiva 2009/90/CE, transposta para direito interno pelo Decreto-Lei n.º 83/2011, de 20 de junho.",Trimestral,Composta (i)
L012164.2022.RH4A,Saída,Carência Bioquímica de Oxigénio (mg/L O2),"Metodologia aplicável em conformidade com o disposto na legislação em vigor e de acordo com a Diretiva 2009/90/CE, transposta para direito interno pelo Decreto-Lei n.º 83/2011, de 20 de junho.",Trimestral,Composta (i)
L012164.2022.RH4A,Saída,Sólidos Suspensos Totais (mg/L),"Metodologia aplicável em conformidade com o disposto na legislação em vigor e de acordo com a Diretiva 2009/90/CE, transposta para direito interno pelo Decreto-Lei n.º 83/2011, de 20 de junho.",Trimestral,Composta (i)
L012164.2022.RH4A,Saída,Azoto total (mg/L N),"Metodologia aplicável em conformidade com o disposto na legislação em vigor e de acordo com a Diretiva 2009/90/CE, transposta para direito interno pelo Decreto-Lei n.º 83/2011, de 20 de junho.",Trimestral,Composta (i)
L012164.2022.RH4A,Saída,Fósforo total (mg/L P),"Metodologia aplicável em conformidade com o disposto na legislação em vigor e de acordo com a Diretiva 2009/90/CE, transposta para direito interno pelo Decreto-Lei n.º 83/2011, de 20 de junho.",Trimestral,Composta (i)
L012164.2022.RH4A,Saída,Azoto amoniacal (mg/L NH4),"Metodologia aplicável em conformidade com o disposto na legislação em vigor e de acordo com a Diretiva 2009/90/CE, transposta para direito interno pelo Decreto-Lei n.º 83/2011, de 20 de junho.",Trimestral,Composta (i)
L007452.2022.RH5A,Entrada,pH (Escala de Sörensen),"Metodologia aplicável em conformidade com o disposto na legislação em vigor e de acordo com a Diretiva 2009/90/CE, transposta para direito interno pelo Decreto-Lei n.º 83/2011, de 20 de junho.",Mensal,Composta (ii)
L007452.2022.RH5A,Entrada,Carência Química de Oxigénio (mg/L O2),"Metodologia aplicável em conformidade com o disposto na legislação em vigor e de acordo com a Diretiva 2009/90/CE, transposta para direito interno pelo Decreto-Lei n.º 83/2011, de 20 de junho.",Mensal,Composta (ii)
L007452.2022.RH5A,Entrada,Carência Bioquímica de Oxigénio (mg/L O2),"Metodologia aplicável em conformidade com o disposto na legislação em vigor e de acordo com a Diretiva 2009/90/CE, transposta para direito interno pelo Decreto-Lei n.º 83/2011, de 20 de junho.",Mensal,Composta (ii)
L007452.2022.RH5A,Entrada,Sólidos Suspensos Totais (mg/L),"Metodologia aplicável em conformidade com o disposto na legislação em vigor e de acordo com a Diretiva 2009/90/CE, transposta para direito interno pelo Decreto-Lei n.º 83/2011, de 20 de junho.",Mensal,Pontual
L007452.2022.RH5A,Entrada,Óleos e Gorduras (mg/L),"Metodologia aplicável em conformidade com o disposto na legislação em vigor e de acordo com a Diretiva 2009/90/CE, transposta para direito interno pelo Decreto-Lei n.º 83/2011, de 20 de junho.",Mensal,Composta (ii)
L007452.2022.RH5A,Saída,pH (Escala de Sörensen),"Metodologia aplicável em conformidade com o disposto na legislação em vigor e de acordo com a Diretiva 2009/90/CE, transposta para direito interno pelo Decreto-Lei n.º 83/2011, de 20 de junho.",Mensal,Composta (ii)
L007452.2022.RH5A,Saída,Carência Química de Oxigénio (mg/L O2),"Metodologia aplicável em conformidade com o disposto na legislação em vigor e de acordo com a Diretiva 2009/90/CE, transposta para direito interno pelo Decreto-Lei n.º 83/2011, de 20 de junho.",Mensal,Composta (ii)
L007452.2022.RH5A,Saída,Carência Bioquímica de Oxigénio (mg/L O2),"Metodologia aplicável em conformidade com o disposto na legislação em vigor e de acordo com a Diretiva 2009/90/CE, transposta para direito interno pelo Decreto-Lei n.º 83/2011, de 20 de junho.",Mensal,Composta (ii)
L007452.2022.RH5A,Saída,Sólidos Suspensos Totais,Metodologia aplicável em conformidade com o,Mensal,Composta (ii)
L007452.2022.RH5A,Saída,Azoto total (mg/L N),"Metodologia aplicável em conformidade com o disposto na legislação em vigor e de acordo com a Diretiva 2009/90/CE, transposta para direito interno pelo Decreto-Lei n.º 83/2011, de 20 de junho.",Trimestral,Composta (ii)
L007452.2022.RH5A,Saída,Fósforo total (mg/L P),"Metodologia aplicável em conformidade com o disposto na legislação em vigor e de acordo com a Diretiva 2009/90/CE, transposta para direito interno pelo Decreto-Lei n.º 83/2011, de 20 de junho.",Trimestral,Composta (ii)
L007452.2022.RH5A,Saída,Óleos e Gorduras (mg/L),"Metodologia aplicável em conformidade com o disposto na legislação em vigor e de acordo com a Diretiva 2009/90/CE, transposta para direito interno pelo Decreto-Lei n.º 83/2011, de 20 de junho.",Mensal,Pontual
L007452.2022.RH5A,Saída,Caudal (m3/mês),-,Mensal,Composta (ii)
L027475.2023.RH3,Saída,Carência Química de Oxigénio (mg/L O2),"Metodologia aplicável em conformidade com o disposto na legislação em vigor e de acordo com a Diretiva 2009/90/CE, transposta para direito interno pelo Decreto-Lei n.º 83/2011, de 20 de junho.",Mensal,Composta (i)
L027475.2023.RH3,Saída,Carência Bioquímica de Oxigénio (mg/L O2),"Metodologia aplicável em conformidade com o disposto na legislação em vigor e de acordo com a Diretiva 2009/90/CE, transposta para direito interno pelo Decreto-Lei n.º 83/2011, de 20 de junho.",Mensal,Composta (i)
L027475.2023.RH3,Saída,Azoto total (mg/L N),"Metodologia aplicável em conformidade com o disposto na legislação em vigor e de acordo com a Diretiva 2009/90/CE, transposta para direito interno pelo Decreto-Lei n.º 83/2011, de 20 de junho.",Mensal,Composta (i)
L027475.2023.RH3,Saída,Fósforo total (mg/L P),"Metodologia aplicável em conformidade com o disposto na legislação em vigor e de acordo com a Diretiva 2009/90/CE, transposta para direito interno pelo Decreto-Lei n.º 83/2011, de 20 de junho.",Mensal,Composta (i)
L027475.2023.RH3,Saída,Total de Partículas Sólidas em Suspensão (mg/L),"Metodologia aplicável em conformidade com o disposto na legislação em vigor e de acordo com a Diretiva 2009/90/CE, transposta para direito interno pelo Decreto-Lei n.º 83/2011, de 20 de junho.",Mensal,Composta (i)
L006788.2022.RH5A,Entrada,pH (Escala de Sörensen),"Metodologia aplicável em conformidade com o disposto na legislação em vigor e de acordo com a Diretiva 2009/90/CE, transposta para direito interno pelo Decreto-Lei n.º 83/2011, de 20 de junho.",Quinzenal,Composta (ii)
L006788.2022.RH5A,Entrada,Carência Química de Oxigénio (mg/L O2),"Metodologia aplicável em conformidade com o disposto na legislação em vigor e de acordo com a Diretiva 2009/90/CE, transposta para direito interno pelo Decreto-Lei n.º 83/2011, de 20 de junho.",Quinzenal,Composta (ii)
L006788.2022.RH5A,Entrada,Carência Bioquímica de Oxigénio (mg/L O2),"Metodologia aplicável em conformidade com o disposto na legislação em vigor e de acordo com a Diretiva 2009/90/CE, transposta para direito interno pelo Decreto-Lei n.º 83/2011, de 20 de junho.",Quinzenal,Composta (ii)
L006788.2022.RH5A,Entrada,Sólidos Suspensos Totais (mg/L),"Metodologia aplicável em conformidade com o disposto na legislação em vigor e de acordo com a Diretiva 2009/90/CE, transposta para direito interno pelo Decreto-Lei n.º 83/2011, de 20 de junho.",Quinzenal,Composta (ii)
L006788.2022.RH5A,Entrada,Azoto total (mg/L N),Metodologia aplicável em conformidade com o disposto na legislação em vigor e de acordo com a,Quinzenal,Composta (ii)
L006788.2022.RH5A,Entrada,Fósforo total (mg/L P),"Metodologia aplicável em conformidade com o disposto na legislação em vigor e de acordo com a Diretiva 2009/90/CE, transposta para direito interno pelo Decreto-Lei n.º 83/2011, de 20 de junho.",Quinzenal,Composta (ii)
L006788.2022.RH5A,Entrada,Caudal (m3/mês),-,Mensal,Pontual
L006788.2022.RH5A,Saída,pH (Escala de Sörensen),"Metodologia aplicável em conformidade com o disposto na legislação em vigor e de acordo com a Diretiva 2009/90/CE, transposta para direito interno pelo Decreto-Lei n.º 83/2011, de 20 de junho.",Quinzenal,Composta (ii)
L006788.2022.RH5A,Saída,Carência Química de Oxigénio (mg/L O2),"Metodologia aplicável em conformidade com o disposto na legislação em vigor e de acordo com a Diretiva 2009/90/CE, transposta para direito interno pelo Decreto-Lei n.º 83/2011, de 20 de junho.",Quinzenal,Composta (ii)
L006788.2022.RH5A,Saída,Carência Bioquímica de Oxigénio (mg/L O2),"Metodologia aplicável em conformidade com o disposto na legislação em vigor e de acordo com a Diretiva 2009/90/CE, transposta para direito interno pelo Decreto-Lei n.º 83/2011, de 20 de junho.",Quinzenal,Composta (ii)
L006788.2022.RH5A,Saída,Sólidos Suspensos Totais (mg/L),"Metodologia aplicável em conformidade com o disposto na legislação em vigor e de acordo com a Diretiva 2009/90/CE, transposta para direito interno pelo Decreto-Lei n.º 83/2011, de 20 de junho.",Quinzenal,Composta (ii)
L006788.2022.RH5A,Saída,Azoto total (mg/L N),"Metodologia aplicável em conformidade com o disposto na legislação em vigor e de acordo com a Diretiva 2009/90/CE, transposta para direito interno pelo Decreto-Lei n.º 83/2011, de 20 de junho.",Quinzenal,Composta (ii)
L006788.2022.RH5A,Saída,Fósforo total (mg/L P),"Metodologia aplicável em conformidade com o disposto na legislação em vigor e de acordo com a Diretiva 2009/90/CE, transposta para direito interno pelo Decreto-Lei n.º 83/2011, de 20 de junho.",Quinzenal,Composta (ii)
L006788.2022.RH5A,Saída,Caudal (m3/mês),-,Mensal,Pontual
L001583.2022.RH7,Saída,pH (Escala de Sörensen),"Metodologia aplicável em conformidade com o disposto na legislação em vigor e de acordo com a Diretiva 2009/90/CE, transposta para direito interno pelo Decreto-Lei n.º 83/2011, de 20 de junho.",Mensal,Pontual
L001583.2022.RH7,Saída,Carência Química de Oxigénio (mg/L O2),"Metodologia aplicável em conformidade com o disposto na legislação em vigor e de acordo com a Diretiva 2009/90/CE, transposta para direito interno pelo Decreto-Lei n.º 83/2011, de 20 de junho.",Mensal,Pontual
L001583.2022.RH7,Saída,Carência Bioquímica de Oxigénio (mg/L O2),"Metodologia aplicável em conformidade com o disposto na legislação em vigor e de acordo com a Diretiva 2009/90/CE, transposta para direito interno pelo Decreto-Lei n.º 83/2011, de 20 de junho.",Mensal,Pontual
L001583.2022.RH7,Saída,Sólidos Suspensos Totais (mg/L),"Metodologia aplicável em conformidade com o disposto na legislação em vigor e de acordo com a Diretiva 2009/90/CE, transposta para direito interno pelo Decreto-Lei n.º 83/2011, de 20 de junho.",Mensal,Pontual
L001583.2022.RH7,Saída,Azoto total (mg/L N),"Metodologia aplicável em conformidade com o disposto na legislação em vigor e de acordo com a Diretiva 2009/90/CE, transposta para direito interno pelo Decreto-Lei n.º 83/2011, de 20 de junho.",Mensal,Pontual
L001583.2022.RH7,Saída,Fósforo total (mg/L P),"Metodologia aplicável em conformidade com o disposto na legislação em vigor e de acordo com a Diretiva 2009/90/CE, transposta para direito interno pelo Decreto-Lei n.º 83/2011, de 20 de junho.",Mensal,Pontual
L001583.2022.RH7,Saída,Óleos e Gorduras (mg/L),"Metodologia aplicável em conformidade com o disposto na legislação em vigor e de acordo com a Diretiva 2009/90/CE, transposta para direito interno pelo Decreto-Lei n.º 83/2011, de 20 de junho.",Trimestral,Pontual
L001583.2022.RH7,Saída,Caudal (m3/mês),-,Mensal,Composta (i)
L013173.2021.RH5A,Saída,pH (Escala de Sörensen),"Metodologia aplicável em conformidade com o disposto na legislação em vigor e de acordo com a Diretiva 2009/90/CE, transposta para direito interno pelo Decreto-Lei n.º 83/2011, de 20 de junho.",Mensal,Composta (i)
L013173.2021.RH5A,Saída,Carência Química de Oxigénio (mg/L O2),"Metodologia aplicável em conformidade com o disposto na legislação em vigor e de acordo com a Diretiva 2009/90/CE, transposta para direito interno pelo Decreto-Lei n.º 83/2011, de 20 de junho.",Mensal,Composta (i)
L013173.2021.RH5A,Saída,Carência Bioquímica de Oxigénio (mg/L O2),"Metodologia aplicável em conformidade com o disposto na legislação em vigor e de acordo com a Diretiva 2009/90/CE, transposta para direito interno pelo Decreto-Lei n.º 83/2011, de 20 de junho.",Mensal,Composta (i)
L013173.2021.RH5A,Saída,Sólidos Suspensos Totais (mg/L),"Metodologia aplicável em conformidade com o disposto na legislação em vigor e de acordo com a Diretiva 2009/90/CE, transposta para direito interno pelo Decreto-Lei n.º 83/2011, de 20 de junho.",Mensal,Composta (i)
L013173.2021.RH5A,Saída,Azoto total (mg/L N),"Metodologia aplicável em conformidade com o disposto na legislação em vigor e de acordo com a Diretiva 2009/90/CE, transposta para direito interno",Trimestral,Composta (i)
L013173.2021.RH5A,Saída,Fósforo total (mg/L P),"Metodologia aplicável em conformidade com o disposto na legislação em vigor e de acordo com a Diretiva 2009/90/CE, transposta para direito interno pelo Decreto-Lei n.º 83/2011, de 20 de junho.",Trimestral,Composta (i)
L013173.2021.RH5A,Saída,Óleos e Gorduras (mg/L),"Metodologia aplicável em conformidade com o disposto na legislação em vigor e de acordo com a Diretiva 2009/90/CE, transposta para direito interno pelo Decreto-Lei n.º 83/2011, de 20 de junho.",Trimestral,Pontual
L017446.2015.RH5,Saída,Caudal (m3/mês),-,Mensal,Composta (i)
L017446.2015.RH5,Saída,pH (Escala de Sörensen),"Metodologia aplicável em conformidade com o disposto na legislação em vigor e de acordo com a Diretiva 2009/90/CE, transposta para direito interno pelo Decreto-Lei n.º 83/2011, de 20 de junho.",Trimestral,Composta (i)
L017446.2015.RH5,Saída,Carência Química de Oxigénio (mg/L O2),"Metodologia aplicável em conformidade com o disposto na legislação em vigor e de acordo com a Diretiva 2009/90/CE, transposta para direito interno pelo Decreto-Lei n.º 83/2011, de 20 de junho.",Trimestral,Composta (i)
L017446.2015.RH5,Saída,Carência Bioquímica de Oxigénio (mg/L O2),"Metodologia aplicável em conformidade com o disposto na legislação em vigor e de acordo com a Diretiva 2009/90/CE, transposta para direito interno pelo Decreto-Lei n.º 83/2011, de 20 de junho.",Trimestral,Composta (i)
L017446.2015.RH5,Saída,Sólidos Suspensos Totais (mg/L),"Metodologia aplicável em conformidade com o disposto na legislação em vigor e de acordo com a Diretiva 2009/90/CE, transposta para direito interno pelo Decreto-Lei n.º 83/2011, de 20 de junho.",Trimestral,Composta (i)
L015577.2021.RH5A,Entrada,pH (Escala de Sörensen),"Metodologia aplicável em conformidade com o disposto na legislação em vigor e de acordo com a Diretiva 2009/90/CE, transposta para direito interno pelo Decreto-Lei n.º 83/2011, de 20 de junho.",Quinzenal,Composta (ii)
L015577.2021.RH5A,Entrada,Carência Química de Oxigénio (mg/L O2),"Metodologia aplicável em conformidade com o disposto na legislação em vigor e de acordo com a Diretiva 2009/90/CE, transposta para direito interno pelo Decreto-Lei n.º 83/2011, de 20 de junho.",Quinzenal,Composta (ii)
L015577.2021.RH5A,Entrada,Carência Bioquímica de Oxigénio (mg/L O2),"Metodologia aplicável em conformidade com o disposto na legislação em vigor e de acordo com a Diretiva 2009/90/CE, transposta para direito interno pelo Decreto-Lei n.º 83/2011, de 20 de junho.",Quinzenal,Composta (ii)
L015577.2021.RH5A,Entrada,Sólidos Suspensos Totais (mg/L),"Metodologia aplicável em conformidade com o disposto na legislação em vigor e de acordo com a Diretiva 2009/90/CE, transposta para direito interno pelo Decreto-Lei n.º 83/2011, de 20 de junho.",Quinzenal,Composta (ii)
L015577.2021.RH5A,Entrada,Azoto total (mg/L N),"Metodologia aplicável em conformidade com o disposto na legislação em vigor e de acordo com a Diretiva 2009/90/CE, transposta para direito interno",Quinzenal,Composta (ii)
L015577.2021.RH5A,Entrada,Fósforo total (mg/L P),"Metodologia aplicável em conformidade com o disposto na legislação em vigor e de acordo com a Diretiva 2009/90/CE, transposta para direito interno pelo Decreto-Lei n.º 83/2011, de 20 de junho.",Quinzenal,Composta (ii)
L015577.2021.RH5A,Entrada,Óleos e Gorduras (mg/L),"Metodologia aplicável em conformidade com o disposto na legislação em vigor e de acordo com a Diretiva 2009/90/CE, transposta para direito interno pelo Decreto-Lei n.º 83/2011, de 20 de junho.",Mensal,Pontual
L015577.2021.RH5A,Entrada,Caudal (m3/mês),-,Mensal,Pontual
L015577.2021.RH5A,Entrada,Azoto amoniacal (mg/L NH4),"Metodologia aplicável em conformidade com o disposto na legislação em vigor e de acordo com a Diretiva 2009/90/CE, transposta para direito interno pelo Decreto-Lei n.º 83/2011, de 20 de junho.",Quinzenal,Composta (ii)
L015577.2021.RH5A,Saída,pH (Escala de Sörensen),"Metodologia aplicável em conformidade com o disposto na legislação em vigor e de acordo com a Diretiva 2009/90/CE, transposta para direito interno pelo Decreto-Lei n.º 83/2011, de 20 de junho.",Quinzenal,Composta (ii)
L015577.2021.RH5A,Saída,Carência Química de Oxigénio (mg/L O2),"Metodologia aplicável em conformidade com o disposto na legislação em vigor e de acordo com a Diretiva 2009/90/CE, transposta para direito interno pelo Decreto-Lei n.º 83/2011, de 20 de junho.",Quinzenal,Composta (ii)
L015577.2021.RH5A,Saída,Carência Bioquímica de Oxigénio (mg/L O2),"Metodologia aplicável em conformidade com o disposto na legislação em vigor e de acordo com a Diretiva 2009/90/CE, transposta para direito interno pelo Decreto-Lei n.º 83/2011, de 20 de junho.",Quinzenal,Composta (ii)
L015577.2021.RH5A,Saída,Sólidos Suspensos Totais (mg/L),"Metodologia aplicável em conformidade com o disposto na legislação em vigor e de acordo com a Diretiva 2009/90/CE, transposta para direito interno pelo Decreto-Lei n.º 83/2011, de 20 de junho.",Quinzenal,Composta (ii)
L015577.2021.RH5A,Saída,Azoto total (mg/L N),"Metodologia aplicável em conformidade com o disposto na legislação em vigor e de acordo com a Diretiva 2009/90/CE, transposta para direito interno pelo Decreto-Lei n.º 83/2011, de 20 de junho.",Quinzenal,Composta (ii)
L015577.2021.RH5A,Saída,Fósforo total (mg/L P),"Metodologia aplicável em conformidade com o disposto na legislação em vigor e de acordo com a Diretiva 2009/90/CE, transposta para direito interno pelo Decreto-Lei n.º 83/2011, de 20 de junho.",Quinzenal,Composta (ii)
L015577.2021.RH5A,Saída,Óleos e Gorduras (mg/L),"Metodologia aplicável em conformidade com o disposto na legislação em vigor e de acordo com a Diretiva 2009/90/CE, transposta para direito interno pelo Decreto-Lei n.º 83/2011, de 20 de junho.",Mensal,Pontual
L015577.2021.RH5A,Saída,Caudal (m3/mês),-,Mensal,Pontual
L015577.2021.RH5A,Saída,Azoto amoniacal (mg/L NH4),"Metodologia aplicável em conformidade com o disposto na legislação em vigor e de acordo com a Diretiva 2009/90/CE, transposta para direito interno pelo Decreto-Lei n.º 83/2011, de 20 de junho.",Quinzenal,Composta (ii)
L019811.2021.RH4A,Saída,pH (Escala de Sörensen),"Metodologia aplicável em conformidade com o disposto na legislação em vigor e de acordo com a Diretiva 2009/90/CE, transposta para direito interno pelo Decreto-Lei n.º 83/2011, de 20 de junho.",Trimestral,Pontual
L019811.2021.RH4A,Saída,Carência Química de Oxigénio (mg/L O2),"Metodologia aplicável em conformidade com o disposto na legislação em vigor e de acordo com a Diretiva 2009/90/CE, transposta para direito interno pelo Decreto-Lei n.º 83/2011, de 20 de junho.",Trimestral,Composta (i)
L019811.2021.RH4A,Saída,Carência Bioquímica de Oxigénio (mg/L O2),"Metodologia aplicável em conformidade com o disposto na legislação em vigor e de acordo com a Diretiva 2009/90/CE, transposta para direito interno pelo Decreto-Lei n.º 83/2011, de 20 de junho.",Trimestral,Composta (i)
L019811.2021.RH4A,Saída,Sólidos Suspensos Totais (mg/L),"Metodologia aplicável em conformidade com o disposto na legislação em vigor e de acordo com a Diretiva 2009/90/CE, transposta para direito interno pelo Decreto-Lei n.º 83/2011, de 20 de junho.",Trimestral,Composta (i)
L019811.2021.RH4A,Saída,Azoto total (mg/L N),"Metodologia aplicável em conformidade com o disposto na legislação em vigor e de acordo com a Diretiva 2009/90/CE, transposta para direito interno pelo Decreto-Lei n.º 83/2011, de 20 de junho.",Trimestral,Composta (i)
L019811.2021.RH4A,Saída,Fósforo total (mg/L P),"Metodologia aplicável em conformidade com o disposto na legislação em vigor e de acordo com a Diretiva 2009/90/CE, transposta para direito interno pelo Decreto-Lei n.º 83/2011, de 20 de junho.",Trimestral,Composta (i)
L019811.2021.RH4A,Saída,Azoto amoniacal (mg/L NH4),"Metodologia aplicável em conformidade com o disposto na legislação em vigor e de acordo com a Diretiva 2009/90/CE, transposta para direito interno pelo Decreto-Lei n.º 83/2011, de 20 de junho.",Trimestral,Composta (i)
L019779.2019.RH5A,Entrada,pH (Escala de Sörensen),"Metodologia aplicável em conformidade com o disposto na legislação em vigor e de acordo com a Diretiva 2009/90/CE, transposta para direito interno pelo Decreto-Lei n.º 83/2011, de 20 de junho.",Mensal,Pontual
L019779.2019.RH5A,Entrada,Carência Química de Oxigénio (mg/L O2),"Metodologia aplicável em conformidade com o disposto na legislação em vigor e de acordo com a Diretiva 2009/90/CE, transposta para direito interno pelo Decreto-Lei n.º 83/2011, de 20 de junho.",Mensal,Pontual
L019779.2019.RH5A,Entrada,Carência Bioquímica de Oxigénio (mg/L O2),"Metodologia aplicável em conformidade com o disposto na legislação em vigor e de acordo com a Diretiva 2009/90/CE, transposta para direito interno pelo Decreto-Lei n.º 83/2011, de 20 de junho.",Mensal,Pontual
L019779.2019.RH5A,Entrada,Sólidos Suspensos Totais (mg/L),"Metodologia aplicável em conformidade com o disposto na legislação em vigor e de acordo com a Diretiva 2009/90/CE, transposta para direito interno pelo Decreto-Lei n.º 83/2011, de 20 de junho.",Mensal,Pontual
L019779.2019.RH5A,Entrada,Fósforo total (mg/L P),"Metodologia aplicável em conformidade com o disposto na legislação em vigor e de acordo com a Diretiva 2009/90/CE, transposta para direito interno pelo Decreto-Lei n.º 83/2011, de 20 de junho.",Mensal,Pontual
L019779.2019.RH5A,Entrada,Óleos e Gorduras (mg/L),"Metodologia aplicável em conformidade com o disposto na legislação em vigor e de acordo com a Diretiva 2009/90/CE, transposta para direito interno pelo Decreto-Lei n.º 83/2011, de 20 de junho.",Mensal,Pontual
L019779.2019.RH5A,Saída,pH (Escala de Sörensen),"Metodologia aplicável em conformidade com o disposto na legislação em vigor e de acordo com a Diretiva 2009/90/CE, transposta para direito interno pelo Decreto-Lei n.º 83/2011, de 20 de junho.",Mensal,Pontual
L019779.2019.RH5A,Saída,Carência Química de Oxigénio (mg/L O2),"Metodologia aplicável em conformidade com o disposto na legislação em vigor e de acordo com a Diretiva 2009/90/CE, transposta para direito interno pelo Decreto-Lei n.º 83/2011, de 20 de junho.",Mensal,Pontual
L019779.2019.RH5A,Saída,Carência Bioquímica de Oxigénio (mg/L O2),"Metodologia aplicável em conformidade com o disposto na legislação em vigor e de acordo com a Diretiva 2009/90/CE, transposta para direito interno pelo Decreto-Lei n.º 83/2011, de 20 de junho.",Mensal,Pontual
L019779.2019.RH5A,Saída,Sólidos Suspensos Totais (mg/L),"Metodologia aplicável em conformidade com o disposto na legislação em vigor e de acordo com a Diretiva 2009/90/CE, transposta para direito interno pelo Decreto-Lei n.º 83/2011, de 20 de junho.",Mensal,Pontual
L019779.2019.RH5A,Saída,Azoto total (mg/L N),"Metodologia aplicável em conformidade com o disposto na legislação em vigor e de acordo com a Diretiva 2009/90/CE, transposta para direito interno pelo Decreto-Lei n.º 83/2011, de 20 de junho.",Trimestral,Pontual
L019779.2019.RH5A,Saída,Fósforo total (mg/L P),"Metodologia aplicável em conformidade com o disposto na legislação em vigor e de acordo com a Diretiva 2009/90/CE, transposta para direito interno pelo Decreto-Lei n.º 83/2011, de 20 de junho.",Mensal,Pontual
L019779.2019.RH5A,Saída,Óleos e Gorduras (mg/L),"Metodologia aplicável em conformidade com o disposto na legislação em vigor e de acordo com a Diretiva 2009/90/CE, transposta para direito interno pelo Decreto-Lei n.º 83/2011, de 20 de junho.",Mensal,Pontual
L019779.2019.RH5A,Saída,Caudal (m3/mês),-,Mensal,Pontual
L019779.2019.RH5A,Saída,Caudal (m3/dia),-,Mensal,Pontual
L070516.2025.RH7,Saída,pH (Escala de Sörensen),"Metodologia aplicável em conformidade com o disposto na legislação em vigor e de acordo com a Diretiva 2009/90/CE, transposta para direito interno pelo Decreto-Lei n.º 83/2011, de 20 de junho.",Mensal,Composta (ii)
L070516.2025.RH7,Saída,Carência Química de Oxigénio (mg/L O2),"Metodologia aplicável em conformidade com o disposto na legislação em vigor e de acordo com a Diretiva 2009/90/CE, transposta para direito interno pelo Decreto-Lei n.º 83/2011, de 20 de junho.",Mensal,Composta (ii)
L070516.2025.RH7,Saída,Carência Bioquímica de Oxigénio (mg/L O2),"Metodologia aplicável em conformidade com o disposto na legislação em vigor e de acordo com a Diretiva 2009/90/CE, transposta para direito interno pelo Decreto-Lei n.º 83/2011, de 20 de junho.",Mensal,Composta (ii)
L070516.2025.RH7,Saída,Sólidos Suspensos Totais (mg/L),"Metodologia aplicável em conformidade com o disposto na legislação em vigor e de acordo com a Diretiva 2009/90/CE, transposta para direito interno pelo Decreto-Lei n.º 83/2011, de 20 de junho.",Mensal,Composta (ii)
L070516.2025.RH7,Saída,Azoto total (mg/L N),"Metodologia aplicável em conformidade com o disposto na legislação em vigor e de acordo com a Diretiva 2009/90/CE, transposta para direito interno pelo Decreto-Lei n.º 83/2011, de 20 de junho.",Mensal,Composta (ii)
L070516.2025.RH7,Saída,Fósforo total (mg/L P),"Metodologia aplicável em conformidade com o disposto na legislação em vigor e de acordo com a Diretiva 2009/90/CE, transposta para direito interno pelo Decreto-Lei n.º 83/2011, de 20 de junho.",Mensal,Composta (ii)
L070516.2025.RH7,Saída,Óleos e Gorduras (mg/L),"Metodologia aplicável em conformidade com o disposto na legislação em vigor e de acordo com a Diretiva 2009/90/CE, transposta para direito interno pelo Decreto-Lei n.º 83/2011, de 20 de junho.",Mensal,Composta (ii)
L070516.2025.RH7,Saída,Caudal (m3/mês),-,Mensal,Em contínuo
L009802.2020.RH5A,Entrada,pH (Escala de Sörensen),"Metodologia aplicável em conformidade com o disposto na legislação em vigor e de acordo com a Diretiva 2009/90/CE, transposta para direito interno pelo Decreto-Lei n.º 83/2011, de 20 de junho.",Mensal,Composta (ii)
L009802.2020.RH5A,Entrada,Carência Química de Oxigénio (mg/L O2),"Metodologia aplicável em conformidade com o disposto na legislação em vigor e de acordo com a Diretiva 2009/90/CE, transposta para direito interno pelo Decreto-Lei n.º 83/2011, de 20 de junho.",Mensal,Composta (ii)
L009802.2020.RH5A,Entrada,Carência Bioquímica de Oxigénio (mg/L O2),"Metodologia aplicável em conformidade com o disposto na legislação em vigor e de acordo com a Diretiva 2009/90/CE, transposta para direito interno pelo Decreto-Lei n.º 83/2011, de 20 de junho.",Mensal,Composta (ii)
L009802.2020.RH5A,Entrada,Sólidos Suspensos Totais (mg/L),"Metodologia aplicável em conformidade com o disposto na legislação em vigor e de acordo com a Diretiva 2009/90/CE, transposta para direito interno pelo Decreto-Lei n.º 83/2011, de 20 de junho.",Mensal,Composta (ii)
L009802.2020.RH5A,Saída,pH (Escala de Sörensen),"Metodologia aplicável em conformidade com o disposto na legislação em vigor e de acordo com a Diretiva 2009/90/CE, transposta para direito interno pelo Decreto-Lei n.º 83/2011, de 20 de junho.",Mensal,Composta (ii)
L009802.2020.RH5A,Saída,Carência Química de Oxigénio (mg/L O2),"Metodologia aplicável em conformidade com o disposto na legislação em vigor e de acordo com a Diretiva 2009/90/CE, transposta para direito interno pelo Decreto-Lei n.º 83/2011, de 20 de junho.",Mensal,Composta (ii)
L009802.2020.RH5A,Saída,Carência Bioquímica de,Metodologia aplicável em conformidade com o,Mensal,Composta (ii)
L009802.2020.RH5A,Saída,Sólidos Suspensos Totais (mg/L),"Metodologia aplicável em conformidade com o disposto na legislação em vigor e de acordo com a Diretiva 2009/90/CE, transposta para direito interno pelo Decreto-Lei n.º 83/2011, de 20 de junho.",Mensal,Composta (ii)
L009802.2020.RH5A,Saída,Azoto total (mg/L N),"Metodologia aplicável em conformidade com o disposto na legislação em vigor e de acordo com a Diretiva 2009/90/CE, transposta para direito interno pelo Decreto-Lei n.º 83/2011, de 20 de junho.",Trimestral,Composta (ii)
L009802.2020.RH5A,Saída,Fósforo total (mg/L P),"Metodologia aplicável em conformidade com o disposto na legislação em vigor e de acordo com a Diretiva 2009/90/CE, transposta para direito interno pelo Decreto-Lei n.º 83/2011, de 20 de junho.",Trimestral,Composta (ii)
L009802.2020.RH5A,Saída,Caudal (m3/mês),-,Mensal,Pontual
L009802.2020.RH5A,Saída,Caudal (m3/dia),-,Mensal,Pontual
L011852.2021.RH4A,Saída,pH (Escala de Sörensen),"Metodologia aplicável em conformidade com o disposto na legislação em vigor e de acordo com a Diretiva 2009/90/CE, transposta para direito interno pelo Decreto-Lei n.º 83/2011, de 20 de junho.",Trimestral,Pontual
L011852.2021.RH4A,Saída,Carência Química de Oxigénio (mg/L O2),"Metodologia aplicável em conformidade com o disposto na legislação em vigor e de acordo com a Diretiva 2009/90/CE, transposta para direito interno pelo Decreto-Lei n.º 83/2011, de 20 de junho.",Trimestral,Composta (i)
L011852.2021.RH4A,Saída,Carência Bioquímica de Oxigénio (mg/L O2),"Metodologia aplicável em conformidade com o disposto na legislação em vigor e de acordo com a Diretiva 2009/90/CE, transposta para direito interno pelo Decreto-Lei n.º 83/2011, de 20 de junho.",Trimestral,Composta (i)
L011852.2021.RH4A,Saída,Sólidos Suspensos Totais (mg/L),"Metodologia aplicável em conformidade com o disposto na legislação em vigor e de acordo com a Diretiva 2009/90/CE, transposta para direito interno pelo Decreto-Lei n.º 83/2011, de 20 de junho.",Trimestral,Composta (i)
L011852.2021.RH4A,Saída,Azoto total (mg/L N),"Metodologia aplicável em conformidade com o disposto na legislação em vigor e de acordo com a Diretiva 2009/90/CE, transposta para direito interno pelo Decreto-Lei n.º 83/2011, de 20 de junho.",Trimestral,Composta (i)
L011852.2021.RH4A,Saída,Fósforo total (mg/L P),"Metodologia aplicável em conformidade com o disposto na legislação em vigor e de acordo com a Diretiva 2009/90/CE, transposta para direito interno pelo Decreto-Lei n.º 83/2011, de 20 de junho.",Trimestral,Composta (i)
L004164.2021.RH7,Saída,pH (Escala de Sörensen),"Metodologia aplicável em conformidade com o disposto na legislação em vigor e de acordo com a Diretiva 2009/90/CE, transposta para direito interno pelo Decreto-Lei n.º 83/2011, de 20 de junho.",Mensal,Pontual
L004164.2021.RH7,Saída,Carência Química de Oxigénio (mg/L O2),"Metodologia aplicável em conformidade com o disposto na legislação em vigor e de acordo com a Diretiva 2009/90/CE, transposta para direito interno pelo Decreto-Lei n.º 83/2011, de 20 de junho.",Mensal,Pontual
L004164.2021.RH7,Saída,Carência Bioquímica de Oxigénio (mg/L O2),"Metodologia aplicável em conformidade com o disposto na legislação em vigor e de acordo com a Diretiva 2009/90/CE, transposta para direito interno pelo Decreto-Lei n.º 83/2011, de 20 de junho.",Mensal,Pontual
L004164.2021.RH7,Saída,Sólidos Suspensos Totais (mg/L),"Metodologia aplicável em conformidade com o disposto na legislação em vigor e de acordo com a Diretiva 2009/90/CE, transposta para direito interno pelo Decreto-Lei n.º 83/2011, de 20 de junho.",Mensal,Pontual
L004164.2021.RH7,Saída,Azoto total (mg/L N),"Metodologia aplicável em conformidade com o disposto na legislação em vigor e de acordo com a Diretiva 2009/90/CE, transposta para direito interno pelo Decreto-Lei n.º 83/2011, de 20 de junho.",Mensal,Pontual
L004164.2021.RH7,Saída,Fósforo total (mg/L P),"Metodologia aplicável em conformidade com o disposto na legislação em vigor e de acordo com a Diretiva 2009/90/CE, transposta para direito interno pelo Decreto-Lei n.º 83/2011, de 20 de junho.",Mensal,Pontual
L004164.2021.RH7,Saída,Óleos e Gorduras (mg/L),"Metodologia aplicável em conformidade com o disposto na legislação em vigor e de acordo com a Diretiva 2009/90/CE, transposta para direito interno pelo Decreto-Lei n.º 83/2011, de 20 de junho.",Trimestral,Pontual
L004164.2021.RH7,Saída,Caudal (m3/mês),-,Mensal,Composta (i)
L004164.2021.RH7,Saída,Escherichia coli (ufc/100 mL),"Anexo I do Decreto-Lei n.º 135/2009, de 3 de junho.",Trimestral,Pontual
L012288.2022.RH4A,Saída,pH (Escala de Sörensen),"Metodologia aplicável em conformidade com o disposto na legislação em vigor e de acordo com a Diretiva 2009/90/CE, transposta para direito interno pelo Decreto-Lei n.º 83/2011, de 20 de junho.",Trimestral,Composta (i)
L012288.2022.RH4A,Saída,Carência Química de Oxigénio (mg/L O2),"Metodologia aplicável em conformidade com o disposto na legislação em vigor e de acordo com a Diretiva 2009/90/CE, transposta para direito interno pelo Decreto-Lei n.º 83/2011, de 20 de junho.",Trimestral,Composta (i)
L012288.2022.RH4A,Saída,Carência Bioquímica de Oxigénio (mg/L O2),"Metodologia aplicável em conformidade com o disposto na legislação em vigor e de acordo com a Diretiva 2009/90/CE, transposta para direito interno pelo Decreto-Lei n.º 83/2011, de 20 de junho.",Trimestral,Composta (i)
L012288.2022.RH4A,Saída,Sólidos Suspensos Totais (mg/L),"Metodologia aplicável em conformidade com o disposto na legislação em vigor e de acordo com a Diretiva 2009/90/CE, transposta para direito interno pelo Decreto-Lei n.º 83/2011, de 20 de junho.",Trimestral,Composta (i)
L012288.2022.RH4A,Saída,Azoto total (mg/L N),"Metodologia aplicável em conformidade com o disposto na legislação em vigor e de acordo com a Diretiva 2009/90/CE, transposta para direito interno pelo Decreto-Lei n.º 83/2011, de 20 de junho.",Trimestral,Composta (i)
L012288.2022.RH4A,Saída,Fósforo total (mg/L P),"Metodologia aplicável em conformidade com o disposto na legislação em vigor e de acordo com a Diretiva 2009/90/CE, transposta para direito interno pelo Decreto-Lei n.º 83/2011, de 20 de junho.",Trimestral,Composta (i)
L012288.2022.RH4A,Saída,Escherichia coli (ufc/100 mL),"Anexo I do Decreto-Lei n.º 135/2009, de 3 de junho.",Quinzenal,Pontual
L012288.2022.RH4A,Saída,Enterococos intestinais (ufc/100 mL),"Anexo I do Decreto-Lei n.º 135/2009, de 3 de junho.",Quinzenal,Pontual
L007547.2022.RH5A,Entrada,pH (Escala de Sörensen),"Metodologia aplicável em conformidade com o disposto na legislação em vigor e de acordo com a Diretiva 2009/90/CE, transposta para direito interno pelo Decreto-Lei n.º 83/2011, de 20 de junho.",Mensal,Pontual
L007547.2022.RH5A,Entrada,Carência Química de Oxigénio (mg/L O2),"Metodologia aplicável em conformidade com o disposto na legislação em vigor e de acordo com a Diretiva 2009/90/CE, transposta para direito interno pelo Decreto-Lei n.º 83/2011, de 20 de junho.",Mensal,Pontual
L007547.2022.RH5A,Entrada,Carência Bioquímica de Oxigénio (mg/L O2),"Metodologia aplicável em conformidade com o disposto na legislação em vigor e de acordo com a Diretiva 2009/90/CE, transposta para direito interno pelo Decreto-Lei n.º 83/2011, de 20 de junho.",Mensal,Pontual
L007547.2022.RH5A,Saída,pH (Escala de Sörensen),"Metodologia aplicável em conformidade com o disposto na legislação em vigor e de acordo com a Diretiva 2009/90/CE, transposta para direito interno pelo Decreto-Lei n.º 83/2011, de 20 de junho.",Mensal,Pontual
L007547.2022.RH5A,Saída,Carência Química de Oxigénio (mg/L O2),"Metodologia aplicável em conformidade com o disposto na legislação em vigor e de acordo com a Diretiva 2009/90/CE, transposta para direito interno pelo Decreto-Lei n.º 83/2011, de 20 de junho.",Mensal,Pontual
L007547.2022.RH5A,Saída,Carência Bioquímica de Oxigénio (mg/L O2),"Metodologia aplicável em conformidade com o disposto na legislação em vigor e de acordo com a Diretiva 2009/90/CE, transposta para direito interno pelo Decreto-Lei n.º 83/2011, de 20 de junho.",Mensal,Pontual
L007547.2022.RH5A,Saída,Sólidos Suspensos Totais (mg/L),"Metodologia aplicável em conformidade com o disposto na legislação em vigor e de acordo com a Diretiva 2009/90/CE, transposta para direito interno pelo Decreto-Lei n.º 83/2011, de 20 de junho.",Mensal,Pontual
L007547.2022.RH5A,Saída,Azoto total (mg/L N),"Metodologia aplicável em conformidade com o disposto na legislação em vigor e de acordo com a Diretiva 2009/90/CE, transposta para direito interno pelo Decreto-Lei n.º 83/2011, de 20 de junho.",Trimestral,Pontual
L007547.2022.RH5A,Saída,Fósforo total (mg/L P),"Metodologia aplicável em conformidade com o disposto na legislação em vigor e de acordo com a Diretiva 2009/90/CE, transposta para direito interno pelo Decreto-Lei n.º 83/2011, de 20 de junho.",Trimestral,Pontual
L007547.2022.RH5A,Saída,Caudal (m3/mês),-,Mensal,Pontual
L007581.2022.RH5A,Entrada,pH (Escala de Sörensen),"Metodologia aplicável em conformidade com o disposto na legislação em vigor e de acordo com a Diretiva 2009/90/CE, transposta para direito interno pelo Decreto-Lei n.º 83/2011, de 20 de junho.",Mensal,Composta (ii)
L007581.2022.RH5A,Entrada,Carência Química de Oxigénio (mg/L O2),"Metodologia aplicável em conformidade com o disposto na legislação em vigor e de acordo com a Diretiva 2009/90/CE, transposta para direito interno pelo Decreto-Lei n.º 83/2011, de 20 de junho.",Mensal,Composta (ii)
L007581.2022.RH5A,Entrada,Carência Bioquímica de Oxigénio (mg/L O2),"Metodologia aplicável em conformidade com o disposto na legislação em vigor e de acordo com a Diretiva 2009/90/CE, transposta para direito interno pelo Decreto-Lei n.º 83/2011, de 20 de junho.",Mensal,Composta (ii)
L007581.2022.RH5A,Entrada,Sólidos Suspensos Totais (mg/L),"Metodologia aplicável em conformidade com o disposto na legislação em vigor e de acordo com a Diretiva 2009/90/CE, transposta para direito interno pelo Decreto-Lei n.º 83/2011, de 20 de junho.",Mensal,Composta (ii)
L007581.2022.RH5A,Saída,pH (Escala de Sörensen),"Metodologia aplicável em conformidade com o disposto na legislação em vigor e de acordo com a Diretiva 2009/90/CE, transposta para direito interno pelo Decreto-Lei n.º 83/2011, de 20 de junho.",Mensal,Composta (ii)
L007581.2022.RH5A,Saída,Carência Química de Oxigénio (mg/L O2),"Metodologia aplicável em conformidade com o disposto na legislação em vigor e de acordo com a Diretiva 2009/90/CE, transposta para direito interno pelo Decreto-Lei n.º 83/2011, de 20 de junho.",Mensal,Composta (ii)
L007581.2022.RH5A,Saída,Carência Bioquímica de Oxigénio (mg/L O2),"Metodologia aplicável em conformidade com o disposto na legislação em vigor e de acordo com a Diretiva 2009/90/CE, transposta para direito interno pelo Decreto-Lei n.º 83/2011, de 20 de junho.",Mensal,Composta (ii)
L007581.2022.RH5A,Saída,Sólidos Suspensos Totais (mg/L),"Metodologia aplicável em conformidade com o disposto na legislação em vigor e de acordo com a Diretiva 2009/90/CE, transposta para direito interno pelo Decreto-Lei n.º 83/2011, de 20 de junho.",Mensal,Composta (ii)
L007581.2022.RH5A,Saída,Azoto total (mg/L N),"Metodologia aplicável em conformidade com o disposto na legislação em vigor e de acordo com a Diretiva 2009/90/CE, transposta para direito interno pelo Decreto-Lei n.º 83/2011, de 20 de junho.",Trimestral,Composta (ii)
L007581.2022.RH5A,Saída,Fósforo total (mg/L P),Metodologia aplicável em conformidade com o disposto na legislação em vigor e de acordo com a,Trimestral,Composta (ii)
L007581.2022.RH5A,Saída,Caudal (m3/mês),-,Mensal,Pontual
L005857.2021.RH5A,Entrada,pH (Escala de Sörensen),"Metodologia aplicável em conformidade com o disposto na legislação em vigor e de acordo com a Diretiva 2009/90/CE, transposta para direito interno pelo Decreto-Lei n.º 83/2011, de 20 de junho.",Mensal,Composta (ii)
L005857.2021.RH5A,Entrada,Carência Química de Oxigénio (mg/L O2),"Metodologia aplicável em conformidade com o disposto na legislação em vigor e de acordo com a Diretiva 2009/90/CE, transposta para direito interno pelo Decreto-Lei n.º 83/2011, de 20 de junho.",Mensal,Composta (ii)
L005857.2021.RH5A,Entrada,Carência Bioquímica de Oxigénio (mg/L O2),"Metodologia aplicável em conformidade com o disposto na legislação em vigor e de acordo com a Diretiva 2009/90/CE, transposta para direito interno pelo Decreto-Lei n.º 83/2011, de 20 de junho.",Mensal,Composta (ii)
L005857.2021.RH5A,Entrada,Sólidos Suspensos Totais (mg/L),"Metodologia aplicável em conformidade com o disposto na legislação em vigor e de acordo com a Diretiva 2009/90/CE, transposta para direito interno pelo Decreto-Lei n.º 83/2011, de 20 de junho.",Mensal,Composta (ii)
L005857.2021.RH5A,Entrada,Óleos e Gorduras (mg/L),"Metodologia aplicável em conformidade com o disposto na legislação em vigor e de acordo com a Diretiva 2009/90/CE, transposta para direito interno pelo Decreto-Lei n.º 83/2011, de 20 de junho.",Mensal,Composta (ii)
L005857.2021.RH5A,Saída,pH (Escala de Sörensen),"Metodologia aplicável em conformidade com o disposto na legislação em vigor e de acordo com a Diretiva 2009/90/CE, transposta para direito interno pelo Decreto-Lei n.º 83/2011, de 20 de junho.",Mensal,Composta (ii)
L005857.2021.RH5A,Saída,Carência Química de Oxigénio (mg/L O2),Metodologia aplicável em conformidade com o disposto na legislação em vigor e de acordo com a,Mensal,Composta (ii)
L005857.2021.RH5A,Saída,Carência Bioquímica de Oxigénio (mg/L O2),"Metodologia aplicável em conformidade com o disposto na legislação em vigor e de acordo com a Diretiva 2009/90/CE, transposta para direito interno pelo Decreto-Lei n.º 83/2011, de 20 de junho.",Mensal,Composta (ii)
L005857.2021.RH5A,Saída,Sólidos Suspensos Totais (mg/L),"Metodologia aplicável em conformidade com o disposto na legislação em vigor e de acordo com a Diretiva 2009/90/CE, transposta para direito interno pelo Decreto-Lei n.º 83/2011, de 20 de junho.",Mensal,Composta (ii)
L005857.2021.RH5A,Saída,Azoto total (mg/L N),"Metodologia aplicável em conformidade com o disposto na legislação em vigor e de acordo com a Diretiva 2009/90/CE, transposta para direito interno pelo Decreto-Lei n.º 83/2011, de 20 de junho.",Bimestral,Composta (ii)
L005857.2021.RH5A,Saída,Fósforo total (mg/L P),"Metodologia aplicável em conformidade com o disposto na legislação em vigor e de acordo com a Diretiva 2009/90/CE, transposta para direito interno pelo Decreto-Lei n.º 83/2011, de 20 de junho.",Trimestral,Composta (ii)
L005857.2021.RH5A,Saída,Óleos e Gorduras (mg/L),"Metodologia aplicável em conformidade com o disposto na legislação em vigor e de acordo com a Diretiva 2009/90/CE, transposta para direito interno pelo Decreto-Lei n.º 83/2011, de 20 de junho.",Mensal,Pontual
L005857.2021.RH5A,Saída,Caudal (m3/mês),-,Mensal,Em contínuo
L018843.2022.RH4A,Saída,pH (Escala de Sörensen),"Metodologia aplicável em conformidade com o disposto na legislação em vigor e de acordo com a Diretiva 2009/90/CE, transposta para direito interno pelo Decreto-Lei n.º 83/2011, de 20 de junho.",Trimestral,Composta (i)
L018843.2022.RH4A,Saída,Carência Química de Oxigénio (mg/L O2),"Metodologia aplicável em conformidade com o disposto na legislação em vigor e de acordo com a Diretiva 2009/90/CE, transposta para direito interno pelo Decreto-Lei n.º 83/2011, de 20 de junho.",Trimestral,Composta (i)
L018843.2022.RH4A,Saída,Carência Bioquímica de Oxigénio (mg/L O2),"Metodologia aplicável em conformidade com o disposto na legislação em vigor e de acordo com a Diretiva 2009/90/CE, transposta para direito interno pelo Decreto-Lei n.º 83/2011, de 20 de junho.",Trimestral,Composta (i)
L018843.2022.RH4A,Saída,Sólidos Suspensos Totais (mg/L),"Metodologia aplicável em conformidade com o disposto na legislação em vigor e de acordo com a Diretiva 2009/90/CE, transposta para direito interno pelo Decreto-Lei n.º 83/2011, de 20 de junho.",Trimestral,Composta (i)
L018843.2022.RH4A,Saída,Azoto total (mg/L N),"Metodologia aplicável em conformidade com o disposto na legislação em vigor e de acordo com a Diretiva 2009/90/CE, transposta para direito interno pelo Decreto-Lei n.º 83/2011, de 20 de junho.",Trimestral,Composta (i)
L018843.2022.RH4A,Saída,Fósforo total (mg/L P),"Metodologia aplicável em conformidade com o disposto na legislação em vigor e de acordo com a Diretiva 2009/90/CE, transposta para direito interno pelo Decreto-Lei n.º 83/2011, de 20 de junho.",Trimestral,Composta (i)
L018843.2022.RH4A,Saída,Escherichia coli (época balnear) (ufc/100 mL),"Metodologia aplicável em conformidade com o disposto na legislação em vigor e de acordo com a Diretiva 2009/90/CE, transposta para direito interno pelo Decreto-Lei n.º 83/2011, de 20 de junho.",Quinzenal,Pontual
L018843.2022.RH4A,Saída,Enterecocos intestinais (época balnear) (ufc/100 mL),"Anexo I do Decreto-Lei n.º 135/2009, de 3 de junho.",Quinzenal,Pontual
L020482.2021.RH5A,Entrada,pH (Escala de Sörensen),"Metodologia aplicável em conformidade com o disposto na legislação em vigor e de acordo com a Diretiva 2009/90/CE, transposta para direito interno pelo Decreto-Lei n.º 83/2011, de 20 de junho.",Quinzenal,Composta (i)
L020482.2021.RH5A,Entrada,Carência Química de Oxigénio (mg/L O2),"Metodologia aplicável em conformidade com o disposto na legislação em vigor e de acordo com a Diretiva 2009/90/CE, transposta para direito interno pelo Decreto-Lei n.º 83/2011, de 20 de junho.",Quinzenal,Composta (i)
L020482.2021.RH5A,Entrada,Carência Bioquímica de Oxigénio (mg/L O2),"Metodologia aplicável em conformidade com o disposto na legislação em vigor e de acordo com a Diretiva 2009/90/CE, transposta para direito interno pelo Decreto-Lei n.º 83/2011, de 20 de junho.",Quinzenal,Composta (i)
L020482.2021.RH5A,Entrada,Sólidos Suspensos Totais (mg/L),Metodologia aplicável em conformidade com o disposto na legislação em vigor e de acordo com a,Quinzenal,Composta (i)
L020482.2021.RH5A,Saída,pH (Escala de Sörensen),"Metodologia aplicável em conformidade com o disposto na legislação em vigor e de acordo com a Diretiva 2009/90/CE, transposta para direito interno pelo Decreto-Lei n.º 83/2011, de 20 de junho.",Quinzenal,Composta (i)
L020482.2021.RH5A,Saída,Carência Química de Oxigénio (mg/L O2),"Metodologia aplicável em conformidade com o disposto na legislação em vigor e de acordo com a Diretiva 2009/90/CE, transposta para direito interno pelo Decreto-Lei n.º 83/2011, de 20 de junho.",Quinzenal,Composta (i)
L020482.2021.RH5A,Saída,Carência Bioquímica de Oxigénio (mg/L O2),"Metodologia aplicável em conformidade com o disposto na legislação em vigor e de acordo com a Diretiva 2009/90/CE, transposta para direito interno pelo Decreto-Lei n.º 83/2011, de 20 de junho.",Quinzenal,Composta (i)
L020482.2021.RH5A,Saída,Sólidos Suspensos Totais (mg/L),"Metodologia aplicável em conformidade com o disposto na legislação em vigor e de acordo com a Diretiva 2009/90/CE, transposta para direito interno pelo Decreto-Lei n.º 83/2011, de 20 de junho.",Quinzenal,Composta (i)
L020482.2021.RH5A,Saída,Azoto total (mg/L N),"Metodologia aplicável em conformidade com o disposto na legislação em vigor e de acordo com a Diretiva 2009/90/CE, transposta para direito interno pelo Decreto-Lei n.º 83/2011, de 20 de junho.",Trimestral,Composta (i)
L020482.2021.RH5A,Saída,Fósforo total (mg/L P),"Metodologia aplicável em conformidade com o disposto na legislação em vigor e de acordo com a Diretiva 2009/90/CE, transposta para direito interno pelo Decreto-Lei n.º 83/2011, de 20 de junho.",Trimestral,Composta (i)
L020482.2021.RH5A,Saída,Óleos e Gorduras (mg/L),"Metodologia aplicável em conformidade com o disposto na legislação em vigor e de acordo com a Diretiva 2009/90/CE, transposta para direito interno pelo Decreto-Lei n.º 83/2011, de 20 de junho.",Trimestral,Pontual
L012133.2022.RH4A,Saída,pH (Escala de Sörensen),"Metodologia aplicável em conformidade com o disposto na legislação em vigor e de acordo com a Diretiva 2009/90/CE, transposta para direito interno pelo Decreto-Lei n.º 83/2011, de 20 de junho.",Trimestral,Composta (i)
L012133.2022.RH4A,Saída,Carência Química de Oxigénio (mg/L O2),"Metodologia aplicável em conformidade com o disposto na legislação em vigor e de acordo com a Diretiva 2009/90/CE, transposta para direito interno pelo Decreto-Lei n.º 83/2011, de 20 de junho.",Trimestral,Composta (i)
L012133.2022.RH4A,Saída,Carência Bioquímica de Oxigénio (mg/L O2),"Metodologia aplicável em conformidade com o disposto na legislação em vigor e de acordo com a Diretiva 2009/90/CE, transposta para direito interno pelo Decreto-Lei n.º 83/2011, de 20 de junho.",Trimestral,Composta (i)
L012133.2022.RH4A,Saída,Sólidos Suspensos Totais (mg/L),"Metodologia aplicável em conformidade com o disposto na legislação em vigor e de acordo com a Diretiva 2009/90/CE, transposta para direito interno pelo Decreto-Lei n.º 83/2011, de 20 de junho.",Trimestral,Composta (i)
L012133.2022.RH4A,Saída,Azoto total (mg/L N),"Metodologia aplicável em conformidade com o disposto na legislação em vigor e de acordo com a Diretiva 2009/90/CE, transposta para direito interno pelo Decreto-Lei n.º 83/2011, de 20 de junho.",Trimestral,Composta (i)
L012133.2022.RH4A,Saída,Fósforo total (mg/L P),"Metodologia aplicável em conformidade com o disposto na legislação em vigor e de acordo com a Diretiva 2009/90/CE, transposta para direito interno pelo Decreto-Lei n.º 83/2011, de 20 de junho.",Trimestral,Composta (i)
L015394.2021.RH5A,Saída,pH (Escala de Sörensen),"Metodologia aplicável em conformidade com o disposto na legislação em vigor e de acordo com a Diretiva 2009/90/CE, transposta para direito interno pelo Decreto-Lei n.º 83/2011, de 20 de junho.",Mensal,Pontual
L015394.2021.RH5A,Saída,Carência Química de Oxigénio (mg/L O2),"Metodologia aplicável em conformidade com o disposto na legislação em vigor e de acordo com a Diretiva 2009/90/CE, transposta para direito interno pelo Decreto-Lei n.º 83/2011, de 20 de junho.",Mensal,Pontual
L015394.2021.RH5A,Saída,Carência Bioquímica de Oxigénio (mg/L O2),"Metodologia aplicável em conformidade com o disposto na legislação em vigor e de acordo com a Diretiva 2009/90/CE, transposta para direito interno pelo Decreto-Lei n.º 83/2011, de 20 de junho.",Mensal,Pontual
L015394.2021.RH5A,Saída,Sólidos Suspensos Totais (mg/L),"Metodologia aplicável em conformidade com o disposto na legislação em vigor e de acordo com a Diretiva 2009/90/CE, transposta para direito interno pelo Decreto-Lei n.º 83/2011, de 20 de junho.",Mensal,Pontual
L015394.2021.RH5A,Saída,Azoto total (mg/L N),"Metodologia aplicável em conformidade com o disposto na legislação em vigor e de acordo com a Diretiva 2009/90/CE, transposta para direito interno pelo Decreto-Lei n.º 83/2011, de 20 de junho.",Trimestral,Pontual
L015394.2021.RH5A,Saída,Fósforo total (mg/L P),"Metodologia aplicável em conformidade com o disposto na legislação em vigor e de acordo com a Diretiva 2009/90/CE, transposta para direito interno pelo Decreto-Lei n.º 83/2011, de 20 de junho.",Trimestral,Pontual
L015394.2021.RH5A,Saída,Óleos e Gorduras (mg/L),Metodologia aplicável em conformidade com o,Mensal,Pontual
L015394.2021.RH5A,Saída,Caudal (m3/mês),-,Mensal,Composta (i)
L012296.2022.RH4A,Saída,pH (Escala de Sörensen),"Metodologia aplicável em conformidade com o disposto na legislação em vigor e de acordo com a Diretiva 2009/90/CE, transposta para direito interno pelo Decreto-Lei n.º 83/2011, de 20 de junho.",Trimestral,Composta (i)
L012296.2022.RH4A,Saída,Carência Química de Oxigénio (mg/L O2),"Metodologia aplicável em conformidade com o disposto na legislação em vigor e de acordo com a Diretiva 2009/90/CE, transposta para direito interno pelo Decreto-Lei n.º 83/2011, de 20 de junho.",Trimestral,Composta (i)
L012296.2022.RH4A,Saída,Carência Bioquímica de Oxigénio (mg/L O2),"Metodologia aplicável em conformidade com o disposto na legislação em vigor e de acordo com a Diretiva 2009/90/CE, transposta para direito interno pelo Decreto-Lei n.º 83/2011, de 20 de junho.",Trimestral,Composta (i)
L012296.2022.RH4A,Saída,Sólidos Suspensos Totais (mg/L),"Metodologia aplicável em conformidade com o disposto na legislação em vigor e de acordo com a Diretiva 2009/90/CE, transposta para direito interno pelo Decreto-Lei n.º 83/2011, de 20 de junho.",Trimestral,Composta (i)
L012296.2022.RH4A,Saída,Azoto total (mg/L N),"Metodologia aplicável em conformidade com o disposto na legislação em vigor e de acordo com a Diretiva 2009/90/CE, transposta para direito interno pelo Decreto-Lei n.º 83/2011, de 20 de junho.",Trimestral,Composta (i)
L012296.2022.RH4A,Saída,Fósforo total (mg/L P),"Metodologia aplicável em conformidade com o disposto na legislação em vigor e de acordo com a Diretiva 2009/90/CE, transposta para direito interno pelo Decreto-Lei n.º 83/2011, de 20 de junho.",Trimestral,Composta (i)
L012296.2022.RH4A,Saída,Azoto amoniacal (mg/L NH4),"Metodologia aplicável em conformidade com o disposto na legislação em vigor e de acordo com a Diretiva 2009/90/CE, transposta para direito interno pelo Decreto-Lei n.º 83/2011, de 20 de junho.",Trimestral,Composta (i)
L018830.2022.RH4A,Saída,pH (Escala de Sörensen),"Metodologia aplicável em conformidade com o disposto na legislação em vigor e de acordo com a Diretiva 2009/90/CE, transposta para direito interno pelo Decreto-Lei n.º 83/2011, de 20 de junho.",Trimestral,Composta (i)
L018830.2022.RH4A,Saída,Carência Química de Oxigénio (mg/L O2),"Metodologia aplicável em conformidade com o disposto na legislação em vigor e de acordo com a Diretiva 2009/90/CE, transposta para direito interno pelo Decreto-Lei n.º 83/2011, de 20 de junho.",Trimestral,Composta (i)
L018830.2022.RH4A,Saída,Carência Bioquímica de Oxigénio (mg/L O2),"Metodologia aplicável em conformidade com o disposto na legislação em vigor e de acordo com a Diretiva 2009/90/CE, transposta para direito interno pelo Decreto-Lei n.º 83/2011, de 20 de junho.",Trimestral,Composta (i)
L018830.2022.RH4A,Saída,Sólidos Suspensos Totais (mg/L),"Metodologia aplicável em conformidade com o disposto na legislação em vigor e de acordo com a Diretiva 2009/90/CE, transposta para direito interno pelo Decreto-Lei n.º 83/2011, de 20 de junho.",Trimestral,Composta (i)
L018830.2022.RH4A,Saída,Azoto total (mg/L N),"Metodologia aplicável em conformidade com o disposto na legislação em vigor e de acordo com a Diretiva 2009/90/CE, transposta para direito interno pelo Decreto-Lei n.º 83/2011, de 20 de junho.",Trimestral,Composta (i)
L018830.2022.RH4A,Saída,Fósforo total (mg/L P),"Metodologia aplicável em conformidade com o disposto na legislação em vigor e de acordo com a Diretiva 2009/90/CE, transposta para direito interno pelo Decreto-Lei n.º 83/2011, de 20 de junho.",Trimestral,Composta (i)
L018830.2022.RH4A,Saída,Azoto amoniacal (mg/L NH4),"Metodologia aplicável em conformidade com o disposto na legislação em vigor e de acordo com a Diretiva 2009/90/CE, transposta para direito interno pelo Decreto-Lei n.º 83/2011, de 20 de junho.",Trimestral,Composta (i)
L012280.2022.RH4A,Saída,pH (Escala de Sörensen),"Metodologia aplicável em conformidade com o disposto na legislação em vigor e de acordo com a Diretiva 2009/90/CE, transposta para direito interno pelo Decreto-Lei n.º 83/2011, de 20 de junho.",Trimestral,Composta (i)
L012280.2022.RH4A,Saída,Carência Química de Oxigénio (mg/L O2),"Metodologia aplicável em conformidade com o disposto na legislação em vigor e de acordo com a Diretiva 2009/90/CE, transposta para direito interno pelo Decreto-Lei n.º 83/2011, de 20 de junho.",Trimestral,Composta (i)
L012280.2022.RH4A,Saída,Carência Bioquímica de Oxigénio (mg/L O2),"Metodologia aplicável em conformidade com o disposto na legislação em vigor e de acordo com a Diretiva 2009/90/CE, transposta para direito interno pelo Decreto-Lei n.º 83/2011, de 20 de junho.",Trimestral,Composta (i)
L012280.2022.RH4A,Saída,Sólidos Suspensos Totais (mg/L),"Metodologia aplicável em conformidade com o disposto na legislação em vigor e de acordo com a Diretiva 2009/90/CE, transposta para direito interno pelo Decreto-Lei n.º 83/2011, de 20 de junho.",Trimestral,Composta (i)
L012280.2022.RH4A,Saída,Azoto total (mg/L N),"Metodologia aplicável em conformidade com o disposto na legislação em vigor e de acordo com a Diretiva 2009/90/CE, transposta para direito interno pelo Decreto-Lei n.º 83/2011, de 20 de junho.",Trimestral,Composta (i)
L012280.2022.RH4A,Saída,Fósforo total (mg/L P),"Metodologia aplicável em conformidade com o disposto na legislação em vigor e de acordo com a Diretiva 2009/90/CE, transposta para direito interno pelo Decreto-Lei n.º 83/2011, de 20 de junho.",Trimestral,Composta (i)
L012280.2022.RH4A,Saída,Escherichia coli (ufc/100 mL),"Anexo I do Decreto-Lei n.º 135/2009, de 3 de junho.",Quinzenal,Pontual
L012280.2022.RH4A,Saída,Enterococos intestinais (ufc/100 mL),"Anexo I do Decreto-Lei n.º 135/2009, de 3 de junho.",Quinzenal,Pontual
L003584.2021.RH7,Saída,pH (Escala de Sörensen),"Metodologia aplicável em conformidade com o disposto na legislação em vigor e de acordo com a Diretiva 2009/90/CE, transposta para direito interno pelo Decreto-Lei n.º 83/2011, de 20 de junho.",Mensal,Composta (iii)
L003584.2021.RH7,Saída,Carência Química de Oxigénio (mg/L O2),"Metodologia aplicável em conformidade com o disposto na legislação em vigor e de acordo com a Diretiva 2009/90/CE, transposta para direito interno pelo Decreto-Lei n.º 83/2011, de 20 de junho.",Mensal,Composta (iii)
L003584.2021.RH7,Saída,Carência Bioquímica de Oxigénio (mg/L O2),"Metodologia aplicável em conformidade com o disposto na legislação em vigor e de acordo com a Diretiva 2009/90/CE, transposta para direito interno pelo Decreto-Lei n.º 83/2011, de 20 de junho.",Mensal,Composta (iii)
L003584.2021.RH7,Saída,Sólidos Suspensos Totais (mg/L),"Metodologia aplicável em conformidade com o disposto na legislação em vigor e de acordo com a Diretiva 2009/90/CE, transposta para direito interno pelo Decreto-Lei n.º 83/2011, de 20 de junho.",Mensal,Composta (iii)
L003584.2021.RH7,Saída,Azoto total (mg/L N),"Metodologia aplicável em conformidade com o disposto na legislação em vigor e de acordo com a Diretiva 2009/90/CE, transposta para direito interno pelo Decreto-Lei n.º 83/2011, de 20 de junho.",Mensal,Composta (iii)
L003584.2021.RH7,Saída,Fósforo total (mg/L P),"Metodologia aplicável em conformidade com o disposto na legislação em vigor e de acordo com a Diretiva 2009/90/CE, transposta para direito interno pelo Decreto-Lei n.º 83/2011, de 20 de junho.",Mensal,Composta (iii)
L003584.2021.RH7,Saída,Óleos e Gorduras (mg/L),"Metodologia aplicável em conformidade com o disposto na legislação em vigor e de acordo com a Diretiva 2009/90/CE, transposta para direito interno pelo Decreto-Lei n.º 83/2011, de 20 de junho.",Semestral,Composta (iii)
L003584.2021.RH7,Saída,Caudal (m3/mês),-,Mensal,Composta (i)
L025551.2023.RH7,Saída,pH (Escala de Sörensen),"Metodologia aplicável em conformidade com o disposto na legislação em vigor e de acordo com a Diretiva 2009/90/CE, transposta para direito interno pelo Decreto-Lei n.º 83/2011, de 20 de junho.",Bimestral,Composta (iii)
L025551.2023.RH7,Saída,Carência Química de Oxigénio (mg/L O2),"Metodologia aplicável em conformidade com o disposto na legislação em vigor e de acordo com a Diretiva 2009/90/CE, transposta para direito interno pelo Decreto-Lei n.º 83/2011, de 20 de junho.",Bimestral,Composta (iii)
L025551.2023.RH7,Saída,Carência Bioquímica de Oxigénio (mg/L O2),"Metodologia aplicável em conformidade com o disposto na legislação em vigor e de acordo com a Diretiva 2009/90/CE, transposta para direito interno pelo Decreto-Lei n.º 83/2011, de 20 de junho.",Bimestral,Composta (iii)
L025551.2023.RH7,Saída,Sólidos Suspensos Totais (mg/L),"Metodologia aplicável em conformidade com o disposto na legislação em vigor e de acordo com a Diretiva 2009/90/CE, transposta para direito interno pelo Decreto-Lei n.º 83/2011, de 20 de junho.",Bimestral,Composta (iii)
L025551.2023.RH7,Saída,Azoto total (mg/L N),"Metodologia aplicável em conformidade com o disposto na legislação em vigor e de acordo com a Diretiva 2009/90/CE, transposta para direito interno pelo Decreto-Lei n.º 83/2011, de 20 de junho.",Bimestral,Composta (iii)
L025551.2023.RH7,Saída,Fósforo total (mg/L P),"Metodologia aplicável em conformidade com o disposto na legislação em vigor e de acordo com a Diretiva 2009/90/CE, transposta para direito interno pelo Decreto-Lei n.º 83/2011, de 20 de junho.",Bimestral,Composta (iii)
L025551.2023.RH7,Saída,Óleos e Gorduras (mg/L),"Metodologia aplicável em conformidade com o disposto na legislação em vigor e de acordo com a Diretiva 2009/90/CE, transposta para direito interno pelo Decreto-Lei n.º 83/2011, de 20 de junho.",Semestral,Composta (iii)
L025551.2023.RH7,Saída,Caudal (m3/mês),-,Mensal,Composta (i)
L018295.2018.RH7,Saída,pH (Escala de Sörensen),"Metodologia aplicável em conformidade com o disposto na legislação em vigor e de acordo com a Diretiva 2009/90/CE, transposta para direito interno pelo Decreto-Lei n.º 83/2011, de 20 de junho.",Mensal,Composta (i)
L018295.2018.RH7,Saída,Carência Química de Oxigénio (mg/L O2),"Metodologia aplicável em conformidade com o disposto na legislação em vigor e de acordo com a Diretiva 2009/90/CE, transposta para direito interno pelo Decreto-Lei n.º 83/2011, de 20 de junho.",Mensal,Composta (i)
L018295.2018.RH7,Saída,Carência Bioquímica de Oxigénio (mg/L O2),"Metodologia aplicável em conformidade com o disposto na legislação em vigor e de acordo com a Diretiva 2009/90/CE, transposta para direito interno pelo Decreto-Lei n.º 83/2011, de 20 de junho.",Mensal,Composta (i)
L018295.2018.RH7,Saída,Sólidos Suspensos Totais (mg/L),"Metodologia aplicável em conformidade com o disposto na legislação em vigor e de acordo com a Diretiva 2009/90/CE, transposta para direito interno pelo Decreto-Lei n.º 83/2011, de 20 de junho.",Mensal,Composta (i)
L018295.2018.RH7,Saída,Azoto total (mg/L N),"Metodologia aplicável em conformidade com o disposto na legislação em vigor e de acordo com a Diretiva 2009/90/CE, transposta para direito interno pelo Decreto-Lei n.º 83/2011, de 20 de junho.",Mensal,Composta (i)
L018295.2018.RH7,Saída,Fósforo total (mg/L P),"Metodologia aplicável em conformidade com o disposto na legislação em vigor e de acordo com a Diretiva 2009/90/CE, transposta para direito interno pelo Decreto-Lei n.º 83/2011, de 20 de junho.",Mensal,Composta (i)
L020612.2018.RH6,Saída,pH (Escala de Sörensen),"Metodologia aplicável em conformidade com o disposto na legislação em vigor e de acordo com a Diretiva 2009/90/CE, transposta para direito interno pelo Decreto-Lei n.º 83/2011, de 20 de junho.",Trimestral,Pontual
L020612.2018.RH6,Saída,Carência Química de Oxigénio (mg/L O2),"Metodologia aplicável em conformidade com o disposto na legislação em vigor e de acordo com a Diretiva 2009/90/CE, transposta para direito interno pelo Decreto-Lei n.º 83/2011, de 20 de junho.",Trimestral,Pontual
L020612.2018.RH6,Saída,Carência Bioquímica de Oxigénio (mg/L O2),"Metodologia aplicável em conformidade com o disposto na legislação em vigor e de acordo com a Diretiva 2009/90/CE, transposta para direito interno pelo Decreto-Lei n.º 83/2011, de 20 de junho.",Trimestral,Pontual
L020612.2018.RH6,Saída,Sólidos Suspensos Totais (mg/L),"Metodologia aplicável em conformidade com o disposto na legislação em vigor e de acordo com a Diretiva 2009/90/CE, transposta para direito interno pelo Decreto-Lei n.º 83/2011, de 20 de junho.",Trimestral,Pontual
L020612.2018.RH6,Saída,Azoto total (mg/L N),"Metodologia aplicável em conformidade com o disposto na legislação em vigor e de acordo com a Diretiva 2009/90/CE, transposta para direito interno pelo Decreto-Lei n.º 83/2011, de 20 de junho.",Trimestral,Pontual
L020612.2018.RH6,Saída,Fósforo total (mg/L P),"Metodologia aplicável em conformidade com o disposto na legislação em vigor e de acordo com a Diretiva 2009/90/CE, transposta para direito interno pelo Decreto-Lei n.º 83/2011, de 20 de junho.",Trimestral,Pontual
L020612.2018.RH6,Saída,Óleos e Gorduras (mg/L),"Metodologia aplicável em conformidade com o disposto na legislação em vigor e de acordo com a Diretiva 2009/90/CE, transposta para direito interno pelo Decreto-Lei n.º 83/2011, de 20 de junho.",Semestral,Pontual
L020612.2018.RH6,Saída,Caudal (m3/mês),-,Mensal,Composta (i)
L027844.2023.RH7,Saída,pH (Escala de Sörensen),"Metodologia aplicável em conformidade com o disposto na legislação em vigor e de acordo com a Diretiva 2009/90/CE, transposta para direito interno pelo Decreto-Lei n.º 83/2011, de 20 de junho.",Trimestral,Composta (iii)
L027844.2023.RH7,Saída,Carência Química de Oxigénio (mg/L O2),"Metodologia aplicável em conformidade com o disposto na legislação em vigor e de acordo com a Diretiva 2009/90/CE, transposta para direito interno pelo Decreto-Lei n.º 83/2011, de 20 de junho.",Trimestral,Composta (iii)
L027844.2023.RH7,Saída,Carência Bioquímica de Oxigénio (mg/L O2),"Metodologia aplicável em conformidade com o disposto na legislação em vigor e de acordo com a Diretiva 2009/90/CE, transposta para direito interno pelo Decreto-Lei n.º 83/2011, de 20 de junho.",Trimestral,Composta (iii)
L027844.2023.RH7,Saída,Sólidos Suspensos Totais (mg/L),"Metodologia aplicável em conformidade com o disposto na legislação em vigor e de acordo com a Diretiva 2009/90/CE, transposta para direito interno pelo Decreto-Lei n.º 83/2011, de 20 de junho.",Trimestral,Composta (iii)
L027844.2023.RH7,Saída,Azoto total (mg/L N),"Metodologia aplicável em conformidade com o disposto na legislação em vigor e de acordo com a Diretiva 2009/90/CE, transposta para direito interno pelo Decreto-Lei n.º 83/2011, de 20 de junho.",Trimestral,Composta (iii)
L027844.2023.RH7,Saída,Fósforo total (mg/L P),"Metodologia aplicável em conformidade com o disposto na legislação em vigor e de acordo com a Diretiva 2009/90/CE, transposta para direito interno pelo Decreto-Lei n.º 83/2011, de 20 de junho.",Trimestral,Composta (iii)
L027844.2023.RH7,Saída,Óleos e Gorduras (mg/L),"Metodologia aplicável em conformidade com o disposto na legislação em vigor e de acordo com a Diretiva 2009/90/CE, transposta para direito interno pelo Decreto-Lei n.º 83/2011, de 20 de junho.",Semestral,Composta (iii)
L027844.2023.RH7,Saída,Caudal (m3/mês),-,Mensal,Composta (i)
L020167.2020.RH5A,Entrada,pH (Escala de Sörensen),"Metodologia aplicável em conformidade com o disposto na legislação em vigor e de acordo com a Diretiva 2009/90/CE, transposta para direito interno pelo Decreto-Lei n.º 83/2011, de 20 de junho.",Quinzenal,Composta (ii)
L020167.2020.RH5A,Entrada,Carência Química de,Metodologia aplicável em conformidade com o,Quinzenal,Composta (ii)
L020167.2020.RH5A,Entrada,Carência Bioquímica de Oxigénio (mg/L O2),"Metodologia aplicável em conformidade com o disposto na legislação em vigor e de acordo com a Diretiva 2009/90/CE, transposta para direito interno pelo Decreto-Lei n.º 83/2011, de 20 de junho.",Quinzenal,Composta (ii)
L020167.2020.RH5A,Entrada,Sólidos Suspensos Totais (mg/L),"Metodologia aplicável em conformidade com o disposto na legislação em vigor e de acordo com a Diretiva 2009/90/CE, transposta para direito interno pelo Decreto-Lei n.º 83/2011, de 20 de junho.",Quinzenal,Composta (ii)
L020167.2020.RH5A,Entrada,Óleos e Gorduras (mg/L),"Metodologia aplicável em conformidade com o disposto na legislação em vigor e de acordo com a Diretiva 2009/90/CE, transposta para direito interno pelo Decreto-Lei n.º 83/2011, de 20 de junho.",Mensal,Composta (ii)
L020167.2020.RH5A,Entrada,Caudal (m3/mês),-,Mensal,Pontual
L020167.2020.RH5A,Entrada,Azoto amoniacal (mg/L NH4),"Metodologia aplicável em conformidade com o disposto na legislação em vigor e de acordo com a Diretiva 2009/90/CE, transposta para direito interno pelo Decreto-Lei n.º 83/2011, de 20 de junho.",Mensal,Composta (ii)
L020167.2020.RH5A,Saída,pH (Escala de Sörensen),"Metodologia aplicável em conformidade com o disposto na legislação em vigor e de acordo com a Diretiva 2009/90/CE, transposta para direito interno pelo Decreto-Lei n.º 83/2011, de 20 de junho.",Quinzenal,Composta (ii)
L020167.2020.RH5A,Saída,Carência Química de Oxigénio (mg/L O2),"Metodologia aplicável em conformidade com o disposto na legislação em vigor e de acordo com a Diretiva 2009/90/CE, transposta para direito interno pelo Decreto-Lei n.º 83/2011, de 20 de junho.",Quinzenal,Composta (ii)
L020167.2020.RH5A,Saída,Carência Bioquímica de Oxigénio (mg/L O2),"Metodologia aplicável em conformidade com o disposto na legislação em vigor e de acordo com a Diretiva 2009/90/CE, transposta para direito interno pelo Decreto-Lei n.º 83/2011, de 20 de junho.",Quinzenal,Composta (ii)
L020167.2020.RH5A,Saída,Sólidos Suspensos Totais (mg/L),"Metodologia aplicável em conformidade com o disposto na legislação em vigor e de acordo com a Diretiva 2009/90/CE, transposta para direito interno pelo Decreto-Lei n.º 83/2011, de 20 de junho.",Quinzenal,Composta (ii)
L020167.2020.RH5A,Saída,Azoto total (mg/L N),"Metodologia aplicável em conformidade com o disposto na legislação em vigor e de acordo com a Diretiva 2009/90/CE, transposta para direito interno pelo Decreto-Lei n.º 83/2011, de 20 de junho.",Mensal,Composta (iii)
L020167.2020.RH5A,Saída,Fósforo total (mg/L P),"Metodologia aplicável em conformidade com o disposto na legislação em vigor e de acordo com a Diretiva 2009/90/CE, transposta para direito interno pelo Decreto-Lei n.º 83/2011, de 20 de junho.",Mensal,Composta (iii)
L020167.2020.RH5A,Saída,Óleos e Gorduras (mg/L),"Metodologia aplicável em conformidade com o disposto na legislação em vigor e de acordo com a Diretiva 2009/90/CE, transposta para direito interno pelo Decreto-Lei n.º 83/2011, de 20 de junho.",Mensal,Composta (ii)
L020167.2020.RH5A,Saída,Caudal (m3/mês),-,Mensal,Pontual
L020167.2020.RH5A,Saída,Azoto amoniacal (mg/L NH4),"Metodologia aplicável em conformidade com o disposto na legislação em vigor e de acordo com a Diretiva 2009/90/CE, transposta para direito interno pelo Decreto-Lei n.º 83/2011, de 20 de junho.",Mensal,Composta (ii)
L007587.2022.RH5A,Saída,pH (Escala de Sörensen),"Metodologia aplicável em conformidade com o disposto na legislação em vigor e de acordo com a Diretiva 2009/90/CE, transposta para direito interno pelo Decreto-Lei n.º 83/2011, de 20 de junho.",Mensal,Composta (ii)
L007587.2022.RH5A,Saída,Carência Química de Oxigénio (mg/L O2),"Metodologia aplicável em conformidade com o disposto na legislação em vigor e de acordo com a Diretiva 2009/90/CE, transposta para direito interno pelo Decreto-Lei n.º 83/2011, de 20 de junho.",Mensal,Composta (ii)
L007587.2022.RH5A,Saída,Carência Bioquímica de Oxigénio (mg/L O2),"Metodologia aplicável em conformidade com o disposto na legislação em vigor e de acordo com a Diretiva 2009/90/CE, transposta para direito interno pelo Decreto-Lei n.º 83/2011, de 20 de junho.",Mensal,Composta (ii)
L007587.2022.RH5A,Saída,Sólidos Suspensos Totais (mg/L),"Metodologia aplicável em conformidade com o disposto na legislação em vigor e de acordo com a Diretiva 2009/90/CE, transposta para direito interno pelo Decreto-Lei n.º 83/2011, de 20 de junho.",Mensal,Composta (ii)
L007587.2022.RH5A,Saída,Azoto total (mg/L N),"Metodologia aplicável em conformidade com o disposto na legislação em vigor e de acordo com a Diretiva 2009/90/CE, transposta para direito interno pelo Decreto-Lei n.º 83/2011, de 20 de junho.",Trimestral,Composta (ii)
L007587.2022.RH5A,Saída,Fósforo total (mg/L P),"Metodologia aplicável em conformidade com o disposto na legislação em vigor e de acordo com a Diretiva 2009/90/CE, transposta para direito interno pelo Decreto-Lei n.º 83/2011, de 20 de junho.",Trimestral,Composta (ii)
L007587.2022.RH5A,Saída,Caudal (m3/mês),-,Mensal,Composta (ii)
L023256.2020.RH7,Saída,pH (Escala de Sörensen),"Metodologia aplicável em conformidade com o disposto na legislação em vigor e de acordo com a Diretiva 2009/90/CE, transposta para direito interno pelo Decreto-Lei n.º 83/2011, de 20 de junho.",Trimestral,Pontual
L023256.2020.RH7,Saída,Carência Química de Oxigénio (mg/L O2),"Metodologia aplicável em conformidade com o disposto na legislação em vigor e de acordo com a Diretiva 2009/90/CE, transposta para direito interno pelo Decreto-Lei n.º 83/2011, de 20 de junho.",Trimestral,Pontual
L023256.2020.RH7,Saída,Carência Bioquímica de Oxigénio (mg/L O2),"Metodologia aplicável em conformidade com o disposto na legislação em vigor e de acordo com a Diretiva 2009/90/CE, transposta para direito interno pelo Decreto-Lei n.º 83/2011, de 20 de junho.",Trimestral,Pontual
L023256.2020.RH7,Saída,Sólidos Suspensos Totais (mg/L),"Metodologia aplicável em conformidade com o disposto na legislação em vigor e de acordo com a Diretiva 2009/90/CE, transposta para direito interno pelo Decreto-Lei n.º 83/2011, de 20 de junho.",Trimestral,Pontual
L023256.2020.RH7,Saída,Azoto total (mg/L N),"Metodologia aplicável em conformidade com o disposto na legislação em vigor e de acordo com a Diretiva 2009/90/CE, transposta para direito interno pelo Decreto-Lei n.º 83/2011, de 20 de junho.",Trimestral,Pontual
L023256.2020.RH7,Saída,Fósforo total (mg/L P),"Metodologia aplicável em conformidade com o disposto na legislação em vigor e de acordo com a Diretiva 2009/90/CE, transposta para direito interno pelo Decreto-Lei n.º 83/2011, de 20 de junho.",Trimestral,Pontual
L023256.2020.RH7,Saída,Óleos e Gorduras (mg/L),"Metodologia aplicável em conformidade com o disposto na legislação em vigor e de acordo com a Diretiva 2009/90/CE, transposta para direito interno pelo Decreto-Lei n.º 83/2011, de 20 de junho.",Semestral,Pontual
L023256.2020.RH7,Saída,Caudal (m3/mês),-,Mensal,Composta (i)
L011845.2021.RH4A,Saída,Carência Química de Oxigénio (mg/L O2),"Metodologia aplicável em conformidade com o disposto na legislação em vigor e de acordo com a Diretiva 2009/90/CE, transposta para direito interno pelo Decreto-Lei n.º 83/2011, de 20 de junho.",Trimestral,Composta (i)
L011845.2021.RH4A,Saída,Carência Bioquímica de Oxigénio (mg/L O2),"Metodologia aplicável em conformidade com o disposto na legislação em vigor e de acordo com a Diretiva 2009/90/CE, transposta para direito interno pelo Decreto-Lei n.º 83/2011, de 20 de junho.",Trimestral,Composta (i)
L011845.2021.RH4A,Saída,Sólidos Suspensos Totais (mg/L),"Metodologia aplicável em conformidade com o disposto na legislação em vigor e de acordo com a Diretiva 2009/90/CE, transposta para direito interno pelo Decreto-Lei n.º 83/2011, de 20 de junho.",Trimestral,Composta (i)
L011845.2021.RH4A,Saída,Azoto total (mg/L N),"Metodologia aplicável em conformidade com o disposto na legislação em vigor e de acordo com a Diretiva 2009/90/CE, transposta para direito interno pelo Decreto-Lei n.º 83/2011, de 20 de junho.",Trimestral,Composta (i)
L011845.2021.RH4A,Saída,Fósforo total (mg/L P),"Metodologia aplicável em conformidade com o disposto na legislação em vigor e de acordo com a Diretiva 2009/90/CE, transposta para direito interno pelo Decreto-Lei n.º 83/2011, de 20 de junho.",Trimestral,Composta (i)
L011845.2021.RH4A,Saída,Azoto amoniacal (mg/L NH4),"Metodologia aplicável em conformidade com o disposto na legislação em vigor e de acordo com a Diretiva 2009/90/CE, transposta para direito interno pelo Decreto-Lei n.º 83/2011, de 20 de junho.",Trimestral,Composta (i)
L011845.2021.RH4A,Saída,pH (até junho 2019) (Escala de Sörensen),"Metodologia aplicável em conformidade com o disposto na legislação em vigor e de acordo com a Diretiva 2009/90/CE, transposta para direito interno pelo Decreto-Lei n.º 83/2011, de 20 de junho.",Trimestral,Pontual
L006353.2022.RH4A,Saída,pH (Escala de Sörensen),"Metodologia aplicável em conformidade com o disposto na legislação em vigor e de acordo com a Diretiva 2009/90/CE, transposta para direito interno pelo Decreto-Lei n.º 83/2011, de 20 de junho.",Trimestral,Composta (i)
L006353.2022.RH4A,Saída,Carência Química de Oxigénio (mg/L O2),"Metodologia aplicável em conformidade com o disposto na legislação em vigor e de acordo com a Diretiva 2009/90/CE, transposta para direito interno pelo Decreto-Lei n.º 83/2011, de 20 de junho.",Trimestral,Composta (i)
L006353.2022.RH4A,Saída,Carência Bioquímica de Oxigénio (mg/L O2),"Metodologia aplicável em conformidade com o disposto na legislação em vigor e de acordo com a Diretiva 2009/90/CE, transposta para direito interno pelo Decreto-Lei n.º 83/2011, de 20 de junho.",Trimestral,Composta (i)
L006353.2022.RH4A,Saída,Sólidos Suspensos Totais (mg/L),"Metodologia aplicável em conformidade com o disposto na legislação em vigor e de acordo com a Diretiva 2009/90/CE, transposta para direito interno pelo Decreto-Lei n.º 83/2011, de 20 de junho.",Trimestral,Composta (i)
L006353.2022.RH4A,Saída,Azoto total (mg/L N),"Metodologia aplicável em conformidade com o disposto na legislação em vigor e de acordo com a Diretiva 2009/90/CE, transposta para direito interno pelo Decreto-Lei n.º 83/2011, de 20 de junho.",Trimestral,Composta (i)
L006353.2022.RH4A,Saída,Fósforo total (mg/L P),"Metodologia aplicável em conformidade com o disposto na legislação em vigor e de acordo com a Diretiva 2009/90/CE, transposta para direito interno pelo Decreto-Lei n.º 83/2011, de 20 de junho.",Trimestral,Composta (i)
L006353.2022.RH4A,Saída,Azoto amoniacal (mg/L NH4),"Metodologia aplicável em conformidade com o disposto na legislação em vigor e de acordo com a Diretiva 2009/90/CE, transposta para direito interno pelo Decreto-Lei n.º 83/2011, de 20 de junho.",Trimestral,Composta (i)
L004545.2019.RH5A,Entrada,pH (Escala de Sörensen),"Metodologia aplicável em conformidade com o disposto na legislação em vigor e de acordo com a Diretiva 2009/90/CE, transposta para direito interno pelo Decreto-Lei n.º 83/2011, de 20 de junho.",Mensal,Composta (i)
L004545.2019.RH5A,Entrada,Carência Química de Oxigénio (mg/L O2),"Metodologia aplicável em conformidade com o disposto na legislação em vigor e de acordo com a Diretiva 2009/90/CE, transposta para direito interno pelo Decreto-Lei n.º 83/2011, de 20 de junho.",Mensal,Composta (i)
L004545.2019.RH5A,Entrada,Carência Bioquímica de Oxigénio (mg/L O2),"Metodologia aplicável em conformidade com o disposto na legislação em vigor e de acordo com a Diretiva 2009/90/CE, transposta para direito interno pelo Decreto-Lei n.º 83/2011, de 20 de junho.",Mensal,Composta (i)
L004545.2019.RH5A,Entrada,Sólidos Suspensos Totais (mg/L),"Metodologia aplicável em conformidade com o disposto na legislação em vigor e de acordo com a Diretiva 2009/90/CE, transposta para direito interno pelo Decreto-Lei n.º 83/2011, de 20 de junho.",Mensal,Composta (i)
L004545.2019.RH5A,Saída,pH (Escala de Sörensen),"Metodologia aplicável em conformidade com o disposto na legislação em vigor e de acordo com a Diretiva 2009/90/CE, transposta para direito interno pelo Decreto-Lei n.º 83/2011, de 20 de junho.",Mensal,Composta (i)
L004545.2019.RH5A,Saída,Carência Química de,Metodologia aplicável em conformidade com o,Mensal,Composta (i)
L004545.2019.RH5A,Saída,Carência Bioquímica de Oxigénio (mg/L O2),"Metodologia aplicável em conformidade com o disposto na legislação em vigor e de acordo com a Diretiva 2009/90/CE, transposta para direito interno pelo Decreto-Lei n.º 83/2011, de 20 de junho.",Mensal,Composta (i)
L004545.2019.RH5A,Saída,Sólidos Suspensos Totais (mg/L),"Metodologia aplicável em conformidade com o disposto na legislação em vigor e de acordo com a Diretiva 2009/90/CE, transposta para direito interno pelo Decreto-Lei n.º 83/2011, de 20 de junho.",Mensal,Composta (i)
L004545.2019.RH5A,Saída,Azoto total (mg/L N),"Metodologia aplicável em conformidade com o disposto na legislação em vigor e de acordo com a Diretiva 2009/90/CE, transposta para direito interno pelo Decreto-Lei n.º 83/2011, de 20 de junho.",Trimestral,Composta (i)
L004545.2019.RH5A,Saída,Fósforo total (mg/L P),"Metodologia aplicável em conformidade com o disposto na legislação em vigor e de acordo com a Diretiva 2009/90/CE, transposta para direito interno pelo Decreto-Lei n.º 83/2011, de 20 de junho.",Trimestral,Composta (i)
L004545.2019.RH5A,Saída,Caudal (m3/dia),-,Mensal,Composta (i)
L000186.2019.RH7,Saída,pH (Escala de Sörensen),"Metodologia aplicável em conformidade com o disposto na legislação em vigor e de acordo com a Diretiva 2009/90/CE, transposta para direito interno pelo Decreto-Lei n.º 83/2011, de 20 de junho.",Mensal,Composta (i)
L000186.2019.RH7,Saída,Carência Química de Oxigénio (mg/L O2),"Metodologia aplicável em conformidade com o disposto na legislação em vigor e de acordo com a Diretiva 2009/90/CE, transposta para direito interno pelo Decreto-Lei n.º 83/2011, de 20 de junho.",Mensal,Composta (i)
L000186.2019.RH7,Saída,Carência Bioquímica de Oxigénio (mg/L O2),"Metodologia aplicável em conformidade com o disposto na legislação em vigor e de acordo com a Diretiva 2009/90/CE, transposta para direito interno pelo Decreto-Lei n.º 83/2011, de 20 de junho.",Mensal,Composta (i)
L000186.2019.RH7,Saída,Sólidos Suspensos Totais (mg/L),"Metodologia aplicável em conformidade com o disposto na legislação em vigor e de acordo com a Diretiva 2009/90/CE, transposta para direito interno pelo Decreto-Lei n.º 83/2011, de 20 de junho.",Mensal,Composta (i)
L000186.2019.RH7,Saída,Azoto total (mg/L N),"Metodologia aplicável em conformidade com o disposto na legislação em vigor e de acordo com a Diretiva 2009/90/CE, transposta para direito interno pelo Decreto-Lei n.º 83/2011, de 20 de junho.",Mensal,Composta (i)
L000186.2019.RH7,Saída,Fósforo total (mg/L P),"Metodologia aplicável em conformidade com o disposto na legislação em vigor e de acordo com a Diretiva 2009/90/CE, transposta para direito interno pelo Decreto-Lei n.º 83/2011, de 20 de junho.",Mensal,Composta (i)
L000186.2019.RH7,Saída,Óleos e Gorduras (mg/L),"Metodologia aplicável em conformidade com o disposto na legislação em vigor e de acordo com a Diretiva 2009/90/CE, transposta para direito interno pelo Decreto-Lei n.º 83/2011, de 20 de junho.",Mensal,Composta (i)
L000186.2019.RH7,Saída,Caudal (m3/mês),-,Mensal,Composta (i)
L007592.2022.RH5A,Saída,Carência Química de Oxigénio (mg/L O2),"Metodologia aplicável em conformidade com o disposto na legislação em vigor e de acordo com a Diretiva 2009/90/CE, transposta para direito interno pelo Decreto-Lei n.º 83/2011, de 20 de junho.",Mensal,Pontual
L007592.2022.RH5A,Saída,Sólidos Suspensos Totais (mg/L),"Metodologia aplicável em conformidade com o disposto na legislação em vigor e de acordo com a Diretiva 2009/90/CE, transposta para direito interno pelo Decreto-Lei n.º 83/2011, de 20 de junho.",Mensal,Pontual
L007592.2022.RH5A,Saída,Azoto total (mg/L N),"Metodologia aplicável em conformidade com o disposto na legislação em vigor e de acordo com a Diretiva 2009/90/CE, transposta para direito interno pelo Decreto-Lei n.º 83/2011, de 20 de junho.",Trimestral,Pontual
L007592.2022.RH5A,Saída,Fósforo total (mg/L P),"Metodologia aplicável em conformidade com o disposto na legislação em vigor e de acordo com a Diretiva 2009/90/CE, transposta para direito interno pelo Decreto-Lei n.º 83/2011, de 20 de junho.",Trimestral,Pontual
L007592.2022.RH5A,Saída,Caudal (m3/mês),-,Mensal,Pontual
L006103.2022.RH5A,Saída,pH (Escala de Sörensen),"Metodologia aplicável em conformidade com o disposto na legislação em vigor e de acordo com a Diretiva 2009/90/CE, transposta para direito interno pelo Decreto-Lei n.º 83/2011, de 20 de junho.",Mensal,Composta (ii)
L006103.2022.RH5A,Saída,Carência Química de Oxigénio (mg/L O2),"Metodologia aplicável em conformidade com o disposto na legislação em vigor e de acordo com a Diretiva 2009/90/CE, transposta para direito interno pelo Decreto-Lei n.º 83/2011, de 20 de junho.",Mensal,Composta (ii)
L006103.2022.RH5A,Saída,Carência Bioquímica de Oxigénio (mg/L O2),"Metodologia aplicável em conformidade com o disposto na legislação em vigor e de acordo com a Diretiva 2009/90/CE, transposta para direito interno pelo Decreto-Lei n.º 83/2011, de 20 de junho.",Mensal,Composta (ii)
L006103.2022.RH5A,Saída,Sólidos Suspensos Totais (mg/L),"Metodologia aplicável em conformidade com o disposto na legislação em vigor e de acordo com a Diretiva 2009/90/CE, transposta para direito interno pelo Decreto-Lei n.º 83/2011, de 20 de junho.",Mensal,Composta (ii)
L006103.2022.RH5A,Saída,Azoto total (mg/L N),"Metodologia aplicável em conformidade com o disposto na legislação em vigor e de acordo com a Diretiva 2009/90/CE, transposta para direito interno pelo Decreto-Lei n.º 83/2011, de 20 de junho.",Trimestral,Composta (ii)
L006103.2022.RH5A,Saída,Fósforo total (mg/L P),"Metodologia aplicável em conformidade com o disposto na legislação em vigor e de acordo com a Diretiva 2009/90/CE, transposta para direito interno pelo Decreto-Lei n.º 83/2011, de 20 de junho.",Trimestral,Composta (ii)
L006103.2022.RH5A,Saída,Caudal (m3/mês),-,Mensal,Pontual
L005341.2021.RH5A,Entrada,pH (Escala de Sörensen),"Metodologia aplicável em conformidade com o disposto na legislação em vigor e de acordo com a Diretiva 2009/90/CE, transposta para direito interno pelo Decreto-Lei n.º 83/2011, de 20 de junho.",Quinzenal,Composta (ii)
L005341.2021.RH5A,Entrada,Carência Química de Oxigénio (mg/L O2),"Metodologia aplicável em conformidade com o disposto na legislação em vigor e de acordo com a Diretiva 2009/90/CE, transposta para direito interno pelo Decreto-Lei n.º 83/2011, de 20 de junho.",Quinzenal,Composta (ii)
L005341.2021.RH5A,Entrada,Carência Bioquímica de Oxigénio (mg/L O2),"Metodologia aplicável em conformidade com o disposto na legislação em vigor e de acordo com a Diretiva 2009/90/CE, transposta para direito interno pelo Decreto-Lei n.º 83/2011, de 20 de junho.",Quinzenal,Composta (ii)
L005341.2021.RH5A,Entrada,Sólidos Suspensos Totais (mg/L),"Metodologia aplicável em conformidade com o disposto na legislação em vigor e de acordo com a Diretiva 2009/90/CE, transposta para direito interno pelo Decreto-Lei n.º 83/2011, de 20 de junho.",Quinzenal,Composta (ii)
L005341.2021.RH5A,Entrada,Caudal (m3/mês),-,Mensal,Em contínuo
L005341.2021.RH5A,Entrada,Caudal (m3/dia),-,Quinzenal,Em contínuo
L005341.2021.RH5A,Saída,pH (Escala de Sörensen),"Metodologia aplicável em conformidade com o disposto na legislação em vigor e de acordo com a Diretiva 2009/90/CE, transposta para direito interno pelo Decreto-Lei n.º 83/2011, de 20 de junho.",Quinzenal,Composta (ii)
L005341.2021.RH5A,Saída,Carência Química de Oxigénio (mg/L O2),"Metodologia aplicável em conformidade com o disposto na legislação em vigor e de acordo com a Diretiva 2009/90/CE, transposta para direito interno pelo Decreto-Lei n.º 83/2011, de 20 de junho.",Quinzenal,Composta (ii)
L005341.2021.RH5A,Saída,Carência Bioquímica de Oxigénio (mg/L O2),Metodologia aplicável em conformidade com o disposto na legislação em vigor e de acordo com a,Quinzenal,Composta (ii)
L005341.2021.RH5A,Saída,Sólidos Suspensos Totais (mg/L),"Metodologia aplicável em conformidade com o disposto na legislação em vigor e de acordo com a Diretiva 2009/90/CE, transposta para direito interno pelo Decreto-Lei n.º 83/2011, de 20 de junho.",Quinzenal,Composta (ii)
L005341.2021.RH5A,Saída,Azoto total (mg/L N),"Metodologia aplicável em conformidade com o disposto na legislação em vigor e de acordo com a Diretiva 2009/90/CE, transposta para direito interno pelo Decreto-Lei n.º 83/2011, de 20 de junho.",Trimestral,Composta (ii)
L005341.2021.RH5A,Saída,Fósforo total (mg/L P),"Metodologia aplicável em conformidade com o disposto na legislação em vigor e de acordo com a Diretiva 2009/90/CE, transposta para direito interno pelo Decreto-Lei n.º 83/2011, de 20 de junho.",Trimestral,Composta (ii)
L005341.2021.RH5A,Saída,Caudal (m3/mês),-,Mensal,Em contínuo
L005341.2021.RH5A,Saída,Caudal (m3/dia),-,Quinzenal,Em contínuo
L018903.2022.RH4A,Saída,pH (Escala de Sörensen),"Metodologia aplicável em conformidade com o disposto na legislação em vigor e de acordo com a Diretiva 2009/90/CE, transposta para direito interno pelo Decreto-Lei n.º 83/2011, de 20 de junho.",Trimestral,Composta (i)
L018903.2022.RH4A,Saída,Carência Química de Oxigénio (mg/L O2),"Metodologia aplicável em conformidade com o disposto na legislação em vigor e de acordo com a Diretiva 2009/90/CE, transposta para direito interno pelo Decreto-Lei n.º 83/2011, de 20 de junho.",Trimestral,Composta (i)
L018903.2022.RH4A,Saída,Carência Bioquímica de Oxigénio (mg/L O2),"Metodologia aplicável em conformidade com o disposto na legislação em vigor e de acordo com a Diretiva 2009/90/CE, transposta para direito interno pelo Decreto-Lei n.º 83/2011, de 20 de junho.",Trimestral,Composta (i)
L018903.2022.RH4A,Saída,Sólidos Suspensos Totais (mg/L),"Metodologia aplicável em conformidade com o disposto na legislação em vigor e de acordo com a Diretiva 2009/90/CE, transposta para direito interno pelo Decreto-Lei n.º 83/2011, de 20 de junho.",Trimestral,Composta (i)
L018903.2022.RH4A,Saída,Azoto total (mg/L N),"Metodologia aplicável em conformidade com o disposto na legislação em vigor e de acordo com a Diretiva 2009/90/CE, transposta para direito interno pelo Decreto-Lei n.º 83/2011, de 20 de junho.",Trimestral,Composta (i)
L018903.2022.RH4A,Saída,Fósforo total (mg/L P),"Metodologia aplicável em conformidade com o disposto na legislação em vigor e de acordo com a Diretiva 2009/90/CE, transposta para direito interno pelo Decreto-Lei n.º 83/2011, de 20 de junho.",Trimestral,Composta (i)
L018903.2022.RH4A,Saída,Escherichia coli (época balnear) (ufc/100 mL),"Metodologia aplicável em conformidade com o disposto na legislação em vigor e de acordo com a Diretiva 2009/90/CE, transposta para direito interno pelo Decreto-Lei n.º 83/2011, de 20 de junho.",Quinzenal,Pontual
L018903.2022.RH4A,Saída,Enterecocos intestinais (época balnear) (ufc/100 mL),"Anexo I do Decreto-Lei n.º 135/2009, de 3 de junho.",Quinzenal,Pontual
L006552.2021.RH5A,Entrada,pH (Escala de Sörensen),"Metodologia aplicável em conformidade com o disposto na legislação em vigor e de acordo com a Diretiva 2009/90/CE, transposta para direito interno pelo Decreto-Lei n.º 83/2011, de 20 de junho.",Mensal,Pontual
L006552.2021.RH5A,Entrada,Carência Química de Oxigénio (mg/L O2),"Metodologia aplicável em conformidade com o disposto na legislação em vigor e de acordo com a Diretiva 2009/90/CE, transposta para direito interno pelo Decreto-Lei n.º 83/2011, de 20 de junho.",Mensal,Pontual
L006552.2021.RH5A,Entrada,Carência Bioquímica de Oxigénio (mg/L O2),"Metodologia aplicável em conformidade com o disposto na legislação em vigor e de acordo com a Diretiva 2009/90/CE, transposta para direito interno pelo Decreto-Lei n.º 83/2011, de 20 de junho.",Mensal,Pontual
L006552.2021.RH5A,Entrada,Sólidos Suspensos Totais (mg/L),"Metodologia aplicável em conformidade com o disposto na legislação em vigor e de acordo com a Diretiva 2009/90/CE, transposta para direito interno pelo Decreto-Lei n.º 83/2011, de 20 de junho.",Mensal,Pontual
L006552.2021.RH5A,Entrada,Caudal (m3/dia),-,Mensal,Em contínuo
L006552.2021.RH5A,Saída,pH (Escala de Sörensen),"Metodologia aplicável em conformidade com o disposto na legislação em vigor e de acordo com a Diretiva 2009/90/CE, transposta para direito interno pelo Decreto-Lei n.º 83/2011, de 20 de junho.",Mensal,Pontual
L006552.2021.RH5A,Saída,Carência Química de,Metodologia aplicável em conformidade com o,Mensal,Pontual
L006552.2021.RH5A,Saída,Carência Bioquímica de Oxigénio (mg/L O2),"Metodologia aplicável em conformidade com o disposto na legislação em vigor e de acordo com a Diretiva 2009/90/CE, transposta para direito interno pelo Decreto-Lei n.º 83/2011, de 20 de junho.",Mensal,Pontual
L006552.2021.RH5A,Saída,Sólidos Suspensos Totais (mg/L),"Metodologia aplicável em conformidade com o disposto na legislação em vigor e de acordo com a Diretiva 2009/90/CE, transposta para direito interno pelo Decreto-Lei n.º 83/2011, de 20 de junho.",Mensal,Pontual
L006552.2021.RH5A,Saída,Azoto total (mg/L N),"Metodologia aplicável em conformidade com o disposto na legislação em vigor e de acordo com a Diretiva 2009/90/CE, transposta para direito interno pelo Decreto-Lei n.º 83/2011, de 20 de junho.",Trimestral,Pontual
L006552.2021.RH5A,Saída,Fósforo total (mg/L P),"Metodologia aplicável em conformidade com o disposto na legislação em vigor e de acordo com a Diretiva 2009/90/CE, transposta para direito interno pelo Decreto-Lei n.º 83/2011, de 20 de junho.",Trimestral,Pontual
L016718.2019.RH7,Saída,pH (Escala de Sörensen),"Metodologia aplicável em conformidade com o disposto na legislação em vigor e de acordo com a Diretiva 2009/90/CE, transposta para direito interno pelo Decreto-Lei n.º 83/2011, de 20 de junho.",Trimestral,Pontual
L016718.2019.RH7,Saída,Carência Química de Oxigénio (mg/L O2),"Metodologia aplicável em conformidade com o disposto na legislação em vigor e de acordo com a Diretiva 2009/90/CE, transposta para direito interno pelo Decreto-Lei n.º 83/2011, de 20 de junho.",Trimestral,Pontual
L016718.2019.RH7,Saída,Carência Bioquímica de Oxigénio (mg/L O2),"Metodologia aplicável em conformidade com o disposto na legislação em vigor e de acordo com a Diretiva 2009/90/CE, transposta para direito interno pelo Decreto-Lei n.º 83/2011, de 20 de junho.",Trimestral,Pontual
L016718.2019.RH7,Saída,Sólidos Suspensos Totais (mg/L),"Metodologia aplicável em conformidade com o disposto na legislação em vigor e de acordo com a Diretiva 2009/90/CE, transposta para direito interno pelo Decreto-Lei n.º 83/2011, de 20 de junho.",Trimestral,Pontual
L016718.2019.RH7,Saída,Azoto total (mg/L N),"Metodologia aplicável em conformidade com o disposto na legislação em vigor e de acordo com a Diretiva 2009/90/CE, transposta para direito interno pelo Decreto-Lei n.º 83/2011, de 20 de junho.",Trimestral,Pontual
L016718.2019.RH7,Saída,Fósforo total (mg/L P),"Metodologia aplicável em conformidade com o disposto na legislação em vigor e de acordo com a Diretiva 2009/90/CE, transposta para direito interno pelo Decreto-Lei n.º 83/2011, de 20 de junho.",Trimestral,Pontual
L016718.2019.RH7,Saída,Óleos e Gorduras (mg/L),"Metodologia aplicável em conformidade com o disposto na legislação em vigor e de acordo com a Diretiva 2009/90/CE, transposta para direito interno pelo Decreto-Lei n.º 83/2011, de 20 de junho.",Semestral,Pontual
L016718.2019.RH7,Saída,Caudal (m3/h),-,Mensal,Composta (i)
L014500.2016.RH7,Saída,Caudal (m3/mês),-,Mensal,Composta (i)
L014500.2016.RH7,Saída,pH (Escala de Sörensen),"Metodologia aplicável em conformidade com o disposto na legislação em vigor e de acordo com a Diretiva 2009/90/CE, transposta para direito interno pelo Decreto-Lei n.º 83/2011, de 20 de junho.",Trimestral,Composta (i)
L014500.2016.RH7,Saída,Carência Química de Oxigénio (mg/L O2),"Metodologia aplicável em conformidade com o disposto na legislação em vigor e de acordo com a Diretiva 2009/90/CE, transposta para direito interno pelo Decreto-Lei n.º 83/2011, de 20 de junho.",Trimestral,Composta (i)
L014500.2016.RH7,Saída,Carência Bioquímica de Oxigénio (mg/L O2),"Metodologia aplicável em conformidade com o disposto na legislação em vigor e de acordo com a Diretiva 2009/90/CE, transposta para direito interno pelo Decreto-Lei n.º 83/2011, de 20 de junho.",Trimestral,Composta (i)
L014500.2016.RH7,Saída,Sólidos Suspensos Totais (mg/L),"Metodologia aplicável em conformidade com o disposto na legislação em vigor e de acordo com a Diretiva 2009/90/CE, transposta para direito interno pelo Decreto-Lei n.º 83/2011, de 20 de junho.",Trimestral,Composta (i)
L014500.2016.RH7,Saída,Azoto total (mg/L N),"Metodologia aplicável em conformidade com o disposto na legislação em vigor e de acordo com a Diretiva 2009/90/CE, transposta para direito interno pelo Decreto-Lei n.º 83/2011, de 20 de junho.",Trimestral,Composta (i)
L014500.2016.RH7,Saída,Fósforo total (mg/L P),"Metodologia aplicável em conformidade com o disposto na legislação em vigor e de acordo com a Diretiva 2009/90/CE, transposta para direito interno pelo Decreto-Lei n.º 83/2011, de 20 de junho.",Trimestral,Composta (i)
L014500.2016.RH7,Saída,Óleos e Gorduras (mg/L),"Metodologia aplicável em conformidade com o disposto na legislação em vigor e de acordo com a Diretiva 2009/90/CE, transposta para direito interno pelo Decreto-Lei n.º 83/2011, de 20 de junho.",Semestral,Composta (i)
L018889.2022.RH4A,Saída,pH (Escala de Sörensen),"Metodologia aplicável em conformidade com o disposto na legislação em vigor e de acordo com a Diretiva 2009/90/CE, transposta para direito interno pelo Decreto-Lei n.º 83/2011, de 20 de junho.",Trimestral,Composta (i)
L018889.2022.RH4A,Saída,Carência Química de Oxigénio (mg/L O2),"Metodologia aplicável em conformidade com o disposto na legislação em vigor e de acordo com a Diretiva 2009/90/CE, transposta para direito interno pelo Decreto-Lei n.º 83/2011, de 20 de junho.",Trimestral,Composta (i)
L018889.2022.RH4A,Saída,Carência Bioquímica de Oxigénio (mg/L O2),"Metodologia aplicável em conformidade com o disposto na legislação em vigor e de acordo com a Diretiva 2009/90/CE, transposta para direito interno pelo Decreto-Lei n.º 83/2011, de 20 de junho.",Trimestral,Composta (i)
L018889.2022.RH4A,Saída,Sólidos Suspensos Totais (mg/L),"Metodologia aplicável em conformidade com o disposto na legislação em vigor e de acordo com a Diretiva 2009/90/CE, transposta para direito interno pelo Decreto-Lei n.º 83/2011, de 20 de junho.",Trimestral,Composta (i)
L018889.2022.RH4A,Saída,Azoto total (mg/L N),"Metodologia aplicável em conformidade com o disposto na legislação em vigor e de acordo com a Diretiva 2009/90/CE, transposta para direito interno pelo Decreto-Lei n.º 83/2011, de 20 de junho.",Trimestral,Composta (i)
L018889.2022.RH4A,Saída,Fósforo total (mg/L P),"Metodologia aplicável em conformidade com o disposto na legislação em vigor e de acordo com a Diretiva 2009/90/CE, transposta para direito interno pelo Decreto-Lei n.º 83/2011, de 20 de junho.",Trimestral,Composta (i)
L018889.2022.RH4A,Saída,Azoto amoniacal (mg/L NH4),"Metodologia aplicável em conformidade com o disposto na legislação em vigor e de acordo com a Diretiva 2009/90/CE, transposta para direito interno pelo Decreto-Lei n.º 83/2011, de 20 de junho.",Trimestral,Composta (i)
L019949.2022.RH4A,Saída,pH (Escala de Sörensen),"Metodologia aplicável em conformidade com o disposto na legislação em vigor e de acordo com a Diretiva 2009/90/CE, transposta para direito interno pelo Decreto-Lei n.º 83/2011, de 20 de junho.",Trimestral,Composta (i)
L019949.2022.RH4A,Saída,Carência Química de Oxigénio (mg/L O2),"Metodologia aplicável em conformidade com o disposto na legislação em vigor e de acordo com a Diretiva 2009/90/CE, transposta para direito interno pelo Decreto-Lei n.º 83/2011, de 20 de junho.",Trimestral,Composta (i)
L019949.2022.RH4A,Saída,Carência Bioquímica de Oxigénio (mg/L O2),"Metodologia aplicável em conformidade com o disposto na legislação em vigor e de acordo com a Diretiva 2009/90/CE, transposta para direito interno pelo Decreto-Lei n.º 83/2011, de 20 de junho.",Trimestral,Composta (i)
L019949.2022.RH4A,Saída,Sólidos Suspensos Totais (mg/L),"Metodologia aplicável em conformidade com o disposto na legislação em vigor e de acordo com a Diretiva 2009/90/CE, transposta para direito interno pelo Decreto-Lei n.º 83/2011, de 20 de junho.",Trimestral,Composta (i)
L019949.2022.RH4A,Saída,Azoto total (mg/L N),"Metodologia aplicável em conformidade com o disposto na legislação em vigor e de acordo com a Diretiva 2009/90/CE, transposta para direito interno pelo Decreto-Lei n.º 83/2011, de 20 de junho.",Trimestral,Composta (i)
L019949.2022.RH4A,Saída,Fósforo total (mg/L P),"Metodologia aplicável em conformidade com o disposto na legislação em vigor e de acordo com a Diretiva 2009/90/CE, transposta para direito interno pelo Decreto-Lei n.º 83/2011, de 20 de junho.",Trimestral,Composta (i)
L019949.2022.RH4A,Saída,Escherichia coli (época balnear) (ufc/100 mL),"Metodologia aplicável em conformidade com o disposto na legislação em vigor e de acordo com a Diretiva 2009/90/CE, transposta para direito interno pelo Decreto-Lei n.º 83/2011, de 20 de junho.",Quinzenal,Pontual
L019949.2022.RH4A,Saída,Enterecocos intestinais (época balnear) (ufc/100 mL),"Anexo I do Decreto-Lei n.º 135/2009, de 3 de junho.",Quinzenal,Pontual
L005974.2022.RH5A,Saída,pH (Escala de Sörensen),"Metodologia aplicável em conformidade com o disposto na legislação em vigor e de acordo com a Diretiva 2009/90/CE, transposta para direito interno pelo Decreto-Lei n.º 83/2011, de 20 de junho.",Mensal,Composta (i)
L005974.2022.RH5A,Saída,Carência Química de Oxigénio (mg/L O2),"Metodologia aplicável em conformidade com o disposto na legislação em vigor e de acordo com a Diretiva 2009/90/CE, transposta para direito interno pelo Decreto-Lei n.º 83/2011, de 20 de junho.",Mensal,Composta (i)
L005974.2022.RH5A,Saída,Carência Bioquímica de Oxigénio (mg/L O2),"Metodologia aplicável em conformidade com o disposto na legislação em vigor e de acordo com a Diretiva 2009/90/CE, transposta para direito interno pelo Decreto-Lei n.º 83/2011, de 20 de junho.",Mensal,Composta (i)
L005974.2022.RH5A,Saída,Sólidos Suspensos Totais (mg/L),"Metodologia aplicável em conformidade com o disposto na legislação em vigor e de acordo com a Diretiva 2009/90/CE, transposta para direito interno pelo Decreto-Lei n.º 83/2011, de 20 de junho.",Mensal,Composta (i)
L005974.2022.RH5A,Saída,Azoto total (mg/L N),"Metodologia aplicável em conformidade com o disposto na legislação em vigor e de acordo com a Diretiva 2009/90/CE, transposta para direito interno pelo Decreto-Lei n.º 83/2011, de 20 de junho.",Trimestral,Composta (i)
L005974.2022.RH5A,Saída,Fósforo total (mg/L P),"Metodologia aplicável em conformidade com o disposto na legislação em vigor e de acordo com a Diretiva 2009/90/CE, transposta para direito interno pelo Decreto-Lei n.º 83/2011, de 20 de junho.",Trimestral,Composta (i)
L005974.2022.RH5A,Saída,Óleos e Gorduras (mg/L),"Metodologia aplicável em conformidade com o disposto na legislação em vigor e de acordo com a Diretiva 2009/90/CE, transposta para direito interno pelo Decreto-Lei n.º 83/2011, de 20 de junho.",Trimestral,Pontual
L021717.2021.RH4A,Saída,pH (Escala de Sörensen),"Metodologia aplicável em conformidade com o disposto na legislação em vigor e de acordo com a Diretiva 2009/90/CE, transposta para direito interno pelo Decreto-Lei n.º 83/2011, de 20 de junho.",Trimestral,Pontual
L021717.2021.RH4A,Saída,Carência Química de Oxigénio (mg/L O2),"Metodologia aplicável em conformidade com o disposto na legislação em vigor e de acordo com a Diretiva 2009/90/CE, transposta para direito interno pelo Decreto-Lei n.º 83/2011, de 20 de junho.",Trimestral,Composta (i)
L021717.2021.RH4A,Saída,Carência Bioquímica de Oxigénio (mg/L O2),"Metodologia aplicável em conformidade com o disposto na legislação em vigor e de acordo com a Diretiva 2009/90/CE, transposta para direito interno pelo Decreto-Lei n.º 83/2011, de 20 de junho.",Trimestral,Composta (i)
L021717.2021.RH4A,Saída,Sólidos Suspensos Totais (mg/L),"Metodologia aplicável em conformidade com o disposto na legislação em vigor e de acordo com a Diretiva 2009/90/CE, transposta para direito interno pelo Decreto-Lei n.º 83/2011, de 20 de junho.",Trimestral,Composta (i)
L021717.2021.RH4A,Saída,Azoto total (mg/L N),"Metodologia aplicável em conformidade com o disposto na legislação em vigor e de acordo com a Diretiva 2009/90/CE, transposta para direito interno pelo Decreto-Lei n.º 83/2011, de 20 de junho.",Trimestral,Composta (i)
L021717.2021.RH4A,Saída,Fósforo total (mg/L P),"Metodologia aplicável em conformidade com o disposto na legislação em vigor e de acordo com a Diretiva 2009/90/CE, transposta para direito interno pelo Decreto-Lei n.º 83/2011, de 20 de junho.",Trimestral,Composta (i)
L021717.2021.RH4A,Saída,Azoto amoniacal (mg/L NH4),"Metodologia aplicável em conformidade com o disposto na legislação em vigor e de acordo com a Diretiva 2009/90/CE, transposta para direito interno pelo Decreto-Lei n.º 83/2011, de 20 de junho.",Trimestral,Composta (i)
L018835.2022.RH4A,Saída,pH (Escala de Sörensen),"Metodologia aplicável em conformidade com o disposto na legislação em vigor e de acordo com a Diretiva 2009/90/CE, transposta para direito interno pelo Decreto-Lei n.º 83/2011, de 20 de junho.",Trimestral,Composta (i)
L018835.2022.RH4A,Saída,Carência Química de Oxigénio (mg/L O2),"Metodologia aplicável em conformidade com o disposto na legislação em vigor e de acordo com a Diretiva 2009/90/CE, transposta para direito interno pelo Decreto-Lei n.º 83/2011, de 20 de junho.",Trimestral,Composta (i)
L018835.2022.RH4A,Saída,Carência Bioquímica de Oxigénio (mg/L O2),"Metodologia aplicável em conformidade com o disposto na legislação em vigor e de acordo com a Diretiva 2009/90/CE, transposta para direito interno pelo Decreto-Lei n.º 83/2011, de 20 de junho.",Trimestral,Composta (i)
L018835.2022.RH4A,Saída,Sólidos Suspensos Totais (mg/L),"Metodologia aplicável em conformidade com o disposto na legislação em vigor e de acordo com a Diretiva 2009/90/CE, transposta para direito interno pelo Decreto-Lei n.º 83/2011, de 20 de junho.",Trimestral,Composta (i)
L018835.2022.RH4A,Saída,Azoto total (mg/L N),"Metodologia aplicável em conformidade com o disposto na legislação em vigor e de acordo com a Diretiva 2009/90/CE, transposta para direito interno pelo Decreto-Lei n.º 83/2011, de 20 de junho.",Trimestral,Composta (i)
L018835.2022.RH4A,Saída,Fósforo total (mg/L P),"Metodologia aplicável em conformidade com o disposto na legislação em vigor e de acordo com a Diretiva 2009/90/CE, transposta para direito interno pelo Decreto-Lei n.º 83/2011, de 20 de junho.",Trimestral,Composta (i)
L018835.2022.RH4A,Saída,Escherichia coli (época balnear) (ufc/100 mL),"Metodologia aplicável em conformidade com o disposto na legislação em vigor e de acordo com a Diretiva 2009/90/CE, transposta para direito interno pelo Decreto-Lei n.º 83/2011, de 20 de junho.",Quinzenal,Pontual
L018835.2022.RH4A,Saída,Enterecocos intestinais (época balnear) (ufc/100 mL),"Anexo I do Decreto-Lei n.º 135/2009, de 3 de junho.",Quinzenal,Pontual
L012199.2022.RH4A,Saída,pH (Escala de Sörensen),"Metodologia aplicável em conformidade com o disposto na legislação em vigor e de acordo com a Diretiva 2009/90/CE, transposta para direito interno pelo Decreto-Lei n.º 83/2011, de 20 de junho.",Trimestral,Composta (i)
L012199.2022.RH4A,Saída,Carência Química de Oxigénio (mg/L O2),"Metodologia aplicável em conformidade com o disposto na legislação em vigor e de acordo com a Diretiva 2009/90/CE, transposta para direito interno pelo Decreto-Lei n.º 83/2011, de 20 de junho.",Trimestral,Composta (i)
L012199.2022.RH4A,Saída,Carência Bioquímica de Oxigénio (mg/L O2),"Metodologia aplicável em conformidade com o disposto na legislação em vigor e de acordo com a Diretiva 2009/90/CE, transposta para direito interno pelo Decreto-Lei n.º 83/2011, de 20 de junho.",Trimestral,Composta (i)
L012199.2022.RH4A,Saída,Sólidos Suspensos Totais (mg/L),"Metodologia aplicável em conformidade com o disposto na legislação em vigor e de acordo com a Diretiva 2009/90/CE, transposta para direito interno pelo Decreto-Lei n.º 83/2011, de 20 de junho.",Trimestral,Composta (i)
L012199.2022.RH4A,Saída,Azoto total (mg/L N),"Metodologia aplicável em conformidade com o disposto na legislação em vigor e de acordo com a Diretiva 2009/90/CE, transposta para direito interno pelo Decreto-Lei n.º 83/2011, de 20 de junho.",Trimestral,Composta (i)
L012199.2022.RH4A,Saída,Fósforo total (mg/L P),"Metodologia aplicável em conformidade com o disposto na legislação em vigor e de acordo com a Diretiva 2009/90/CE, transposta para direito interno pelo Decreto-Lei n.º 83/2011, de 20 de junho.",Trimestral,Composta (i)
L012199.2022.RH4A,Saída,Azoto amoniacal (mg/L NH4),"Metodologia aplicável em conformidade com o disposto na legislação em vigor e de acordo com a Diretiva 2009/90/CE, transposta para direito interno pelo Decreto-Lei n.º 83/2011, de 20 de junho.",Trimestral,Composta (i)
L006777.2022.RH5A,Entrada,pH (Escala de Sörensen),"Metodologia aplicável em conformidade com o disposto na legislação em vigor e de acordo com a Diretiva 2009/90/CE, transposta para direito interno pelo Decreto-Lei n.º 83/2011, de 20 de junho.",Mensal,Composta (ii)
L006777.2022.RH5A,Entrada,Carência Química de Oxigénio (mg/L O2),"Metodologia aplicável em conformidade com o disposto na legislação em vigor e de acordo com a Diretiva 2009/90/CE, transposta para direito interno pelo Decreto-Lei n.º 83/2011, de 20 de junho.",Mensal,Composta (ii)
L006777.2022.RH5A,Entrada,Carência Bioquímica de Oxigénio (mg/L O2),"Metodologia aplicável em conformidade com o disposto na legislação em vigor e de acordo com a Diretiva 2009/90/CE, transposta para direito interno pelo Decreto-Lei n.º 83/2011, de 20 de junho.",Mensal,Composta (ii)
L006777.2022.RH5A,Entrada,Sólidos Suspensos Totais (mg/L),"Metodologia aplicável em conformidade com o disposto na legislação em vigor e de acordo com a Diretiva 2009/90/CE, transposta para direito interno pelo Decreto-Lei n.º 83/2011, de 20 de junho.",Mensal,Composta (ii)
L006777.2022.RH5A,Saída,pH (Escala de Sörensen),"Metodologia aplicável em conformidade com o disposto na legislação em vigor e de acordo com a Diretiva 2009/90/CE, transposta para direito interno pelo Decreto-Lei n.º 83/2011, de 20 de junho.",Mensal,Composta (ii)
L006777.2022.RH5A,Saída,Carência Química de Oxigénio (mg/L O2),"Metodologia aplicável em conformidade com o disposto na legislação em vigor e de acordo com a Diretiva 2009/90/CE, transposta para direito interno pelo Decreto-Lei n.º 83/2011, de 20 de junho.",Mensal,Composta (ii)
L006777.2022.RH5A,Saída,Sólidos Suspensos Totais (mg/L),"Metodologia aplicável em conformidade com o disposto na legislação em vigor e de acordo com a Diretiva 2009/90/CE, transposta para direito interno pelo Decreto-Lei n.º 83/2011, de 20 de junho.",Mensal,Composta (ii)
L006777.2022.RH5A,Saída,Azoto total (mg/L N),"Metodologia aplicável em conformidade com o disposto na legislação em vigor e de acordo com a Diretiva 2009/90/CE, transposta para direito interno pelo Decreto-Lei n.º 83/2011, de 20 de junho.",Trimestral,Composta (ii)
L006777.2022.RH5A,Saída,Fósforo total (mg/L P),Metodologia aplicável em conformidade com o disposto na legislação em vigor e de acordo com a,Trimestral,Composta (ii)
L006777.2022.RH5A,Saída,Caudal (m3/mês),-,Mensal,Pontual
L006777.2022.RH5A,Saída,Carência Bioquímica de Oxigénio (a partir julho 2019) (mg/L O2),"Metodologia aplicável em conformidade com o disposto na legislação em vigor e de acordo com a Diretiva 2009/90/CE, transposta para direito interno pelo Decreto-Lei n.º 83/2011, de 20 de junho.",Mensal,Composta (ii)
L014609.2016.RH6,Saída,pH (Escala de Sörensen),Metodologia aplicável em conformidade com o disposto na legislação em vigor e de acordo com a,Quinzenal,Composta (i)
L014609.2016.RH6,Saída,Carência Química de Oxigénio (mg/L O2),"Metodologia aplicável em conformidade com o disposto na legislação em vigor e de acordo com a Diretiva 2009/90/CE, transposta para direito interno pelo Decreto-Lei n.º 83/2011, de 20 de junho.",Quinzenal,Composta (i)
L014609.2016.RH6,Saída,Carência Bioquímica de Oxigénio (mg/L O2),"Metodologia aplicável em conformidade com o disposto na legislação em vigor e de acordo com a Diretiva 2009/90/CE, transposta para direito interno pelo Decreto-Lei n.º 83/2011, de 20 de junho.",Quinzenal,Composta (i)
L014609.2016.RH6,Saída,Sólidos Suspensos Totais (mg/L),"Metodologia aplicável em conformidade com o disposto na legislação em vigor e de acordo com a Diretiva 2009/90/CE, transposta para direito interno pelo Decreto-Lei n.º 83/2011, de 20 de junho.",Quinzenal,Composta (i)
L014609.2016.RH6,Saída,Azoto total (mg/L N),"Metodologia aplicável em conformidade com o disposto na legislação em vigor e de acordo com a Diretiva 2009/90/CE, transposta para direito interno pelo Decreto-Lei n.º 83/2011, de 20 de junho.",Quinzenal,Composta (i)
L014609.2016.RH6,Saída,Fósforo total (mg/L P),"Metodologia aplicável em conformidade com o disposto na legislação em vigor e de acordo com a Diretiva 2009/90/CE, transposta para direito interno pelo Decreto-Lei n.º 83/2011, de 20 de junho.",Quinzenal,Composta (i)
L014609.2016.RH6,Saída,Caudal (m3/mês),-,Mensal,Composta (i)
L014609.2016.RH6,Saída,Óleos e Gorduras (mg/L),"Metodologia aplicável em conformidade com o disposto na legislação em vigor e de acordo com a Diretiva 2009/90/CE, transposta para direito interno pelo Decreto-Lei n.º 83/2011, de 20 de junho.",Trimestral,Composta (i)
L014609.2016.RH6,Saída,Coliformes fecais (/100 mL),"Anexo XVII do Decreto-Lei n.º 236/98, de 1 de agosto.",Trimestral,Pontual
L014609.2016.RH6,Saída,Ovos de parasitas intestinais (N/L),"Anexo XVII do Decreto-Lei n.º 236/98, de 1 de agosto.",Trimestral,Pontual
L014609.2016.RH6,Saída,Níquel total (mg/L Ni),"Metodologia aplicável em conformidade com o disposto na legislação em vigor e de acordo com a Diretiva 2009/90/CE, transposta para direito interno pelo Decreto-Lei n.º 83/2011, de 20 de junho.",Semestral,Composta (i)
L014609.2016.RH6,Saída,Cobre total (mg/L Cu),"Metodologia aplicável em conformidade com o disposto na legislação em vigor e de acordo com a Diretiva 2009/90/CE, transposta para direito interno pelo Decreto-Lei n.º 83/2011, de 20 de junho.",Semestral,Composta (i)
L014609.2016.RH6,Saída,Crómio total (mg/L Cr),"Metodologia aplicável em conformidade com o disposto na legislação em vigor e de acordo com a Diretiva 2009/90/CE, transposta para direito interno pelo Decreto-Lei n.º 83/2011, de 20 de junho.",Semestral,Composta (i)
