file_name,TUA/LURH,Nº Licença,Nº Processo,Estabelecimento,Código APA,Requerente,NIF,Data de Início,Data de Validade,Em Vigor/Caducada,Entidade Licenciadora,Região Hidrográfica,Bacia Hidrográfica,Sub-Bacia Hidrográfica,Tipo de massa de água,Massa de Água,Classificação da Massa de Água,Meio Recetor,Denominação do meio recetor,Margem,Sistema de Descarga,Longitude (descarga),Latitude (descarga),Longitude (ETAR),Latitude (ETAR),Nut III – Concelho – Freguesia,Nível de tratamento,Tipo de tratamento,Caudal Máximo descarga,Caudal Médio descarga,Ano de arranque,População servida (e.p.),Ano horizonte de projeto,População servida no horizonte,Origem das águas residuais,Volume mensal afluente (m3),Afluente CBO5 (mg/L),Afluente CQO (mg/L),Afluente N (mg/L),Afluente P (mg/L),Valorização ou reutilização,Caudal Reutilizado,Finalidades Efluente
Aguiar da Beira L042645.2023.RH4A (02.10.2023 a 31.10.2028).pdf,LURH,L042645.2023.RH4A,450.10.04.01.016319.2021.RH4A,ETAR Aguiar da Beira,APA00395003,"Águas do Vale do Tejo, S.A.",513606130,02-10-2023,31-10-2028,Em vigor,APA — ARH Centro,"Vouga, Mondego e Lis",Dao,PT04MON0573 :: Ribeira de Coja,RIO,PT04MON0573 :: Ribeira de Coja,Bom,Ribeira/ribeiro,Afluente Ribeira de Coruche,direita,Coletor com obra de proteção (boca de lobo),-7.536336,40.808158,-7.536845,40.808645,– Freguesia Dão-Lafões / Aguiar da Beira / Aguiar da Beira e Coruche,Mais avançado que o secundário,Lamas Ativadas em Regime de Arejamento Prolongado,540.00 m3/dia,,2009.0,2286,2029.0,2610.0,Urbanas Características do Afluente Bruto Volume Máximo mensal 16425.0 (m3) CBO5 (mg/L O2) CQO (mg/L O2) N (mg/L N) P (mg/L P),16425.0,,,,,,,
Alandroal_L007112.2021.RH7 (21.04.2021 a 20.04.2031).pdf,LURH,L007112.2021.RH7,450.10.04.01.023514.2020.RH7,ETAR de Alandroal,APA00395003,"Águas do Vale do Tejo, S.A.",513606130,21-04-2021,20-04-2031,Em vigor,APA — ARH Alentejo,Guadiana,Guadiana,PT07GUA1439 :: afluente da Ribeira de Lucefecit,RIO,PT07GUA1439 :: afluente da Ribeira de Lucefecit,Bom,Ribeira/ribeiro,Afluente da Ribeira do Penedo,esquerda,Coletor com obra de proteção (boca de lobo),-7.40912,38.6875,-7.409043,38.68857,– Freguesia Alentejo Central / Alandroal / Alandroal (Nossa Senhora da Conceição),Mais avançado que o secundário,"Lamas activadas (arejamento prolongado), com remoção de nutrientes (azoto e fósforo).",,330.00 m3/dia,2009.0,1526,2036.0,2000.0,Urbanas Características do Afluente Bruto Volume Médio mensal 10037.5 (m3) CBO5 400.0 (mg/L O2) CQO 800.0 (mg/L O2) N 80.0 (mg/L N) P 27.0 (mg/L P),10037.5,400.0,800.0,80.0,27.0,,,
Aldeia Velha L006768.2022.RH5A (11.10.2022 a 10.10.2027).pdf,LURH,L006768.2022.RH5A,450.10.04.01.016648.2021.RH5A,ETAR de Aldeia Velha,APA00395003,"Águas do Vale do Tejo, S.A.",513606130,11-10-2022,10-10-2027,Em vigor,APA — ARH Tejo e Oeste,Tejo e Ribeiras do Oeste,Sor,PT05TEJ1008 :: Ribeira de Santa Margarida,RIO,PT05TEJ1008 :: Ribeira de Santa Margarida,Bom,Ribeira/ribeiro,ribeira de Santa Margarida,esquerda,Coletor sem obra de proteção,-8.034028,39.098608,-8.03228,39.09789,– Freguesia Alto Alentejo / Avis / Aldeia Velha,Secundário,"obra de entrada com gradagem manual, lagunagem - 3 lagoas (anaeróbia, facultativa e maturação)",,35.52,,240,,,Urbanas Características do Afluente Bruto Volume Médio mensal 1080.4166666666667 (m3) CBO5 (mg/L O2) CQO (mg/L O2) N (mg/L N) P (mg/L P),1080.416666666667,,,,,,,
Aldeia da Luz_Lic_L005299.2017.RH7 (18-04-2017 a 17-04-2027).pdf,LURH,L005299.2017.RH7,450.10.04.01.018421.2016.RH7,ETAR da Aldeia da Luz,APA00395003,"Águas de Lisboa e Vale do Tejo, S.A.",513606130,18-04-2017,17-04-2027,Em vigor,,Guadiana,Guadiana,,,,,Barranco,Afluente da Albufeira da Barragem de Alqueva,direita,Coletor sem obra de proteção,-7.38177,38.34672,-7.381402,38.346846,– Freguesia Alentejo Central / Mourão / Luz,Mais avançado que o secundário,Lamas activadas em arejamento prolongado com remoção de fosforo,100.00 m3/dia,,2002.0,950,2032.0,950.0,Urbanas Características do Afluente Bruto Volume máximo mensal 3041.7 (m3) CBO5 600.0 (mg/L O2) CQO 1350.0 (mg/L O2) N 80.0 (mg/L N) P 20.0 (mg/L P),3041.7,600.0,1350.0,80.0,20.0,,,
Aldeia das Dez L021000.2021.RH4A (01.06.2022 a 31.05.2027).pdf,LURH,L021000.2021.RH4A,450.10.04.01.024015.2021.RH4A,ETAR Aldeia das Dez,APA00395003,"Águas do Vale do Tejo, S.A.",513606130,01-06-2022,31-05-2027,Em vigor,APA — ARH Centro,"Vouga, Mondego e Lis",Alva,PT04MON0658 :: Rio Alva,RIO,PT04MON0658 :: Rio Alva,Bom,Ribeira/ribeiro,Afluente da Ribeira de Alvoco,direita,Coletor sem obra de proteção,-7.867408,40.298375,-7.867014,40.297803,– Freguesia Pinhal Interior Norte / Oliveira do Hospital / Aldeia das Dez,Secundário,Sistema de tratamento por lamas ativadas em regime de arejamento prolongado,102.00 m3/dia,,2010.0,475,2040.0,475.0,Urbanas Características do Afluente Bruto Volume Máximo mensal 3120.75 (m3) CBO5 (mg/L O2) CQO (mg/L O2) N (mg/L N) P (mg/L P),3120.75,,,,,,,
Aldeia de Ferreira_L016823.2019.RH7 (08.10.2019 a 09.10.2029).pdf,LURH,L016823.2019.RH7,450.10.04.01.010385.2019.RH7,ETAR da Aldeia de Ferreira,APA00395003,"Águas do Vale do Tejo, S.A.",513606130,08-10-2019,07-10-2029,Em vigor,,Guadiana,Guadiana,PT07GUA1487D :: Albufeira Alqueva (Entrada Ribeira de Lucefécit),RIO (ALBUFEIRA),PT07GUA1487D :: Albufeira Alqueva (Entrada Ribeira de Lucefécit),Razoável,Ribeira/ribeiro,Ribeiro do Carrão,esquerda,Coletor com obra de proteção (boca de lobo),-7.35066,38.56557,-7.35107,38.56618,– Freguesia Alentejo Central / Alandroal / Capelins (Santo António),Secundário,Fossa séptica + leitos de macrófitas,,27.30 m3/dia,2010.0,140,2040.0,140.0,Urbanas Características do Afluente Bruto Volume Médio mensal 830.4 (m3) CBO5 444.0 (mg/L O2) CQO 889.0 (mg/L O2) N 89.0 (mg/L N) P 30.0 (mg/L P),830.4,444.0,889.0,89.0,30.0,,,
Aldeia dos Marmelos_L012771.2019.RH7 (07.08.2019 a 06.08.2029).pdf,LURH,L012771.2019.RH7,450.10.04.01.011660.2019.RH7,ETAR da Aldeia dos Marmelos,APA00395003,"Águas do Vale do Tejo, S.A.",513606130,07-08-2019,06-08-2029,Em vigor,,Guadiana,Guadiana,PT07GUA1446 :: Ribeira do Alcaide,RIO,PT07GUA1446 :: Ribeira do Alcaide,Bom,Ribeira/ribeiro,Ribeiro das Lages,direita,Coletor com obra de proteção (boca de lobo),-7.467917,38.561488,-7.468655,38.561927,– Freguesia Alentejo Central / Alandroal / Santiago Maior,Secundário,Fossa sética tricompartimentada + trincheiras filtrantes,28.08 m3/dia,,2010.0,144,2035.0,144.0,Urbanas Características do Afluente Bruto Volume Máximo mensal 854.1 (m3) CBO5 444.44 (mg/L O2) CQO 888.98 (mg/L O2) N 88.89 (mg/L N) P 29.63 (mg/L P),854.1,444.44,888.98,88.89,29.63,,,
Almadafe_L010844.2021.RH5A (21.06.2021 a 20.06.2026).pdf,LURH,L010844.2021.RH5A,450.10.04.01.018846.2020.RH5A,ETAR Almadafe,APA00395003,"Águas do Vale do Tejo, S.A.",513606130,21-06-2021,20-06-2026,Caducada,APA — ARH Tejo e Oeste,Tejo e Ribeiras do Oeste,Raia,PT05TEJ1049 :: Ribeira da Reforminha,RIO,PT05TEJ1049 :: Ribeira da Reforminha,Bom,Ribeira/ribeiro,Ribeira da Reformadinha,esquerda,Coletor com obra de proteção (boca de lobo),-7.86584,38.9607,-7.86583,38.96063,– Freguesia Alentejo Central / Sousel / Casa Branca,Secundário,"Sistema de tratamento em equipamento compacto equipado com gradagem, decantação primária, tanque de arejamento e decantação secundária",20.00 m3/dia,,,54,,54.0,Urbanas Características do Afluente Bruto Volume Máximo mensal 608.3333333333334 (m3) CBO5 (mg/L O2) CQO (mg/L O2) N (mg/L N) P (mg/L P),608.3333333333334,,,,,,,
Almofala_L009856.2021.RH3 (02.06.2021 a 01.06.2026).pdf,LURH,L009856.2021.RH3,450.10.04.01.006815.2019.RH3,ETAR de Almofala,APA00395003,"Águas do Vale do Tejo, S.A.",513606130,02-06-2021,01-06-2026,Caducada,APA — ARH Norte,Douro,Agueda,PT03DOU0426I1 :: Rio Águeda,RIO,PT03DOU0426I1 :: Rio Águeda,Bom,Ribeira/ribeiro,Ribeiro do Triquitão,direita,Coletor com obra de proteção (boca de lobo),-6.84332,40.86399,-6.84391,40.86368,– Freguesia Beira Interior Norte / Figueira de Castelo Rodrigo / Almofala,Secundário,Lamas activadas,,91.10 m3/dia,,308,2043.0,308.0,Domésticas Habitação Características do Afluente Bruto Volume Médio mensal 1703.3 (m3) CBO5 400.0 (mg/L O2) CQO 800.0 (mg/L O2) N 80.0 (mg/L N) P 10.0 (mg/L P),1703.3,400.0,800.0,80.0,10.0,,,
Alqueva_L002179.2021.RH7 (03.02.2021 a 02.02.2031).pdf,LURH,L002179.2021.RH7,450.10.04.01.018420.2016.RH7,ETAR de Alqueva,APA00395003,"Águas do Vale do Tejo, S.A.",513606130,03-02-2021,02-02-2031,Em vigor,APA — ARH Alentejo,Guadiana,Guadiana,PT07GUA1487A :: Albufeira Alqueva (Principal),RIO (ALBUFEIRA),PT07GUA1487A :: Albufeira Alqueva (Principal),Razoável,Ribeira/ribeiro,Ribeiro do Viegas,direita,Coletor com obra de proteção (boca de lobo),-7.53731,38.22024,-7.53788,38.21997,– Freguesia Alentejo Central / Portel / Alqueva,Mais avançado que o secundário,Lamas ativadas em arejamento prolongado + desinfeção,,54.50 m3/dia,2016.0,444,2039.0,356.0,Urbanas Características do Afluente Bruto Volume Médio mensal 1657.7 (m3) CBO5 617.6 (mg/L O2) CQO 1389.6 (mg/L O2) N 85.0 (mg/L N) P 15.0 (mg/L P),1657.7,617.6,1389.6,85.0,15.0,,,
Alvoco da Serra L000060.2022.RH4A (04.01.2022 a 03.01.2027).pdf,LURH,L000060.2022.RH4A,450.10.04.01.026258.2021.RH4A,ETAR de Alvoco da Serra,APA00395003,"Águas do Vale do Tejo, S.A.",513606130,04-01-2022,03-01-2027,Em vigor,APA — ARH Centro,"Vouga, Mondego e Lis",Alva,PT04MON0643 :: Ribeira de Alvoco,RIO,PT04MON0643 :: Ribeira de Alvoco,Bom,Ribeira/ribeiro,ribeira do Alvoco,direita,Coletor com obra de proteção (boca de lobo),-7.676442,40.293996,-7.676442,40.293996,– Freguesia Serra da Estrela / Seia / Alvoco da Serra,Secundário,Sistema de tratamento compacto por lamas ativadas em regime de arejamento prolongado,,106.80 m3/dia,2013.0,605,2043.0,633.0,Urbanas Características do Afluente Bruto Volume Médio mensal 3248.5 (m3) CBO5 (mg/L O2) CQO (mg/L O2) N (mg/L N) P (mg/L P),3248.5,,,,,,,
Amieira do Tejo L007542.2022.RH5A (11.10.2022 a 10.10.2027).pdf,LURH,L007542.2022.RH5A,450.10.04.01.000246.2022.RH5A,ETAR de Amieira do Tejo,APA00395003,"Águas do Vale do Tejo, S.A.",513606130,11-10-2022,10-10-2027,Em vigor,APA — ARH Tejo e Oeste,Tejo e Ribeiras do Oeste,Tejo,PT05TEJ0936 :: Albufeira Belver,RIO (ALBUFEIRA),PT05TEJ0936 :: Albufeira Belver,Bom,Ribeira/ribeiro,ribeira da Maia,direita,Coletor sem obra de proteção,-7.819161,39.509001,-7.818861,39.509133,– Freguesia Alto Alentejo / Nisa / Amieira do Tejo,Secundário,"Gradagem e desarenação, Medição de caudal, tanque de arejamento, decantador secundário, medição de caudal",,67.00 m3/dia,,410,2035.0,,Urbanas Características do Afluente Bruto Volume Médio mensal 2037.9166666666667 (m3) CBO5 (mg/L O2) CQO (mg/L O2) N (mg/L N) P (mg/L P),2037.916666666667,,,,,,,
Amieira_Lic_L011912.2016.RH7 (05-09-2016 a 04-09-2023).pdf,LURH,L011912.2016.RH7,450.10.04.01.005699.2016.RH7,ETAR de Amieira,APA00395003,"Águas de Lisboa e Vale do Tejo, S.A.",513606130,05-09-2016,04-09-2023,Caducada,,Guadiana,Degebe,,LAGO,,Razoável,Albufeira,Albufeira da Barragem de Alqueva,direita,Coletor com obra de proteção (boca de lobo),-7.57028,38.29088,-7.56227,38.28835,– Freguesia Alentejo Central / Portel / Amieira,Mais avançado que o secundário,"Fossa séptica e leitos de macrófitas, seguidos de desinfeção com hipoclorito de sódio",89.30 m3/dia,,2015.0,513,2039.0,414.0,Urbanas Características do Afluente Bruto Volume máximo mensal 2716.2 (m3) CBO5 519.2 (mg/L O2) CQO 1168.1 (mg/L O2) N 85.0 (mg/L N) P 15.0 (mg/L P),2716.2,519.2,1168.1,85.0,15.0,,,
Aranhas L006730.2022.RH5A (23.02.2023 a 22.02.2028).pdf,LURH,L006730.2022.RH5A,450.10.04.01.016117.2021.RH5A,ETAR Aranhas,APA00395003,"Águas do Vale do Tejo, S.A.",513606130,13-05-2022,12-05-2027,Em vigor,APA — ARH Tejo e Oeste,Tejo e Ribeiras do Oeste,Erges,PT05TEJ0786N :: Rio Bazágueda,RIO,PT05TEJ0786N :: Rio Bazágueda,Bom,Ribeira/ribeiro,Ribeira do Freixial,esquerda,Coletor com obra de proteção (boca de lobo),-7.114292,40.114474,-7.114825,40.114664,– Freguesia Beira Interior Sul / Penamacor / Aranhas,Secundário,Leito de macrófitas,90.00 m3/dia,,,437,2042.0,377.0,Urbanas Características do Afluente Bruto Volume Máximo mensal 2752.6666666666665 (m3) CBO5 (mg/L O2) CQO (mg/L O2) N (mg/L N) P (mg/L P),2752.666666666667,,,,,,,
Arez L007497.2022.RH5A (11.10.2022 a 10.10.2027).pdf,LURH,L007497.2022.RH5A,450.10.04.01.000247.2022.RH5A,ETAR de Arez,APA00395003,"Águas do Vale do Tejo, S.A.",513606130,11-10-2022,10-10-2027,Em vigor,APA — ARH Tejo e Oeste,Tejo e Ribeiras do Oeste,Tejo,PT05TEJ0925 :: Ribeira de Figueiró,RIO,PT05TEJ0925 :: Ribeira de Figueiró,Bom,Ribeira/ribeiro,Ribeira de Arez,direita,Coletor com obra de proteção (boca de lobo),-7.725925,39.489458,-7.72523,39.490261,– Freguesia Alto Alentejo / Nisa / Arez,Secundário,"grade de limpeza manual e grade de limpeza mecânica, canal de recurso com grade manual), medidor de caudal em canal Parshall, tanque de arejamento, decantador secundário, medidor de caudal em canal; rmazenamento dos gradados e areias em contentor, EE, silo de lamas, 2 leitos de secagem",,40.10 m3/dia,,394,2040.0,,Urbanas Características do Afluente Bruto Volume Médio mensal 1219.6666666666667 (m3) CBO5 (mg/L O2) CQO (mg/L O2) N (mg/L N) P (mg/L P),1219.666666666667,,,,,,,
Arneiro L006837.2022.RH5A (11.10.2022 a 10.10.2027).pdf,LURH,L006837.2022.RH5A,450.10.04.01.020343.2021.RH5A,ETAR Arneiro,APA00395003,"Águas do Vale do Tejo, S.A.",513606130,11-10-2022,10-10-2027,Em vigor,APA — ARH Tejo e Oeste,Tejo e Ribeiras do Oeste,Tejo,PT05TEJ0913 :: Albufeira Fratel,RIO (ALBUFEIRA),PT05TEJ0913 :: Albufeira Fratel,Razoável,Ribeira/ribeiro,Afluente da Ribeira do Vale,esquerda,Coletor com obra de proteção (boca de lobo),-7.696886,39.622864,-7.697244,39.622822,– Freguesia Alto Alentejo / Nisa / Santana,Secundário,Lamas Ativadas em Regime de Arejamento Prolongado,99.00 m3/dia,,,541,2040.0,576.0,Urbanas Características do Afluente Bruto Volume Máximo mensal 2593.75 (m3) CBO5 (mg/L O2) CQO (mg/L O2) N (mg/L N) P (mg/L P),2593.75,,,,,,,
Atalaia L005951.2022.RH5A (30.03.2022 a 29.03.2027).pdf,LURH,L005951.2022.RH5A,450.10.04.01.026700.2021.RH5A,ETAR Atalaia,APA00395003,"Águas do Vale do Tejo, S.A.",513606130,30-03-2022,29-03-2027,Em vigor,APA — ARH Tejo e Oeste,Tejo e Ribeiras do Oeste,Zezere,PT05TEJ0853 :: Rio Zêzere (HMWB - Jusante B. Bouçã),RIO,PT05TEJ0853 :: Rio Zêzere (HMWB - Jusante B. Bouçã),Razoável,Ribeira/ribeiro,Ribeira das Atalaias,esquerda,Coletor com obra de proteção (boca de lobo),-8.212275,39.864602,-8.212046,39.864816,– Freguesia Pinhal Interior Norte / Pedrógão Grande / Graça,Secundário,Fossa Sética e Leito de Macrófitas,38.00 m3/dia,,2012.0,350,2040.0,350.0,Urbanas Características do Afluente Bruto Volume Máximo mensal 1625.0 (m3) CBO5 552.0 (mg/L O2) CQO 1100.0 (mg/L O2) N 110.0 (mg/L N) P 28.0 (mg/L P),1625.0,552.0,1100.0,110.0,28.0,,,
Azaruja_L000894.2021.RH7 (15.01.2021 a 14.01.2031).pdf,LURH,L000894.2021.RH7,450.10.04.01.022230.2020.RH7,ETAR de Azaruja,APA00395003,"Águas do Vale do Tejo, S.A.",513606130,15-01-2021,14-01-2031,Em vigor,APA — ARH Alentejo,Guadiana,Degebe,PT07GUA1440 :: Ribeira da Pardiela,RIO,PT07GUA1440 :: Ribeira da Pardiela,Bom,Ribeira/ribeiro,Ribeiro da Machoqueira,esquerda,Coletor com obra de proteção (boca de lobo),-7.77578,38.69903,-7.77623,38.69991,– Freguesia Alentejo Central / Évora / São Bento do Mato,Secundário,Lagoas de estabilização,,221.00 m3/dia,2010.0,1170,2035.0,1170.0,Urbanas Características do Afluente Bruto Volume Médio mensal 6722.1 (m3) CBO5 318.0 (mg/L O2) CQO 636.0 (mg/L O2) N 63.0 (mg/L N) P 21.0 (mg/L P),6722.1,318.0,636.0,63.0,21.0,,,
Bairro das Espadas_Lic_L003861.2014.RH6 (27-03-2014 a 27-03-2021).pdf,LURH,L003861.2014.RH6,450.10.04.01.004823.2014.RH6,ETAR do Bairro das Espadas,,"Águas do Centro Alentejo, S.A.",506306143,27-03-2014,27-03-2021,Caducada,APA — ARH Alentejo,RH6 :: Sado e Mira,1524 :: Alcacovas,06SAD1221 :: Ribeira da Peramanca,,,,Ribeira/ribeiro,Ribeira da Viscossa,direita,Coletor com obra de proteção (boca de lobo),-7.95198,38.56214,-7.95191,38.56247,– Freguesia Alentejo Central / Évora / Malagueira,Secundário,Fossa séptica + Tanques filtrantes + Lagoa de maturação,51.30 m3/dia,,2009.0,330,,,Urbanas Características do Afluente Bruto Volume máximo mensal 1566.5 (m3) CBO5 400.0 (mg/L O2) CQO 1000.0 (mg/L O2) N 85.0 (mg/L N) P 15.0 (mg/L P),1566.5,400.0,1000.0,85.0,15.0,,,
Bairro do Degebe_L000801.2021.RH7 (13.01.2021 a 12.01.2031).pdf,LURH,L000801.2021.RH7,450.10.04.01.022232.2020.RH7,ETAR do Bairro do Degebe,APA00395003,"Águas do Vale do Tejo, S.A.",513606130,13-01-2021,12-01-2031,Em vigor,APA — ARH Alentejo,Guadiana,Degebe,PT07GUA1453A :: Rio Degebe,RIO,PT07GUA1453A :: Rio Degebe,Razoável,Rio,Rio Degebe,direita,Coletor com obra de proteção (boca de lobo),-7.85079,38.59369,-7.85113,38.59362,– Freguesia Alentejo Central / Évora / Senhora da Saúde,Secundário,Lamas activadas no sistema SBR,,15.60 m3/dia,2011.0,100,2035.0,100.0,Urbanas Características do Afluente Bruto Volume Médio mensal 474.5 (m3) CBO5 385.0 (mg/L O2) CQO 769.0 (mg/L O2) N 77.0 (mg/L N) P 26.0 (mg/L P),474.5,385.0,769.0,77.0,26.0,,,
Barbacena_Lic_L009075.2018.RH7 (14.06.2018 a 13-06-2028).pdf,LURH,L009075.2018.RH7,450.10.04.01.006513.2018.RH7,ETAR de Barbacena,APA00395003,"Águas do Vale do Tejo, S.A.",513606130,14-06-2018,13-06-2028,Em vigor,,Guadiana,Caia,,,,,Ribeira/ribeiro,Afluente ao Ribeiro de Barbacena,,Coletor com obra de proteção (boca de lobo),-7.30497,38.96722,-7.304078,38.966963,– Freguesia Alto Alentejo / Elvas / Barbacena,Secundário,Lamas Ativadas em Arejamento Prolongado (ETAR compacta),13.00 m3/dia,,2018.0,768,2048.0,768.0,Urbanas Características do Afluente Bruto Volume médio mensal 405.1 (m3) CBO5 300.0 (mg/L O2) CQO 600.0 (mg/L O2) N 40.0 (mg/L N) P 15.0 (mg/L P),405.1,300.0,600.0,40.0,15.0,,,
Barroca L006737.2022.RH5A (23.02.2023 a 22.02.2028).pdf,LURH,L006737.2022.RH5A,450.10.04.01.016515.2021.RH5A,ETAR Barroca,APA00395003,"Águas do Vale do Tejo, S.A.",513606130,13-05-2022,12-05-2027,Em vigor,APA — ARH Tejo e Oeste,Tejo e Ribeiras do Oeste,Zezere,PT05TEJ0785 :: Rio Zêzere,RIO,PT05TEJ0785 :: Rio Zêzere,Razoável,Rio,Rio Zêzere,esquerda,Coletor com obra de proteção (boca de lobo),-7.718801,40.110991,-7.717877,40.11049,– Freguesia Cova da Beira / Fundão / Barroca,Secundário,Leitos Percolador e Desinfeção,55.80 m3/dia,,,400,2043.0,500.0,Urbanas Características do Afluente Bruto Volume Máximo mensal 1697.25 (m3) CBO5 (mg/L O2) CQO (mg/L O2) N (mg/L N) P (mg/L P),1697.25,,,,,,,
Belmonte_L005347.2021.RH5A (12.07.2021 a 11.07.2026).pdf,LURH,L005347.2021.RH5A,450.10.04.01.019442.2020.RH5A,ETAR Belmonte,APA00395003,"Águas do Vale do Tejo, S.A.",513606130,12-07-2021,11-07-2026,Caducada,APA — ARH Tejo e Oeste,Tejo e Ribeiras do Oeste,Zezere,PT05TEJ0751 :: Rio Zêzere,RIO,PT05TEJ0751 :: Rio Zêzere,Razoável,Rio,Rio Zêzere,esquerda,Coletor com obra de proteção (boca de lobo),-7.364238,40.35627,-7.359248,40.359354,– Freguesia Cova da Beira / Belmonte / Belmonte,Secundário,Lamas Ativadas em Regime de Arejamento Prolongado,588.00 m3/dia,,,3972,2046.0,4228.0,Urbanas Características do Afluente Bruto Volume Máximo mensal 17885.0 (m3) CBO5 (mg/L O2) CQO (mg/L O2) N (mg/L N) P (mg/L P),17885.0,,,,,,,
Bendada L006858.2022.RH5A (23.02.2023 a 22.02.2028).pdf,LURH,L006858.2022.RH5A,450.10.04.01.023909.2021.RH5A,ETAR Bendada,APA00395003,"Águas do Vale do Tejo, S.A.",513606130,13-05-2022,12-05-2027,Em vigor,APA — ARH Tejo e Oeste,Tejo e Ribeiras do Oeste,Zezere,PT05TEJ0745 :: Ribeira das Inguias,RIO,PT05TEJ0745 :: Ribeira das Inguias,Razoável,Ribeira/ribeiro,Ribeira da Bendada,direita,Coletor sem obra de proteção,-7.256889,40.364531,-7.257325,40.365393,– Freguesia Beira Interior Norte / Sabugal / Bendada,Mais avançado que o secundário,Sistema de tratamento por lamas ativadas em regime de arejamento prolongado,105.00 m3/dia,,,700,2044.0,700.0,Urbanas Características do Afluente Bruto Volume Máximo mensal 3219.25 (m3) CBO5 (mg/L O2) CQO (mg/L O2) N (mg/L N) P (mg/L P),3219.25,,,,,,,
Boa Fé_Lic_L004532.2014.RH6 (07-04-2014 a 07-04-2021).pdf,LURH,L004532.2014.RH6,450.10.04.01.005236.2014.RH6,ETAR de Boa Fé,,"Águas do Centro Alentejo, S.A.",506306143,07-04-2014,07-04-2021,Caducada,APA — ARH Alentejo,RH6 :: Sado e Mira,1524 :: Alcacovas,06SAD1214 :: Ribeira de São Brissos,RIO,06SAD1214 :: Ribeira de São Brissos,Bom,Ribeira/ribeiro,Ribeira de S. Brissos,esquerda,Coletor com obra de proteção (boca de lobo),-8.09611,38.5504,-8.09587,38.55061,– Freguesia Alentejo Central / Évora / Nossa Senhora da Boa Fé,Secundário,Lagoas de estabilização,7.80 m3/dia,,2010.0,50,2035.0,50.0,Urbanas Características do Afluente Bruto Volume máximo mensal 237.2 (m3) CBO5 476.0 (mg/L O2) CQO 952.0 (mg/L O2) N 95.0 (mg/L N) P 32.0 (mg/L P),237.2,476.0,952.0,95.0,32.0,,,
Borba_L000928.2018.RH7_(18.01.2018 a 17.01.2028).pdf,LURH,L000928.2018.RH7,450.10.04.01.016601.2017.RH7,ETAR de Borba,APA00395003,"Águas do Vale do Tejo, S.A.",513606130,18-01-2018,17-01-2028,Em vigor,,Guadiana,Guadiana,,,,,Ribeira/ribeiro,Ribeira de Borba,esquerda,Coletor com obra de proteção (boca de lobo),-7.43157,38.8196,-7.431463,38.819831,– Freguesia Alentejo Central / Borba / Borba (Matriz),Mais avançado que o secundário,Lamas activadas em arejamento prolongado com remoção de nutrientes + precipitação do fósforo,1430.00 m3/dia,,2008.0,8000,2034.0,8000.0,Urbanas Características do Afluente Bruto Volume máximo mensal 43495.8 (m3) CBO5 462.0 (mg/L O2) CQO 1039.0 (mg/L O2) N 51.0 (mg/L N) P 14.0 (mg/L P),43495.8,462.0,1039.0,51.0,14.0,,,
Cabeça de Carneiro_L016490.2019.RH7 (04.10.2019 a 03.10.2029).pdf,LURH,L016490.2019.RH7,450.10.04.01.010382.2019.RH7,ETAR de Cabeça de Carneiro,APA00395003,"Águas do Vale do Tejo, S.A.",513606130,04-10-2019,03-10-2029,Em vigor,,Guadiana,Guadiana,PT07GUA1459 :: Ribeira do Azevel,RIO,PT07GUA1459 :: Ribeira do Azevel,Medíocre,Ribeira/ribeiro,Afluente do Ribeiro do Azevelinho,direita,Coletor com obra de proteção (boca de lobo),-7.39212,38.52907,-7.3922,38.52945,– Freguesia Alentejo Central / Alandroal / Santiago Maior,Secundário,Fossa séptica + trincheiras filtrantes (filtros de areia enterrados),,58.31 m3/dia,2010.0,299,2035.0,299.0,Urbanas Características do Afluente Bruto Volume Médio mensal 1773.6 (m3) CBO5 444.0 (mg/L O2) CQO 889.0 (mg/L O2) N 89.0 (mg/L N) P 30.0 (mg/L P),1773.6,444.0,889.0,89.0,30.0,,,
Cabeça_L015829.2021.RH4A (07.09.2021 a 30.09.2026).pdf,LURH,L015829.2021.RH4A,450.10.04.01.019715.2021.RH4A,ETAR de Cabeça,APA00395003,"Águas do Vale do Tejo, S.A.",513606130,07-09-2021,30-09-2026,Em vigor,APA — ARH Centro,"Vouga, Mondego e Lis",Alva,PT04MON0634 :: Ribeira de Loriga,RIO,PT04MON0634 :: Ribeira de Loriga,Bom,Ribeira/ribeiro,ribeira das Forcadas,direita,Coletor com obra de proteção (boca de lobo),-7.73635,40.32128,-7.736671,40.321364,– Freguesia Serra da Estrela / Seia / Cabeça,Secundário,Sistema de tratamento compacto por lamas ativadas em regime de arejamento prolongado,,71.00 m3/dia,2013.0,274,2043.0,526.0,Urbanas Características do Afluente Bruto Volume Médio mensal 2159.5833333333335 (m3) CBO5 (mg/L O2) CQO (mg/L O2) N (mg/L N) P (mg/L P),2159.583333333333,,,,,,,
Cafede_L009953.2020.RH5A (01.06.2020 a 15.06.2025).pdf,LURH,L009953.2020.RH5A,450.10.04.01.003459.2020.RH5A,ETAR de Cafede,APA00395003,"Águas do Vale do Tejo, S.A.",513606130,01-06-2020,15-06-2025,Caducada,,Tejo e Ribeiras do Oeste,Ocreza,PT05TEJ0836 :: Ribeirinha,RIO,PT05TEJ0836 :: Ribeirinha,Bom,Ribeira/ribeiro,Ribeira da Ribeirinha,direita,Coletor com obra de proteção (boca de lobo),-7.52016,39.91118,-7.51948,39.91115,– Freguesia Beira Interior Sul / Castelo Branco / Cafede,Secundário,Lamas ativadas em regime de baixa carga,,133.00 m3/dia,,1000,2020.0,1000.0,Urbanas Características do Afluente Bruto Volume Médio mensal 4045.4166666666665 (m3) CBO5 (mg/L O2) CQO (mg/L O2) N (mg/L N) P (mg/L P),4045.416666666667,,,,,,,
Campinho_L002750.2021.RH7 (08.02.2021 a 07.02.2031).pdf,LURH,L002750.2021.RH7,450.10.04.01.023748.2020.RH7,ETAR de Campinho,APA00395003,"Águas do Vale do Tejo, S.A.",513606130,08-02-2021,07-02-2031,Em vigor,APA — ARH Alentejo,Guadiana,Guadiana,PT07GUA1487A :: Albufeira Alqueva (Principal),RIO (ALBUFEIRA),PT07GUA1487A :: Albufeira Alqueva (Principal),Razoável,Barranco,Afluente da Albufeira da Barragem de Alqueva,esquerda,Coletor com obra de proteção (boca de lobo),-7.46345,38.36238,-7.463716,38.362852,– Freguesia Alentejo Central / Reguengos de Monsaraz / Campinho,Mais avançado que o secundário,"Lamas activadas (arejamento prolongado), com remoção de nutrientes (azoto e fósforo).",,239.00 m3/dia,2009.0,903,2030.0,1136.0,Urbanas Características do Afluente Bruto Volume Médio mensal 7269.6 (m3) CBO5 400.0 (mg/L O2) CQO 800.0 (mg/L O2) N 80.0 (mg/L N) P 27.0 (mg/L P),7269.6,400.0,800.0,80.0,27.0,,,
Campo Maior-Bacia A_L009097.2020.RH7 (27.05.2020 a 26.05.2027).pdf,LURH,L009097.2020.RH7,450.10.04.01.011890.2019.RH7,ETAR de Campo Maior - Bacia A,APA00395003,"Águas do Vale do Tejo, S.A.",513606130,27-05-2020,26-05-2027,Em vigor,,Guadiana,Caia,PT07GUA1424 :: Ribeira do Vale Morto,RIO,PT07GUA1424 :: Ribeira do Vale Morto,Medíocre,Ribeira/ribeiro,Ribeira de Mudos,esquerda,Coletor sem obra de proteção,-7.08033,39.00092,-7.079367,39.000618,– Freguesia Alto Alentejo / Campo Maior / Nossa Senhora da Expectação,Secundário,Lagoas de estabilização,387.00 m3/dia,,2002.0,3500,,,Urbanas Características do Afluente Bruto Volume Máximo mensal 11771.2 (m3) CBO5 400.0 (mg/L O2) CQO 1000.0 (mg/L O2) N 85.0 (mg/L N) P 15.0 (mg/L P),11771.2,400.0,1000.0,85.0,15.0,,,
Campo Maior-Bacia B_L009098.2020.RH7 (27.05.2020 a 26.05.2027).pdf,LURH,L009098.2020.RH7,450.10.04.01.011891.2019.RH7,ETAR de Campo Maior - Bacia B,APA00395003,"Águas do Vale do Tejo, S.A.",513606130,27-05-2020,26-05-2027,Em vigor,,Guadiana,Caia,PT07GUA1424 :: Ribeira do Vale Morto,RIO,PT07GUA1424 :: Ribeira do Vale Morto,Medíocre,Ribeira/ribeiro,Ribeira da Lage,esquerda,Coletor sem obra de proteção,-7.06453,39.00213,-7.063134,39.003912,– Freguesia Alto Alentejo / Campo Maior / Nossa Senhora da Expectação,Secundário,Lagoas de estabilização,2079.00 m3/dia,,2002.0,6333,,,Urbanas Características do Afluente Bruto Volume Máximo mensal 63236.2 (m3) CBO5 400.0 (mg/L O2) CQO 1000.0 (mg/L O2) N 85.0 (mg/L N) P 15.0 (mg/L P),63236.2,400.0,1000.0,85.0,15.0,,,
Carapito L018980.2022.RH4A (12.10.2022 a 31.10.2027).pdf,LURH,L018980.2022.RH4A,450.10.04.01.017430.2022.RH4A,Carapito,APA00395003,"Águas do Vale do Tejo, S.A.",513606130,12-10-2022,31-10-2027,Em vigor,APA — ARH Centro,"Vouga, Mondego e Lis",Dao,PT04MON0574 :: Rio Dão,RIO,PT04MON0574 :: Rio Dão,Bom,Ribeira/ribeiro,Ribeiro da Urgueira,esquerda,Coletor com obra de proteção (boca de lobo),-7.46809,40.75432,-7.467144,40.75574,– Freguesia Dão-Lafões / Aguiar da Beira / Carapito,Secundário,Tratamento secundário por lamas activadas,,4.60 l/s,2012.0,741,2035.0,752.0,Urbanas Características do Afluente Bruto Volume Médio mensal 1709.25 (m3) CBO5 (mg/L O2) CQO (mg/L O2) N (mg/L N) P (mg/L P),1709.25,,,,,,,
Casa Branca_Cano L007500.2022.RH5A (11.10.2022 a 10.10.2027).pdf,LURH,L007500.2022.RH5A,450.10.04.01.000245.2022.RH5A,ETAR de Casa Branca/Cano,APA00395003,"Águas do Vale do Tejo, S.A.",513606130,11-10-2022,10-10-2027,Em vigor,APA — ARH Tejo e Oeste,Tejo e Ribeiras do Oeste,Raia,PT05TEJ1067 :: Ribeira de Almadafe,RIO,PT05TEJ1067 :: Ribeira de Almadafe,Medíocre,Ribeira/ribeiro,s/ nome definido afluente ribeira da Jordana,esquerda,Coletor com obra de proteção (boca de lobo),-7.803384,38.94123,-7.803368,38.941502,– Freguesia Alentejo Central / Sousel / Casa Branca,Secundário,"Fase liquida: câmara de chegada, tamisador com compatador, medidor de caudal, (canal Parshall); desarenador/desengordurador arejado com classificador de areias, caixa de separação gorduras, vala de oxidação, decantador secundário. Fase sólida: espessamento gravítico das lamas secundárias, armazenamento com agitação; desidratação mecânica em unidade móvel, 4 leitos de secagem",,477.00 m3/dia,,3059,2045.0,3313.0,Urbanas Características do Afluente Bruto Volume Médio mensal 14508.75 (m3) CBO5 (mg/L O2) CQO (mg/L O2) N (mg/L N) P (mg/L P),14508.75,,,,,,,
Casas Novas_L019877.2018.RH6 (11.12.2018 a 10.12.2028).pdf,LURH,L019877.2018.RH6,450.10.04.01.014219.2018.RH6,ETAR de Casas Novas,APA00395003,"Águas do Vale do Tejo, S.A.",513606130,11-12-2018,10-12-2028,Em vigor,,Sado e Mira,Alcacovas,PT06SAD1214 :: Ribeira de São Brissos,RIO,PT06SAD1214 :: Ribeira de São Brissos,Razoável,Barranco,Afluente da Ribeira de São Brissos,esquerda,Coletor com obra de proteção (boca de lobo),-8.103144,38.549065,-8.103052,38.549453,– Freguesia Alentejo Central / Évora / Nossa Senhora da Boa Fé,Secundário,Fossa séptica + leitos de macrófitas,27.70 m3/dia,,2010.0,100,2035.0,142.0,Urbanas Características do Afluente Bruto Volume Máximo mensal 842.5 (m3) CBO5 306.0 (mg/L O2) CQO 615.0 (mg/L O2) N 61.0 (mg/L N) P 21.0 (mg/L P),842.5,306.0,615.0,61.0,21.0,,,
Castanheira de Pera_L024352.2020.RH5A (09.05.2021 a 08.05.2026).pdf,LURH,L024352.2020.RH5A,450.10.04.01.014966.2020.RH5A,ETAR Castanheira de Pêra,APA00395003,"Águas do Vale do Tejo, S.A.",513606130,09-05-2021,08-05-2026,Caducada,APA — ARH Tejo e Oeste,Tejo e Ribeiras do Oeste,Zezere,PT05TEJ0831 :: Ribeira de Pera,RIO,PT05TEJ0831 :: Ribeira de Pera,Bom,Ribeira/ribeiro,Ribeira de Pêra,esquerda,Outro,-8.206446,39.995027,-8.206534,39.995228,– Freguesia Pinhal Interior Norte / Castanheira de Pêra / Castanheira de Pêra,Secundário,Lamas Ativadas em Regime de Arejamento Prolongado,932.00 m3/dia,,,5000,2045.0,5000.0,Urbanas Características do Afluente Bruto Volume Máximo mensal 28333.333333333332 (m3) CBO5 (mg/L O2) CQO (mg/L O2) N (mg/L N) P (mg/L P),28333.33333333333,,,,,Sim,30.0 m3/dia,Utilização no recinto da ETAR;
Castelejo L006726.2022.RH5A (23.02.2023 a 22.02.2028).pdf,LURH,L006726.2022.RH5A,450.10.04.01.016116.2021.RH5A,ETAR Castelejo,APA00395003,"Águas do Vale do Tejo, S.A.",513606130,13-05-2022,12-05-2027,Em vigor,APA — ARH Tejo e Oeste,Tejo e Ribeiras do Oeste,Zezere,PT05TEJ0772 :: Ribeira de Ximassas,RIO,PT05TEJ0772 :: Ribeira de Ximassas,Bom,Ribeira/ribeiro,Ribeira das Ximassas,esquerda,Coletor com obra de proteção (boca de lobo),-7.582045,40.121607,-7.58207,40.12,– Freguesia Cova da Beira / Fundão / Castelejo,Secundário,Leito de macrófitas,206.00 m3/dia,,,1638,2043.0,1569.0,Urbanas Características do Afluente Bruto Volume Máximo mensal 6265.833333333333 (m3) CBO5 (mg/L O2) CQO (mg/L O2) N (mg/L N) P (mg/L P),6265.833333333333,,,,,,,
Cativelos L012302.2022.RH4A (07.07.2022 a 31.07.2027).pdf,LURH,L012302.2022.RH4A,450.10.04.01.021361.2021.RH4A,ETAR de Cativelos,APA00395003,"Águas do Vale do Tejo, S.A.",513606130,07-07-2022,31-07-2027,Em vigor,APA — ARH Centro,"Vouga, Mondego e Lis",Mondego,PT04MON0595 :: Rio Torto,RIO,PT04MON0595 :: Rio Torto,Bom,Rio,Rio Torto,esquerda,Coletor com obra de proteção (boca de lobo),-7.681864,40.533589,-7.68192,40.53337,– Freguesia Serra da Estrela / Gouveia / Cativelos,Secundário,Lamas activadas de arejamento prolongado,,577.70 m3/dia,2009.0,1677,2036.0,1832.0,Urbanas Características do Afluente Bruto Volume Médio mensal 7194.916666666667 (m3) CBO5 (mg/L O2) CQO (mg/L O2) N (mg/L N) P (mg/L P),7194.916666666667,,,,,,,
Chaveiral_Paranhos L021799.2021.RH4A (29.12.2021 a 31.12.2026).pdf,LURH,L021799.2021.RH4A,450.10.04.01.026253.2021.RH4A,ETAR de Chaveiral/Paranhos,APA00395003,"Águas do Vale do Tejo, S.A.",513606130,29-12-2021,31-12-2026,Em vigor,APA — ARH Centro,"Vouga, Mondego e Lis",Mondego,PT04MON0601 :: afluente do Rio Mondego,RIO,PT04MON0601 :: afluente do Rio Mondego,Bom,Ribeira/ribeiro,Afluente ao rio Mondego,esquerda,Coletor com obra de proteção (boca de lobo),-7.786158,40.480947,-7.786103,40.480744,– Freguesia Serra da Estrela / Seia / Paranhos,Secundário,Sistema de tratamento por lamas ativadas em regime de arejamento prolongado,,452.00 m3/dia,2011.0,1745,2041.0,1697.0,Urbanas Características do Afluente Bruto Volume Médio mensal 13754.416666666666 (m3) CBO5 (mg/L O2) CQO (mg/L O2) N (mg/L N) P (mg/L P),13754.41666666667,,,,,,,
Chãos_Lic_L001865.2014.RH5 (13-02-2014 a 13-02-2016) .pdf,LURH,L001865.2014.RH5,450.10.04.01.001951.2014.RH5,ETAR de Chãos,,Águas do Centro S.A.,505773333,13-02-2014,13-02-2016,Caducada,,RH5 :: Tejo,1442 :: Nabao,05TEJ0898 :: Rio Nabão,RIO,05TEJ0898 :: Rio Nabão,Bom,Ribeira/ribeiro,Ribeira de Chãos,esquerda,Coletor com obra de proteção (boca de lobo),-8.4122,39.70385,-8.41185,39.70408,– Freguesia Médio Tejo / Ferreira do Zêzere / Chãos,Secundário,"Fase liquida - Obra de entrada com gradagem mecânica e desarenador em canal, tratamento biológico em lamas ativadas em baixa carga seguido de decantação secundária. Fase Sólida – espessamento gravítico e desidratação em leitos de secagem.",112.00 m3/dia,,2014.0,851,2040.0,858.0,Urbanas Características do Afluente Bruto Volume máximo mensal 3406.7 (m3) CBO5 462.0 (mg/L O2) CQO 924.0 (mg/L O2) N 77.0 (mg/L N) P 15.0 (mg/L P),3406.7,462.0,924.0,77.0,15.0,,,
Corgas Sandomil L010284.2022.RH4A (07.06.2022 a 30.06.2027).pdf,LURH,L010284.2022.RH4A,450.10.04.01.004383.2021.RH4A,ETAR de Corgas/Sandomil,APA00395003,"Águas do Vale do Tejo, S.A.",513606130,07-06-2022,30-06-2027,Em vigor,APA — ARH Centro,"Vouga, Mondego e Lis",Alva,PT04MON0658 :: Rio Alva,RIO,PT04MON0658 :: Rio Alva,Bom,Rio,Rio Alva,direita,Coletor com obra de proteção (boca de lobo),-7.792172,40.355218,-7.79176,40.35559,– Freguesia Serra da Estrela / Seia / Sandomil,Secundário,Sistemas de tratamento por lamas ativadas em regime de arejamento prolongado,454.80 m3/dia,,2011.0,1632,2041.0,1686.0,Urbanas Características do Afluente Bruto Volume Máximo mensal 13833.5 (m3) CBO5 (mg/L O2) CQO (mg/L O2) N (mg/L N) P (mg/L P),13833.5,,,,,,,
Crato_Flor da Rosa L007422.2022.RH5A (11.10.2022 a 10.10.2027).pdf,LURH,L007422.2022.RH5A,450.10.04.01.016652.2021.RH5A,ETAR de Crato / Flor da Rosa,APA00395003,"Águas do Vale do Tejo, S.A.",513606130,11-10-2022,10-10-2027,Em vigor,APA — ARH Tejo e Oeste,Tejo e Ribeiras do Oeste,Raia,PT05TEJ0974 :: Ribeiro do Chocanal,RIO,PT05TEJ0974 :: Ribeiro do Chocanal,Razoável,Ribeira/ribeiro,Ribeira do Chocanal,direita,Coletor com obra de proteção (boca de lobo),-7.644179,39.276751,-7.646046,39.277546,– Freguesia Alto Alentejo / Crato / Crato e Mártires,Secundário,"fase líquida: gradagem grossa e gradagem fina (tamisador) e gradagem grossa (canal de recurso); desarenação, lavagem classificação areias; tanque Imhoff, leito percolador, decantador secundário; fase sólida: armazenamento de gradados e areias; digestão das lamas no tanque Imhoff; silo de lamas e remoção para destino adequado, e/ou, desidratação em leitos de secagem (4 leitos)",,574.00 m3/dia,,2471,2026.0,2754.0,Urbanas Características do Afluente Bruto Volume Médio mensal 17459.166666666668 (m3) CBO5 (mg/L O2) CQO (mg/L O2) N (mg/L N) P (mg/L P),17459.16666666667,,,,,,,
Cumeada_L016354.2019.RH7 (02.10.2019 a 01.10.2029).pdf,LURH,L016354.2019.RH7,450.10.04.01.010380.2019.RH7,ETAR da Cumeada,APA00395003,"Águas do Vale do Tejo, S.A.",513606130,02-10-2019,01-10-2029,Em vigor,,Guadiana,Degebe,PT07GUA1487B :: Albufeira Alqueva (Braço Degebe),RIO (ALBUFEIRA),PT07GUA1487B :: Albufeira Alqueva (Braço Degebe),Razoável,Barranco,Afluente da Ribeira da Caridade,direita,Coletor com obra de proteção (boca de lobo),-7.51571,38.36109,-7.51587,38.36117,– Freguesia Alentejo Central / Reguengos de Monsaraz / Campo,Secundário,Fossa séptica + leito de macrófitas,,21.00 m3/dia,2011.0,100,2036.0,100.0,Urbanas Características do Afluente Bruto Volume Médio mensal 638.8 (m3) CBO5 577.0 (mg/L O2) CQO 1000.0 (mg/L O2) N 96.0 (mg/L N) P 19.0 (mg/L P),638.8,577.0,1000.0,96.0,19.0,,,
Degolados_Lic_L003050.2014.RH7 (11-03-2014 a 11-03-2019).pdf,LURH,L003050.2014.RH7,450.10.04.01.002174.2014.RH7,ETAR de Degolados,,"Águas do Norte Alentejano, S.A.",505309947,11-03-2014,11-03-2019,Caducada,APA — ARH Alentejo,RH7 :: Guadiana,16356 :: Caia,07GUA1422 :: Albufeira Caia,LAGO,07GUA1422 :: Albufeira Caia,Bom,Ribeira/ribeiro,Ribeiro das Enfermarias,direita,Coletor com obra de proteção (boca de lobo),-7.1286,39.05698,-7.128831,39.057042,– Freguesia Alto Alentejo / Campo Maior / Nossa Senhora da Graça dos Degolados,Secundário,Discos biológicos,120.00 m3/dia,,2010.0,1000,2018.0,1000.0,Urbanas Características do Afluente Bruto Volume máximo mensal 3650.0 (m3) CBO5 450.0 (mg/L O2) CQO 1000.0 (mg/L O2) N 85.0 (mg/L N) P 15.0 (mg/L P),3650.0,450.0,1000.0,85.0,15.0,,,
Dornelas L019966.2022.RH4A (24.10.2022 a 31.10.2027).pdf,LURH,L019966.2022.RH4A,450.10.04.01.017423.2022.RH4A,ETAR Dornelas,APA00395003,"Águas do Vale do Tejo, S.A.",513606130,24-10-2022,31-10-2027,Em vigor,APA — ARH Centro,"Vouga, Mondego e Lis",Dao,PT04MON0574 :: Rio Dão,RIO,PT04MON0574 :: Rio Dão,Bom,Rio,Rio Dão,direita,Coletor com obra de proteção (boca de lobo),-7.552676,40.723618,-7.554765,40.726357,– Freguesia Dão-Lafões / Aguiar da Beira / Dornelas,Secundário,Lamas ativadas com arejamento prolongado,,294.00 m3/dia,2009.0,1105,2036.0,1024.0,Urbanas Características do Afluente Bruto Volume Médio mensal 5280.0 (m3) CBO5 (mg/L O2) CQO (mg/L O2) N (mg/L N) P (mg/L P),5280.0,,,,,,,
Elvas_L019241.2021.RH7 (03.12.2021 a 02.12.2031).pdf,LURH,L019241.2021.RH7,450.10.04.01.011482.2021.RH7,ETAR de Elvas,APA00395003,"Águas do Vale do Tejo, S.A.",513606130,03-12-2021,02-12-2031,Em vigor,APA — ARH Alentejo,Guadiana,Guadiana,PT07GUA1427 :: Ribeira da Lã,RIO,PT07GUA1427 :: Ribeira da Lã,Razoável,Ribeira/ribeiro,Ribeiro da Fonte Nova,direita,Coletor com obra de proteção (boca de lobo),-7.13019,38.87453,-7.14219,38.87671,– Freguesia Alto Alentejo / Elvas / Caia e São Pedro,Mais avançado que o secundário,"Lamas activadas (média carga), com remoção biológica de fósforo, azoto e matéria carbonada e remoção físico-química de fósforo, seguido de desinfecção.",,3656.00 m3/dia,2007.0,17000,2032.0,19000.0,Urbanas Características do Afluente Bruto Volume Médio mensal 111203.3 (m3) CBO5 313.0 (mg/L O2) CQO 781.0 (mg/L O2) N 52.0 (mg/L N) P 14.0 (mg/L P),111203.3,313.0,781.0,52.0,14.0,,,
Entroncamento_L013710.2021.RH5A (30.09.2021 a 29.09.2026).pdf,LURH,L013710.2021.RH5A,450.10.04.01.005353.2021.RH5A,ETAR Entroncamento,APA00395003,"Águas do Vale do Tejo, S.A.",513606130,30-09-2021,29-09-2026,Em vigor,APA — ARH Tejo e Oeste,Tejo e Ribeiras do Oeste,Tejo,PT05TEJ0959 :: Ribeira da Ponte da Pedra,RIO,PT05TEJ0959 :: Ribeira da Ponte da Pedra,Razoável,Ribeira/ribeiro,Ribeira de Santa Catarina,direita,Coletor com obra de proteção (boca de lobo),-8.4642,39.4516,-8.470847,39.445634,– Freguesia Médio Tejo / Entroncamento / São João Baptista,Secundário,Lamas Ativadas em Regime de Arejamento Prolongado,6401.40 m3/dia,,2016.0,23430,2033.0,25000.0,Urbanas Características do Afluente Bruto Volume Máximo mensal 136925.2 (m3) CBO5 234.3 (mg/L O2) CQO 468.0 (mg/L O2) N 46.8 (mg/L N) P 15.6 (mg/L P),136925.2,234.3,468.0,46.8,15.6,,,
Ervedal L007525.2022.RH5A (11.10.2022 a 10.10.2027).pdf,LURH,L007525.2022.RH5A,450.10.04.01.000243.2022.RH5A,ETAR de Ervedal,APA00395003,"Águas do Vale do Tejo, S.A.",513606130,11-10-2022,10-10-2027,Em vigor,APA — ARH Tejo e Oeste,Tejo e Ribeiras do Oeste,Aviz,PT05TEJ1030 :: Albufeira Maranhao,RIO (ALBUFEIRA),PT05TEJ1030 :: Albufeira Maranhao,Razoável,Ribeira/ribeiro,"linha de água sem nome definido, Albufeira do Maranhão",esquerda,Coletor com obra de proteção (boca de lobo),-7.80809,39.046502,-7.808751,39.04609,– Freguesia Alto Alentejo / Avis / Ervedal,Mais avançado que o secundário,"Lamas ativadas composto por: Gradagem (limpeza manual e mecânica), classificador de areias, tanque de arejamento (c/injeção cloreto ferrico), decantador secundário, filtragem e desinfecção por UV; silo de lamas e 4 leitos de secagem",,107.00 m3/dia,,689,2021.0,,Urbanas Características do Afluente Bruto Volume Médio mensal 3254.5833333333335 (m3) CBO5 (mg/L O2) CQO (mg/L O2) N (mg/L N) P (mg/L P),3254.583333333333,,,,,,,
Falcoeiras_L001091.2014.RH7-T1 (24.01.2014 a 24.01.2019).pdf,LURH,L001091.2014.RH7,450.10.04.01.001112.2014.RH7,ETAR de Falcoeiras,APA00395003,"Águas do Vale do Tejo, S.A.",513606130,24-01-2014,24-01-2019,Caducada,,RH7 :: Guadiana,1632 :: Degebe,,RIO,,Razoável,Ribeira/ribeiro,Ribeiro das Falcoeiras,direita,Coletor sem obra de proteção,-7.57946,38.48043,-7.57912,38.48044,– Freguesia Alentejo Central / Redondo / Montoito,Primário,Fossa séptica,,25.00 m3/dia,2008.0,200,2034.0,200.0,Urbanas L001091.2014.RH7- T1 Características do Afluente Bruto Volume Médio mensal 760.4 (m3) CBO5 481.0 (mg/L O2) CQO 1202.0 (mg/L O2) N 80.0 (mg/L N) P 22.0 (mg/L P),760.4,481.0,1202.0,80.0,22.0,,,
Fiais da Beira L012142.2022.RH4A (06.07.2022 a 31.07.2027).pdf,LURH,L012142.2022.RH4A,450.10.04.01.004388.2021.RH4A,ETAR Fiais da Beira,APA00395003,"Águas do Vale do Tejo, S.A.",513606130,06-07-2022,31-07-2027,Em vigor,APA — ARH Centro,"Vouga, Mondego e Lis",Mondego,PT04MON0618B :: Rio Mondego,RIO,PT04MON0618B :: Rio Mondego,Razoável,Rio,Rio Seia,direita,Coletor com obra de proteção (boca de lobo),-7.93791,40.41038,-7.93094,40.41663,– Freguesia Pinhal Interior Norte / Oliveira do Hospital / Ervedal e Vila Franca da Beira,Secundário,Sistema de tratamento por lamas ativadas em regime de arejamento prolongado. O Título contempla a execução do emissário de rejeição,85.60 m3/dia,,2012.0,581,2042.0,623.0,Urbanas Características do Afluente Bruto Volume Máximo mensal 2603.6666666666665 (m3) CBO5 (mg/L O2) CQO (mg/L O2) N (mg/L N) P (mg/L P),2603.666666666667,,,,,,,
Fornos Algodres_L010179.2021.RH4A (08.06.2021 a 30.06.2026).pdf,LURH,L010179.2021.RH4A,450.10.04.01.021289.2020.RH4A,Fornos de Algodres,APA00395003,"Águas do Vale do Tejo, S.A.",513606130,08-06-2021,30-06-2026,Caducada,APA — ARH Centro,"Vouga, Mondego e Lis",Mondego,PT04MON0618B :: Rio Mondego,RIO,PT04MON0618B :: Rio Mondego,Razoável,Rio,Rio Mondego,direita,Coletor com obra de proteção (boca de lobo),-7.526503,40.608647,-7.528215,40.608701,– Freguesia Serra da Estrela / Fornos de Algodres / Fornos de Algodres,Secundário,Sistema de tratamento por lagunagem,,1048.00 m3/dia,2005.0,3222,2035.0,3630.0,Urbanas Características do Afluente Bruto Volume Médio mensal 15.577 (m3) CBO5 (mg/L O2) CQO (mg/L O2) N (mg/L N) P (mg/L P),15.577,,,,,,,
Foros do Arrão - Bacia A L006127.2022.RH5A (11.10.2022 a 10.10.2027).pdf,LURH,L006127.2022.RH5A,450.10.04.01.016649.2021.RH5A,ETAR de Foros do Arrão - Bacia A,APA00395003,"Águas do Vale do Tejo, S.A.",513606130,11-10-2022,10-10-2027,Em vigor,APA — ARH Tejo e Oeste,Tejo e Ribeiras do Oeste,Sorraia,PT05TEJ1007 :: Ribeiro do Arrão,RIO,PT05TEJ1007 :: Ribeiro do Arrão,Bom,Ribeira/ribeiro,Ribeiro do Arrão,direita,Coletor com obra de proteção (boca de lobo),-8.251378,39.175621,-8.251405,39.17582,– Freguesia Alto Alentejo / Ponte de Sor / Foros de Arrão,Secundário,"Fase Liquida – câmara de entrada (medidor de caudal, desarenador lateral de tempestade, soleira Parshall) ; obra de entrada (gradagem manual e automática em paralelo, medição e desarenador mecânico do tipo Pista); EE principal, Tanque Imhoff e leitos de secagem cobertos; EE de Recirculação / Caixa de Alimentação e Recolha; leito de macrófitas (49,9mx36,3m =1811m2); Fase Sólida – armazenamento dos gradados e areias em contentor, e desidratação de lamas em 5 leitos de secagem",,117.00 m3/dia,,850,2020.0,1000.0,Urbanas Características do Afluente Bruto Volume Médio mensal 3558.75 (m3) CBO5 (mg/L O2) CQO (mg/L O2) N (mg/L N) P (mg/L P),3558.75,,,,,,,
Foros do Arrão - Bacia B L006128.2022.RH5A (11.10.2022 a 10.10.2027).pdf,LURH,L006128.2022.RH5A,450.10.04.01.016650.2021.RH5A,ETAR de Foros do Arrão - Bacia B,APA00395003,"Águas do Vale do Tejo, S.A.",513606130,11-10-2022,10-10-2027,Em vigor,APA — ARH Tejo e Oeste,Tejo e Ribeiras do Oeste,Sorraia,PT05TEJ1007 :: Ribeiro do Arrão,RIO,PT05TEJ1007 :: Ribeiro do Arrão,Bom,Ribeira/ribeiro,linha de água s/ nome definido afluente do ribeiro do Arrão,esquerda,Coletor com obra de proteção (boca de lobo),-8.266941,39.150802,-8.266459,39.15043,– Freguesia Alto Alentejo / Ponte de Sor / Foros de Arrão,Secundário,"Fase Liquida – câmara de entrada (medidor de caudal, desarenador lateral de tempestade, soleira Parshall) ; obra de entrada (gradagem manual e automática em paralelo, medidor de caudal); EE principal com sistema de agitação, fossa séptica; EE de Recirculação / Caixa de Alimentação e Recolha; leito de macrófitas (30,0mx21,0m =630m2); • Fase Sólida – unidade móvel de desidratação de lamas ou transporte para leitos de secagem de outra ETAR do Grupo",,33.60 m3/mês,,200,2020.0,350.0,Urbanas Características do Afluente Bruto Volume Médio mensal 1022.0 (m3) CBO5 (mg/L O2) CQO (mg/L O2) N (mg/L N) P (mg/L P),1022.0,,,,,,,
Fortios_L006090.2021.RH5A_(12.05.2021 a 11.05.2026).pdf,LURH,L006090.2021.RH5A,450.10.04.01.019541.2020.RH5A,ETAR Fortios,APA00395003,"Águas do Vale do Tejo, S.A.",513606130,12-05-2021,11-05-2026,Caducada,APA — ARH Tejo e Oeste,Tejo e Ribeiras do Oeste,Raia,PT05TEJ0974 :: Ribeiro do Chocanal,RIO,PT05TEJ0974 :: Ribeiro do Chocanal,Razoável,Ribeira/ribeiro,Ribeira das Veladas,direita,Coletor com obra de proteção (boca de lobo),-7.519078,39.322222,-7.517173,39.320793,– Freguesia Alto Alentejo / Crato / Crato e Mártires,Secundário,Lagunagem,380.00 m3/dia,,,1821,2036.0,1923.0,Urbanas Características do Afluente Bruto Volume Máximo mensal 11558.333333333334 (m3) CBO5 (mg/L O2) CQO (mg/L O2) N (mg/L N) P (mg/L P),11558.33333333333,,,,,,,
Fronteira-L019546.2018.RH5A (05.12.2018 a 04.12.2023).pdf,LURH,L019546.2018.RH5A,450.10.04.01.017626.2016.RH5A,ETAR de Fronteira,APA00395003,"Águas do Vale do Tejo, S.A.",513606130,05-12-2018,04-12-2023,Caducada,,Tejo e Ribeiras do Oeste,Aviz,05TEJ1018 :: Ribeira Grande,RIO,05TEJ1018 :: Ribeira Grande,Razoável,Ribeira/ribeiro,Ribeira da Matinca,direita,Coletor com obra de proteção (boca de lobo),-7.658129,39.054812,-7.657597,39.054669,– Freguesia Alto Alentejo / Fronteira / Fronteira,Secundário,"Fase líquida: Obra de entrada, constituída por tamisador e duas grades de limpeza manual, estação elevatória, duas grades de limpeza manual, decantador primário, leito percolador e decantador secundário. Fase sólida, espessamento gravítico seguido de 6 leitos de secagem.",,276.00 m3/dia,,3000,,,Urbanas Características do Afluente Bruto Volume Médio mensal 8395.0 (m3) CBO5 (mg/L O2) CQO (mg/L O2) N (mg/L N) P (mg/L P),8395.0,,,,,,,
Juromenha_Lic_L004199.2017.RH7 (30-03-2017 a 29-03-2027) .pdf,LURH,L004199.2017.RH7,450.10.04.01.001796.2017.RH7,ETAR de Juromenha,APA00395003,"Águas de Lisboa e Vale do Tejo, S.A.",513606130,30-03-2017,29-03-2027,Em vigor,,Guadiana,Guadiana,,,,,Barranco,Afluente da Albufeira da Barragem de Alqueva,esquerda,Coletor com obra de proteção (boca de lobo),-7.24465,38.73737,-7.244388,38.737453,– Freguesia Alentejo Central / Alandroal / Juromenha (Nossa Senhora do Loreto),Mais avançado que o secundário,"Lamas activadas( arejamento prolomgado ), com remoçãode nutrientes ( azoto e fósforo )",75.00 m3/dia,,2009.0,179,,500.0,Urbanas Características do Afluente Bruto Volume máximo mensal 2281.2 (m3) CBO5 400.0 (mg/L O2) CQO 800.0 (mg/L O2) N 80.0 (mg/L N) P 27.0 (mg/L P),2281.2,400.0,800.0,80.0,27.0,,,
Lageosa do Mondego L021840.2021.RH4A (30.12.2021 a 31.12.2026).pdf,LURH,L021840.2021.RH4A,450.10.04.01.026254.2021.RH4A,Lageosa do Mondego,APA00395003,"Águas do Vale do Tejo, S.A.",513606130,30-12-2021,31-12-2026,Em vigor,APA — ARH Centro,"Vouga, Mondego e Lis",Mondego,PT04MON0581 :: Ribeira da Cabeça Alta,RIO,PT04MON0581 :: Ribeira da Cabeça Alta,Bom,Ribeira/ribeiro,Ribeira da Cabeça Alta,esquerda,Coletor com obra de proteção (boca de lobo),-7.334331,40.629559,-7.334267,40.629982,– Freguesia Beira Interior Norte / Celorico da Beira / Lajeosa do Mondego,Secundário,Sistema de tratamento por lamas ativadas em regime de arejamento prolongado,,238.00 m3/dia,2010.0,842,2035.0,732.0,Urbanas Características do Afluente Bruto Volume Médio mensal 3.3242499999999997 (m3) CBO5 (mg/L O2) CQO (mg/L O2) N (mg/L N) P (mg/L P),3.32425,,,,,,,
Lapa dos Dinheiros_L010196.2021.RH4A (08.06.2021 a 30.06.2026).pdf,LURH,L010196.2021.RH4A,450.10.04.01.007464.2021.RH4A,Lapa dos Dinheiros,APA00395003,"Águas do Vale do Tejo, S.A.",513606130,08-06-2021,30-06-2026,Caducada,APA — ARH Centro,"Vouga, Mondego e Lis",Alva,PT04MON0626 :: Rio Alva,RIO,PT04MON0626 :: Rio Alva,Bom,Rio,Rio Alva,esquerda,Outro,-7.709963,40.381703,-7.712299,40.380955,– Freguesia Serra da Estrela / Seia / Lapa dos Dinheiros,Secundário,Sistema de tratamento compacto por lamas ativadas em regime de arejamento prolongado,,89.70 m3/dia,2011.0,546,2035.0,474.0,Urbanas Características do Afluente Bruto Volume Médio mensal 2264.0 (m3) CBO5 (mg/L O2) CQO (mg/L O2) N (mg/L N) P (mg/L P),2264.0,,,,,,,
Lapa_Tourais_L020748.2021.RH4A (01.08.2021 a 31.08.2026).pdf,LURH,L020748.2021.RH4A,450.10.04.01.004385.2021.RH4A,ETAR de Lapa/Tourais,APA00395003,"Águas do Vale do Tejo, S.A.",513606130,01-08-2021,31-08-2026,Em vigor,APA — ARH Centro,"Vouga, Mondego e Lis",Mondego,PT04MON0602 :: Ribeira dos Tourais,RIO,PT04MON0602 :: Ribeira dos Tourais,Bom,Ribeira/ribeiro,Ribeiro de Tourais,esquerda,Coletor sem obra de proteção,-7.75039,40.47362,-7.75039,40.47362,– Freguesia Serra da Estrela / Seia / Tourais e Lajes,Secundário,Sistema de tratamento por lamas ativadas em regimede arejamento prolongado,268.80 m3/dia,,2011.0,948,2041.0,928.0,Urbanas Características do Afluente Bruto Volume Máximo mensal 8176.0 (m3) CBO5 (mg/L O2) CQO (mg/L O2) N (mg/L N) P (mg/L P),8176.0,,,,,,,
Louriçal do Campo_L010659.2020.RH5A (17.05.2021 a 16.05.2026).pdf,LURH,L010659.2020.RH5A,450.10.04.01.001019.2020.RH5A,ETAR de Louriçal do Campo,APA00395003,"Águas do Vale do Tejo, S.A.",513606130,17-05-2021,16-05-2026,Caducada,APA — ARH Tejo e Oeste,RH5 :: Tejo,1452 :: Ocreza,,,,,Rio,Rio Ocreza,esquerda,Coletor com obra de proteção (boca de lobo),-7.51625,40.03813,-7.51541,40.03828,– Freguesia Beira Interior Sul / Castelo Branco / Louriçal do Campo,Secundário,"Vala de oxidação em arejamento prolongado, com remoção de fósforo e azoto",,32.40 l/s,,1431,2022.0,1431.0,Urbanas Características do Afluente Bruto Volume Médio mensal 5779.166666666667 (m3) CBO5 (mg/L O2) CQO (mg/L O2) N (mg/L N) P (mg/L P),5779.166666666667,,,,,,,
Malpica do Tejo_L009735.2020.RH5A (01.06.2020 a 15.06.2025).pdf,LURH,L009735.2020.RH5A,450.10.04.01.003460.2020.RH5A,ETAR de Malpica do Tejo,APA00395003,"Águas do Vale do Tejo, S.A.",513606130,01-06-2020,15-06-2025,Caducada,,Tejo e Ribeiras do Oeste,Tejo,PT05TEJ0894 :: Albufeira Monte Fidalgo (Cedillo),RIO (ALBUFEIRA),PT05TEJ0894 :: Albufeira Monte Fidalgo (Cedillo),Razoável,Ribeira/ribeiro,Sem designação,esquerda,Coletor com obra de proteção (boca de lobo),-7.39115,39.67912,-7.39124,39.67954,– Freguesia Beira Interior Sul / Castelo Branco / Malpica do Tejo,Secundário,Tanque Imhoff; Leito percolador em regime de alta carga e decantador secundário,,300.00 m3/dia,,1500,2025.0,1500.0,Urbanas Características do Afluente Bruto Volume Médio mensal 9125.0 (m3) CBO5 (mg/L O2) CQO (mg/L O2) N (mg/L N) P (mg/L P),9125.0,,,,,,,
Maçainhas_Lic_0190262021RH5A (05-05-2022 a 04-05-2027).pdf,LURH,L019026.2021.RH5A,450.10.04.01.016119.2021.RH5A,ETAR Maçainhas,APA00395003,"Águas do Vale do Tejo, S.A.",513606130,05-05-2022,04-05-2027,Em vigor,APA — ARH Tejo e Oeste,Tejo e Ribeiras do Oeste,Zezere,PT05TEJ0745 :: Ribeira das Inguias,RIO,PT05TEJ0745 :: Ribeira das Inguias,Razoável,Ribeira/ribeiro,Ribeira de Maçainhas,direita,Coletor com obra de proteção (boca de lobo),-7.299997,40.388685,-7.300048,40.388943,– Freguesia Cova da Beira / Belmonte / Maçainhas,Secundário,Lamas Ativadas em Regime de Arejamento Prolongado,40.00 m3/dia,,,365,2045.0,365.0,Urbanas Características do Afluente Bruto Volume Máximo mensal 1216.6666666666667 (m3) CBO5 (mg/L O2) CQO (mg/L O2) N (mg/L N) P (mg/L P),1216.666666666667,,,,,,,
Mação L020502.2021.RH5A (30.11.2021 a 29.11.2026).pdf,LURH,L020502.2021.RH5A,450.10.04.01.024054.2021.RH5A,ETAR de Mação,APA00395003,"Águas do Vale do Tejo, S.A.",513606130,30-11-2021,29-11-2026,Em vigor,APA — ARH Tejo e Oeste,Tejo e Ribeiras do Oeste,Tejo,PT05TEJ0932 :: Ribeira das Eiras,RIO,PT05TEJ0932 :: Ribeira das Eiras,Bom,Ribeira/ribeiro,Ribeira de Mação,esquerda,Coletor com obra de proteção (boca de lobo),-7.99876,39.54802,-7.998705,39.547999,– Freguesia Pinhal Interior Sul / Mação / Mação,Secundário,"Fase Líquida: Obra de entrada com gradagem manual e mecânica, desarenador com classificação de areias, reator SBR de lamas ativadas em regime de arejamento prolongado, desinfeção com hipoclorito na água reutilizada. Fase sólida: Espessador gravítico de lamas e desidratação em filtro de banda.",,770.00 m3/dia,2016.0,3116,2034.0,3150.0,Urbanas Características do Afluente Bruto Volume Médio mensal 17824.2 (m3) CBO5 470.1 (mg/L O2) CQO 947.8 (mg/L O2) N 97.0 (mg/L N) P 14.9 (mg/L P),17824.2,470.1,947.8,97.0,14.9,,,
Maçãs Dona Maria_L020002.2021.RH5A (22.11.2021 a 21.11.2026).pdf,LURH,L020002.2021.RH5A,450.10.04.01.024056.2021.RH5A,ETAR Maçãs Dona Maria,APA00395003,"Águas do Vale do Tejo, S.A.",513606130,22-11-2021,21-11-2026,Em vigor,APA — ARH Tejo e Oeste,Tejo e Ribeiras do Oeste,Zezere,PT05TEJ0856 :: Ribeira de Alge,RIO,PT05TEJ0856 :: Ribeira de Alge,Mau,Ribeira/ribeiro,Ribeira de Alge,direita,Coletor com obra de proteção (boca de lobo),-8.321054,39.877016,-8.321179,39.877041,– Freguesia Pinhal Interior Norte / Alvaiázere / Maçãs de Dona Maria,Secundário,Lamas Ativadas em Regime de Arejamento Prolongado,140.00 m3/dia,,2005.0,468,,468.0,Urbanas Características do Afluente Bruto Volume Máximo mensal 2068.3 (m3) CBO5 413.0 (mg/L O2) CQO 826.0 (mg/L O2) N 82.5 (mg/L N) P 27.5 (mg/L P),2068.3,413.0,826.0,82.5,27.5,,,
Meimão_L009723.2020.RH5A (01.06.2020 a 15.06.2025).pdf,LURH,L009723.2020.RH5A,450.10.04.01.003456.2020.RH5A,ETAR de Meimão,APA00395003,"Águas do Vale do Tejo, S.A.",513606130,01-06-2020,15-06-2025,Caducada,,Tejo e Ribeiras do Oeste,Zezere,PT05TEJ0748 :: Ribeiro do Arrebentão,RIO,PT05TEJ0748 :: Ribeiro do Arrebentão,Excelente,Ribeira/ribeiro,Ribeira do Arrebentão,direita,Coletor com obra de proteção (boca de lobo),-7.11692,40.27841,-7.11683,40.27786,– Freguesia Beira Interior Sul / Penamacor / Meimão,Mais avançado que o secundário,Lagoas de macrófitas + desinfecção,,78.00 m3/dia,,550,2030.0,550.0,Domésticas Habitação Características do Afluente Bruto Volume Médio mensal 2074.4166666666665 (m3) CBO5 (mg/L O2) CQO (mg/L O2) N (mg/L N) P (mg/L P),2074.416666666667,,,,,,,
Meruge_L015838.2021.RH4A (07.09.2021 a 30.09.2026).pdf,LURH,L015838.2021.RH4A,450.10.04.01.019718.2021.RH4A,ETAR de Meruge,APA00395003,"Águas do Vale do Tejo, S.A.",513606130,07-09-2021,30-09-2026,Em vigor,APA — ARH Centro,"Vouga, Mondego e Lis",Mondego,PT04MON0616 :: Rio Cobral,RIO,PT04MON0616 :: Rio Cobral,Razoável,Rio,Ribeiro do Cobral,direita,Coletor com obra de proteção (boca de lobo),-7.821441,40.389475,-7.820714,40.389277,– Freguesia Pinhal Interior Norte / Oliveira do Hospital / Meruge,Secundário,Sistema de tratamento por lamas ativadas em regime de arejamento prolongado.,,114.20 m3/dia,2013.0,933,2043.0,937.0,Urbanas Características do Afluente Bruto Volume Médio mensal 3473.5833333333335 (m3) CBO5 (mg/L O2) CQO (mg/L O2) N (mg/L N) P (mg/L P),3473.583333333333,,,,,,,
Mina do Bugalho_L016441.2019.RH7 (03.10.2019 a 02.10.2029).pdf,LURH,L016441.2019.RH7,450.10.04.01.010381.2019.RH7,ETAR da Mina do Bugalho,APA00395003,"Águas do Vale do Tejo, S.A.",513606130,03-10-2019,02-10-2029,Em vigor,,Guadiana,Guadiana,PT07GUA1436 :: Ribeira de Pardais,RIO,PT07GUA1436 :: Ribeira de Pardais,Desconhecido,Ribeira/ribeiro,Ribeira dos Pardais,direita,Coletor com obra de proteção (boca de lobo),-7.32198,38.68825,-7.32161,38.68775,– Freguesia Alentejo Central / Alandroal / São Brás dos Matos (Mina do Bugalho),Secundário,Fossa séptica + leito de macrófitas,,68.00 m3/dia,2010.0,328,2040.0,350.0,Urbanas Características do Afluente Bruto Volume Médio mensal 2068.3 (m3) CBO5 444.0 (mg/L O2) CQO 889.0 (mg/L O2) N 89.0 (mg/L N) P 30.0 (mg/L P),2068.3,444.0,889.0,89.0,30.0,,,
Moimenta da Serra Vinhó L012313.2022.RH4A (07.07.2022 a 31.07.2027).pdf,LURH,L012313.2022.RH4A,450.10.04.01.021365.2021.RH4A,Moimenta da Serra/Vinhó,APA00395003,"Águas do Vale do Tejo, S.A.",513606130,07-07-2022,31-07-2027,Em vigor,APA — ARH Centro,"Vouga, Mondego e Lis",Mondego,PT04MON0595 :: Rio Torto,RIO,PT04MON0595 :: Rio Torto,Bom,Ribeira/ribeiro,Ribeiro das Aldeias,esquerda,Coletor com obra de proteção (boca de lobo),-7.636814,40.485443,-7.63664,40.48516,– Freguesia Serra da Estrela / Gouveia / Moimenta da Serra,Secundário,Lamas activadas de arejamento prolongado,,457.10 m3/dia,2013.0,2104,2040.0,1901.0,Urbanas Características do Afluente Bruto Volume Médio mensal 12918.0 (m3) CBO5 (mg/L O2) CQO (mg/L O2) N (mg/L N) P (mg/L P),12918.0,,,,,,,
Monsanto_L009952.2020.RH5A (01.06.2020 a 15.06.2025).pdf,LURH,L009952.2020.RH5A,450.10.04.01.003463.2020.RH5A,ETAR de Monsanto,APA00395003,"Águas do Vale do Tejo, S.A.",513606130,01-06-2020,15-06-2025,Caducada,,Tejo e Ribeiras do Oeste,Ponsul,PT05TEJ0804 :: Rio Ponsul,RIO,PT05TEJ0804 :: Rio Ponsul,Razoável,Ribeira/ribeiro,Sem designação,direita,Coletor com obra de proteção (boca de lobo),-7.09922,40.05269,-7.09932,40.05238,– Freguesia Beira Interior Sul / Idanha-a-Nova / Monsanto,Secundário,Lamas ativadas em regime de baixa carga; leitos de secagem de lamas,,176.00 m3/dia,,1100,2020.0,1100.0,Urbanas Características do Afluente Bruto Volume Médio mensal 5353.333333333333 (m3) CBO5 (mg/L O2) CQO (mg/L O2) N (mg/L N) P (mg/L P),5353.333333333333,,,,,,,
Monte Claro L006833.2022.RH5A (12.05.2022 a 11.05.2027).pdf,LURH,L006833.2022.RH5A,450.10.04.01.020345.2021.RH5A,ETAR Monte Claro,APA00395003,"Águas do Vale do Tejo, S.A.",513606130,12-05-2022,11-05-2027,Em vigor,APA — ARH Tejo e Oeste,Tejo e Ribeiras do Oeste,Tejo,PT05TEJ0912 :: Ribeira de Palhais,RIO,PT05TEJ0912 :: Ribeira de Palhais,Bom,Ribeira/ribeiro,Ribeira de Monte Claro,esquerda,Coletor com obra de proteção (boca de lobo),-7.715642,39.535078,-7.715947,39.534053,– Freguesia Alto Alentejo / Nisa / São Matias,Secundário,Lamas Ativadas em Regime de Arejamento Prolongado,41.00 m3/dia,,,238,2040.0,245.0,Urbanas Características do Afluente Bruto Volume Máximo mensal 1070.8333333333333 (m3) CBO5 (mg/L O2) CQO (mg/L O2) N (mg/L N) P (mg/L P),1070.833333333333,,,,,,,
Monte do Bispo L006774.2022.RH5A (23.02.2023 a 22.02.2028).pdf,LURH,L006774.2022.RH5A,450.10.04.01.017844.2021.RH5A,ETAR Monte do Bispo,APA00395003,"Águas do Vale do Tejo, S.A.",513606130,13-05-2022,12-05-2027,Em vigor,APA — ARH Tejo e Oeste,Tejo e Ribeiras do Oeste,Zezere,PT05TEJ0747 :: Ribeira de Caria,RIO,PT05TEJ0747 :: Ribeira de Caria,Razoável,Ribeira/ribeiro,Ribeira do Monte,direita,Coletor com obra de proteção (boca de lobo),-7.329115,40.262391,-7.328494,40.26288,– Freguesia Cova da Beira / Belmonte / Caria,Secundário,Leito de Macrófitas,70.00 m3/dia,,,302,2043.0,323.0,Urbanas Características do Afluente Bruto Volume Máximo mensal 1330.7291666666667 (m3) CBO5 (mg/L O2) CQO (mg/L O2) N (mg/L N) P (mg/L P),1330.729166666667,,,,,,,
Montes Juntos_LL016581.2019.RH7 (04.10.2019 a 03.10.2029.pdf,LURH,L016581.2019.RH7,450.10.04.01.010384.2019.RH7,ETAR de Montes Juntos,APA00395003,"Águas do Vale do Tejo, S.A.",513606130,04-10-2019,03-10-2029,Em vigor,,Guadiana,Guadiana,PT07GUA1487D :: Albufeira Alqueva (Entrada Ribeira de Lucefécit),RIO (ALBUFEIRA),PT07GUA1487D :: Albufeira Alqueva (Entrada Ribeira de Lucefécit),Razoável,Ribeira/ribeiro,Afluente do Ribeiro do Carrão,esquerda,Coletor com obra de proteção (boca de lobo),-7.34515,38.55178,-7.34575,38.55191,– Freguesia Alentejo Central / Alandroal / Capelins (Santo António),Secundário,Fossa séptica + leitos de macrófitas,,74.00 m3/dia,2010.0,324,2030.0,354.0,Urbanas Características do Afluente Bruto Volume Médio mensal 2250.8 (m3) CBO5 284.0 (mg/L O2) CQO 568.0 (mg/L O2) N 54.0 (mg/L N) P 14.0 (mg/L P),2250.8,284.0,568.0,54.0,14.0,,,
Nora_L022935.2020.RH7 (27.11.2020 a 26.11.2030).pdf,LURH,L022935.2020.RH7,450.10.04.01.022235.2020.RH7,ETAR de Nora,APA00395003,"Águas do Vale do Tejo, S.A.",513606130,27-11-2020,26-11-2030,Em vigor,APA — ARH Alentejo,Guadiana,Guadiana,PT07GUA1438 :: Ribeira de Lucefecit,RIO,PT07GUA1438 :: Ribeira de Lucefecit,Razoável,Ribeira/ribeiro,Ribeira de São Tiago,direita,Coletor com obra de proteção (boca de lobo),-7.51073,38.79372,-7.510221,38.794257,– Freguesia Alentejo Central / Borba / Rio de Moinhos,Secundário,Lagoas de estabilização,,96.70 m3/dia,2010.0,511,2035.0,620.0,Urbanas Características do Afluente Bruto Volume Médio mensal 2941.3 (m3) CBO5 385.0 (mg/L O2) CQO 769.0 (mg/L O2) N 77.0 (mg/L N) P 26.0 (mg/L P),2941.3,385.0,769.0,77.0,26.0,,,
Norte Idanha a Nova_L014425.2021.RH5A (08.11.2021 a 07.11.2026).pdf,LURH,L014425.2021.RH5A,450.10.04.01.009188.2021.RH5A,ETAR Norte de Idanha-a-Nova,APA00395003,"Águas do Vale do Tejo, S.A.",513606130,08-11-2021,07-11-2026,Em vigor,APA — ARH Tejo e Oeste,Tejo e Ribeiras do Oeste,Ponsul,PT05TEJ0832 :: Ribeira de Oledo,RIO,PT05TEJ0832 :: Ribeira de Oledo,Medíocre,Ribeira/ribeiro,Afluente do Rio Pônsul,esquerda,Coletor com obra de proteção (boca de lobo),-7.23981,39.94857,-7.23946,39.94784,– Freguesia Beira Interior Sul / Idanha-a-Nova / Idanha-a-Nova e Alcafozes,Secundário,Lamas Ativadas em Regime de Arejamento Prolongado,500.00 m3/dia,,,5000,,5000.0,Urbanas Características do Afluente Bruto Volume Máximo mensal 15208.333333333334 (m3) CBO5 (mg/L O2) CQO (mg/L O2) N (mg/L N) P (mg/L P),15208.33333333333,,,,,,,
Nossa Senhora da Graça do Divor L006787.2022.RH5A (11.10.2022 a 10.10.2027).pdf,LURH,L006787.2022.RH5A,450.10.04.01.019377.2021.RH5A,ETAR Nossa Senhora da Graça do Divor,APA00395003,"Águas do Vale do Tejo, S.A.",513606130,11-10-2022,10-10-2027,Em vigor,APA — ARH Tejo e Oeste,Tejo e Ribeiras do Oeste,Divor,PT05TEJ1134 :: Ribeira do Divor,RIO,PT05TEJ1134 :: Ribeira do Divor,Bom,Ribeira/ribeiro,Ribeira da Graça do Divor,Ambas as margens,Coletor com obra de proteção (boca de lobo),-7.976525,38.653275,-7.977817,38.6536,– Freguesia Alentejo Central / Évora / Nossa Senhora da Graça do Divor,Secundário,Gradagem Mecânica (fonte de energia solar) e Sistema de Lagunagem,72.00 m3/dia,,,456,,565.0,Urbanas Características do Afluente Bruto Volume Máximo mensal 1460.0 (m3) CBO5 (mg/L O2) CQO (mg/L O2) N (mg/L N) P (mg/L P),1460.0,,,,,,,
Nossa Senhora de Machede_Lic_L014558.2016.RH7 (17-10-2016 a 16-10-2021).pdf,LURH,L014558.2016.RH7,450.10.04.01.017211.2016.RH7,ETAR de Nossa Senhora de Machede,APA00395003,"Águas de Lisboa e Vale do Tejo, S.A.",513606130,17-10-2016,16-10-2021,Caducada,,Guadiana,Degebe,,,,,Ribeira/ribeiro,Ribeira de Machede,esquerda,Coletor com obra de proteção (boca de lobo),-7.77761,38.57188,-7.777228,38.571634,– Freguesia Alentejo Central / Évora / Nossa Senhora de Machede,Mais avançado que o secundário,Lamas ativadas (arejamento prolongado) seguido de leito de macrófitas,187.00 m3/dia,,2010.0,872,2035.0,872.0,Urbanas Características do Afluente Bruto Volume máximo mensal 5687.9 (m3) CBO5 362.0 (mg/L O2) CQO 724.0 (mg/L O2) N 72.0 (mg/L N) P 24.0 (mg/L P),5687.9,362.0,724.0,72.0,24.0,,,
Oledo_L015998.2021.RH5A (17.11.2021 a 16.11.2026).pdf,LURH,L015998.2021.RH5A,450.10.04.01.004701.2021.RH5A,ETAR Oledo,APA00395003,"Águas do Vale do Tejo, S.A.",513606130,17-11-2021,16-11-2026,Em vigor,APA — ARH Tejo e Oeste,Tejo e Ribeiras do Oeste,Ponsul,PT05TEJ0814 :: Ribeira da Caniça,RIO,PT05TEJ0814 :: Ribeira da Caniça,Bom,Ribeira/ribeiro,Afluente da ribeira da Caniça,esquerda,Coletor com obra de proteção (boca de lobo),-7.310189,39.978395,-7.30973,39.97839,– Freguesia Beira Interior Sul / Idanha-a-Nova / Oledo,Secundário,Lamas Ativadas em Regime de Arejamento Prolongado,210.00 m3/dia,,,787,2020.0,787.0,Urbanas Características do Afluente Bruto Volume Máximo mensal 3990.0 (m3) CBO5 (mg/L O2) CQO (mg/L O2) N (mg/L N) P (mg/L P),3990.0,,,,,,,
Oriola_L012672.2013.RH6 (13-08-2013 a 10-05-2017).pdf,LURH,L012672.2013.RH6,450.10.04.01.016627.2013.RH6,ETAR de Oriola,,"Águas do Centro Alentejo, S.A.",506306143,13-08-2013,10-05-2017,Caducada,,RH6 :: Sado e Mira,152 :: Sado,06SAD1273 :: Albufeira Alvito,LAGO,06SAD1273 :: Albufeira Alvito,Bom,Albufeira,Albufeira da Barragem de Alvito,direita,Coletor com obra de proteção (boca de lobo),-7.86917,38.31361,-7.869721,38.316224,– Freguesia Alentejo Central / Portel / Oriola,Mais avançado que o secundário,"Lamas activadas (arejamento prolongado), com remoção de azoto e fósforo, seguido de desinfeção",91.3 Unidade m3/dia,,2013.0,537,2040.0,537.0,Urbanas Características do Afluente Bruto Volume máximo mensal 2777.0 (m3) CBO5 350.0000 (mg/L O2) CQO 794.0000 (mg/L O2) N 82.0000 (mg/L N) P 23.0000 (mg/L P),2777.0,350.0,794.0,82.0,23.0,,,
Ortiga_L006065.2022.RH5A (31.03.2022 a 30.03.2027).pdf,LURH,L006065.2022.RH5A,450.10.04.01.026703.2021.RH5A,ETAR Ortiga,APA00395003,"Águas do Vale do Tejo, S.A.",513606130,31-03-2022,30-03-2027,Em vigor,APA — ARH Tejo e Oeste,Tejo e Ribeiras do Oeste,Tejo,PT05TEJ0942 :: Rio Tejo (HMWB - Jusante B. Belver),RIO,PT05TEJ0942 :: Rio Tejo (HMWB - Jusante B. Belver),Razoável,Ribeira/ribeiro,Afluente do Rio Tejo (jusante de Belver e Castelo de Bode),,Outro Tipo sistema descarga Ligação a tubagem existente.,-8.029628,39.476028,-8.02954,39.47631,– Freguesia Pinhal Interior Sul / Mação / Ortiga,Secundário,Lamas Ativadas em Regime de Arejamento Prolongado,170.00 m3/dia,,2019.0,630,2048.0,630.0,Urbanas Características do Afluente Bruto Volume Máximo mensal 5170.8 (m3) CBO5 222.0 (mg/L O2) CQO 445.0 (mg/L O2) N 44.5 (mg/L N) P 15.0 (mg/L P),5170.8,222.0,445.0,44.5,15.0,,,
Orvalhos_Fossa sética e lagoas de macrófitas_Lic_L007292.2016.RH7.pdf,LURH,L007292.2016.RH7,450.10.04.01.008783.2016.RH7,Orvalhos,APA00395003,"Águas de Lisboa e Vale do Tejo, S.A.",513606130,07-06-2016,06-06-2019,Caducada,,Guadiana,Guadiana,,,,,Ribeira/ribeiro,Ribeira de Alfardagão,direita,Coletor com obra de proteção (boca de lobo),-7.47608,38.60398,-7.475633,38.603646,– Freguesia Alentejo Central / Alandroal / Santiago Maior,Secundário,Fossa sética e lagoas de macrófitas,62.30 m3/dia,,2012.0,230,,,Urbanas Características do Afluente Bruto Volume máximo mensal 1895.0 (m3) CBO5 300.0 (mg/L O2) CQO 600.0 (mg/L O2) N 40.0 (mg/L N) P 10.0 (mg/L P),1895.0,300.0,600.0,40.0,10.0,,,
Outeiros L004484.2022.RH5A (10.03.2022 a 09.03.2027).pdf,LURH,L004484.2022.RH5A,450.10.04.01.016106.2021.RH5A,ETAR Outeiros,APA00395003,"Águas do Vale do Tejo, S.A.",513606130,10-03-2022,09-03-2027,Em vigor,APA — ARH Tejo e Oeste,Tejo e Ribeiras do Oeste,Zezere,PT05TEJ0881 :: Ribeiro da Cabrieira,RIO,PT05TEJ0881 :: Ribeiro da Cabrieira,Razoável,Ribeira/ribeiro,Ribeiro da Cabrieira,esquerda,Coletor sem obra de proteção,-8.2824,39.7078,-8.2821,39.7072,– Freguesia Médio Tejo / Ferreira do Zêzere / Ferreira do Zêzere,Secundário,Lamas Ativadas em Regime de Arejamento Prolongado (Baixa Carga),1741.00 m3/dia,,2020.0,9093,2020.0,9183.0,Urbanas Características do Afluente Bruto Volume Máximo mensal 39655.8 (m3) CBO5 320.0 (mg/L O2) CQO 640.0 (mg/L O2) N 63.0 (mg/L N) P 22.0 (mg/L P),39655.8,320.0,640.0,63.0,22.0,,,
Pedra do Altar L021894.2021.RH5A (05.05.2022 a 04.05.2027).pdf,LURH,L021894.2021.RH5A,450.10.04.01.024701.2021.RH5A,ETAR de Pedra do Altar,APA00395003,"Águas do Vale do Tejo, S.A.",513606130,05-05-2022,04-05-2027,Em vigor,APA — ARH Tejo e Oeste,Tejo e Ribeiras do Oeste,Ocreza,PT05TEJ0893 :: Ribeira do Esteves,RIO,PT05TEJ0893 :: Ribeira do Esteves,Bom,Ribeira/ribeiro,Sem designação,esquerda,Coletor com obra de proteção (boca de lobo),-7.832795,39.698665,-7.832506,39.698716,– Freguesia Pinhal Interior Sul / Proença-a-Nova / Peral,Secundário,,,101.00 m3/dia,,560,2030.0,560.0,Urbanas Características do Afluente Bruto Volume Médio mensal 3072.0833333333335 (m3) CBO5 (mg/L O2) CQO (mg/L O2) N (mg/L N) P (mg/L P),3072.083333333333,,,,,,,
Penaverde L012164.2022.RH4A (06.07.2022 a 31.07.2027).pdf,LURH,L012164.2022.RH4A,450.10.04.01.004395.2021.RH4A,ETAR Pena verde,APA00395003,"Águas do Vale do Tejo, S.A.",513606130,06-07-2022,31-07-2027,Em vigor,APA — ARH Centro,"Vouga, Mondego e Lis",Dao,PT04MON0574 :: Rio Dão,RIO,PT04MON0574 :: Rio Dão,Bom,Ribeira/ribeiro,Ribeira do Carapito,direita,Coletor com obra de proteção (boca de lobo),-7.50713,40.70921,-7.506447,40.710287,– Freguesia Dão-Lafões / Aguiar da Beira / Pena Verde,Secundário,"Sistema de tratamento secundário constituído por gradagem mecânica, desarenador com canal de parshall, tanque de arejamento vertente lamas activadas e decantadores secundários. As lamas são desidratadas mecanicamente.",135.30 m3/dia,,2009.0,1186,2035.0,1102.0,Urbanas Características do Afluente Bruto Volume Máximo mensal 4115.375 (m3) CBO5 (mg/L O2) CQO (mg/L O2) N (mg/L N) P (mg/L P),4115.375,,,,,,,
Penha Garcia L007452.2022.RH5A (13.05.2022 a 12.05.2027).pdf,LURH,L007452.2022.RH5A,450.10.04.01.025064.2021.RH5A,ETAR Penha Garcia,APA00395003,"Águas do Vale do Tejo, S.A.",513606130,13-05-2022,12-05-2027,Em vigor,APA — ARH Tejo e Oeste,Tejo e Ribeiras do Oeste,Ponsul,PT05TEJ0804 :: Rio Ponsul,RIO,PT05TEJ0804 :: Rio Ponsul,Razoável,Ribeira/ribeiro,Ribeira do Brejo de Água,direita,Coletor com obra de proteção (boca de lobo),-7.02698,40.03584,-7.02734,40.03619,– Freguesia Beira Interior Sul / Idanha-a-Nova / Penha Garcia,Secundário,Lamas activadas em regime de baixa carga,33.00 m3/h,,,1457,2020.0,1457.0,Urbanas Características do Afluente Bruto Volume Máximo mensal 7512.583333333333 (m3) CBO5 (mg/L O2) CQO (mg/L O2) N (mg/L N) P (mg/L P),7512.583333333333,,,,,,,
Pinhel L027475.2023.RH3 (20.02.2023 a 12.01.2026).pdf,LURH,L027475.2023.RH3,450.10.04.01.002161.2023.RH3,ETAR de Pinhel,APA00395003,"Águas do Vale do Tejo, S.A.",513606130,20-02-2023,12-01-2026,Caducada,APA — ARH Norte,Douro,Coa,PT03DOU0471 :: Rio Côa,RIO,PT03DOU0471 :: Rio Côa,Razoável,Ribeira/ribeiro,Ribeira das Cabras,esquerda,Coletor sem obra de proteção,-7.05046,40.77422,-7.05289,40.77444,– Freguesia Beira Interior Norte / Pinhel / Pinhel,Secundário,Tanque Imhoff + leito percolador + decantador secundário,,675.00 m3/dia,,4333,2031.0,4333.0,Domésticas Habitação Características do Afluente Bruto Volume Médio mensal 20531.2 (m3) CBO5 400.0 (mg/L O2) CQO 800.0 (mg/L O2) N 80.0 (mg/L N) P 10.0 (mg/L P),20531.2,400.0,800.0,80.0,10.0,,,
Portalegre L006788.2022.RH5A (11.10.2022 a 10.10.2027).pdf,LURH,L006788.2022.RH5A,450.10.04.01.021921.2021.RH5A,ETAR Portalegre,APA00395003,"Águas do Vale do Tejo, S.A.",513606130,11-10-2022,10-10-2027,Em vigor,APA — ARH Tejo e Oeste,Tejo e Ribeiras do Oeste,Raia,PT05TEJ0982 :: Ribeira de Seda,RIO,PT05TEJ0982 :: Ribeira de Seda,Razoável,Ribeira/ribeiro,Ribeira da Lixosa,esquerda,Coletor com obra de proteção (boca de lobo),-7.459811,39.254644,-7.458569,39.253758,– Freguesia Alto Alentejo / Portalegre / Urra,Mais avançado que o secundário,Lamas Ativadas,8442.00 m3/dia,,,31745,2024.0,31745.0,Urbanas Características do Afluente Bruto Volume Máximo mensal 256777.5 (m3) CBO5 (mg/L O2) CQO (mg/L O2) N (mg/L N) P (mg/L P),256777.5,,,,,Sim,18615.0 m3/ano,Utilização no recinto da ETAR;
Portel_L001583.2022.RH7 (17.02.2022 a 16.02.2029).pdf,LURH,L001583.2022.RH7,450.10.04.01.019095.2021.RH7,ETAR de Portel,APA00395003,"Águas do Vale do Tejo, S.A.",513606130,17-02-2022,16-02-2029,Em vigor,APA — ARH Alentejo,Guadiana,Degebe,PT07GUA1482 :: Ribeira da Amieira,RIO,PT07GUA1482 :: Ribeira da Amieira,Medíocre,Ribeira/ribeiro,Ribeira do Pego Grande,esquerda,Coletor com obra de proteção (boca de lobo),-7.68741,38.30213,-7.687252,38.302733,– Freguesia Alentejo Central / Portel / Portel,Secundário,Lagunagem,657.00 m3/dia,,2015.0,3164,2039.0,2961.0,Urbanas Características do Afluente Bruto Volume Máximo mensal 19983.8 (m3) CBO5 400.6 (mg/L O2) CQO 901.3 (mg/L O2) N 85.0 (mg/L N) P 15.0 (mg/L P),19983.8,400.6,901.3,85.0,15.0,,,
Praia do Ribatejo_L013173.2021.RH5A (28.07.2021 a 27.07.2026).pdf,LURH,L013173.2021.RH5A,450.10.04.01.005348.2021.RH5A,ETAR da Praia do Ribatejo,APA00395003,"Águas do Vale do Tejo, S.A.",513606130,28-07-2021,27-07-2026,Em vigor,APA — ARH Tejo e Oeste,Tejo e Ribeiras do Oeste,Tejo,PT05TEJ1023 :: Rio Tejo (HMWB - Jusante Bs. Castelo do Bode e Belver),RIO,PT05TEJ1023 :: Rio Tejo (HMWB - Jusante Bs. Castelo do Bode e Belver),Razoável,Rio,Rio Tejo,direita,Coletor com obra de proteção (boca de lobo),-8.367119,39.459965,-8.365584,39.461787,– Freguesia Médio Tejo / Vila Nova da Barquinha / Praia do Ribatejo,Secundário,Lamas Ativadas em Regime de Arejamento Prolongado,258.00 m3/dia,,2016.0,1428,2033.0,1147.0,Urbanas Características do Afluente Bruto Volume Máximo mensal 6752.5 (m3) CBO5 332.0 (mg/L O2) CQO 664.0 (mg/L O2) N 66.4 (mg/L N) P 22.0 (mg/L P),6752.5,332.0,664.0,66.4,22.0,,,
Prazeres_Lic_L017446.2015.RH5-T1 (30-11-2015 a 30-11 2025)-LVT.pdf,LURH,L017446.2015.RH5,450.10.04.01.002769.2015.RH5,ETAR de Prazeres,APA00395003,"Águas de Lisboa e Vale do Tejo, S.A.",513606130,30-11-2015,30-11-2025,Caducada,,RH5 :: Tejo,1429 :: Aviz,05TEJ1037 :: Ribeiro da Samarra,RIO,05TEJ1037 :: Ribeiro da Samarra,Bom,Ribeira/ribeiro,ribeiro dos Prazeres,esquerda,Coletor sem obra de proteção,-7.42497,38.98443,-7.424762,38.984415,– Freguesia Alto Alentejo / Monforte / Monforte,Secundário,"obra de entrada (gradagem grossa de limpeza manual), unidade compacta de lamas ativadas (tanque de arejamento e decantador), medidor de caudal",9.00 m3/dia,,,100,2039.0,,Domésticas Habitação Características do Afluente Bruto Volume máximo mensal 270.0 (m3) CBO5 540.0 (mg/L O2) CQO 1080.0 (mg/L O2) N 108.0 (mg/L N) P 36.0 (mg/L P),270.0,540.0,1080.0,108.0,36.0,,,
Proença-a-Nova_L015577.2021.RH5A (09.09.2021 a 08.09.2026).pdf,LURH,L015577.2021.RH5A,450.10.04.01.019544.2020.RH5A,ETAR Proença-a-Nova,APA00395003,"Águas do Vale do Tejo, S.A.",513606130,09-09-2021,08-09-2026,Em vigor,APA — ARH Tejo e Oeste,Tejo e Ribeiras do Oeste,Ocreza,PT05TEJ0906 :: Ribeira da Pracana,RIO,PT05TEJ0906 :: Ribeira da Pracana,Mau,Ribeira/ribeiro,Ribeira de Freixeda,esquerda,Coletor com obra de proteção (boca de lobo),-7.91624,39.73669,-7.91639,39.73691,– Freguesia Pinhal Interior Sul / Proença-a-Nova / Proença-a-Nova,Mais avançado que o secundário,Lamas Ativadas em Regime de Arejamento Prolongado e Remoção de Azoto e Fósforo,784.00 m3/dia,,,4650,2045.0,4650.0,Urbanas Características do Afluente Bruto Volume Máximo mensal 19284.166666666668 (m3) CBO5 (mg/L O2) CQO (mg/L O2) N (mg/L N) P (mg/L P),19284.16666666667,,,,,,,
Pêro Soares L019811.2021.RH4A (06.12.2021 a 31.12.2027).pdf,LURH,L019811.2021.RH4A,450.10.04.01.023811.2021.RH4A,ETAR Pêro Soares,APA00395003,"Águas do Vale do Tejo, S.A.",513606130,06-12-2021,31-12-2027,Em vigor,APA — ARH Centro,"Vouga, Mondego e Lis",Mondego,PT04MON0618A :: Rio Mondego,RIO,PT04MON0618A :: Rio Mondego,Razoável,Rio,Rio Mondego,direita,Coletor sem obra de proteção,-7.335572,40.543769,-7.334269,40.542831,"– Freguesia Beira Interior Norte / Guarda / Mizarela, Pêro Soares e Vila Soeiro",Mais avançado que o secundário,Sistema de tratamento por lamas ativadas em regime de arejamento prolongado,366.00 m3/dia,,2007.0,1945,2043.0,1912.0,Urbanas Características do Afluente Bruto Volume Máximo mensal 11132.5 (m3) CBO5 (mg/L O2) CQO (mg/L O2) N (mg/L N) P (mg/L P),11132.5,,,,,,,
Póvoa e Meadas_L019779.2019.RH5A (22.11.2020 a 21.11.2024).pdf,LURH,L019779.2019.RH5A,450.10.04.01.019309.2019.RH5A,ETAR Póvoa e Meadas,APA00395003,"Águas do Vale do Tejo, S.A.",513606130,22-11-2019,21-11-2024,Caducada,,Tejo e Ribeiras do Oeste,Sever,PT05TEJ0908 :: Ribeira de São João,RIO,PT05TEJ0908 :: Ribeira de São João,Razoável,Ribeira/ribeiro,Ribeira da Ameixoeira,esquerda,Coletor com obra de proteção (boca de lobo),-7.515462,39.514366,-7.516063,39.514168,– Freguesia Alto Alentejo / Castelo de Vide / Nossa Senhora da Graça de Póvoa e Meada,Secundário,Lagunagem,125.00 m3/dia,,,1200,2030.0,1300.0,Urbanas Características do Afluente Bruto Volume Máximo mensal 3808.3333333333335 (m3) CBO5 (mg/L O2) CQO (mg/L O2) N (mg/L N) P (mg/L P),3808.333333333333,,,,,,,
Rio de Moinhos L070516.2025.RH7 (03.03.2025 a 02.03.2030).pdf,LURH,L070516.2025.RH7,450.10.04.01.002657.2020.RH7,ETAR de Rio de Moinhos,APA00395003,"Águas do Vale do Tejo, S.A.",513606130,03-03-2025,02-03-2030,Em vigor,APA — ARH Alentejo,Guadiana,Guadiana,PT07GUA1438 :: Ribeira de Lucefecit,Rios,PT07GUA1438 :: Ribeira de Lucefecit,Razoável,Ribeira/ribeiro,Ribeira de Lucefécit,esquerda,Outro Tipo sistema descarga Coletor com obra de proteção (boca de lobo em betão armado com válvula de maré),-7.514275,38.751511,-7.51322,38.75284,– Freguesia Alentejo Central / Borba / Rio de Moinhos,Mais avançado que o secundário,"Lagoas de estabilização (lagoa anaeróbia + lagoa facultativa), seguido de leitos de macrófitas",530.00 m3/dia,,2020.0,3500,2050.0,3500.0,Urbanas Características do Afluente Bruto Volume Máximo mensal 15000.0 (m3) CBO5 500.0 (mg/L O2) CQO 1000.0 (mg/L O2) N 101.4 (mg/L N) P 22.9 (mg/L P),15000.0,500.0,1000.0,101.4,22.9,,,
Rosmaninhal_Lic_L009802.2020.RH5A (01.06.2020 a 15.06.2025).pdf,LURH,L009802.2020.RH5A,450.10.04.01.003462.2020.RH5A,ETAR de Rosmaninhal,APA00395003,"Águas do Vale do Tejo, S.A.",513606130,01-06-2020,15-06-2025,Caducada,,Tejo e Ribeiras do Oeste,Tejo,PT05TEJ0892 :: Ribeiro Manhel,RIO,PT05TEJ0892 :: Ribeiro Manhel,Bom,Ribeira/ribeiro,Manhel,direita,Coletor com obra de proteção (boca de lobo),-7.0923,39.72078,-7.09206,39.72122,– Freguesia Beira Interior Sul / Idanha-a-Nova / Rosmaninhal,Mais avançado que o secundário,Lamas ativadas em regime de baixa carga,,143.00 m3/dia,,1042,2020.0,1042.0,Urbanas Características do Afluente Bruto Volume Médio mensal 4349.583333333333 (m3) CBO5 (mg/L O2) CQO (mg/L O2) N (mg/L N) P (mg/L P),4349.583333333333,,,,,,,
S. Sebastião da Feira_Lic_L013106.2016.RH4A (08-07-2021 a 31-07-2026).pdf,LURH,L011852.2021.RH4A,450.10.04.01.007470.2021.RH4A,S.Sebastião da Feira,APA00395003,"Águas do Vale do Tejo, S.A.",513606130,08-07-2021,31-07-2026,Em vigor,APA — ARH Centro,"Vouga, Mondego e Lis",Alva,,,,,Rio,Rio Alva,esquerda,Coletor com obra de proteção (boca de lobo),-7.86935,40.31285,-7.8692,40.31285,– Freguesia Pinhal Interior Norte / Oliveira do Hospital / São Sebastião da Feira,Secundário,Lamas ativadas com arejamento prolongado,,35.00 m3/dia,2013.0,437,2036.0,448.0,Domésticas Habitação Características do Afluente Bruto Volume Médio mensal 1061.0 (m3) CBO5 (mg/L O2) CQO (mg/L O2) N (mg/L N) P (mg/L P),1061.0,,,,,,,
Santa Eulália_L004164.2021.RH (01.03.2021 a 28.03.2031).pdf,LURH,L004164.2021.RH7,450.10.04.01.022231.2020.RH7,ETAR de Santa Eulália,APA00395003,"Águas do Vale do Tejo, S.A.",513606130,01-03-2021,28-02-2031,Em vigor,APA — ARH Alentejo,Guadiana,Caia,PT07GUA1421 :: Ribeira do Torrão,RIO,PT07GUA1421 :: Ribeira do Torrão,Bom,Ribeira/ribeiro,Ribeira do Torrão,esquerda,Coletor com obra de proteção (boca de lobo),-7.23958,39.00899,-7.24098,39.00833,– Freguesia Alto Alentejo / Elvas / Santa Eulália,Secundário,Lagoas de estabilização,,288.00 m3/dia,2005.0,1500,2031.0,1500.0,Urbanas Características do Afluente Bruto Volume Médio mensal 8760.0 (m3) CBO5 313.0 (mg/L O2) CQO 781.0 (mg/L O2) N 52.0 (mg/L N) P 14.0 (mg/L P),8760.0,313.0,781.0,52.0,14.0,,,
Santa Ovaia_L012288.2022.RH4A (07.07.2022 a 31.07.2027).pdf,LURH,L012288.2022.RH4A,450.10.04.01.004390.2021.RH4A,ETAR Santa Ovaia,APA00395003,"Águas do Vale do Tejo, S.A.",513606130,07-07-2022,31-07-2027,Em vigor,APA — ARH Centro,"Vouga, Mondego e Lis",Alva,PT04MON0658 :: Rio Alva,RIO,PT04MON0658 :: Rio Alva,Bom,Rio,Rio Alva,direita,Coletor com obra de proteção (boca de lobo),-7.87853,40.313226,-7.87882,40.313508,– Freguesia Pinhal Interior Norte / Oliveira do Hospital / Santa Ovaia e Vila Pouca da Beira,Secundário,Lamas Ativadas em Regime de Arejamento Prolongado,181.00 m3/dia,,2012.0,1557,2042.0,1524.0,Urbanas Características do Afluente Bruto Volume Máximo mensal 5505.416666666667 (m3) CBO5 (mg/L O2) CQO (mg/L O2) N (mg/L N) P (mg/L P),5505.416666666667,,,,,,,
Santo Aleixo L007547.2022.RH5A (11.10.2022 a 10.10.2027).pdf,LURH,L007547.2022.RH5A,450.10.04.01.000280.2022.RH5A,ETAR de Santo Aleixo,APA00395003,"Águas do Vale do Tejo, S.A.",513606130,11-10-2022,10-10-2027,Em vigor,APA — ARH Tejo e Oeste,Tejo e Ribeiras do Oeste,Aviz,PT05TEJ1053 :: Ribeira do Almuro,RIO,PT05TEJ1053 :: Ribeira do Almuro,Razoável,Ribeira/ribeiro,Ribeira do Almuro,esquerda,Coletor com obra de proteção (boca de lobo),-7.41939,38.927159,-7.41879,38.926196,– Freguesia Alto Alentejo / Monforte / Santo Aleixo,Secundário,"Lagunagem - 3 lagoas (anaeróbia, facultativa e de maturação)",,117.00 m3/dia,,726,,,Urbanas Características do Afluente Bruto Volume Médio mensal 3558.75 (m3) CBO5 (mg/L O2) CQO (mg/L O2) N (mg/L N) P (mg/L P),3558.75,,,,,,,
Santo Amaro L007581.2022.RH5A (11.10.2022 a 10.10.2027).pdf,LURH,L007581.2022.RH5A,450.10.04.01.000248.2022.RH5A,ETAR de Santo Amaro,APA00395003,"Águas do Vale do Tejo, S.A.",513606130,11-10-2022,10-10-2027,Em vigor,APA — ARH Tejo e Oeste,Tejo e Ribeiras do Oeste,Aviz,PT05TEJ1016 :: Ribeira de Lupe,RIO,PT05TEJ1016 :: Ribeira de Lupe,Razoável,Ribeira/ribeiro,Ribeira de Lupe,esquerda,Coletor com obra de proteção (boca de lobo),-7.584452,38.971185,-7.584783,38.970952,– Freguesia Alentejo Central / Sousel / Santo Amaro,Secundário,"obra de entrada, tanque Imhoff e leito percolador de alta carga, leitos de secagem",,116.80 m3/dia,,649,,,Urbanas Características do Afluente Bruto Volume Médio mensal 3552.6666666666665 (m3) CBO5 (mg/L O2) CQO (mg/L O2) N (mg/L N) P (mg/L P),3552.666666666667,,,,,,,
Santo Antonio das Areias_L005857.2021.RH5A (17.05.2021 a 16.05.2026).pdf,LURH,L005857.2021.RH5A,450.10.04.01.019754.2020.RH5A,ETAR Santo António das Areias,APA00395003,"Águas do Vale do Tejo, S.A.",513606130,17-05-2021,16-05-2026,Caducada,APA — ARH Tejo e Oeste,Tejo e Ribeiras do Oeste,Sever,PT05TEJ0931 :: Ribeira de Cabril,RIO,PT05TEJ0931 :: Ribeira de Cabril,Razoável,Ribeira/ribeiro,Ribeira da Cavalinha,direita,Coletor sem obra de proteção,-7.350978,39.422236,-7.350807,39.419805,– Freguesia Alto Alentejo / Marvão / Santo António das Areias,Secundário,Leito Percolador,209.00 m3/dia,,,885,2035.0,1051.0,Urbanas Características do Afluente Bruto Volume Máximo mensal 6357.083333333333 (m3) CBO5 (mg/L O2) CQO (mg/L O2) N (mg/L N) P (mg/L P),6357.083333333333,,,,,,,
Santo António do Alva L018843.2022.RH4A (11.10.2022 a 31.10.2027).pdf,LURH,L018843.2022.RH4A,450.10.04.01.017403.2022.RH4A,Stº António do Alva,APA00395003,"Águas do Vale do Tejo, S.A.",513606130,11-10-2022,31-10-2027,Em vigor,APA — ARH Centro,"Vouga, Mondego e Lis",Alva,PT04MON0658 :: Rio Alva,RIO,PT04MON0658 :: Rio Alva,Bom,Rio,Rio Alva,direita,Coletor com obra de proteção (boca de lobo),-7.852543,40.32035,-7.83448,40.3311,– Freguesia Pinhal Interior Norte / Oliveira do Hospital / Penalva de Alva,Secundário,Lamas activadas de arejamento prolongado,,37.20 m3/dia,2012.0,410,2041.0,335.0,Urbanas Características do Afluente Bruto Volume Médio mensal 848.9166666666666 (m3) CBO5 (mg/L O2) CQO (mg/L O2) N (mg/L N) P (mg/L P),848.9166666666666,,,,,,,
Sardoal L020482.2021.RH5A (30.11.2021 a 29.11.2026).pdf,LURH,L020482.2021.RH5A,450.10.04.01.024053.2021.RH5A,ETAR do Sardoal,APA00395003,"Águas do Vale do Tejo, S.A.",513606130,30-11-2021,29-11-2026,Em vigor,APA — ARH Tejo e Oeste,Tejo e Ribeiras do Oeste,Tejo,PT05TEJ0947 :: Ribeira de Alferrarede,RIO,PT05TEJ0947 :: Ribeira de Alferrarede,Medíocre,Ribeira/ribeiro,Ribeira de Sardoal,esquerda,Coletor com obra de proteção (boca de lobo),-8.160771,39.528836,-8.160629,39.529641,– Freguesia Médio Tejo / Sardoal / Sardoal,Secundário,"Fase liquida: Obra de entrada com gradagem manual e mecânica, desarenador com classificação de areias, reator SBR de lamas ativadas em regime de arejamento prolongado, desinfeção com hipoclorito na água reutilizada. Fase Sólida: Espessador gravítico de lamas e desidratação em filtro de banda.",,793.00 m3/dia,2016.0,3077,2034.0,3100.0,Urbanas Características do Afluente Bruto Volume Médio mensal 18386.9 (m3) CBO5 447.0 (mg/L O2) CQO 903.0 (mg/L O2) N 93.0 (mg/L N) P 12.0 (mg/L P),18386.9,447.0,903.0,93.0,12.0,,,
Sazes da Beira L012133.2022.RH4A (06.07.2022 a 31.07.2027).pdf,LURH,L012133.2022.RH4A,450.10.04.01.004384.2021.RH4A,ETAR de Sazes da Beira,APA00395003,"Águas do Vale do Tejo, S.A.",513606130,06-07-2022,31-07-2027,Em vigor,APA — ARH Centro,"Vouga, Mondego e Lis",Alva,PT04MON0630 :: Rio Alva,RIO,PT04MON0630 :: Rio Alva,Bom,Ribeira/ribeiro,"Ribeira de Sazes, afluente do Rio Alva",Plano de água,Coletor sem obra de proteção,-7.73881,40.34726,-7.738305,40.34776,– Freguesia Serra da Estrela / Seia / Sazes da Beira,Secundário,"Sistema de tratamento por lamas ativadas vertente arejamento prolongado constituído por gradagem mecânica (by-pass para limpeza manual), desarenador, tanque de arejamento, dois decantadores secundários em paralelo, estação elevatória de recirculação de lamas. As lamas são mecanicamente desidratadas após espessamento gravítico.",130.70 m3/dia,,2005.0,635,2035.0,707.0,Urbanas Características do Afluente Bruto Volume Máximo mensal 3975.4583333333335 (m3) CBO5 (mg/L O2) CQO (mg/L O2) N (mg/L N) P (mg/L P),3975.458333333333,,,,,,,
Seda_L015394.2021.RH5A (07.09.2021 a 18.03.2026).pdf,LURH,L015394.2021.RH5A,450.10.04.01.019113.2021.RH5A,ETAR de Seda,APA00395003,"Águas do Vale do Tejo, S.A.",513606130,07-09-2021,18-03-2026,Caducada,APA — ARH Tejo e Oeste,Tejo e Ribeiras do Oeste,Raia,PT05TEJ0988 :: Ribeira do Espinheiro,RIO,PT05TEJ0988 :: Ribeira do Espinheiro,Bom,Ribeira/ribeiro,Ribeiro do Espinheiro,direita,Coletor com obra de proteção (boca de lobo),-7.791714,39.183397,-7.790913,39.184081,– Freguesia Alto Alentejo / Alter do Chão / Seda,Secundário,"Fase Liquida - Obra de entrada (gradagem e desarenação, com dois canais paralelos e medição de caudal em caleira Parshall), lagunagem (lagoa aeróbia, lagoa facultativa e lagoa de Maturação); Fase sólida - armazenamento de gradados e areias, extraçãode lamas da lagoa anaeróbia",,52.00 m3/dia,,335,,335.0,Urbanas Características do Afluente Bruto Volume Médio mensal 1581.6666666666667 (m3) CBO5 (mg/L O2) CQO (mg/L O2) N (mg/L N) P (mg/L P),1581.666666666667,,,,,,,
Seixo da Beira L012296.2022.RH4A (07.07.2022 a 31.07.2027).pdf,LURH,L012296.2022.RH4A,450.10.04.01.004391.2021.RH4A,ETAR Seixo da Beira,APA00395003,"Águas do Vale do Tejo, S.A.",513606130,07-07-2022,31-07-2027,Em vigor,APA — ARH Centro,"Vouga, Mondego e Lis",Mondego,PT04MON0604 :: Rio de Mel,RIO,PT04MON0604 :: Rio de Mel,Bom,Ribeira/ribeiro,Ribeira da Doleira,esquerda,Coletor sem obra de proteção,-7.835754,40.467062,-7.839917,40.459317,– Freguesia Pinhal Interior Norte / Oliveira do Hospital / Seixo da Beira,Secundário,Lamas Ativadas em Regime de Arejamento Prolongado,106.80 m3/dia,,2012.0,965,2042.0,913.0,Urbanas Características do Afluente Bruto Volume Máximo mensal 3248.5 (m3) CBO5 (mg/L O2) CQO (mg/L O2) N (mg/L N) P (mg/L P),3248.5,,,,,,,
Sobreda L018830.2022.RH4A (11.10.2022 a 31.10.2027).pdf,LURH,L018830.2022.RH4A,450.10.04.01.017343.2022.RH4A,Sobreda,APA00395003,"Águas do Vale do Tejo, S.A.",513606130,11-10-2022,31-10-2027,Em vigor,APA — ARH Centro,"Vouga, Mondego e Lis",Mondego,PT04MON0614 :: Rio Seia,RIO,PT04MON0614 :: Rio Seia,Razoável,Ribeira/ribeiro,Linha de água afluente do Rio Seia,direita,Coletor com obra de proteção (boca de lobo),-7.81033,40.45558,-7.81046,40.45576,– Freguesia Pinhal Interior Norte / Oliveira do Hospital / Seixo da Beira,Secundário,Lamas activadas de arejamento prolongado,,39.20 m3/dia,2012.0,356,2036.0,340.0,Urbanas Características do Afluente Bruto Volume Médio mensal 770.6666666666666 (m3) CBO5 (mg/L O2) CQO (mg/L O2) N (mg/L N) P (mg/L P),770.6666666666666,,,,,,,
São Gião_L012280.2022.RH4A (07.07.2022 a 31.07.2027).pdf,LURH,L012280.2022.RH4A,450.10.04.01.004389.2021.RH4A,ETAR São Gião,APA00395003,"Águas do Vale do Tejo, S.A.",513606130,07-07-2022,31-07-2027,Em vigor,APA — ARH Centro,"Vouga, Mondego e Lis",Alva,PT04MON0658 :: Rio Alva,RIO,PT04MON0658 :: Rio Alva,Bom,Ribeira/ribeiro,Ribeira Afluente do Rio Alva,direita,Coletor com obra de proteção (boca de lobo),-7.801917,40.337386,-7.802425,40.337447,– Freguesia Pinhal Interior Norte / Oliveira do Hospital / São Gião,Secundário,"Tratamento secundário constituído por gradagem mecânica, desarenador, reactor biológico, dois decantadores em paralelo e estação elevatória para recirculação de lamas. A fase sólida é constiruída por espessador gravítico e desidratação mecânica.",77.20 m3/dia,,2012.0,444,2035.0,559.0,Urbanas Características do Afluente Bruto Volume Máximo mensal 2348.1666666666665 (m3) CBO5 (mg/L O2) CQO (mg/L O2) N (mg/L N) P (mg/L P),2348.166666666667,,,,,,,
São Marcos do Campo_L003584.2021.RH7 (19.02.2021 a 18.02.2031).pdf,LURH,L003584.2021.RH7,450.10.04.01.023749.2020.RH7,ETAR de São Marcos do Campo,APA00395003,"Águas do Vale do Tejo, S.A.",513606130,19-02-2021,18-02-2031,Em vigor,APA — ARH Alentejo,Guadiana,Degebe,PT07GUA1487B :: Albufeira Alqueva (Braço Degebe),RIO (ALBUFEIRA),PT07GUA1487B :: Albufeira Alqueva (Braço Degebe),Razoável,Barranco,Afluente da Albufeira da Barragem de Alqueva,direita,Coletor com obra de proteção (boca de lobo),-7.5219,38.33932,-7.52166,38.33964,– Freguesia Alentejo Central / Reguengos de Monsaraz / Campo,Mais avançado que o secundário,"Lamas activadas (arejamento prolongado), com remoção de nutrientes (azoto e fósforo).",,208.00 m3/dia,2009.0,684,2036.0,1000.0,Urbanas Características do Afluente Bruto Volume Médio mensal 6326.7 (m3) CBO5 577.0 (mg/L O2) CQO 1000.0 (mg/L O2) N 96.0 (mg/L N) P 19.0 (mg/L P),6326.7,577.0,1000.0,96.0,19.0,,,
São Miguel de Machede L025551.2023.RH7 (23.01.2023 a 22.01.2033).pdf,LURH,L025551.2023.RH7,450.10.04.01.009750.2018.RH7,ETAR de São Miguel de Machede,APA00395003,"Águas do Vale do Tejo, S.A.",513606130,23-01-2023,22-01-2033,Em vigor,APA — ARH Alentejo,Guadiana,Degebe,PT07GUA1440 :: Ribeira da Pardiela,RIO,PT07GUA1440 :: Ribeira da Pardiela,Bom,Ribeira/ribeiro,Ribeiro das Bicas,direita,Coletor com obra de proteção (boca de lobo),-7.719912,38.643676,-7.720426,38.643231,– Freguesia Alentejo Central / Évora / São Miguel de Machede,Secundário,Lamas ativadas (arejamento prolongado),132.00 m3/dia,,2009.0,614,2037.0,614.0,Urbanas Características do Afluente Bruto Volume Máximo mensal 4015.0 (m3) CBO5 364.0 (mg/L O2) CQO 727.0 (mg/L O2) N 73.0 (mg/L N) P 24.0 (mg/L P),4015.0,364.0,727.0,73.0,24.0,,,
São Pedro do Corval_LL018295.2018.RH7 (15.11.2018 a 14.11.2028).pdf,LURH,L018295.2018.RH7,450.10.04.01.006315.2018.RH7,ETAR de S. Pedro do Corval,APA00395003,"Águas do Vale do Tejo, S.A.",513606130,15-11-2018,14-11-2028,Em vigor,,Guadiana,Guadiana,PT07GUA1474 :: Ribeira do Álamo,,,,Barranco,Afluente da Ribeira do Álamo,direita,Coletor com obra de proteção (boca de lobo),-7.484591,38.435744,-7.485317,38.436505,– Freguesia Alentejo Central / Reguengos de Monsaraz / Corval,Secundário,Lamas Ativadas em Arejamento Prolongado,,312.00 m3/dia,2009.0,1200,2036.0,1500.0,Urbanas Características do Afluente Bruto Volume Médio mensal 9490.0 (m3) CBO5 300.0 (mg/L O2) CQO 600.0 (mg/L O2) N 40.0 (mg/L N) P 10.0 (mg/L P),9490.0,300.0,600.0,40.0,10.0,,,
São Sebastião da Gieisteira_L020612.2018.RH6 (26.12.2018 a 25.12.2028).pdf,LURH,L020612.2018.RH6,450.10.04.01.014220.2018.RH6,ETAR de São Sebastião da Giesteira,APA00395003,"Águas do Vale do Tejo, S.A.",513606130,26-12-2018,25-12-2028,Em vigor,,Sado e Mira,Alcacovas,PT06SAD1214 :: Ribeira de São Brissos,RIO,PT06SAD1214 :: Ribeira de São Brissos,Razoável,Barranco,Afluente da Ribeira de São Brissos,direita,Coletor sem obra de proteção,-8.084395,38.573508,-8.085658,38.573661,– Freguesia Alentejo Central / Évora / São Sebastião da Giesteira,Secundário,Lagoas de estabilização,83.00 m3/dia,,2010.0,530,2035.0,530.0,Urbanas Características do Afluente Bruto Volume Máximo mensal 2524.6 (m3) CBO5 385.0 (mg/L O2) CQO 769.0 (mg/L O2) N 77.0 (mg/L N) P 25.0 (mg/L P),2524.6,385.0,769.0,77.0,25.0,,,
Terena L027844.2023.RH7 (13.02.2023 a 12.02.2033).pdf,LURH,L027844.2023.RH7,450.10.04.01.014895.2019.RH7,ETAR de Terena,APA00395003,"Águas do Vale do Tejo, S.A.",513606130,13-02-2023,12-02-2033,Em vigor,APA — ARH Alentejo,Guadiana,Guadiana,PT07GUA1448 :: Ribeira de Lucefecit (HMWB - Jusante B. Lucefecit),RIO,PT07GUA1448 :: Ribeira de Lucefecit (HMWB - Jusante B. Lucefecit),Razoável,Ribeira/ribeiro,Ribeira da Cruz,esquerda,Coletor com obra de proteção (boca de lobo),-7.411641,38.625878,-7.412375,38.626007,– Freguesia Alentejo Central / Alandroal / Terena (São Pedro),Secundário,Fossa séptica seguida de leito de macrófitas,141.00 m3/dia,,2009.0,600,2036.0,656.0,Urbanas Características do Afluente Bruto Volume Máximo mensal 4288.75 (m3) CBO5 364.0 (mg/L O2) CQO 1000.0 (mg/L O2) N 73.0 (mg/L N) P 24.0 (mg/L P),4288.75,364.0,1000.0,73.0,24.0,,,
Tolosa_L020167.2020.RH5A (25.10.2020 a 24.10.2025).pdf,LURH,L020167.2020.RH5A,450.10.04.01.008220.2020.RH5A,ETAR de Tolosa,APA00395003,"Águas do Vale do Tejo, S.A.",513606130,25-10-2020,24-10-2025,Caducada,APA — ARH Tejo e Oeste,Tejo e Ribeiras do Oeste,Sor,PT05TEJ0961 :: Ribeira de Sôr,RIO,PT05TEJ0961 :: Ribeira de Sôr,Medíocre,Ribeira/ribeiro,Afluente da Ribeira de Sôr,direita,Coletor com obra de proteção (boca de lobo),-7.724297,39.42207,-7.723224,39.421946,– Freguesia Alto Alentejo / Nisa / Tolosa,Secundário,"Fase líquida - obra de entrada com gradagem manual, desarenador/desengordurador, bacia de retenção seguida de decantador primário, leitos percoladores em alta carga, tanque de arejamento (lamas ativadas em média carga), câmara de desgaseificação em série; Fase sólida - digestor aeróbio (a frio)/espessador de lamas e 8 leitos de secagem de lamas.",,226.00 m3/dia,2004.0,10642,2034.0,15000.0,Urbanas Características do Afluente Bruto Volume Médio mensal 6874.166666666667 (m3) CBO5 (mg/L O2) CQO (mg/L O2) N (mg/L N) P (mg/L P),6874.166666666667,,,,,,,
Torre Fundeira L007587.2022.RH5A (11.10.2022 a 10.10.2027).pdf,LURH,L007587.2022.RH5A,450.10.04.01.000244.2022.RH5A,ETAR de Torre Fundeira,APA00395003,"Águas do Vale do Tejo, S.A.",513606130,11-10-2022,10-10-2027,Em vigor,APA — ARH Tejo e Oeste,Tejo e Ribeiras do Oeste,Tejo,PT05TEJ0936 :: Albufeira Belver,RIO (ALBUFEIRA),PT05TEJ0936 :: Albufeira Belver,Bom,Ribeira/ribeiro,linha de água sem nome definido afluente Rio Tejo (Albufeira de Belver),direita,Coletor com obra de proteção (boca de lobo),-7.988379,39.490099,-7.988433,39.48997,– Freguesia Alto Alentejo / Gavião / Belver,Secundário,"grade de limpeza manual e grade de limpeza mecânica, canal de recurso com grade manual), medidor de caudal em canal Parshall, tanque de arejamento, decantador secundário, medidor de caudal em canal; rmazenamento dos gradados e areias em contentor, EE, silo de lamas, 2 leitos de secagem",,28.20 m3/dia,,275,2040.0,,Urbanas Características do Afluente Bruto Volume Médio mensal 857.75 (m3) CBO5 (mg/L O2) CQO (mg/L O2) N (mg/L N) P (mg/L P),857.75,,,,,,,
Torre de Coelheiros_L023256.2020.RH (04.12.2020 a 03.12.2030).pdf,LURH,L023256.2020.RH7,450.10.04.01.022234.2020.RH7,ETAR de Torre de Coelheiros,APA00395003,"Águas do Vale do Tejo, S.A.",513606130,04-12-2020,03-12-2030,Em vigor,APA — ARH Alentejo,Guadiana,Degebe,PT07GUA1471 :: Ribeira da Peceninha,RIO,PT07GUA1471 :: Ribeira da Peceninha,Razoável,Ribeira/ribeiro,Ribeiro do Morgado,esquerda,Coletor com obra de proteção (boca de lobo),-7.82839,38.41277,-7.829299,38.412555,– Freguesia Alentejo Central / Évora / Torre de Coelheiros,Secundário,Lagoas de estabilização,,109.00 m3/dia,2010.0,700,2035.0,700.0,Urbanas Características do Afluente Bruto Volume Médio mensal 3315.4 (m3) CBO5 385.0 (mg/L O2) CQO 769.0 (mg/L O2) N 77.0 (mg/L N) P 26.0 (mg/L P),3315.4,385.0,769.0,77.0,26.0,,,
Torrozelo_L011845.2021.RH4A (08.07.2021 a 31.07.2026).pdf,LURH,L011845.2021.RH4A,450.10.04.01.007465.2021.RH4A,Torrozelo,APA00395003,"Águas do Vale do Tejo, S.A.",513606130,08-07-2021,31-07-2026,Em vigor,APA — ARH Centro,"Vouga, Mondego e Lis",Mondego,PT04MON0616 :: Rio Cobral,RIO,PT04MON0616 :: Rio Cobral,Razoável,Ribeira/ribeiro,Linha de água afluente do Rio Cobral,direita,Coletor com obra de proteção (boca de lobo),-7.771168,40.387368,-7.77139,40.38828,– Freguesia Serra da Estrela / Seia / Torrozelo,Secundário,Lamas activadas de arejamento prolongado,,47.70 m3/dia,2011.0,740,2036.0,633.0,Urbanas Características do Afluente Bruto Volume Médio mensal 1773.8333333333333 (m3) CBO5 (mg/L O2) CQO (mg/L O2) N (mg/L N) P (mg/L P),1773.833333333333,,,,,,,
Trinta L006353.2022.RH4A (05.04.2022 a 30.04.2027).pdf,LURH,L006353.2022.RH4A,450.10.04.01.014987.2019.RH4A,Trinta,APA00395003,"Águas do Vale do Tejo, S.A.",513606130,05-04-2022,30-04-2027,Em vigor,APA — ARH Centro,"Vouga, Mondego e Lis",Mondego,PT04MON0618A :: Rio Mondego,RIO,PT04MON0618A :: Rio Mondego,Razoável,Rio,Linha de água afluente do Rio Mondego,direita,Coletor com obra de proteção (boca de lobo),-7.35713,40.50689,-7.356407,40.507124,– Freguesia Beira Interior Norte / Guarda / Trinta,Secundário,Reactor biológico por lamas activadas com arejamento prolongado,,163.00 m3/dia,2007.0,1685,2043.0,1706.0,Urbanas Características do Afluente Bruto Volume Médio mensal 3774.75 (m3) CBO5 (mg/L O2) CQO (mg/L O2) N (mg/L N) P (mg/L P),3774.75,,,,,,,
Unhais-o-Velho_L004545.2019.RH5A (19.03.2019 a 18.03.2024).pdf,LURH,L004545.2019.RH5A,450.10.04.01.017998.2016.RH5A,ETAR de Unhais-o-Velho,APA00395003,"Águas do Vale do Tejo, S.A.",513606130,19-03-2019,18-03-2024,Caducada,,Tejo e Ribeiras do Oeste,Zezere,PT05TEJ0780 :: Rio Unhais Velho,RIO,PT05TEJ0780 :: Rio Unhais Velho,Excelente,Ribeira/ribeiro,Eibeira de Unhais,direita,Coletor com obra de proteção (boca de lobo),-7.811879,40.130402,-7.811796,40.130689,– Freguesia Pinhal Interior Norte / Pampilhosa da Serra / Unhais-o-Velho,Secundário,"obra de entrada, lamas ativadas, composto por: reactor biológico com arejamento e decantação",,26.50 m3/dia,,170,,,Urbanas Características do Afluente Bruto Volume Médio mensal 806.0 (m3) CBO5 385.0 (mg/L O2) CQO 770.0 (mg/L O2) N (mg/L N) P (mg/L P),806.0,385.0,770.0,,,,,
Urra_L000186.2019.RH7 (07.01.2019 a 06.01.2029).pdf,LURH,L000186.2019.RH7,450.10.04.01.014218.2018.RH7,ETAR de Urra,APA00395003,"Águas do Vale do Tejo, S.A.",513606130,07-01-2019,06-01-2029,Em vigor,,Guadiana,Caia,PT07GUA1401 :: Rio Caia,RIO,PT07GUA1401 :: Rio Caia,Mau,Ribeira/ribeiro,Ribeira da Fadagosa,direita,Coletor com obra de proteção (boca de lobo),-7.38806,39.221142,-7.388696,39.22129,– Freguesia Alto Alentejo / Portalegre / Urra,Secundário,Lamas Ativadas em Regime de Arejamento Prolongado,333.00 m3/dia,,2011.0,1827,2035.0,2215.0,Urbanas Características do Afluente Bruto Volume Máximo mensal 10128.8 (m3) CBO5 399.0 (mg/L O2) CQO 797.0 (mg/L O2) N 73.5 (mg/L N) P 25.3 (mg/L P),10128.8,399.0,797.0,73.5,25.3,,,
Vaiamonte L007592.2022.RH5A (11.10.2022 a 10.10.2027).pdf,LURH,L007592.2022.RH5A,450.10.04.01.000279.2022.RH5A,ETAR de Vaiamonte,APA00395003,"Águas do Vale do Tejo, S.A.",513606130,11-10-2022,10-10-2027,Em vigor,APA — ARH Tejo e Oeste,Tejo e Ribeiras do Oeste,Aviz,PT05TEJ1014 :: Ribeira dos Arneiros,RIO,PT05TEJ1014 :: Ribeira dos Arneiros,Razoável,Ribeira/ribeiro,Ribeira do Pau,esquerda,Coletor com obra de proteção (boca de lobo),-7.517065,39.090658,-7.516064,39.09096,– Freguesia Alto Alentejo / Monforte / Vaiamonte,Secundário,"Lagunagem - 2 lagoas (anaeróbia, facultativa)",,117.00 m3/dia,,630,,,Urbanas Características do Afluente Bruto Volume Médio mensal 3558.75 (m3) CBO5 (mg/L O2) CQO (mg/L O2) N (mg/L N) P (mg/L P),3558.75,,,,,,,
Vale de Maceiras L006103.2022.RH5A (11.10.2022 a 10.10.2027).pdf,LURH,L006103.2022.RH5A,450.10.04.01.016646.2021.RH5A,ETAR de Vale de Maceiras,APA00395003,"Águas do Vale do Tejo, S.A.",513606130,11-10-2022,10-10-2027,Em vigor,APA — ARH Tejo e Oeste,Tejo e Ribeiras do Oeste,Aviz,PT05TEJ1018 :: Ribeira Grande,RIO,PT05TEJ1018 :: Ribeira Grande,Bom,Ribeira/ribeiro,ribeiro de Vale de Maceiras,esquerda,Coletor com obra de proteção (boca de lobo),-7.567065,38.999976,-7.56566,39.00042,– Freguesia Alto Alentejo / Fronteira / São Saturnino,Secundário,fossa estanque+tratamento biológico por lamas activadas+ decantação secundária,,50.00 m3/dia,,320,2046.0,320.0,Urbanas Características do Afluente Bruto Volume Médio mensal 1520.8333333333333 (m3) CBO5 (mg/L O2) CQO (mg/L O2) N (mg/L N) P (mg/L P),1520.833333333333,,,,,,,
Vale de Senhora da Póvoa_L005341.2021.RH5A (17.05.2021 a 16.05.2026).pdf,LURH,L005341.2021.RH5A,450.10.04.01.019756.2020.RH5A,ETAR Vale Senhora da Póvoa,APA00395003,"Águas do Vale do Tejo, S.A.",513606130,17-05-2021,16-05-2026,Caducada,APA — ARH Tejo e Oeste,Tejo e Ribeiras do Oeste,Zezere,PT05TEJ0755 :: Ribeira do Vale da Senhora da Póvoa,RIO,PT05TEJ0755 :: Ribeira do Vale da Senhora da Póvoa,Bom,Ribeira/ribeiro,Linha de água afluente à ribeira de Vale de Senhora da Póvoa,direita,Coletor com obra de proteção (boca de lobo),-7.206032,40.264033,-7.209183,40.265998,– Freguesia Beira Interior Sul / Penamacor / Vale da Senhora da Póvoa,Secundário,Lamas Ativadas em Regime de Arejamento Prolongado,301.00 m3/dia,,,2300,2047.0,2300.0,Urbanas Características do Afluente Bruto Volume Máximo mensal 9155.416666666666 (m3) CBO5 (mg/L O2) CQO (mg/L O2) N (mg/L N) P (mg/L P),9155.416666666666,,,,,,,
Valezim L018903.2022.RH4A (12.10.2022 a 31.10.2027).pdf,LURH,L018903.2022.RH4A,450.10.04.01.017410.2022.RH4A,ETAR de Valezim,APA00395003,"Águas do Vale do Tejo, S.A.",513606130,12-10-2022,31-10-2027,Em vigor,APA — ARH Centro,"Vouga, Mondego e Lis",Alva,PT04MON0626 :: Rio Alva,RIO,PT04MON0626 :: Rio Alva,Bom,Ribeira/ribeiro,Ribeira de Valezim,direita,Coletor com obra de proteção (boca de lobo),-7.720855,40.357785,-7.719901,40.358132,– Freguesia Serra da Estrela / Seia / Valezim,Secundário,Sistema de Tratamento por lamas ativadas em regime de arejamento prolongado,,86.30 m3/dia,2011.0,560,2041.0,560.0,Urbanas Características do Afluente Bruto Volume Médio mensal 2150.8333333333335 (m3) CBO5 (mg/L O2) CQO (mg/L O2) N (mg/L N) P (mg/L P),2150.833333333333,,,,,,,
Vela_L006552.2021.RH5A (27.07.2021 a 27.07.2026).pdf,LURH,L006552.2021.RH5A,450.10.04.01.019542.2020.RH5A,ETAR Vela,APA00395003,"Águas do Vale do Tejo, S.A.",513606130,28-07-2021,27-07-2026,Em vigor,APA — ARH Tejo e Oeste,Tejo e Ribeiras do Oeste,Zezere,PT05TEJ0743 :: Ribeira da Gaia,RIO,PT05TEJ0743 :: Ribeira da Gaia,Razoável,Ribeira/ribeiro,Ribeira de Gaia,esquerda,Coletor com obra de proteção (boca de lobo),-7.299994,40.435848,-7.299824,40.435883,– Freguesia Beira Interior Norte / Guarda / Vela,Secundário,Fossa Sética Tricompartimentada e Leito de Macrófitas,141.40 m3/dia,,,850,2046.0,850.0,Urbanas Características do Afluente Bruto Volume Máximo mensal 4300.916666666667 (m3) CBO5 (mg/L O2) CQO (mg/L O2) N (mg/L N) P (mg/L P),4300.916666666667,,,,,,,
Venda_L016718.2019.RH7 (07.10.2019 a 06.10.2029) com adenda.pdf,LURH,L016718.2019.RH7,450.10.04.01.010383.2019.RH7,ETAR da Aldeia da Venda,APA00395003,"Águas do Vale do Tejo, S.A.",513606130,07-10-2019,06-10-2029,Em vigor,,Guadiana,Guadiana,PT07GUA1459 :: Ribeira do Azevel,RIO,PT07GUA1459 :: Ribeira do Azevel,Medíocre,Ribeira/ribeiro,Ribeiro do Azevelinho,direita,Coletor com obra de proteção (boca de lobo),-7.44696,38.53942,-7.44813,38.53914,– Freguesia Alentejo Central / Alandroal / Santiago Maior,Secundário,Lagoas de estabilização,,170.60 m3/dia,2012.0,840,2035.0,878.0,Urbanas Características do Afluente Bruto Volume Médio mensal 5189.1 (m3) CBO5 438.0 (mg/L O2) CQO 876.0 (mg/L O2) N 88.0 (mg/L N) P 29.0 (mg/L P),5189.1,438.0,876.0,88.0,29.0,,,
Vendinha_Lic_ L014500.2016.RH7 (14-10-2016 a 13-10-2026).pdf,LURH,L014500.2016.RH7,450.10.04.01.016931.2016.RH7,ETAR de Vendinha,APA00395003,"Águas de Lisboa e Vale do Tejo, S.A.",513606130,14-10-2016,13-10-2026,Em vigor,,Guadiana,Degebe,,,,,Ribeira/ribeiro,Ribeiro da Fonte Furada,direita,Coletor com obra de proteção (boca de lobo),-7.64083,38.44952,-7.641148,38.449714,– Freguesia Alentejo Central / Évora / São Vicente do Pigeiro,Secundário,Fossa séptica seguida de leitos de macrófitas,120.00 m3/dia,,2010.0,341,2036.0,391.0,Urbanas Características do Afluente Bruto Volume máximo mensal 3650.0 (m3) CBO5 169.0 (mg/L O2) CQO 363.0 (mg/L O2) N 26.0 (mg/L N) P 6.0 (mg/L P),3650.0,169.0,363.0,26.0,6.0,,,
Videmonte L018889.2022.RH4A (12.10.2022 a 31.10.2027).pdf,LURH,L018889.2022.RH4A,450.10.04.01.017419.2022.RH4A,Videmonte,APA00395003,"Águas do Vale do Tejo, S.A.",513606130,12-10-2022,31-10-2027,Em vigor,APA — ARH Centro,"Vouga, Mondego e Lis",Mondego,PT04MON0618A :: Rio Mondego,RIO,PT04MON0618A :: Rio Mondego,Razoável,Rio,Rio Mondego,esquerda,Coletor com obra de proteção (boca de lobo),-7.381214,40.50962,-7.382095,40.509923,– Freguesia Beira Interior Norte / Guarda / Videmonte,Secundário,Sistema de tratamento por lamas ativadas em regime de arejamento prolongado em vala de oxidação,,57.00 m3/dia,2009.0,560,2031.0,620.0,Urbanas Características do Afluente Bruto Volume Médio mensal 1.73375 (m3) CBO5 (mg/L O2) CQO (mg/L O2) N (mg/L N) P (mg/L P),1.73375,,,,,,,
Vila Cova à Coelheira L019949.2022.RH4A (24.10.2022 a 31.10.2027).pdf,LURH,L019949.2022.RH4A,450.10.04.01.017426.2022.RH4A,ETAR de Vila Cova à Coelheira,APA00395003,"Águas do Vale do Tejo, S.A.",513606130,24-10-2022,31-10-2027,Em vigor,APA — ARH Centro,"Vouga, Mondego e Lis",Alva,PT04MON0630 :: Rio Alva,RIO,PT04MON0630 :: Rio Alva,Bom,Rio,Rio Alva,direita,Coletor com obra de proteção (boca de lobo),-7.736409,40.378308,-7.736432,40.378799,– Freguesia Serra da Estrela / Seia / Vila Cova à Coelheira,Secundário,Sistema de tratamento por lamas ativadas em regime de arejamento prolongado,,127.00 m3/dia,2011.0,572,2041.0,675.0,Urbanas Características do Afluente Bruto Volume Médio mensal 3816.6666666666665 (m3) CBO5 (mg/L O2) CQO (mg/L O2) N (mg/L N) P (mg/L P),3816.666666666667,,,,,,,
Vila Facaia_L005974.2022.RH5A (30.03.2022 a 29.03.2027).pdf,LURH,L005974.2022.RH5A,450.10.04.01.026702.2021.RH5A,ETAR Vila Facaia,APA00395003,"Águas do Vale do Tejo, S.A.",513606130,30-03-2022,29-03-2027,Em vigor,APA — ARH Tejo e Oeste,Tejo e Ribeiras do Oeste,Zezere,PT05TEJ0839 :: Ribeira da Lapa,RIO,PT05TEJ0839 :: Ribeira da Lapa,Bom,Ribeira/ribeiro,Ribeira do Nodel,direita,Coletor com obra de proteção (boca de lobo),-8.221166,39.928784,-8.221429,39.92891,– Freguesia Pinhal Interior Norte / Pedrógão Grande / Vila Facaia,Secundário,Fossa Sética e Leito de Macrófitas,68.00 m3/dia,,2012.0,436,2040.0,436.0,Urbanas Características do Afluente Bruto Volume Máximo mensal 2068.3 (m3) CBO5 384.0 (mg/L O2) CQO 769.0 (mg/L O2) N 80.0 (mg/L N) P 25.6 (mg/L P),2068.3,384.0,769.0,80.0,25.6,,,
Vila Franca da Beira L021717.2021.RH4A (28.12.2021 a 31.12.2026).pdf,LURH,L021717.2021.RH4A,450.10.04.01.004392.2021.RH4A,ETAR Vila Franca da Beira,APA00395003,"Águas do Vale do Tejo, S.A.",513606130,28-12-2021,31-12-2026,Em vigor,APA — ARH Centro,"Vouga, Mondego e Lis",Mondego,PT04MON0611 :: Ribeira de Arca,RIO,PT04MON0611 :: Ribeira de Arca,Bom,Ribeira/ribeiro,Ribeira da Arca,Plano de água,Coletor sem obra de proteção,-7.873322,40.433169,-7.873456,40.433611,– Freguesia Pinhal Interior Norte / Oliveira do Hospital / Ervedal e Vila Franca da Beira,Secundário,Lamas Ativadas em Regime de Arejamento Prolongado,132.10 m3/dia,,2012.0,1236,2035.0,1121.0,Urbanas Características do Afluente Bruto Volume Máximo mensal 4018.0416666666665 (m3) CBO5 (mg/L O2) CQO (mg/L O2) N (mg/L N) P (mg/L P),4018.041666666667,,,,,,,
Vila Pouca da Beira L018835.2022.RH4A (11.10.2022 a 31.10.2027).pdf,LURH,L018835.2022.RH4A,450.10.04.01.017400.2022.RH4A,Vila Pouca da Beira,APA00395003,"Águas do Vale do Tejo, S.A.",513606130,11-10-2022,31-10-2027,Em vigor,APA — ARH Centro,"Vouga, Mondego e Lis",Alva,PT04MON0658 :: Rio Alva,RIO,PT04MON0658 :: Rio Alva,Bom,Ribeira/ribeiro,Rio Alva,direita,Coletor com obra de proteção (boca de lobo),-7.92953,40.30163,-7.92933,40.30281,– Freguesia Pinhal Interior Norte / Oliveira do Hospital / Vila Pouca da Beira,Secundário,Sistema de tratamento por lamas ativadas em regime de arejamento prolongado,,196.70 m3/dia,2010.0,522,2035.0,526.0,Urbanas Características do Afluente Bruto Volume Médio mensal 2.8210833333333336 (m3) CBO5 (mg/L O2) CQO (mg/L O2) N (mg/L N) P (mg/L P),2.821083333333334,,,,,,,
Vila Verde L012199.2022.RH4A (06.07.2022 a 31.07.2027).pdf,LURH,L012199.2022.RH4A,450.10.04.01.004386.2021.RH4A,ETAR Vila Verde,APA00395003,"Águas do Vale do Tejo, S.A.",513606130,06-07-2022,31-07-2027,Em vigor,APA — ARH Centro,"Vouga, Mondego e Lis",Mondego,PT04MON0604 :: Rio de Mel,RIO,PT04MON0604 :: Rio de Mel,Bom,Ribeira/ribeiro,Ribeira do Doleira,direita,Coletor com obra de proteção (boca de lobo),-7.795749,40.45949,-7.795617,40.459598,– Freguesia Serra da Estrela / Seia / Tourais e Lajes,Secundário,Lamas Ativadas em Regime de Arejamento Prolongado,82.80 m3/dia,,2015.0,690,2040.0,690.0,Urbanas Características do Afluente Bruto Volume Máximo mensal 2518.5 (m3) CBO5 (mg/L O2) CQO (mg/L O2) N (mg/L N) P (mg/L P),2518.5,,,,,,,
Águas L006777.2022.RH5A (23.02.2023 a 22.02.2028).pdf,LURH,L006777.2022.RH5A,450.10.04.01.019028.2021.RH5A,ETAR Águas,APA00395003,"Águas do Vale do Tejo, S.A.",513606130,13-05-2022,12-05-2027,Em vigor,APA — ARH Tejo e Oeste,Tejo e Ribeiras do Oeste,Ponsul,PT05TEJ0789 :: Ribeira das Taliscas,RIO,PT05TEJ0789 :: Ribeira das Taliscas,Medíocre,Ribeira/ribeiro,Ribeira das Taliscas,direita,Coletor com obra de proteção (boca de lobo),-7.213252,40.101703,-7.214896,40.101751,"– Freguesia Beira Interior Sul / Penamacor / Aldeia do Bispo, Águas e Aldeia de João Pires",Secundário,Lamas Ativadas em Regime de Arejamento Prolongado,368.00 m3/dia,,,1664,2021.0,1207.0,Urbanas Características do Afluente Bruto Volume Máximo mensal 11193.333333333334 (m3) CBO5 (mg/L O2) CQO (mg/L O2) N (mg/L N) P (mg/L P),11193.33333333333,,,,,,,
Évora_Lic_L014609.2016.RH6 (17-10-2016 a 16-10-2026).pdf,LURH,L014609.2016.RH6,450.10.04.01.017670.2016.RH6,ETAR de Évora,APA00395003,"Águas de Lisboa e Vale do Tejo, S.A.",513606130,17-10-2016,16-10-2026,Em vigor,,Sado e Mira,Sado,,,,,Rio,Rio Xarrama,direita,Coletor com obra de proteção (boca de lobo),-7.91634,38.53043,-7.916183,38.532266,– Freguesia Alentejo Central / Évora / Horta das Figueiras,Mais avançado que o secundário,"Lamas ativadas (média carga), com remoção biológica e química de fósforo e nitrificação/desnitrificação",13760.00 m3/dia,,2015.0,63561,2033.0,78601.0,Urbanas Características do Afluente Bruto Volume máximo mensal 418533.3 (m3) CBO5 343.0 (mg/L O2) CQO 712.0 (mg/L O2) N 60.0 (mg/L N) P 9.0 (mg/L P),418533.3,343.0,712.0,60.0,9.0,Sim,308.0 m3/dia,Utilização no recinto da ETAR;
