Nº TUA,Código,Local de amostragem,Parâmetro,Frequência de amostragem,Tipo de amostragem,Nota tipo de amostragem,Observações,Nº análises requeridas
TUA20220411000574,T000017,Saída,Carência Química de Oxigénio (mg/L O2),Mensal,Composta (i),Amostragem composta recolhida durante um período de 24 horas: (i) com intervalos máximos de 1 hora; (ii) com intervalos máximos de 4 horas; (iii) cobrindo no mínimo três períodos diários distintos entre as 7 e as 21 horas; (iv) representativa de um dia normal de laboração.,,12.0
TUA20220411000574,T000019,Saída,Carência Bioquímica de Oxigénio (mg/L O2),Mensal,Composta (i),Amostragem composta recolhida durante um período de 24 horas: (i) com intervalos máximos de 1 hora; (ii) com intervalos máximos de 4 horas; (iii) cobrindo no mínimo três períodos diários distintos entre as 7 e as 21 horas; (iv) representativa de um dia normal de laboração.,,12.0
TUA20220411000574,T000021,Saída,Sólidos Suspensos Totais (mg/L),Mensal,Composta (i),Amostragem composta recolhida durante um período de 24 horas: (i) com intervalos máximos de 1 hora; (ii) com intervalos máximos de 4 horas; (iii) cobrindo no mínimo três períodos diários distintos entre as 7 e as 21 horas; (iv) representativa de um dia normal de laboração.,,12.0
TUA20220411000574,T000023,Saída,pH (Escala de Sörensen),Mensal,Composta (i),Amostragem composta recolhida durante um período de 24 horas: (i) com intervalos máximos de 1 hora; (ii) com intervalos máximos de 4 horas; (iii) cobrindo no mínimo três períodos diários distintos entre as 7 e as 21 horas; (iv) representativa de um dia normal de laboração.,,12.0
TUA20220411000574,T000025,Saída,Óleos e Gorduras (mg/L),Trimestral,Pontual,,,4.0
TUA20220411000574,T000026,Saída,Azoto total (mg/L N),Trimestral,Composta (i),Amostragem composta recolhida durante um período de 24 horas: (i) com intervalos máximos de 1 hora; (ii) com intervalos máximos de 4 horas; (iii) cobrindo no mínimo três períodos diários distintos entre as 7 e as 21 horas; (iv) representativa de um dia normal de laboração.,,4.0
TUA20220411000574,T000027,Saída,Fósforo total (mg/L P),Trimestral,Composta (i),Amostragem composta recolhida durante um período de 24 horas: (i) com intervalos máximos de 1 hora; (ii) com intervalos máximos de 4 horas; (iii) cobrindo no mínimo três períodos diários distintos entre as 7 e as 21 horas; (iv) representativa de um dia normal de laboração.,,4.0
TUA20220420000646,T000017,Saída,pH (Escala de Sörensen),Mensal,Pontual,,,12.0
TUA20220420000646,T000019,Saída,Carência Química de Oxigénio (mg/L O2),Mensal,Pontual,,,12.0
TUA20220420000646,T000021,Saída,Carência Bioquímica de Oxigénio (mg/L O2),Mensal,Pontual,,,12.0
TUA20220420000646,T000023,Saída,Sólidos Suspensos Totais (mg/L),Mensal,Pontual,,,12.0
TUA20220420000646,T000025,Saída,Óleos e Gorduras (mg/L),Trimestral,Pontual,,,4.0
TUA20220420000646,T000026,Saída,Azoto total (mg/L N),Trimestral,Pontual,,,4.0
TUA20220420000646,T000027,Saída,Fósforo total (mg/L P),Trimestral,Pontual,,,4.0
TUA20220511000842,T000017,Saída,Carência Bioquímica de Oxigénio (mg/L O2),Quinzenal,Composta (ii),Amostragem composta recolhida durante um período de 24 horas: (i) com intervalos máximos de 1 hora; (ii) com intervalos máximos de 4 horas; (iii) cobrindo no mínimo três períodos diários distintos entre as 7 e as 21 horas; (iv) representativa de um dia normal de laboração.,,24.0
TUA20220511000842,T000020,Saída,pH (Escala de Sörensen),Quinzenal,Composta (ii),Amostragem composta recolhida durante um período de 24 horas: (i) com intervalos máximos de 1 hora; (ii) com intervalos máximos de 4 horas; (iii) cobrindo no mínimo três períodos diários distintos entre as 7 e as 21 horas; (iv) representativa de um dia normal de laboração.,,24.0
TUA20220511000842,T000026,Saída,Azoto total (mg/L N),Trimestral,Composta (ii),Amostragem composta recolhida durante um período de 24 horas: (i) com intervalos máximos de 1 hora; (ii) com intervalos máximos de 4 horas; (iii) cobrindo no mínimo três períodos diários distintos entre as 7 e as 21 horas; (iv) representativa de um dia normal de laboração.,,4.0
TUA20220511000842,T000027,Entrada,Carência Bioquímica de Oxigénio (mg/L O2),Quinzenal,Composta (ii),Amostragem composta recolhida durante um período de 24 horas: (i) com intervalos máximos de 1 hora; (ii) com intervalos máximos de 4 horas; (iii) cobrindo no mínimo três períodos diários distintos entre as 7 e as 21 horas; (iv) representativa de um dia normal de laboração.,,24.0
TUA20220511000842,T000028,Saída,Fósforo total (mg/L P),Trimestral,Composta (ii),Amostragem composta recolhida durante um período de 24 horas: (i) com intervalos máximos de 1 hora; (ii) com intervalos máximos de 4 horas; (iii) cobrindo no mínimo três períodos diários distintos entre as 7 e as 21 horas; (iv) representativa de um dia normal de laboração.,,4.0
TUA20220511000842,T000029,Entrada,pH (Escala de Sörensen),Quinzenal,Composta (ii),Amostragem composta recolhida durante um período de 24 horas: (i) com intervalos máximos de 1 hora; (ii) com intervalos máximos de 4 horas; (iii) cobrindo no mínimo três períodos diários distintos entre as 7 e as 21 horas; (iv) representativa de um dia normal de laboração.,,24.0
TUA20220511000842,T000030,Entrada,Carência Química de Oxigénio (mg/L O2),Quinzenal,Composta (ii),Amostragem composta recolhida durante um período de 24 horas: (i) com intervalos máximos de 1 hora; (ii) com intervalos máximos de 4 horas; (iii) cobrindo no mínimo três períodos diários distintos entre as 7 e as 21 horas; (iv) representativa de um dia normal de laboração.,,24.0
TUA20220511000842,T000031,Saída,Carência Química de Oxigénio (mg/L O2),Quinzenal,Composta (ii),Amostragem composta recolhida durante um período de 24 horas: (i) com intervalos máximos de 1 hora; (ii) com intervalos máximos de 4 horas; (iii) cobrindo no mínimo três períodos diários distintos entre as 7 e as 21 horas; (iv) representativa de um dia normal de laboração.,,24.0
TUA20220511000842,T000032,Entrada,Sólidos Suspensos Totais (mg/L),Quinzenal,Composta (ii),Amostragem composta recolhida durante um período de 24 horas: (i) com intervalos máximos de 1 hora; (ii) com intervalos máximos de 4 horas; (iii) cobrindo no mínimo três períodos diários distintos entre as 7 e as 21 horas; (iv) representativa de um dia normal de laboração.,,24.0
TUA20220511000842,T000033,Saída,Sólidos Suspensos Totais (mg/L),Quinzenal,Composta (ii),Amostragem composta recolhida durante um período de 24 horas: (i) com intervalos máximos de 1 hora; (ii) com intervalos máximos de 4 horas; (iii) cobrindo no mínimo três períodos diários distintos entre as 7 e as 21 horas; (iv) representativa de um dia normal de laboração.,,24.0
TUA20220511000842,T000034,Entrada,Caudal (m3/mês),Mensal,Pontual,,,12.0
TUA20220511000842,T000035,Saída,Caudal (m3/mês),Mensal,Pontual,,,12.0
TUA20220511000842,T000036,Saída,Óleos e Gorduras (mg/L),Trimestral,Pontual,,,4.0
TUA20220511000844,T000018,Saída,Carência Bioquímica de Oxigénio (mg/L O2),Mensal,Pontual,,"As determinações analíticas de CBO5 e CQO deverão ser efetuadas em amostras filtradas (filtros 0,45 µm), quando o valor de SST for inferior a 150 mg/L.",12.0
TUA20220511000844,T000020,Saída,Carência Química de Oxigénio (mg/L O2),Mensal,Pontual,,"As determinações analíticas de CBO5 e CQO deverão ser efetuadas em amostras filtradas (filtros 0,45 µm), quando o valor de SST for inferior a 150 mg/L.",12.0
TUA20220511000844,T000022,Saída,pH (Escala de Sörensen),Mensal,Pontual,,,12.0
TUA20220511000844,T000023,Saída,Sólidos Suspensos Totais (mg/L),Mensal,Pontual,,Os SST deverão ser determinados pelo método usual de filtração e secagem.,12.0
TUA20220511000844,T000024,Saída,Caudal (m3/mês),Mensal,Pontual,,,12.0
TUA20220511000844,T000025,Saída,Azoto total (mg/L N),Trimestral,Pontual,,,4.0
TUA20220511000844,T000026,Saída,Fósforo total (mg/L P),Trimestral,Pontual,,,4.0
TUA20220511000845,T000017,Saída,pH (Escala de Sörensen),Mensal,Composta (ii),Amostragem composta recolhida durante um período de 24 horas: (i) com intervalos máximos de 1 hora; (ii) com intervalos máximos de 4 horas; (iii) cobrindo no mínimo três períodos diários distintos entre as 7 e as 21 horas; (iv) representativa de um dia normal de laboração.,,12.0
TUA20220511000845,T000019,Saída,Carência Bioquímica de Oxigénio (mg/L O2),Mensal,Composta (ii),Amostragem composta recolhida durante um período de 24 horas: (i) com intervalos máximos de 1 hora; (ii) com intervalos máximos de 4 horas; (iii) cobrindo no mínimo três períodos diários distintos entre as 7 e as 21 horas; (iv) representativa de um dia normal de laboração.,,12.0
TUA20220511000845,T000022,Saída,Carência Química de Oxigénio (mg/L O2),Mensal,Composta (ii),Amostragem composta recolhida durante um período de 24 horas: (i) com intervalos máximos de 1 hora; (ii) com intervalos máximos de 4 horas; (iii) cobrindo no mínimo três períodos diários distintos entre as 7 e as 21 horas; (iv) representativa de um dia normal de laboração.,,12.0
TUA20220511000845,T000023,Saída,Sólidos Suspensos Totais (mg/L),Mensal,Composta (ii),Amostragem composta recolhida durante um período de 24 horas: (i) com intervalos máximos de 1 hora; (ii) com intervalos máximos de 4 horas; (iii) cobrindo no mínimo três períodos diários distintos entre as 7 e as 21 horas; (iv) representativa de um dia normal de laboração.,,12.0
TUA20220511000845,T000045,Saída,Azoto total (mg/L N),Trimestral,Composta (ii),Amostragem composta recolhida durante um período de 24 horas: (i) com intervalos máximos de 1 hora; (ii) com intervalos máximos de 4 horas; (iii) cobrindo no mínimo três períodos diários distintos entre as 7 e as 21 horas; (iv) representativa de um dia normal de laboração.,,4.0
TUA20220511000845,T000046,Saída,Fósforo total (mg/L P),Trimestral,Composta (ii),Amostragem composta recolhida durante um período de 24 horas: (i) com intervalos máximos de 1 hora; (ii) com intervalos máximos de 4 horas; (iii) cobrindo no mínimo três períodos diários distintos entre as 7 e as 21 horas; (iv) representativa de um dia normal de laboração.,,4.0
TUA20220511000845,T000082,Saída,Caudal (m3/mês),Mensal,Pontual,,,12.0
TUA20220718001522,T000017,Saída,pH (Escala de Sörensen),Mensal,Composta (i),Amostragem composta recolhida durante um período de 24 horas: (i) com intervalos máximos de 1 hora; (ii) com intervalos máximos de 4 horas; (iii) cobrindo no mínimo três períodos diários distintos entre as 7 e as 21 horas; (iv) representativa de um dia normal de laboração.,,12.0
TUA20220718001522,T000019,Saída,Carência Química de Oxigénio (mg/L O2),Mensal,Composta (i),Amostragem composta recolhida durante um período de 24 horas: (i) com intervalos máximos de 1 hora; (ii) com intervalos máximos de 4 horas; (iii) cobrindo no mínimo três períodos diários distintos entre as 7 e as 21 horas; (iv) representativa de um dia normal de laboração.,,12.0
TUA20220718001522,T000021,Saída,Carência Bioquímica de Oxigénio (mg/L O2),Mensal,Composta (i),Amostragem composta recolhida durante um período de 24 horas: (i) com intervalos máximos de 1 hora; (ii) com intervalos máximos de 4 horas; (iii) cobrindo no mínimo três períodos diários distintos entre as 7 e as 21 horas; (iv) representativa de um dia normal de laboração.,,12.0
TUA20220718001522,T000023,Saída,Sólidos Suspensos Totais (mg/L),Mensal,Composta (i),Amostragem composta recolhida durante um período de 24 horas: (i) com intervalos máximos de 1 hora; (ii) com intervalos máximos de 4 horas; (iii) cobrindo no mínimo três períodos diários distintos entre as 7 e as 21 horas; (iv) representativa de um dia normal de laboração.,,12.0
TUA20220718001522,T000025,Saída,Óleos e Gorduras (mg/L),Trimestral,Pontual,,,4.0
TUA20220718001522,T000027,Saída,Azoto total (mg/L N),Trimestral,Composta (i),Amostragem composta recolhida durante um período de 24 horas: (i) com intervalos máximos de 1 hora; (ii) com intervalos máximos de 4 horas; (iii) cobrindo no mínimo três períodos diários distintos entre as 7 e as 21 horas; (iv) representativa de um dia normal de laboração.,,4.0
TUA20220718001522,T000029,Saída,Fósforo total (mg/L P),Trimestral,Composta (i),Amostragem composta recolhida durante um período de 24 horas: (i) com intervalos máximos de 1 hora; (ii) com intervalos máximos de 4 horas; (iii) cobrindo no mínimo três períodos diários distintos entre as 7 e as 21 horas; (iv) representativa de um dia normal de laboração.,,4.0
TUA20220718001522,T000031,Saída,Escherichia coli (ufc/100 mL),Mensal,Pontual,,,12.0
TUA20220720001537,T000017,Saída,pH (Escala de Sörensen),Mensal,Composta (i),Amostragem composta recolhida durante um período de 24 horas: (i) com intervalos máximos de 1 hora; (ii) com intervalos máximos de 4 horas; (iii) cobrindo no mínimo três períodos diários distintos entre as 7 e as 21 horas; (iv) representativa de um dia normal de laboração.,,12.0
TUA20220720001537,T000019,Saída,Carência Química de Oxigénio (mg/L O2),Mensal,Composta (i),Amostragem composta recolhida durante um período de 24 horas: (i) com intervalos máximos de 1 hora; (ii) com intervalos máximos de 4 horas; (iii) cobrindo no mínimo três períodos diários distintos entre as 7 e as 21 horas; (iv) representativa de um dia normal de laboração.,,12.0
TUA20220720001537,T000021,Saída,Carência Bioquímica de Oxigénio (mg/L O2),Mensal,Composta (i),Amostragem composta recolhida durante um período de 24 horas: (i) com intervalos máximos de 1 hora; (ii) com intervalos máximos de 4 horas; (iii) cobrindo no mínimo três períodos diários distintos entre as 7 e as 21 horas; (iv) representativa de um dia normal de laboração.,,12.0
TUA20220720001537,T000023,Saída,Sólidos Suspensos Totais (mg/L),Mensal,Composta (i),Amostragem composta recolhida durante um período de 24 horas: (i) com intervalos máximos de 1 hora; (ii) com intervalos máximos de 4 horas; (iii) cobrindo no mínimo três períodos diários distintos entre as 7 e as 21 horas; (iv) representativa de um dia normal de laboração.,,12.0
TUA20220720001537,T000025,Saída,Óleos e Gorduras (mg/L),Trimestral,Pontual,,,4.0
TUA20220720001537,T000027,Saída,Azoto total (mg/L N),Trimestral,Composta (i),Amostragem composta recolhida durante um período de 24 horas: (i) com intervalos máximos de 1 hora; (ii) com intervalos máximos de 4 horas; (iii) cobrindo no mínimo três períodos diários distintos entre as 7 e as 21 horas; (iv) representativa de um dia normal de laboração.,,4.0
TUA20220720001537,T000029,Saída,Fósforo total (mg/L P),Trimestral,Composta (i),Amostragem composta recolhida durante um período de 24 horas: (i) com intervalos máximos de 1 hora; (ii) com intervalos máximos de 4 horas; (iii) cobrindo no mínimo três períodos diários distintos entre as 7 e as 21 horas; (iv) representativa de um dia normal de laboração.,,4.0
TUA20220720001537,T000031,Saída,Escherichia coli (ufc/100 mL),Mensal,Pontual,,,12.0
TUA20220720001538,T000017,Saída,pH (Escala de Sörensen),Mensal,Composta (i),Amostragem composta recolhida durante um período de 24 horas: (i) com intervalos máximos de 1 hora; (ii) com intervalos máximos de 4 horas; (iii) cobrindo no mínimo três períodos diários distintos entre as 7 e as 21 horas; (iv) representativa de um dia normal de laboração.,,12.0
TUA20220720001538,T000019,Saída,Carência Química de Oxigénio (mg/L O2),Mensal,Composta (i),Amostragem composta recolhida durante um período de 24 horas: (i) com intervalos máximos de 1 hora; (ii) com intervalos máximos de 4 horas; (iii) cobrindo no mínimo três períodos diários distintos entre as 7 e as 21 horas; (iv) representativa de um dia normal de laboração.,,12.0
TUA20220720001538,T000021,Saída,Carência Bioquímica de Oxigénio (mg/L O2),Mensal,Composta (i),Amostragem composta recolhida durante um período de 24 horas: (i) com intervalos máximos de 1 hora; (ii) com intervalos máximos de 4 horas; (iii) cobrindo no mínimo três períodos diários distintos entre as 7 e as 21 horas; (iv) representativa de um dia normal de laboração.,,12.0
TUA20220720001538,T000023,Saída,Sólidos Suspensos Totais (mg/L),Mensal,Composta (i),Amostragem composta recolhida durante um período de 24 horas: (i) com intervalos máximos de 1 hora; (ii) com intervalos máximos de 4 horas; (iii) cobrindo no mínimo três períodos diários distintos entre as 7 e as 21 horas; (iv) representativa de um dia normal de laboração.,,12.0
TUA20220720001538,T000025,Saída,Escherichia coli (ufc/100 mL),Mensal,Pontual,,,12.0
TUA20220720001538,T000027,Saída,Óleos e Gorduras (mg/L),Trimestral,Pontual,,,4.0
TUA20220720001538,T000029,Saída,Azoto total (mg/L N),Trimestral,Composta (i),Amostragem composta recolhida durante um período de 24 horas: (i) com intervalos máximos de 1 hora; (ii) com intervalos máximos de 4 horas; (iii) cobrindo no mínimo três períodos diários distintos entre as 7 e as 21 horas; (iv) representativa de um dia normal de laboração.,,4.0
TUA20220720001538,T000031,Saída,Fósforo total (mg/L P),Trimestral,Composta (i),Amostragem composta recolhida durante um período de 24 horas: (i) com intervalos máximos de 1 hora; (ii) com intervalos máximos de 4 horas; (iii) cobrindo no mínimo três períodos diários distintos entre as 7 e as 21 horas; (iv) representativa de um dia normal de laboração.,,4.0
TUA20220919002148,T000017,Saída,Carência Bioquímica de Oxigénio (mg/L O2),Trimestral,Composta (iv),Amostragem composta recolhida durante um período de 24 horas: (i) com intervalos máximos de 1 hora; (ii) com intervalos máximos de 4 horas; (iii) cobrindo no mínimo três períodos diários distintos entre as 7 e as 21 horas; (iv) representativa de um dia normal de laboração.,,4.0
TUA20220919002148,T000019,Saída,Carência Química de Oxigénio (mg/L O2),Trimestral,Composta (iv),Amostragem composta recolhida durante um período de 24 horas: (i) com intervalos máximos de 1 hora; (ii) com intervalos máximos de 4 horas; (iii) cobrindo no mínimo três períodos diários distintos entre as 7 e as 21 horas; (iv) representativa de um dia normal de laboração.,,4.0
TUA20220919002148,T000021,Saída,Sólidos Suspensos Totais (mg/L),Trimestral,Composta (iv),Amostragem composta recolhida durante um período de 24 horas: (i) com intervalos máximos de 1 hora; (ii) com intervalos máximos de 4 horas; (iii) cobrindo no mínimo três períodos diários distintos entre as 7 e as 21 horas; (iv) representativa de um dia normal de laboração.,,4.0
TUA20220919002148,T000023,Saída,pH (Escala de Sörensen),Trimestral,Composta (iv),Amostragem composta recolhida durante um período de 24 horas: (i) com intervalos máximos de 1 hora; (ii) com intervalos máximos de 4 horas; (iii) cobrindo no mínimo três períodos diários distintos entre as 7 e as 21 horas; (iv) representativa de um dia normal de laboração.,,4.0
TUA20220919002148,T000024,Saída,Azoto total (mg/L N),Trimestral,Composta (iv),Amostragem composta recolhida durante um período de 24 horas: (i) com intervalos máximos de 1 hora; (ii) com intervalos máximos de 4 horas; (iii) cobrindo no mínimo três períodos diários distintos entre as 7 e as 21 horas; (iv) representativa de um dia normal de laboração.,,4.0
TUA20220919002148,T000025,Saída,Fósforo total (mg/L P),Trimestral,Composta (iv),Amostragem composta recolhida durante um período de 24 horas: (i) com intervalos máximos de 1 hora; (ii) com intervalos máximos de 4 horas; (iii) cobrindo no mínimo três períodos diários distintos entre as 7 e as 21 horas; (iv) representativa de um dia normal de laboração.,,4.0
TUA20220919002148,T000072,Saída,Caudal (m3/mês),Trimestral,Pontual,,,4.0
TUA20220922002189,T000017,Saída,Carência Bioquímica de Oxigénio (mg/L O2),Trimestral,Pontual,,,4.0
TUA20220922002189,T000019,Saída,Carência Química de Oxigénio (mg/L O2),Trimestral,Pontual,,,4.0
TUA20220922002189,T000021,Saída,Sólidos Suspensos Totais (mg/L),Trimestral,Pontual,,,4.0
TUA20220922002189,T000022,Saída,Azoto total (mg/L N),Trimestral,Pontual,,,4.0
TUA20220922002189,T000023,Saída,Fósforo total (mg/L P),Trimestral,Pontual,,,4.0
TUA20220922002190,T000017,Saída,Carência Bioquímica de Oxigénio (mg/L O2),Trimestral,Composta (i),"Amostragem composta recolhida durante um período de 24 horas: (i) com intervalos máximos de 1 hora; (ii) com intervalos máximos de 4 horas; (iii) cobrindo no mínimo três períodos diários distintos entre as 7 e as 21 horas; (iv) representativa de um dia normal de laboração. Estado: Emitido Data de consulta: 29/09/2022 Para realizar a validação do documento e comprovar que o documento apresentado corresponde ao TUA, aceda a ""https://siliamb.apambiente.pt"" e no link ""Validar Título Único Ambiental"", indique o código do documento e de verificação apresentados. CÓDIGO DOCUMENTO: D20220922007135 CÓDIGO VERIFICAÇÃO: 122e-978f-6147-2ecb PÁG. / 6 8",,4.0
TUA20220922002190,T000019,Saída,Carência Química de Oxigénio (mg/L O2),Trimestral,Composta (i),"Amostragem composta recolhida durante um período de 24 horas: (i) com intervalos máximos de 1 hora; (ii) com intervalos máximos de 4 horas; (iii) cobrindo no mínimo três períodos diários distintos entre as 7 e as 21 horas; (iv) representativa de um dia normal de laboração. Estado: Emitido Data de consulta: 29/09/2022 Para realizar a validação do documento e comprovar que o documento apresentado corresponde ao TUA, aceda a ""https://siliamb.apambiente.pt"" e no link ""Validar Título Único Ambiental"", indique o código do documento e de verificação apresentados. CÓDIGO DOCUMENTO: D20220922007135 CÓDIGO VERIFICAÇÃO: 122e-978f-6147-2ecb PÁG. / 6 8",,4.0
TUA20220922002190,T000021,Saída,Sólidos Suspensos Totais (mg/L),Trimestral,Composta (i),"Amostragem composta recolhida durante um período de 24 horas: (i) com intervalos máximos de 1 hora; (ii) com intervalos máximos de 4 horas; (iii) cobrindo no mínimo três períodos diários distintos entre as 7 e as 21 horas; (iv) representativa de um dia normal de laboração. Estado: Emitido Data de consulta: 29/09/2022 Para realizar a validação do documento e comprovar que o documento apresentado corresponde ao TUA, aceda a ""https://siliamb.apambiente.pt"" e no link ""Validar Título Único Ambiental"", indique o código do documento e de verificação apresentados. CÓDIGO DOCUMENTO: D20220922007135 CÓDIGO VERIFICAÇÃO: 122e-978f-6147-2ecb PÁG. / 6 8",,4.0
TUA20220922002190,T000022,Saída,Azoto total (mg/L N),Trimestral,Composta (i),"Amostragem composta recolhida durante um período de 24 horas: (i) com intervalos máximos de 1 hora; (ii) com intervalos máximos de 4 horas; (iii) cobrindo no mínimo três períodos diários distintos entre as 7 e as 21 horas; (iv) representativa de um dia normal de laboração. Estado: Emitido Data de consulta: 29/09/2022 Para realizar a validação do documento e comprovar que o documento apresentado corresponde ao TUA, aceda a ""https://siliamb.apambiente.pt"" e no link ""Validar Título Único Ambiental"", indique o código do documento e de verificação apresentados. CÓDIGO DOCUMENTO: D20220922007135 CÓDIGO VERIFICAÇÃO: 122e-978f-6147-2ecb PÁG. / 6 8",,4.0
TUA20220922002190,T000024,Saída,Fósforo total (mg/L P),Trimestral,Composta (i),"Amostragem composta recolhida durante um período de 24 horas: (i) com intervalos máximos de 1 hora; (ii) com intervalos máximos de 4 horas; (iii) cobrindo no mínimo três períodos diários distintos entre as 7 e as 21 horas; (iv) representativa de um dia normal de laboração. Estado: Emitido Data de consulta: 29/09/2022 Para realizar a validação do documento e comprovar que o documento apresentado corresponde ao TUA, aceda a ""https://siliamb.apambiente.pt"" e no link ""Validar Título Único Ambiental"", indique o código do documento e de verificação apresentados. CÓDIGO DOCUMENTO: D20220922007135 CÓDIGO VERIFICAÇÃO: 122e-978f-6147-2ecb PÁG. / 6 8",,4.0
TUA20220927002236,T000017,Saída,Carência Bioquímica de Oxigénio (mg/L O2),Mensal,Composta (i),"Amostragem composta recolhida durante um período de 24 horas: (i) com intervalos máximos de 1 hora; (ii) com intervalos máximos de 4 horas; (iii) cobrindo no mínimo três períodos diários distintos entre as 7 e as 21 horas; (iv) representativa de um dia normal de laboração. Estado: Emitido Data de consulta: 29/09/2022 Para realizar a validação do documento e comprovar que o documento apresentado corresponde ao TUA, aceda a ""https://siliamb.apambiente.pt"" e no link ""Validar Título Único Ambiental"", indique o código do documento e de verificação apresentados. CÓDIGO DOCUMENTO: D20220927007282 CÓDIGO VERIFICAÇÃO: 4f21-7999-2d92-d88f PÁG. / 6 8",,12.0
TUA20220927002236,T000019,Saída,Carência Química de Oxigénio (mg/L O2),Mensal,Composta (i),"Amostragem composta recolhida durante um período de 24 horas: (i) com intervalos máximos de 1 hora; (ii) com intervalos máximos de 4 horas; (iii) cobrindo no mínimo três períodos diários distintos entre as 7 e as 21 horas; (iv) representativa de um dia normal de laboração. Estado: Emitido Data de consulta: 29/09/2022 Para realizar a validação do documento e comprovar que o documento apresentado corresponde ao TUA, aceda a ""https://siliamb.apambiente.pt"" e no link ""Validar Título Único Ambiental"", indique o código do documento e de verificação apresentados. CÓDIGO DOCUMENTO: D20220927007282 CÓDIGO VERIFICAÇÃO: 4f21-7999-2d92-d88f PÁG. / 6 8",,12.0
TUA20220927002236,T000021,Saída,Sólidos Suspensos Totais (mg/L),Mensal,Composta (i),"Amostragem composta recolhida durante um período de 24 horas: (i) com intervalos máximos de 1 hora; (ii) com intervalos máximos de 4 horas; (iii) cobrindo no mínimo três períodos diários distintos entre as 7 e as 21 horas; (iv) representativa de um dia normal de laboração. Estado: Emitido Data de consulta: 29/09/2022 Para realizar a validação do documento e comprovar que o documento apresentado corresponde ao TUA, aceda a ""https://siliamb.apambiente.pt"" e no link ""Validar Título Único Ambiental"", indique o código do documento e de verificação apresentados. CÓDIGO DOCUMENTO: D20220927007282 CÓDIGO VERIFICAÇÃO: 4f21-7999-2d92-d88f PÁG. / 6 8",,12.0
TUA20220927002236,T000022,Saída,Azoto total (mg/L N),Trimestral,Composta (i),"Amostragem composta recolhida durante um período de 24 horas: (i) com intervalos máximos de 1 hora; (ii) com intervalos máximos de 4 horas; (iii) cobrindo no mínimo três períodos diários distintos entre as 7 e as 21 horas; (iv) representativa de um dia normal de laboração. Estado: Emitido Data de consulta: 29/09/2022 Para realizar a validação do documento e comprovar que o documento apresentado corresponde ao TUA, aceda a ""https://siliamb.apambiente.pt"" e no link ""Validar Título Único Ambiental"", indique o código do documento e de verificação apresentados. CÓDIGO DOCUMENTO: D20220927007282 CÓDIGO VERIFICAÇÃO: 4f21-7999-2d92-d88f PÁG. / 6 8",,4.0
TUA20220927002236,T000023,Saída,Fósforo total (mg/L P),Trimestral,Composta (i),"Amostragem composta recolhida durante um período de 24 horas: (i) com intervalos máximos de 1 hora; (ii) com intervalos máximos de 4 horas; (iii) cobrindo no mínimo três períodos diários distintos entre as 7 e as 21 horas; (iv) representativa de um dia normal de laboração. Estado: Emitido Data de consulta: 29/09/2022 Para realizar a validação do documento e comprovar que o documento apresentado corresponde ao TUA, aceda a ""https://siliamb.apambiente.pt"" e no link ""Validar Título Único Ambiental"", indique o código do documento e de verificação apresentados. CÓDIGO DOCUMENTO: D20220927007282 CÓDIGO VERIFICAÇÃO: 4f21-7999-2d92-d88f PÁG. / 6 8",,4.0
TUA20220930002259,T000017,Saída,Carência Bioquímica de Oxigénio (mg/L O2),Trimestral,Composta (i),"Amostragem composta recolhida durante um período de 24 horas: (i) com intervalos máximos de 1 hora; (ii) com intervalos máximos de 4 horas; (iii) cobrindo no mínimo três períodos diários distintos entre as 7 e as 21 horas; (iv) representativa de um dia normal de laboração. Estado: Emitido Data de consulta: 03/10/2022 Para realizar a validação do documento e comprovar que o documento apresentado corresponde ao TUA, aceda a ""https://siliamb.apambiente.pt"" e no link ""Validar Título Único Ambiental"", indique o código do documento e de verificação apresentados. CÓDIGO DOCUMENTO: D20220930007378 CÓDIGO VERIFICAÇÃO: 76fa-eb1e-bdfb-7727 PÁG. / 6 8",,4.0
TUA20220930002259,T000019,Saída,Carência Química de Oxigénio (mg/L O2),Trimestral,Composta (i),"Amostragem composta recolhida durante um período de 24 horas: (i) com intervalos máximos de 1 hora; (ii) com intervalos máximos de 4 horas; (iii) cobrindo no mínimo três períodos diários distintos entre as 7 e as 21 horas; (iv) representativa de um dia normal de laboração. Estado: Emitido Data de consulta: 03/10/2022 Para realizar a validação do documento e comprovar que o documento apresentado corresponde ao TUA, aceda a ""https://siliamb.apambiente.pt"" e no link ""Validar Título Único Ambiental"", indique o código do documento e de verificação apresentados. CÓDIGO DOCUMENTO: D20220930007378 CÓDIGO VERIFICAÇÃO: 76fa-eb1e-bdfb-7727 PÁG. / 6 8",,4.0
TUA20220930002259,T000021,Saída,Sólidos Suspensos Totais (mg/L),Trimestral,Composta (i),"Amostragem composta recolhida durante um período de 24 horas: (i) com intervalos máximos de 1 hora; (ii) com intervalos máximos de 4 horas; (iii) cobrindo no mínimo três períodos diários distintos entre as 7 e as 21 horas; (iv) representativa de um dia normal de laboração. Estado: Emitido Data de consulta: 03/10/2022 Para realizar a validação do documento e comprovar que o documento apresentado corresponde ao TUA, aceda a ""https://siliamb.apambiente.pt"" e no link ""Validar Título Único Ambiental"", indique o código do documento e de verificação apresentados. CÓDIGO DOCUMENTO: D20220930007378 CÓDIGO VERIFICAÇÃO: 76fa-eb1e-bdfb-7727 PÁG. / 6 8",,4.0
TUA20220930002259,T000022,Saída,Azoto total (mg/L N),Trimestral,Composta (i),"Amostragem composta recolhida durante um período de 24 horas: (i) com intervalos máximos de 1 hora; (ii) com intervalos máximos de 4 horas; (iii) cobrindo no mínimo três períodos diários distintos entre as 7 e as 21 horas; (iv) representativa de um dia normal de laboração. Estado: Emitido Data de consulta: 03/10/2022 Para realizar a validação do documento e comprovar que o documento apresentado corresponde ao TUA, aceda a ""https://siliamb.apambiente.pt"" e no link ""Validar Título Único Ambiental"", indique o código do documento e de verificação apresentados. CÓDIGO DOCUMENTO: D20220930007378 CÓDIGO VERIFICAÇÃO: 76fa-eb1e-bdfb-7727 PÁG. / 6 8",,4.0
TUA20220930002259,T000023,Saída,Fósforo total (mg/L P),Trimestral,Composta (i),"Amostragem composta recolhida durante um período de 24 horas: (i) com intervalos máximos de 1 hora; (ii) com intervalos máximos de 4 horas; (iii) cobrindo no mínimo três períodos diários distintos entre as 7 e as 21 horas; (iv) representativa de um dia normal de laboração. Estado: Emitido Data de consulta: 03/10/2022 Para realizar a validação do documento e comprovar que o documento apresentado corresponde ao TUA, aceda a ""https://siliamb.apambiente.pt"" e no link ""Validar Título Único Ambiental"", indique o código do documento e de verificação apresentados. CÓDIGO DOCUMENTO: D20220930007378 CÓDIGO VERIFICAÇÃO: 76fa-eb1e-bdfb-7727 PÁG. / 6 8",,4.0
TUA20221010002354,T000017,Saída,pH (Escala de Sörensen),Mensal,Composta (iii),Amostragem composta recolhida durante um período de 24 horas: (i) com intervalos máximos de 1 hora; (ii) com intervalos máximos de 4 horas; (iii) cobrindo no mínimo três períodos diários distintos entre as 7 e as 21 horas; (iv) representativa de um dia normal de laboração.,,12.0
TUA20221010002354,T000019,Saída,Carência Bioquímica de Oxigénio (mg/L O2),Mensal,Composta (iii),Amostragem composta recolhida durante um período de 24 horas: (i) com intervalos máximos de 1 hora; (ii) com intervalos máximos de 4 horas; (iii) cobrindo no mínimo três períodos diários distintos entre as 7 e as 21 horas; (iv) representativa de um dia normal de laboração.,,12.0
TUA20221010002354,T000021,Saída,Carência Química de Oxigénio (mg/L O2),Mensal,Composta (iii),Amostragem composta recolhida durante um período de 24 horas: (i) com intervalos máximos de 1 hora; (ii) com intervalos máximos de 4 horas; (iii) cobrindo no mínimo três períodos diários distintos entre as 7 e as 21 horas; (iv) representativa de um dia normal de laboração.,,12.0
TUA20221010002354,T000023,Saída,Sólidos Suspensos Totais (mg/L),Mensal,Composta (iii),Amostragem composta recolhida durante um período de 24 horas: (i) com intervalos máximos de 1 hora; (ii) com intervalos máximos de 4 horas; (iii) cobrindo no mínimo três períodos diários distintos entre as 7 e as 21 horas; (iv) representativa de um dia normal de laboração.,,12.0
TUA20221010002354,T000024,Saída,Azoto total (mg/L N),Trimestral,Composta (iii),Amostragem composta recolhida durante um período de 24 horas: (i) com intervalos máximos de 1 hora; (ii) com intervalos máximos de 4 horas; (iii) cobrindo no mínimo três períodos diários distintos entre as 7 e as 21 horas; (iv) representativa de um dia normal de laboração.,,4.0
TUA20221010002354,T000025,Saída,Fósforo total (mg/L P),Trimestral,Composta (iii),Amostragem composta recolhida durante um período de 24 horas: (i) com intervalos máximos de 1 hora; (ii) com intervalos máximos de 4 horas; (iii) cobrindo no mínimo três períodos diários distintos entre as 7 e as 21 horas; (iv) representativa de um dia normal de laboração.,,4.0
TUA20221010002355,T000017,Saída,pH (Escala de Sörensen),Mensal,Composta (iii),Amostragem composta recolhida durante um período de 24 horas: (i) com intervalos máximos de 1 hora; (ii) com intervalos máximos de 4 horas; (iii) cobrindo no mínimo três períodos diários distintos entre as 7 e as 21 horas; (iv) representativa de um dia normal de laboração.,,12.0
TUA20221010002355,T000019,Saída,Carência Bioquímica de Oxigénio (mg/L O2),Mensal,Composta (iii),Amostragem composta recolhida durante um período de 24 horas: (i) com intervalos máximos de 1 hora; (ii) com intervalos máximos de 4 horas; (iii) cobrindo no mínimo três períodos diários distintos entre as 7 e as 21 horas; (iv) representativa de um dia normal de laboração.,,12.0
TUA20221010002355,T000021,Saída,Carência Química de Oxigénio (mg/L O2),Mensal,Composta (iii),Amostragem composta recolhida durante um período de 24 horas: (i) com intervalos máximos de 1 hora; (ii) com intervalos máximos de 4 horas; (iii) cobrindo no mínimo três períodos diários distintos entre as 7 e as 21 horas; (iv) representativa de um dia normal de laboração.,,12.0
TUA20221010002355,T000023,Saída,Sólidos Suspensos Totais (mg/L),Mensal,Composta (iii),Amostragem composta recolhida durante um período de 24 horas: (i) com intervalos máximos de 1 hora; (ii) com intervalos máximos de 4 horas; (iii) cobrindo no mínimo três períodos diários distintos entre as 7 e as 21 horas; (iv) representativa de um dia normal de laboração.,,12.0
TUA20221010002355,T000024,Saída,Azoto total (mg/L N),Mensal,Composta (iii),Amostragem composta recolhida durante um período de 24 horas: (i) com intervalos máximos de 1 hora; (ii) com intervalos máximos de 4 horas; (iii) cobrindo no mínimo três períodos diários distintos entre as 7 e as 21 horas; (iv) representativa de um dia normal de laboração.,,12.0
TUA20221010002355,T000025,Saída,Fósforo total (mg/L P),Mensal,Composta (iii),Amostragem composta recolhida durante um período de 24 horas: (i) com intervalos máximos de 1 hora; (ii) com intervalos máximos de 4 horas; (iii) cobrindo no mínimo três períodos diários distintos entre as 7 e as 21 horas; (iv) representativa de um dia normal de laboração.,,12.0
TUA20221010002355,T000026,Entrada,pH (Escala de Sörensen),Mensal,Composta (iii),Amostragem composta recolhida durante um período de 24 horas: (i) com intervalos máximos de 1 hora; (ii) com intervalos máximos de 4 horas; (iii) cobrindo no mínimo três períodos diários distintos entre as 7 e as 21 horas; (iv) representativa de um dia normal de laboração.,,12.0
TUA20221010002355,T000027,Entrada,Carência Bioquímica de Oxigénio (mg/L O2),Mensal,Composta (iii),Amostragem composta recolhida durante um período de 24 horas: (i) com intervalos máximos de 1 hora; (ii) com intervalos máximos de 4 horas; (iii) cobrindo no mínimo três períodos diários distintos entre as 7 e as 21 horas; (iv) representativa de um dia normal de laboração.,,12.0
TUA20221010002355,T000028,Entrada,Carência Química de Oxigénio (mg/L O2),Mensal,Composta (iii),Amostragem composta recolhida durante um período de 24 horas: (i) com intervalos máximos de 1 hora; (ii) com intervalos máximos de 4 horas; (iii) cobrindo no mínimo três períodos diários distintos entre as 7 e as 21 horas; (iv) representativa de um dia normal de laboração.,,12.0
TUA20221010002355,T000029,Entrada,Sólidos Suspensos Totais (mg/L),Mensal,Composta (iii),Amostragem composta recolhida durante um período de 24 horas: (i) com intervalos máximos de 1 hora; (ii) com intervalos máximos de 4 horas; (iii) cobrindo no mínimo três períodos diários distintos entre as 7 e as 21 horas; (iv) representativa de um dia normal de laboração.,,12.0
TUA20221010002356,T000024,Saída,pH (Escala de Sörensen),Mensal,Composta (iii),Amostragem composta recolhida durante um período de 24 horas: (i) com intervalos máximos de 1 hora; (ii) com intervalos máximos de 4 horas; (iii) cobrindo no mínimo três períodos diários distintos entre as 7 e as 21 horas; (iv) representativa de um dia normal de laboração.,,12.0
TUA20221010002356,T000025,Saída,Carência Bioquímica de Oxigénio (mg/L O2),Mensal,Composta (iii),Amostragem composta recolhida durante um período de 24 horas: (i) com intervalos máximos de 1 hora; (ii) com intervalos máximos de 4 horas; (iii) cobrindo no mínimo três períodos diários distintos entre as 7 e as 21 horas; (iv) representativa de um dia normal de laboração.,,12.0
TUA20221010002356,T000026,Saída,Carência Química de Oxigénio (mg/L O2),Mensal,Composta (iii),Amostragem composta recolhida durante um período de 24 horas: (i) com intervalos máximos de 1 hora; (ii) com intervalos máximos de 4 horas; (iii) cobrindo no mínimo três períodos diários distintos entre as 7 e as 21 horas; (iv) representativa de um dia normal de laboração.,,12.0
TUA20221010002356,T000027,Saída,Sólidos Suspensos Totais (mg/L),Mensal,Composta (iii),Amostragem composta recolhida durante um período de 24 horas: (i) com intervalos máximos de 1 hora; (ii) com intervalos máximos de 4 horas; (iii) cobrindo no mínimo três períodos diários distintos entre as 7 e as 21 horas; (iv) representativa de um dia normal de laboração.,,12.0
TUA20221010002356,T000028,Saída,Azoto total (mg/L N),Trimestral,Composta (iii),Amostragem composta recolhida durante um período de 24 horas: (i) com intervalos máximos de 1 hora; (ii) com intervalos máximos de 4 horas; (iii) cobrindo no mínimo três períodos diários distintos entre as 7 e as 21 horas; (iv) representativa de um dia normal de laboração.,,4.0
TUA20221010002356,T000029,Saída,Fósforo total (mg/L P),Trimestral,Composta (iii),Amostragem composta recolhida durante um período de 24 horas: (i) com intervalos máximos de 1 hora; (ii) com intervalos máximos de 4 horas; (iii) cobrindo no mínimo três períodos diários distintos entre as 7 e as 21 horas; (iv) representativa de um dia normal de laboração.,,4.0
TUA20221010002358,T000017,Saída,pH (Escala de Sörensen),Quinzenal,Composta (ii),Amostragem composta recolhida durante um período de 24 horas: (i) com intervalos máximos de 1 hora; (ii) com intervalos máximos de 4 horas; (iii) cobrindo no mínimo três períodos diários distintos entre as 7 e as 21 horas; (iv) representativa de um dia normal de laboração.,,24.0
TUA20221010002358,T000019,Saída,Carência Bioquímica de Oxigénio (mg/L O2),Quinzenal,Composta (ii),Amostragem composta recolhida durante um período de 24 horas: (i) com intervalos máximos de 1 hora; (ii) com intervalos máximos de 4 horas; (iii) cobrindo no mínimo três períodos diários distintos entre as 7 e as 21 horas; (iv) representativa de um dia normal de laboração.,,24.0
TUA20221010002358,T000021,Saída,Carência Química de Oxigénio (mg/L O2),Quinzenal,Composta (ii),Amostragem composta recolhida durante um período de 24 horas: (i) com intervalos máximos de 1 hora; (ii) com intervalos máximos de 4 horas; (iii) cobrindo no mínimo três períodos diários distintos entre as 7 e as 21 horas; (iv) representativa de um dia normal de laboração.,,24.0
TUA20221010002358,T000023,Saída,Sólidos Suspensos Totais (mg/L),Quinzenal,Composta (ii),Amostragem composta recolhida durante um período de 24 horas: (i) com intervalos máximos de 1 hora; (ii) com intervalos máximos de 4 horas; (iii) cobrindo no mínimo três períodos diários distintos entre as 7 e as 21 horas; (iv) representativa de um dia normal de laboração.,,24.0
TUA20221010002358,T000024,Saída,Azoto total (mg/L N),Trimestral,Composta (ii),Amostragem composta recolhida durante um período de 24 horas: (i) com intervalos máximos de 1 hora; (ii) com intervalos máximos de 4 horas; (iii) cobrindo no mínimo três períodos diários distintos entre as 7 e as 21 horas; (iv) representativa de um dia normal de laboração.,,4.0
TUA20221010002358,T000025,Saída,Fósforo total (mg/L P),Trimestral,Composta (ii),Amostragem composta recolhida durante um período de 24 horas: (i) com intervalos máximos de 1 hora; (ii) com intervalos máximos de 4 horas; (iii) cobrindo no mínimo três períodos diários distintos entre as 7 e as 21 horas; (iv) representativa de um dia normal de laboração.,,4.0
TUA20221010002358,T000026,Entrada,pH (Escala de Sörensen),Quinzenal,Composta (ii),Amostragem composta recolhida durante um período de 24 horas: (i) com intervalos máximos de 1 hora; (ii) com intervalos máximos de 4 horas; (iii) cobrindo no mínimo três períodos diários distintos entre as 7 e as 21 horas; (iv) representativa de um dia normal de laboração.,,24.0
TUA20221010002358,T000027,Entrada,Carência Bioquímica de Oxigénio (mg/L O2),Quinzenal,Composta (ii),Amostragem composta recolhida durante um período de 24 horas: (i) com intervalos máximos de 1 hora; (ii) com intervalos máximos de 4 horas; (iii) cobrindo no mínimo três períodos diários distintos entre as 7 e as 21 horas; (iv) representativa de um dia normal de laboração.,,24.0
TUA20221010002358,T000028,Entrada,Carência Química de Oxigénio (mg/L O2),Quinzenal,Composta (ii),Amostragem composta recolhida durante um período de 24 horas: (i) com intervalos máximos de 1 hora; (ii) com intervalos máximos de 4 horas; (iii) cobrindo no mínimo três períodos diários distintos entre as 7 e as 21 horas; (iv) representativa de um dia normal de laboração.,,24.0
TUA20221010002358,T000029,Entrada,Sólidos Suspensos Totais (mg/L),Quinzenal,Composta (ii),Amostragem composta recolhida durante um período de 24 horas: (i) com intervalos máximos de 1 hora; (ii) com intervalos máximos de 4 horas; (iii) cobrindo no mínimo três períodos diários distintos entre as 7 e as 21 horas; (iv) representativa de um dia normal de laboração.,,24.0
TUA20221010002359,T000018,Saída,pH (Escala de Sörensen),Mensal,Composta (iii),Amostragem composta recolhida durante um período de 24 horas: (i) com intervalos máximos de 1 hora; (ii) com intervalos máximos de 4 horas; (iii) cobrindo no mínimo três períodos diários distintos entre as 7 e as 21 horas; (iv) representativa de um dia normal de laboração.,,12.0
TUA20221010002359,T000020,Saída,Carência Bioquímica de Oxigénio (mg/L O2),Mensal,Composta (iii),Amostragem composta recolhida durante um período de 24 horas: (i) com intervalos máximos de 1 hora; (ii) com intervalos máximos de 4 horas; (iii) cobrindo no mínimo três períodos diários distintos entre as 7 e as 21 horas; (iv) representativa de um dia normal de laboração.,,12.0
TUA20221010002359,T000022,Saída,Carência Química de Oxigénio (mg/L O2),Mensal,Composta (iii),Amostragem composta recolhida durante um período de 24 horas: (i) com intervalos máximos de 1 hora; (ii) com intervalos máximos de 4 horas; (iii) cobrindo no mínimo três períodos diários distintos entre as 7 e as 21 horas; (iv) representativa de um dia normal de laboração.,,12.0
TUA20221010002359,T000024,Saída,Sólidos Suspensos Totais (mg/L),Mensal,Composta (iii),Amostragem composta recolhida durante um período de 24 horas: (i) com intervalos máximos de 1 hora; (ii) com intervalos máximos de 4 horas; (iii) cobrindo no mínimo três períodos diários distintos entre as 7 e as 21 horas; (iv) representativa de um dia normal de laboração.,,12.0
TUA20221010002359,T000044,Saída,Azoto total (mg/L N),Trimestral,Composta (iii),Amostragem composta recolhida durante um período de 24 horas: (i) com intervalos máximos de 1 hora; (ii) com intervalos máximos de 4 horas; (iii) cobrindo no mínimo três períodos diários distintos entre as 7 e as 21 horas; (iv) representativa de um dia normal de laboração.,,4.0
TUA20221010002359,T000045,Saída,Fósforo total (mg/L P),Trimestral,Composta (iii),Amostragem composta recolhida durante um período de 24 horas: (i) com intervalos máximos de 1 hora; (ii) com intervalos máximos de 4 horas; (iii) cobrindo no mínimo três períodos diários distintos entre as 7 e as 21 horas; (iv) representativa de um dia normal de laboração.,,4.0
TUA20221017002426,T000017,Saída,pH (Escala de Sörensen),Mensal,Composta (iii),Amostragem composta recolhida durante um período de 24 horas: (i) com intervalos máximos de 1 hora; (ii) com intervalos máximos de 4 horas; (iii) cobrindo no mínimo três períodos diários distintos entre as 7 e as 21 horas; (iv) representativa de um dia normal de laboração.,,12.0
TUA20221017002426,T000019,Saída,Carência Bioquímica de Oxigénio (mg/L O2),Mensal,Composta (iii),Amostragem composta recolhida durante um período de 24 horas: (i) com intervalos máximos de 1 hora; (ii) com intervalos máximos de 4 horas; (iii) cobrindo no mínimo três períodos diários distintos entre as 7 e as 21 horas; (iv) representativa de um dia normal de laboração.,,12.0
TUA20221017002426,T000021,Saída,Carência Química de Oxigénio (mg/L O2),Mensal,Composta (iii),Amostragem composta recolhida durante um período de 24 horas: (i) com intervalos máximos de 1 hora; (ii) com intervalos máximos de 4 horas; (iii) cobrindo no mínimo três períodos diários distintos entre as 7 e as 21 horas; (iv) representativa de um dia normal de laboração.,,12.0
TUA20221017002426,T000023,Saída,Sólidos Suspensos Totais (mg/L),Mensal,Composta (iii),Amostragem composta recolhida durante um período de 24 horas: (i) com intervalos máximos de 1 hora; (ii) com intervalos máximos de 4 horas; (iii) cobrindo no mínimo três períodos diários distintos entre as 7 e as 21 horas; (iv) representativa de um dia normal de laboração.,,12.0
TUA20221017002426,T000024,Saída,Azoto total (mg/L N),Mensal,Composta (iii),Amostragem composta recolhida durante um período de 24 horas: (i) com intervalos máximos de 1 hora; (ii) com intervalos máximos de 4 horas; (iii) cobrindo no mínimo três períodos diários distintos entre as 7 e as 21 horas; (iv) representativa de um dia normal de laboração.,,12.0
TUA20221017002426,T000025,Saída,Fósforo total (mg/L P),Mensal,Composta (iii),Amostragem composta recolhida durante um período de 24 horas: (i) com intervalos máximos de 1 hora; (ii) com intervalos máximos de 4 horas; (iii) cobrindo no mínimo três períodos diários distintos entre as 7 e as 21 horas; (iv) representativa de um dia normal de laboração.,,12.0
TUA20221017002426,T000026,Entrada,pH (Escala de Sörensen),Mensal,Composta (iii),Amostragem composta recolhida durante um período de 24 horas: (i) com intervalos máximos de 1 hora; (ii) com intervalos máximos de 4 horas; (iii) cobrindo no mínimo três períodos diários distintos entre as 7 e as 21 horas; (iv) representativa de um dia normal de laboração.,,12.0
TUA20221017002426,T000028,Entrada,Carência Bioquímica de Oxigénio (mg/L O2),Mensal,Composta (iii),Amostragem composta recolhida durante um período de 24 horas: (i) com intervalos máximos de 1 hora; (ii) com intervalos máximos de 4 horas; (iii) cobrindo no mínimo três períodos diários distintos entre as 7 e as 21 horas; (iv) representativa de um dia normal de laboração.,,12.0
TUA20221017002426,T000029,Entrada,Carência Química de Oxigénio (mg/L O2),Mensal,Composta (iii),Amostragem composta recolhida durante um período de 24 horas: (i) com intervalos máximos de 1 hora; (ii) com intervalos máximos de 4 horas; (iii) cobrindo no mínimo três períodos diários distintos entre as 7 e as 21 horas; (iv) representativa de um dia normal de laboração.,,12.0
TUA20221017002426,T000030,Entrada,Sólidos Suspensos Totais (mg/L),Mensal,Composta (iii),Amostragem composta recolhida durante um período de 24 horas: (i) com intervalos máximos de 1 hora; (ii) com intervalos máximos de 4 horas; (iii) cobrindo no mínimo três períodos diários distintos entre as 7 e as 21 horas; (iv) representativa de um dia normal de laboração.,,12.0
TUA20221017002427,T000021,Saída,pH (Escala de Sörensen),Mensal,Composta (iii),Amostragem composta recolhida durante um período de 24 horas: (i) com intervalos máximos de 1 hora; (ii) com intervalos máximos de 4 horas; (iii) cobrindo no mínimo três períodos diários distintos entre as 7 e as 21 horas; (iv) representativa de um dia normal de laboração.,,12.0
TUA20221017002427,T000022,Entrada,pH (Escala de Sörensen),Mensal,Composta (iii),Amostragem composta recolhida durante um período de 24 horas: (i) com intervalos máximos de 1 hora; (ii) com intervalos máximos de 4 horas; (iii) cobrindo no mínimo três períodos diários distintos entre as 7 e as 21 horas; (iv) representativa de um dia normal de laboração.,,12.0
TUA20221017002427,T000023,Saída,Carência Bioquímica de Oxigénio (mg/L O2),Mensal,Composta (iii),Amostragem composta recolhida durante um período de 24 horas: (i) com intervalos máximos de 1 hora; (ii) com intervalos máximos de 4 horas; (iii) cobrindo no mínimo três períodos diários distintos entre as 7 e as 21 horas; (iv) representativa de um dia normal de laboração.,,12.0
TUA20221017002427,T000024,Entrada,Carência Bioquímica de Oxigénio (mg/L O2),Mensal,Composta (iii),Amostragem composta recolhida durante um período de 24 horas: (i) com intervalos máximos de 1 hora; (ii) com intervalos máximos de 4 horas; (iii) cobrindo no mínimo três períodos diários distintos entre as 7 e as 21 horas; (iv) representativa de um dia normal de laboração.,,12.0
TUA20221017002427,T000025,Saída,Carência Química de Oxigénio (mg/L O2),Mensal,Composta (iii),Amostragem composta recolhida durante um período de 24 horas: (i) com intervalos máximos de 1 hora; (ii) com intervalos máximos de 4 horas; (iii) cobrindo no mínimo três períodos diários distintos entre as 7 e as 21 horas; (iv) representativa de um dia normal de laboração.,,12.0
TUA20221017002427,T000026,Entrada,Carência Química de Oxigénio (mg/L O2),Mensal,Composta (iii),Amostragem composta recolhida durante um período de 24 horas: (i) com intervalos máximos de 1 hora; (ii) com intervalos máximos de 4 horas; (iii) cobrindo no mínimo três períodos diários distintos entre as 7 e as 21 horas; (iv) representativa de um dia normal de laboração.,,12.0
TUA20221017002427,T000027,Saída,Sólidos Suspensos Totais (mg/L),Mensal,Composta (iii),Amostragem composta recolhida durante um período de 24 horas: (i) com intervalos máximos de 1 hora; (ii) com intervalos máximos de 4 horas; (iii) cobrindo no mínimo três períodos diários distintos entre as 7 e as 21 horas; (iv) representativa de um dia normal de laboração.,,12.0
TUA20221017002427,T000028,Entrada,Sólidos Suspensos Totais (mg/L),Mensal,Composta (iii),Amostragem composta recolhida durante um período de 24 horas: (i) com intervalos máximos de 1 hora; (ii) com intervalos máximos de 4 horas; (iii) cobrindo no mínimo três períodos diários distintos entre as 7 e as 21 horas; (iv) representativa de um dia normal de laboração.,,12.0
TUA20221017002427,T000029,Saída,Azoto total (mg/L N),Mensal,Composta (iii),Amostragem composta recolhida durante um período de 24 horas: (i) com intervalos máximos de 1 hora; (ii) com intervalos máximos de 4 horas; (iii) cobrindo no mínimo três períodos diários distintos entre as 7 e as 21 horas; (iv) representativa de um dia normal de laboração.,,12.0
TUA20221017002427,T000030,Saída,Fósforo total (mg/L P),Mensal,Composta (iii),Amostragem composta recolhida durante um período de 24 horas: (i) com intervalos máximos de 1 hora; (ii) com intervalos máximos de 4 horas; (iii) cobrindo no mínimo três períodos diários distintos entre as 7 e as 21 horas; (iv) representativa de um dia normal de laboração.,,12.0
TUA20230116000179,T000009,Saída,pH (Escala de Sörensen),Trimestral,Composta (i),Amostragem composta recolhida durante um período de 24 horas: (i) com intervalos máximos de 1 hora; (ii) com intervalos máximos de 4 horas; (iii) cobrindo no mínimo três períodos diários distintos entre as 7 e as 21 horas; (iv) representativa de um dia normal de laboração.,,4.0
TUA20230116000179,T000011,Saída,Carência Química de Oxigénio (mg/L O2),Trimestral,Composta (i),Amostragem composta recolhida durante um período de 24 horas: (i) com intervalos máximos de 1 hora; (ii) com intervalos máximos de 4 horas; (iii) cobrindo no mínimo três períodos diários distintos entre as 7 e as 21 horas; (iv) representativa de um dia normal de laboração.,,4.0
TUA20230116000179,T000013,Saída,Carência Bioquímica de Oxigénio (mg/L O2),Trimestral,Composta (i),Amostragem composta recolhida durante um período de 24 horas: (i) com intervalos máximos de 1 hora; (ii) com intervalos máximos de 4 horas; (iii) cobrindo no mínimo três períodos diários distintos entre as 7 e as 21 horas; (iv) representativa de um dia normal de laboração.,,4.0
TUA20230116000179,T000015,Saída,Sólidos Suspensos Totais (mg/L),Trimestral,Composta (i),Amostragem composta recolhida durante um período de 24 horas: (i) com intervalos máximos de 1 hora; (ii) com intervalos máximos de 4 horas; (iii) cobrindo no mínimo três períodos diários distintos entre as 7 e as 21 horas; (iv) representativa de um dia normal de laboração.,,4.0
TUA20230116000179,T000017,Saída,Óleos e Gorduras (mg/L),Trimestral,Pontual,,,4.0
TUA20230116000179,T000018,Saída,Azoto total (mg/L N),Trimestral,Composta (i),Amostragem composta recolhida durante um período de 24 horas: (i) com intervalos máximos de 1 hora; (ii) com intervalos máximos de 4 horas; (iii) cobrindo no mínimo três períodos diários distintos entre as 7 e as 21 horas; (iv) representativa de um dia normal de laboração.,,4.0
TUA20230116000179,T000019,Saída,Fósforo total (mg/L P),Trimestral,Composta (i),Amostragem composta recolhida durante um período de 24 horas: (i) com intervalos máximos de 1 hora; (ii) com intervalos máximos de 4 horas; (iii) cobrindo no mínimo três períodos diários distintos entre as 7 e as 21 horas; (iv) representativa de um dia normal de laboração.,,4.0
TUA20230116000180,T000017,Saída,pH (Escala de Sörensen),Trimestral,Composta (i),Amostragem composta recolhida durante um período de 24 horas: (i) com intervalos máximos de 1 hora; (ii) com intervalos máximos de 4 horas; (iii) cobrindo no mínimo três períodos diários distintos entre as 7 e as 21 horas; (iv) representativa de um dia normal de laboração.,,4.0
TUA20230116000180,T000019,Saída,Carência Química de Oxigénio (mg/L O2),Trimestral,Composta (i),Amostragem composta recolhida durante um período de 24 horas: (i) com intervalos máximos de 1 hora; (ii) com intervalos máximos de 4 horas; (iii) cobrindo no mínimo três períodos diários distintos entre as 7 e as 21 horas; (iv) representativa de um dia normal de laboração.,,4.0
TUA20230116000180,T000021,Saída,Carência Bioquímica de Oxigénio (mg/L O2),Trimestral,Composta (i),Amostragem composta recolhida durante um período de 24 horas: (i) com intervalos máximos de 1 hora; (ii) com intervalos máximos de 4 horas; (iii) cobrindo no mínimo três períodos diários distintos entre as 7 e as 21 horas; (iv) representativa de um dia normal de laboração.,,4.0
TUA20230116000180,T000023,Saída,Sólidos Suspensos Totais (mg/L),Trimestral,Composta (i),Amostragem composta recolhida durante um período de 24 horas: (i) com intervalos máximos de 1 hora; (ii) com intervalos máximos de 4 horas; (iii) cobrindo no mínimo três períodos diários distintos entre as 7 e as 21 horas; (iv) representativa de um dia normal de laboração.,,4.0
TUA20230116000180,T000025,Saída,Óleos e Gorduras (mg/L),Trimestral,Pontual,,,4.0
TUA20230116000180,T000076,Saída,Azoto total (mg/L N),Trimestral,Composta (i),Amostragem composta recolhida durante um período de 24 horas: (i) com intervalos máximos de 1 hora; (ii) com intervalos máximos de 4 horas; (iii) cobrindo no mínimo três períodos diários distintos entre as 7 e as 21 horas; (iv) representativa de um dia normal de laboração.,,4.0
TUA20230116000180,T000077,Saída,Fósforo total (mg/L P),Trimestral,Composta (i),Amostragem composta recolhida durante um período de 24 horas: (i) com intervalos máximos de 1 hora; (ii) com intervalos máximos de 4 horas; (iii) cobrindo no mínimo três períodos diários distintos entre as 7 e as 21 horas; (iv) representativa de um dia normal de laboração.,,4.0
TUA20230117000197,T000030,Saída,Carência Bioquímica de Oxigénio (mg/L O2),Trimestral,Composta (iv),Amostragem composta recolhida durante um período de 24 horas: (i) com intervalos máximos de 1 hora; (ii) com intervalos máximos de 4 horas; (iii) cobrindo no mínimo três períodos diários distintos entre as 7 e as 21 horas; (iv) representativa de um dia normal de laboração.,,4.0
TUA20230117000197,T000032,Saída,Carência Química de Oxigénio (mg/L O2),Trimestral,Composta (iv),Amostragem composta recolhida durante um período de 24 horas: (i) com intervalos máximos de 1 hora; (ii) com intervalos máximos de 4 horas; (iii) cobrindo no mínimo três períodos diários distintos entre as 7 e as 21 horas; (iv) representativa de um dia normal de laboração.,,4.0
TUA20230117000197,T000034,Saída,Sólidos Suspensos Totais (mg/L),Trimestral,Composta (iv),Amostragem composta recolhida durante um período de 24 horas: (i) com intervalos máximos de 1 hora; (ii) com intervalos máximos de 4 horas; (iii) cobrindo no mínimo três períodos diários distintos entre as 7 e as 21 horas; (iv) representativa de um dia normal de laboração.,,4.0
TUA20230117000197,T000036,Saída,pH (Escala de Sörensen),Trimestral,Composta (iv),Amostragem composta recolhida durante um período de 24 horas: (i) com intervalos máximos de 1 hora; (ii) com intervalos máximos de 4 horas; (iii) cobrindo no mínimo três períodos diários distintos entre as 7 e as 21 horas; (iv) representativa de um dia normal de laboração.,,4.0
TUA20230117000197,T000085,Saída,Azoto total (mg/L N),Trimestral,Composta (iv),Amostragem composta recolhida durante um período de 24 horas: (i) com intervalos máximos de 1 hora; (ii) com intervalos máximos de 4 horas; (iii) cobrindo no mínimo três períodos diários distintos entre as 7 e as 21 horas; (iv) representativa de um dia normal de laboração.,,4.0
TUA20230117000197,T000086,Saída,Fósforo total (mg/L P),Trimestral,Composta (iv),Amostragem composta recolhida durante um período de 24 horas: (i) com intervalos máximos de 1 hora; (ii) com intervalos máximos de 4 horas; (iii) cobrindo no mínimo três períodos diários distintos entre as 7 e as 21 horas; (iv) representativa de um dia normal de laboração.,,4.0
TUA20230125000254,T000017,Saída,pH (Escala de Sörensen),Mensal,Composta (i),Amostragem composta recolhida durante um período de 24 horas: (i) com intervalos máximos de 1 hora; (ii) com intervalos máximos de 4 horas; (iii) cobrindo no mínimo três períodos diários distintos entre as 7 e as 21 horas; (iv) representativa de um dia normal de laboração.,,12.0
TUA20230125000254,T000019,Saída,Carência Bioquímica de Oxigénio (mg/L O2),Mensal,Composta (i),Amostragem composta recolhida durante um período de 24 horas: (i) com intervalos máximos de 1 hora; (ii) com intervalos máximos de 4 horas; (iii) cobrindo no mínimo três períodos diários distintos entre as 7 e as 21 horas; (iv) representativa de um dia normal de laboração.,,12.0
TUA20230125000254,T000021,Saída,Carência Química de Oxigénio (mg/L O2),Mensal,Composta (i),Amostragem composta recolhida durante um período de 24 horas: (i) com intervalos máximos de 1 hora; (ii) com intervalos máximos de 4 horas; (iii) cobrindo no mínimo três períodos diários distintos entre as 7 e as 21 horas; (iv) representativa de um dia normal de laboração.,,12.0
TUA20230125000254,T000023,Saída,Sólidos Suspensos Totais (mg/L),Mensal,Composta (i),Amostragem composta recolhida durante um período de 24 horas: (i) com intervalos máximos de 1 hora; (ii) com intervalos máximos de 4 horas; (iii) cobrindo no mínimo três períodos diários distintos entre as 7 e as 21 horas; (iv) representativa de um dia normal de laboração.,,12.0
TUA20230125000254,T000024,Saída,Azoto total (mg/L N),Trimestral,Composta (i),Amostragem composta recolhida durante um período de 24 horas: (i) com intervalos máximos de 1 hora; (ii) com intervalos máximos de 4 horas; (iii) cobrindo no mínimo três períodos diários distintos entre as 7 e as 21 horas; (iv) representativa de um dia normal de laboração.,,4.0
TUA20230125000254,T000026,Saída,Fósforo total (mg/L P),Trimestral,Composta (i),Amostragem composta recolhida durante um período de 24 horas: (i) com intervalos máximos de 1 hora; (ii) com intervalos máximos de 4 horas; (iii) cobrindo no mínimo três períodos diários distintos entre as 7 e as 21 horas; (iv) representativa de um dia normal de laboração.,,4.0
TUA20230125000271,T000030,Saída,pH (Escala de Sörensen),Trimestral,Pontual,,,4.0
TUA20230125000271,T000032,Saída,Carência Bioquímica de Oxigénio (mg/L O2),Trimestral,Pontual,,,4.0
TUA20230125000271,T000034,Saída,Carência Química de Oxigénio (mg/L O2),Trimestral,Pontual,,,4.0
TUA20230125000271,T000036,Saída,Sólidos Suspensos Totais (mg/L),Trimestral,Pontual,,,4.0
TUA20230125000272,T000016,Saída,pH (Escala de Sörensen),Trimestral,Pontual,,,4.0
TUA20230125000272,T000018,Saída,Carência Bioquímica de Oxigénio (mg/L O2),Trimestral,Pontual,,,4.0
TUA20230125000272,T000020,Saída,Carência Química de Oxigénio (mg/L O2),Trimestral,Pontual,,,4.0
TUA20230125000272,T000022,Saída,Sólidos Suspensos Totais (mg/L),Trimestral,Pontual,,,4.0
TUA20230125000272,T000023,Saída,Azoto total (mg/L N),Trimestral,Pontual,,,4.0
TUA20230125000272,T000024,Saída,Fósforo total (mg/L P),Trimestral,Pontual,,,4.0
TUA20230130000331,T000017,Saída,pH (Escala de Sörensen),Trimestral,Composta (i),Amostragem composta recolhida durante um período de 24 horas: (i) com intervalos máximos de 1 hora; (ii) com intervalos máximos de 4 horas; (iii) cobrindo no mínimo três períodos diários distintos entre as 7 e as 21 horas; (iv) representativa de um dia normal de laboração.,,4.0
TUA20230130000331,T000019,Saída,Carência Química de Oxigénio (mg/L O2),Trimestral,Composta (i),Amostragem composta recolhida durante um período de 24 horas: (i) com intervalos máximos de 1 hora; (ii) com intervalos máximos de 4 horas; (iii) cobrindo no mínimo três períodos diários distintos entre as 7 e as 21 horas; (iv) representativa de um dia normal de laboração.,,4.0
TUA20230130000331,T000021,Saída,Carência Bioquímica de Oxigénio (mg/L O2),Trimestral,Composta (i),Amostragem composta recolhida durante um período de 24 horas: (i) com intervalos máximos de 1 hora; (ii) com intervalos máximos de 4 horas; (iii) cobrindo no mínimo três períodos diários distintos entre as 7 e as 21 horas; (iv) representativa de um dia normal de laboração.,,4.0
TUA20230130000331,T000023,Saída,Sólidos Suspensos Totais (mg/L),Trimestral,Composta (i),Amostragem composta recolhida durante um período de 24 horas: (i) com intervalos máximos de 1 hora; (ii) com intervalos máximos de 4 horas; (iii) cobrindo no mínimo três períodos diários distintos entre as 7 e as 21 horas; (iv) representativa de um dia normal de laboração.,,4.0
TUA20230130000331,T000025,Saída,Óleos e Gorduras (mg/L),Trimestral,Pontual,,,4.0
TUA20230130000331,T000026,Saída,Azoto total (mg/L N),Trimestral,Composta (i),Amostragem composta recolhida durante um período de 24 horas: (i) com intervalos máximos de 1 hora; (ii) com intervalos máximos de 4 horas; (iii) cobrindo no mínimo três períodos diários distintos entre as 7 e as 21 horas; (iv) representativa de um dia normal de laboração.,,4.0
TUA20230130000331,T000027,Saída,Fósforo total (mg/L P),Trimestral,Composta (i),Amostragem composta recolhida durante um período de 24 horas: (i) com intervalos máximos de 1 hora; (ii) com intervalos máximos de 4 horas; (iii) cobrindo no mínimo três períodos diários distintos entre as 7 e as 21 horas; (iv) representativa de um dia normal de laboração.,,4.0
TUA20230130000332,T000017,Saída,pH (Escala de Sörensen),Trimestral,Composta (i),Amostragem composta recolhida durante um período de 24 horas: (i) com intervalos máximos de 1 hora; (ii) com intervalos máximos de 4 horas; (iii) cobrindo no mínimo três períodos diários distintos entre as 7 e as 21 horas; (iv) representativa de um dia normal de laboração.,,4.0
TUA20230130000332,T000019,Saída,Carência Química de Oxigénio (mg/L O2),Trimestral,Composta (i),Amostragem composta recolhida durante um período de 24 horas: (i) com intervalos máximos de 1 hora; (ii) com intervalos máximos de 4 horas; (iii) cobrindo no mínimo três períodos diários distintos entre as 7 e as 21 horas; (iv) representativa de um dia normal de laboração.,,4.0
TUA20230130000332,T000021,Saída,Carência Bioquímica de Oxigénio (mg/L O2),Trimestral,Composta (i),Amostragem composta recolhida durante um período de 24 horas: (i) com intervalos máximos de 1 hora; (ii) com intervalos máximos de 4 horas; (iii) cobrindo no mínimo três períodos diários distintos entre as 7 e as 21 horas; (iv) representativa de um dia normal de laboração.,,4.0
TUA20230130000332,T000023,Saída,Sólidos Suspensos Totais (mg/L),Trimestral,Composta (i),Amostragem composta recolhida durante um período de 24 horas: (i) com intervalos máximos de 1 hora; (ii) com intervalos máximos de 4 horas; (iii) cobrindo no mínimo três períodos diários distintos entre as 7 e as 21 horas; (iv) representativa de um dia normal de laboração.,,4.0
TUA20230130000332,T000025,Saída,Óleos e Gorduras (mg/L),Trimestral,Pontual,,,4.0
TUA20230130000332,T000026,Saída,Azoto total (mg/L N),Trimestral,Composta (i),Amostragem composta recolhida durante um período de 24 horas: (i) com intervalos máximos de 1 hora; (ii) com intervalos máximos de 4 horas; (iii) cobrindo no mínimo três períodos diários distintos entre as 7 e as 21 horas; (iv) representativa de um dia normal de laboração.,,4.0
TUA20230130000332,T000027,Saída,Fósforo total (mg/L P),Trimestral,Composta (i),Amostragem composta recolhida durante um período de 24 horas: (i) com intervalos máximos de 1 hora; (ii) com intervalos máximos de 4 horas; (iii) cobrindo no mínimo três períodos diários distintos entre as 7 e as 21 horas; (iv) representativa de um dia normal de laboração.,,4.0
TUA20230130000333,T000017,Saída,pH (Escala de Sörensen),Trimestral,Composta (i),Amostragem composta recolhida durante um período de 24 horas: (i) com intervalos máximos de 1 hora; (ii) com intervalos máximos de 4 horas; (iii) cobrindo no mínimo três períodos diários distintos entre as 7 e as 21 horas; (iv) representativa de um dia normal de laboração.,,4.0
TUA20230130000333,T000019,Saída,Carência Química de Oxigénio (mg/L O2),Trimestral,Composta (i),Amostragem composta recolhida durante um período de 24 horas: (i) com intervalos máximos de 1 hora; (ii) com intervalos máximos de 4 horas; (iii) cobrindo no mínimo três períodos diários distintos entre as 7 e as 21 horas; (iv) representativa de um dia normal de laboração.,,4.0
TUA20230130000333,T000021,Saída,Carência Bioquímica de Oxigénio (mg/L O2),Trimestral,Composta (i),Amostragem composta recolhida durante um período de 24 horas: (i) com intervalos máximos de 1 hora; (ii) com intervalos máximos de 4 horas; (iii) cobrindo no mínimo três períodos diários distintos entre as 7 e as 21 horas; (iv) representativa de um dia normal de laboração.,,4.0
TUA20230130000333,T000023,Saída,Sólidos Suspensos Totais (mg/L),Trimestral,Composta (i),Amostragem composta recolhida durante um período de 24 horas: (i) com intervalos máximos de 1 hora; (ii) com intervalos máximos de 4 horas; (iii) cobrindo no mínimo três períodos diários distintos entre as 7 e as 21 horas; (iv) representativa de um dia normal de laboração.,,4.0
TUA20230130000333,T000025,Saída,Óleos e Gorduras (mg/L),Trimestral,Pontual,,,4.0
TUA20230130000333,T000026,Saída,Azoto total (mg/L N),Trimestral,Composta (i),Amostragem composta recolhida durante um período de 24 horas: (i) com intervalos máximos de 1 hora; (ii) com intervalos máximos de 4 horas; (iii) cobrindo no mínimo três períodos diários distintos entre as 7 e as 21 horas; (iv) representativa de um dia normal de laboração.,,4.0
TUA20230130000333,T000027,Saída,Fósforo total (mg/L P),Trimestral,Composta (i),Amostragem composta recolhida durante um período de 24 horas: (i) com intervalos máximos de 1 hora; (ii) com intervalos máximos de 4 horas; (iii) cobrindo no mínimo três períodos diários distintos entre as 7 e as 21 horas; (iv) representativa de um dia normal de laboração.,,4.0
TUA20230130000335,T000017,Saída,pH (Escala de Sörensen),Trimestral,Composta (i),Amostragem composta recolhida durante um período de 24 horas: (i) com intervalos máximos de 1 hora; (ii) com intervalos máximos de 4 horas; (iii) cobrindo no mínimo três períodos diários distintos entre as 7 e as 21 horas; (iv) representativa de um dia normal de laboração.,,4.0
TUA20230130000335,T000019,Saída,Carência Bioquímica de Oxigénio (mg/L O2),Trimestral,Composta (i),Amostragem composta recolhida durante um período de 24 horas: (i) com intervalos máximos de 1 hora; (ii) com intervalos máximos de 4 horas; (iii) cobrindo no mínimo três períodos diários distintos entre as 7 e as 21 horas; (iv) representativa de um dia normal de laboração.,,4.0
TUA20230130000335,T000021,Saída,Carência Química de Oxigénio (mg/L O2),Trimestral,Composta (i),Amostragem composta recolhida durante um período de 24 horas: (i) com intervalos máximos de 1 hora; (ii) com intervalos máximos de 4 horas; (iii) cobrindo no mínimo três períodos diários distintos entre as 7 e as 21 horas; (iv) representativa de um dia normal de laboração.,,4.0
TUA20230130000335,T000023,Saída,Sólidos Suspensos Totais (mg/L),Trimestral,Composta (i),Amostragem composta recolhida durante um período de 24 horas: (i) com intervalos máximos de 1 hora; (ii) com intervalos máximos de 4 horas; (iii) cobrindo no mínimo três períodos diários distintos entre as 7 e as 21 horas; (iv) representativa de um dia normal de laboração.,,4.0
TUA20230130000335,T000025,Saída,Óleos e Gorduras (mg/L),Trimestral,Pontual,,,4.0
TUA20230130000335,T000078,Saída,Azoto total (mg/L N),Trimestral,Composta (i),Amostragem composta recolhida durante um período de 24 horas: (i) com intervalos máximos de 1 hora; (ii) com intervalos máximos de 4 horas; (iii) cobrindo no mínimo três períodos diários distintos entre as 7 e as 21 horas; (iv) representativa de um dia normal de laboração.,,4.0
TUA20230130000335,T000079,Saída,Fósforo total (mg/L P),Trimestral,Composta (i),Amostragem composta recolhida durante um período de 24 horas: (i) com intervalos máximos de 1 hora; (ii) com intervalos máximos de 4 horas; (iii) cobrindo no mínimo três períodos diários distintos entre as 7 e as 21 horas; (iv) representativa de um dia normal de laboração.,,4.0
TUA20230130000336,T000017,Saída,pH (Escala de Sörensen),Mensal,Composta (i),Amostragem composta recolhida durante um período de 24 horas: (i) com intervalos máximos de 1 hora; (ii) com intervalos máximos de 4 horas; (iii) cobrindo no mínimo três períodos diários distintos entre as 7 e as 21 horas; (iv) representativa de um dia normal de laboração.,,12.0
TUA20230130000336,T000019,Saída,Carência Química de Oxigénio (mg/L O2),Mensal,Composta (i),Amostragem composta recolhida durante um período de 24 horas: (i) com intervalos máximos de 1 hora; (ii) com intervalos máximos de 4 horas; (iii) cobrindo no mínimo três períodos diários distintos entre as 7 e as 21 horas; (iv) representativa de um dia normal de laboração.,,12.0
TUA20230130000336,T000021,Saída,Carência Bioquímica de Oxigénio (mg/L O2),Mensal,Composta (i),Amostragem composta recolhida durante um período de 24 horas: (i) com intervalos máximos de 1 hora; (ii) com intervalos máximos de 4 horas; (iii) cobrindo no mínimo três períodos diários distintos entre as 7 e as 21 horas; (iv) representativa de um dia normal de laboração.,,12.0
TUA20230130000336,T000023,Saída,Sólidos Suspensos Totais (mg/L),Mensal,Composta (i),Amostragem composta recolhida durante um período de 24 horas: (i) com intervalos máximos de 1 hora; (ii) com intervalos máximos de 4 horas; (iii) cobrindo no mínimo três períodos diários distintos entre as 7 e as 21 horas; (iv) representativa de um dia normal de laboração.,,12.0
TUA20230130000336,T000025,Saída,Óleos e Gorduras (mg/L),Trimestral,Pontual,,,4.0
TUA20230130000336,T000026,Saída,Azoto total (mg/L N),Trimestral,Composta (i),Amostragem composta recolhida durante um período de 24 horas: (i) com intervalos máximos de 1 hora; (ii) com intervalos máximos de 4 horas; (iii) cobrindo no mínimo três períodos diários distintos entre as 7 e as 21 horas; (iv) representativa de um dia normal de laboração.,,4.0
TUA20230130000336,T000027,Saída,Fósforo total (mg/L P),Trimestral,Composta (i),Amostragem composta recolhida durante um período de 24 horas: (i) com intervalos máximos de 1 hora; (ii) com intervalos máximos de 4 horas; (iii) cobrindo no mínimo três períodos diários distintos entre as 7 e as 21 horas; (iv) representativa de um dia normal de laboração.,,4.0
TUA20230202000373,T000017,Saída,Carência Bioquímica de Oxigénio (mg/L O2),Mensal,Composta (i),"Amostragem composta recolhida durante um período de 24 horas: (i) com intervalos máximos de 1 hora; (ii) com intervalos máximos de 4 horas; (iii) cobrindo Estado: Emitido Data de consulta: 15/06/2023 Para realizar a validação do documento e comprovar que o documento apresentado corresponde ao TUA, aceda a ""https://siliamb.apambiente.pt"" e no link ""Validar Título Único Ambiental"", indique o código do documento e de verificação apresentados. CÓDIGO DOCUMENTO: D20230202001379 CÓDIGO VERIFICAÇÃO: 5859-e89f-e289-e6ac PÁG. / 6 8 no mínimo três períodos diários distintos entre as 7 e as 21 horas; (iv) representativa de um dia normal de laboração.",,12.0
TUA20230202000373,T000019,Saída,Carência Química de Oxigénio (mg/L O2),Mensal,Composta (i),"Amostragem composta recolhida durante um período de 24 horas: (i) com intervalos máximos de 1 hora; (ii) com intervalos máximos de 4 horas; (iii) cobrindo Estado: Emitido Data de consulta: 15/06/2023 Para realizar a validação do documento e comprovar que o documento apresentado corresponde ao TUA, aceda a ""https://siliamb.apambiente.pt"" e no link ""Validar Título Único Ambiental"", indique o código do documento e de verificação apresentados. CÓDIGO DOCUMENTO: D20230202001379 CÓDIGO VERIFICAÇÃO: 5859-e89f-e289-e6ac PÁG. / 6 8 no mínimo três períodos diários distintos entre as 7 e as 21 horas; (iv) representativa de um dia normal de laboração.",,12.0
TUA20230202000373,T000021,Saída,Total de Partículas Sólidas em Suspensão (mg/L),Mensal,Composta (i),"Amostragem composta recolhida durante um período de 24 horas: (i) com intervalos máximos de 1 hora; (ii) com intervalos máximos de 4 horas; (iii) cobrindo Estado: Emitido Data de consulta: 15/06/2023 Para realizar a validação do documento e comprovar que o documento apresentado corresponde ao TUA, aceda a ""https://siliamb.apambiente.pt"" e no link ""Validar Título Único Ambiental"", indique o código do documento e de verificação apresentados. CÓDIGO DOCUMENTO: D20230202001379 CÓDIGO VERIFICAÇÃO: 5859-e89f-e289-e6ac PÁG. / 6 8 no mínimo três períodos diários distintos entre as 7 e as 21 horas; (iv) representativa de um dia normal de laboração.",,12.0
TUA20230202000373,T000022,Saída,pH (Escala de Sörensen),Mensal,Composta (i),"Amostragem composta recolhida durante um período de 24 horas: (i) com intervalos máximos de 1 hora; (ii) com intervalos máximos de 4 horas; (iii) cobrindo Estado: Emitido Data de consulta: 15/06/2023 Para realizar a validação do documento e comprovar que o documento apresentado corresponde ao TUA, aceda a ""https://siliamb.apambiente.pt"" e no link ""Validar Título Único Ambiental"", indique o código do documento e de verificação apresentados. CÓDIGO DOCUMENTO: D20230202001379 CÓDIGO VERIFICAÇÃO: 5859-e89f-e289-e6ac PÁG. / 6 8 no mínimo três períodos diários distintos entre as 7 e as 21 horas; (iv) representativa de um dia normal de laboração.",,12.0
TUA20230202000373,T000023,Saída,Azoto total (mg/L N),Trimestral,Composta (i),"Amostragem composta recolhida durante um período de 24 horas: (i) com intervalos máximos de 1 hora; (ii) com intervalos máximos de 4 horas; (iii) cobrindo Estado: Emitido Data de consulta: 15/06/2023 Para realizar a validação do documento e comprovar que o documento apresentado corresponde ao TUA, aceda a ""https://siliamb.apambiente.pt"" e no link ""Validar Título Único Ambiental"", indique o código do documento e de verificação apresentados. CÓDIGO DOCUMENTO: D20230202001379 CÓDIGO VERIFICAÇÃO: 5859-e89f-e289-e6ac PÁG. / 6 8 no mínimo três períodos diários distintos entre as 7 e as 21 horas; (iv) representativa de um dia normal de laboração.",,4.0
TUA20230202000373,T000024,Saída,Fósforo total (mg/L P),Trimestral,Composta (i),"Amostragem composta recolhida durante um período de 24 horas: (i) com intervalos máximos de 1 hora; (ii) com intervalos máximos de 4 horas; (iii) cobrindo Estado: Emitido Data de consulta: 15/06/2023 Para realizar a validação do documento e comprovar que o documento apresentado corresponde ao TUA, aceda a ""https://siliamb.apambiente.pt"" e no link ""Validar Título Único Ambiental"", indique o código do documento e de verificação apresentados. CÓDIGO DOCUMENTO: D20230202001379 CÓDIGO VERIFICAÇÃO: 5859-e89f-e289-e6ac PÁG. / 6 8 no mínimo três períodos diários distintos entre as 7 e as 21 horas; (iv) representativa de um dia normal de laboração.",,4.0
TUA20230202000374,T000017,Saída,pH (Escala de Sörensen),Trimestral,Pontual,,,4.0
TUA20230202000374,T000019,Saída,Carência Bioquímica de Oxigénio (mg/L O2),Trimestral,Pontual,,,4.0
TUA20230202000374,T000021,Saída,Carência Química de Oxigénio (mg/L O2),Trimestral,Pontual,,,4.0
TUA20230202000374,T000023,Saída,Sólidos Suspensos Totais (mg/L),Trimestral,Pontual,,,4.0
TUA20230202000374,T000024,Saída,Azoto total (mg/L N),Trimestral,Pontual,,,4.0
TUA20230202000374,T000025,Saída,Fósforo total (mg/L P),Trimestral,Pontual,,,4.0
TUA20230202000375,T000017,Saída,pH (Escala de Sörensen),Trimestral,Pontual,,,4.0
TUA20230202000375,T000019,Saída,Carência Bioquímica de Oxigénio (mg/L O2),Trimestral,Pontual,,,4.0
TUA20230202000375,T000021,Saída,Carência Química de Oxigénio (mg/L O2),Trimestral,Pontual,,,4.0
TUA20230202000375,T000023,Saída,Sólidos Suspensos Totais (mg/L),Trimestral,Pontual,,,4.0
TUA20230202000375,T000024,Saída,Azoto total (mg/L N),Trimestral,Pontual,,,4.0
TUA20230202000375,T000025,Saída,Fósforo total (mg/L P),Trimestral,Pontual,,,4.0
TUA20230202000376,T000022,Saída,pH (Escala de Sörensen),Mensal,Composta (i),Amostragem composta recolhida durante um período de 24 horas: (i) com intervalos máximos de 1 hora; (ii) com intervalos máximos de 4 horas; (iii) cobrindo no mínimo três períodos diários distintos entre as 7 e as 21 horas; (iv) representativa de um dia normal de laboração.,,12.0
TUA20230202000376,T000024,Saída,Carência Bioquímica de Oxigénio (mg/L O2),Mensal,Composta (i),Amostragem composta recolhida durante um período de 24 horas: (i) com intervalos máximos de 1 hora; (ii) com intervalos máximos de 4 horas; (iii) cobrindo no mínimo três períodos diários distintos entre as 7 e as 21 horas; (iv) representativa de um dia normal de laboração.,,12.0
TUA20230202000376,T000026,Saída,Carência Química de Oxigénio (mg/L O2),Mensal,Composta (i),Amostragem composta recolhida durante um período de 24 horas: (i) com intervalos máximos de 1 hora; (ii) com intervalos máximos de 4 horas; (iii) cobrindo no mínimo três períodos diários distintos entre as 7 e as 21 horas; (iv) representativa de um dia normal de laboração.,,12.0
TUA20230202000376,T000028,Saída,Sólidos Suspensos Totais (mg/L),Mensal,Composta (i),Amostragem composta recolhida durante um período de 24 horas: (i) com intervalos máximos de 1 hora; (ii) com intervalos máximos de 4 horas; (iii) cobrindo no mínimo três períodos diários distintos entre as 7 e as 21 horas; (iv) representativa de um dia normal de laboração.,,12.0
TUA20230202000376,T000029,Saída,Azoto total (mg/L N),Trimestral,Composta (i),Amostragem composta recolhida durante um período de 24 horas: (i) com intervalos máximos de 1 hora; (ii) com intervalos máximos de 4 horas; (iii) cobrindo no mínimo três períodos diários distintos entre as 7 e as 21 horas; (iv) representativa de um dia normal de laboração.,,4.0
TUA20230202000376,T000030,Saída,Fósforo total (mg/L P),Trimestral,Composta (i),Amostragem composta recolhida durante um período de 24 horas: (i) com intervalos máximos de 1 hora; (ii) com intervalos máximos de 4 horas; (iii) cobrindo no mínimo três períodos diários distintos entre as 7 e as 21 horas; (iv) representativa de um dia normal de laboração.,,4.0
TUA20230202000377,T000011,Saída,pH (Escala de Sörensen),Trimestral,Pontual,,,4.0
TUA20230202000377,T000013,Saída,Carência Bioquímica de Oxigénio (mg/L O2),Trimestral,Pontual,,,4.0
TUA20230202000377,T000015,Saída,Carência Química de Oxigénio (mg/L O2),Trimestral,Pontual,,,4.0
TUA20230202000377,T000017,Saída,Sólidos Suspensos Totais (mg/L),Trimestral,Pontual,,,4.0
TUA20230202000377,T000018,Saída,Azoto total (mg/L N),Trimestral,Pontual,,,4.0
TUA20230202000377,T000019,Saída,Fósforo total (mg/L P),Trimestral,Pontual,,,4.0
TUA20230202000378,T000017,Saída,pH (Escala de Sörensen),Trimestral,Pontual,,,4.0
TUA20230202000378,T000019,Saída,Carência Bioquímica de Oxigénio (mg/L O2),Trimestral,Pontual,,,4.0
TUA20230202000378,T000021,Saída,Carência Química de Oxigénio (mg/L O2),Trimestral,Pontual,,,4.0
TUA20230202000378,T000023,Saída,Sólidos Suspensos Totais (mg/L),Trimestral,Pontual,,,4.0
TUA20230202000378,T000024,Saída,Azoto total (mg/L N),Semestral,Pontual,,,2.0
TUA20230202000378,T000025,Saída,Fósforo total (mg/L P),Semestral,Pontual,,,2.0
TUA20230208000443,T000017,Saída,pH (Escala de Sörensen),Trimestral,Pontual,,,4.0
TUA20230208000443,T000019,Saída,Carência Bioquímica de Oxigénio (mg/L O2),Trimestral,Pontual,,,4.0
TUA20230208000443,T000021,Saída,Carência Química de Oxigénio (mg/L O2),Trimestral,Pontual,,,4.0
TUA20230208000443,T000023,Saída,Sólidos Suspensos Totais (mg/L),Trimestral,Pontual,,,4.0
TUA20230213000471,T000017,Saída,pH (Escala de Sörensen),Trimestral,Pontual,,,4.0
TUA20230213000471,T000019,Saída,Carência Bioquímica de Oxigénio (mg/L O2),Trimestral,Pontual,,,4.0
TUA20230213000471,T000021,Saída,Carência Química de Oxigénio (mg/L O2),Trimestral,Pontual,,,4.0
TUA20230213000471,T000023,Saída,Sólidos Suspensos Totais (mg/L),Trimestral,Pontual,,,4.0
TUA20230213000497,T000017,Entrada,Carência Bioquímica de Oxigénio (mg/L O2),Mensal,Composta (iv),Amostragem composta recolhida durante um período de 24 horas: (i) com intervalos máximos de 1 hora; (ii) com intervalos máximos de 4 horas; (iii) cobrindo no mínimo três períodos diários distintos entre as 7 e as 21 horas; (iv) representativa de um dia normal de laboração.,,12.0
TUA20230213000497,T000019,Entrada,Carência Química de Oxigénio (mg/L O2),Mensal,Composta (iv),Amostragem composta recolhida durante um período de 24 horas: (i) com intervalos máximos de 1 hora; (ii) com intervalos máximos de 4 horas; (iii) cobrindo no mínimo três períodos diários distintos entre as 7 e as 21 horas; (iv) representativa de um dia normal de laboração.,,12.0
TUA20230213000497,T000021,Entrada,Sólidos Suspensos Totais (mg/L),Mensal,Composta (iv),Amostragem composta recolhida durante um período de 24 horas: (i) com intervalos máximos de 1 hora; (ii) com intervalos máximos de 4 horas; (iii) cobrindo no mínimo três períodos diários distintos entre as 7 e as 21 horas; (iv) representativa de um dia normal de laboração.,,12.0
TUA20230213000497,T000023,Entrada,pH (Escala de Sörensen),Mensal,Composta (iv),Amostragem composta recolhida durante um período de 24 horas: (i) com intervalos máximos de 1 hora; (ii) com intervalos máximos de 4 horas; (iii) cobrindo no mínimo três períodos diários distintos entre as 7 e as 21 horas; (iv) representativa de um dia normal de laboração.,,12.0
TUA20230213000497,T000024,Saída,Carência Bioquímica de Oxigénio (mg/L O2),Mensal,Composta (iv),Amostragem composta recolhida durante um período de 24 horas: (i) com intervalos máximos de 1 hora; (ii) com intervalos máximos de 4 horas; (iii) cobrindo no mínimo três períodos diários distintos entre as 7 e as 21 horas; (iv) representativa de um dia normal de laboração.,,12.0
TUA20230213000497,T000025,Saída,Carência Química de Oxigénio (mg/L O2),Mensal,Composta (iv),Amostragem composta recolhida durante um período de 24 horas: (i) com intervalos máximos de 1 hora; (ii) com intervalos máximos de 4 horas; (iii) cobrindo no mínimo três períodos diários distintos entre as 7 e as 21 horas; (iv) representativa de um dia normal de laboração.,,12.0
TUA20230213000497,T000026,Saída,Sólidos Suspensos Totais (mg/L),Mensal,Composta (iv),Amostragem composta recolhida durante um período de 24 horas: (i) com intervalos máximos de 1 hora; (ii) com intervalos máximos de 4 horas; (iii) cobrindo no mínimo três períodos diários distintos entre as 7 e as 21 horas; (iv) representativa de um dia normal de laboração.,,12.0
TUA20230213000497,T000027,Saída,pH (Escala de Sörensen),Mensal,Composta (iv),Amostragem composta recolhida durante um período de 24 horas: (i) com intervalos máximos de 1 hora; (ii) com intervalos máximos de 4 horas; (iii) cobrindo no mínimo três períodos diários distintos entre as 7 e as 21 horas; (iv) representativa de um dia normal de laboração.,,12.0
TUA20230213000497,T000028,Entrada,Azoto total (mg/L N),Mensal,Composta (iv),Amostragem composta recolhida durante um período de 24 horas: (i) com intervalos máximos de 1 hora; (ii) com intervalos máximos de 4 horas; (iii) cobrindo no mínimo três períodos diários distintos entre as 7 e as 21 horas; (iv) representativa de um dia normal de laboração.,,12.0
TUA20230213000497,T000029,Saída,Azoto total (mg/L N),Mensal,Composta (iv),Amostragem composta recolhida durante um período de 24 horas: (i) com intervalos máximos de 1 hora; (ii) com intervalos máximos de 4 horas; (iii) cobrindo no mínimo três períodos diários distintos entre as 7 e as 21 horas; (iv) representativa de um dia normal de laboração.,,12.0
TUA20230213000497,T000030,Entrada,Fósforo total (mg/L P),Mensal,Composta (iv),Amostragem composta recolhida durante um período de 24 horas: (i) com intervalos máximos de 1 hora; (ii) com intervalos máximos de 4 horas; (iii) cobrindo no mínimo três períodos diários distintos entre as 7 e as 21 horas; (iv) representativa de um dia normal de laboração.,,12.0
TUA20230213000497,T000031,Saída,Fósforo total (mg/L P),Mensal,Composta (iv),Amostragem composta recolhida durante um período de 24 horas: (i) com intervalos máximos de 1 hora; (ii) com intervalos máximos de 4 horas; (iii) cobrindo no mínimo três períodos diários distintos entre as 7 e as 21 horas; (iv) representativa de um dia normal de laboração.,,12.0
TUA20230213000497,T000081,Saída,Caudal (m3/mês),Mensal,Pontual,,,12.0
TUA20230216000512,T000017,Saída,pH (Escala de Sörensen),Trimestral,Composta (i),"Amostragem composta recolhida durante um período de 24 horas: (i) com intervalos máximos de 1 hora; (ii) com intervalos máximos de 4 horas; (iii) cobrindo no mínimo três períodos diários distintos entre as 7 e as 21 horas; (iv) representativa de um dia normal de laboração. Estado: Emitido Data de consulta: 29/06/2023 Para realizar a validação do documento e comprovar que o documento apresentado corresponde ao TUA, aceda a ""https://siliamb.apambiente.pt"" e no link ""Validar Título Único Ambiental"", indique o código do documento e de verificação apresentados. CÓDIGO DOCUMENTO: D20230216001958 CÓDIGO VERIFICAÇÃO: 1c06-21eb-f0b3-da11 PÁG. / 6 8",,4.0
TUA20230216000512,T000019,Saída,Carência Bioquímica de Oxigénio (mg/L O2),Trimestral,Composta (i),"Amostragem composta recolhida durante um período de 24 horas: (i) com intervalos máximos de 1 hora; (ii) com intervalos máximos de 4 horas; (iii) cobrindo no mínimo três períodos diários distintos entre as 7 e as 21 horas; (iv) representativa de um dia normal de laboração. Estado: Emitido Data de consulta: 29/06/2023 Para realizar a validação do documento e comprovar que o documento apresentado corresponde ao TUA, aceda a ""https://siliamb.apambiente.pt"" e no link ""Validar Título Único Ambiental"", indique o código do documento e de verificação apresentados. CÓDIGO DOCUMENTO: D20230216001958 CÓDIGO VERIFICAÇÃO: 1c06-21eb-f0b3-da11 PÁG. / 6 8",,4.0
TUA20230216000512,T000021,Saída,Carência Química de Oxigénio (mg/L O2),Trimestral,Composta (i),"Amostragem composta recolhida durante um período de 24 horas: (i) com intervalos máximos de 1 hora; (ii) com intervalos máximos de 4 horas; (iii) cobrindo no mínimo três períodos diários distintos entre as 7 e as 21 horas; (iv) representativa de um dia normal de laboração. Estado: Emitido Data de consulta: 29/06/2023 Para realizar a validação do documento e comprovar que o documento apresentado corresponde ao TUA, aceda a ""https://siliamb.apambiente.pt"" e no link ""Validar Título Único Ambiental"", indique o código do documento e de verificação apresentados. CÓDIGO DOCUMENTO: D20230216001958 CÓDIGO VERIFICAÇÃO: 1c06-21eb-f0b3-da11 PÁG. / 6 8",,4.0
TUA20230216000512,T000023,Saída,Sólidos Suspensos Totais (mg/L),Trimestral,Composta (i),"Amostragem composta recolhida durante um período de 24 horas: (i) com intervalos máximos de 1 hora; (ii) com intervalos máximos de 4 horas; (iii) cobrindo no mínimo três períodos diários distintos entre as 7 e as 21 horas; (iv) representativa de um dia normal de laboração. Estado: Emitido Data de consulta: 29/06/2023 Para realizar a validação do documento e comprovar que o documento apresentado corresponde ao TUA, aceda a ""https://siliamb.apambiente.pt"" e no link ""Validar Título Único Ambiental"", indique o código do documento e de verificação apresentados. CÓDIGO DOCUMENTO: D20230216001958 CÓDIGO VERIFICAÇÃO: 1c06-21eb-f0b3-da11 PÁG. / 6 8",,4.0
TUA20230216000513,T000017,Saída,pH (Escala de Sörensen),Mensal,Pontual,,,12.0
TUA20230216000513,T000019,Saída,Carência Bioquímica de Oxigénio (mg/L O2),Mensal,Pontual,,,12.0
TUA20230216000513,T000021,Saída,Carência Química de Oxigénio (mg/L O2),Mensal,Pontual,,,12.0
TUA20230216000513,T000023,Saída,Sólidos Suspensos Totais (mg/L),Mensal,Pontual,,,12.0
TUA20230216000513,T000024,Saída,Azoto total (mg/L N),Mensal,Pontual,,,12.0
TUA20230216000513,T000025,Saída,Fósforo total (mg/L P),Mensal,Pontual,,,12.0
TUA20230220000545,T000017,Saída,pH (Escala de Sörensen),Trimestral,Pontual,,,4.0
TUA20230220000545,T000019,Saída,Carência Bioquímica de Oxigénio (mg/L O2),Trimestral,Pontual,,,4.0
TUA20230220000545,T000021,Saída,Carência Química de Oxigénio (mg/L O2),Trimestral,Pontual,,,4.0
TUA20230220000545,T000023,Saída,Sólidos Suspensos Totais (mg/L),Trimestral,Pontual,,,4.0
TUA20230220000545,T000062,Saída,Azoto total (mg/L N),Trimestral,Pontual,,,4.0
TUA20230220000545,T000063,Saída,Fósforo total (mg/L P),Trimestral,Pontual,,,4.0
TUA20230228000613,T000017,Entrada,Carência Bioquímica de Oxigénio (mg/L O2),Quinzenal,Composta (ii),Amostragem composta recolhida durante um período de 24 horas: (i) com intervalos máximos de 1 hora; (ii) com intervalos máximos de 4 horas; (iii) cobrindo no mínimo três períodos diários distintos entre as 7 e as 21 horas; (iv) representativa de um dia normal de laboração.,,24.0
TUA20230228000613,T000019,Entrada,Carência Química de Oxigénio (mg/L O2),Quinzenal,Composta (ii),Amostragem composta recolhida durante um período de 24 horas: (i) com intervalos máximos de 1 hora; (ii) com intervalos máximos de 4 horas; (iii) cobrindo no mínimo três períodos diários distintos entre as 7 e as 21 horas; (iv) representativa de um dia normal de laboração.,,24.0
TUA20230228000613,T000021,Entrada,Sólidos Suspensos Totais (mg/L),Quinzenal,Composta (ii),Amostragem composta recolhida durante um período de 24 horas: (i) com intervalos máximos de 1 hora; (ii) com intervalos máximos de 4 horas; (iii) cobrindo no mínimo três períodos diários distintos entre as 7 e as 21 horas; (iv) representativa de um dia normal de laboração.,,24.0
TUA20230228000613,T000023,Entrada,pH (Escala de Sörensen),Quinzenal,Composta (ii),Amostragem composta recolhida durante um período de 24 horas: (i) com intervalos máximos de 1 hora; (ii) com intervalos máximos de 4 horas; (iii) cobrindo no mínimo três períodos diários distintos entre as 7 e as 21 horas; (iv) representativa de um dia normal de laboração.,,24.0
TUA20230228000613,T000024,Saída,Carência Bioquímica de Oxigénio (mg/L O2),Quinzenal,Composta (ii),Amostragem composta recolhida durante um período de 24 horas: (i) com intervalos máximos de 1 hora; (ii) com intervalos máximos de 4 horas; (iii) cobrindo no mínimo três períodos diários distintos entre as 7 e as 21 horas; (iv) representativa de um dia normal de laboração.,,24.0
TUA20230228000613,T000025,Saída,Carência Química de Oxigénio (mg/L O2),Quinzenal,Composta (ii),Amostragem composta recolhida durante um período de 24 horas: (i) com intervalos máximos de 1 hora; (ii) com intervalos máximos de 4 horas; (iii) cobrindo no mínimo três períodos diários distintos entre as 7 e as 21 horas; (iv) representativa de um dia normal de laboração.,,24.0
TUA20230228000613,T000026,Saída,Sólidos Suspensos Totais (mg/L),Quinzenal,Composta (ii),Amostragem composta recolhida durante um período de 24 horas: (i) com intervalos máximos de 1 hora; (ii) com intervalos máximos de 4 horas; (iii) cobrindo no mínimo três períodos diários distintos entre as 7 e as 21 horas; (iv) representativa de um dia normal de laboração.,,24.0
TUA20230228000613,T000028,Saída,pH (Escala de Sörensen),Quinzenal,Composta (ii),Amostragem composta recolhida durante um período de 24 horas: (i) com intervalos máximos de 1 hora; (ii) com intervalos máximos de 4 horas; (iii) cobrindo no mínimo três períodos diários distintos entre as 7 e as 21 horas; (iv) representativa de um dia normal de laboração.,,24.0
TUA20230228000613,T000029,Entrada,Azoto amoniacal (mg/L NH4),Quinzenal,Composta (ii),Amostragem composta recolhida durante um período de 24 horas: (i) com intervalos máximos de 1 hora; (ii) com intervalos máximos de 4 horas; (iii) cobrindo no mínimo três períodos diários distintos entre as 7 e as 21 horas; (iv) representativa de um dia normal de laboração.,,24.0
TUA20230228000613,T000030,Saída,Azoto amoniacal (mg/L NH4),Quinzenal,Composta (ii),Amostragem composta recolhida durante um período de 24 horas: (i) com intervalos máximos de 1 hora; (ii) com intervalos máximos de 4 horas; (iii) cobrindo no mínimo três períodos diários distintos entre as 7 e as 21 horas; (iv) representativa de um dia normal de laboração.,,24.0
TUA20230228000613,T000031,Entrada,Azoto total (mg/L N),Quinzenal,Composta (ii),Amostragem composta recolhida durante um período de 24 horas: (i) com intervalos máximos de 1 hora; (ii) com intervalos máximos de 4 horas; (iii) cobrindo no mínimo três períodos diários distintos entre as 7 e as 21 horas; (iv) representativa de um dia normal de laboração.,,24.0
TUA20230228000613,T000032,Saída,Azoto total (mg/L N),Quinzenal,Composta (ii),Amostragem composta recolhida durante um período de 24 horas: (i) com intervalos máximos de 1 hora; (ii) com intervalos máximos de 4 horas; (iii) cobrindo no mínimo três períodos diários distintos entre as 7 e as 21 horas; (iv) representativa de um dia normal de laboração.,,24.0
TUA20230228000613,T000033,Entrada,Fósforo total (mg/L P),Quinzenal,Composta (ii),Amostragem composta recolhida durante um período de 24 horas: (i) com intervalos máximos de 1 hora; (ii) com intervalos máximos de 4 horas; (iii) cobrindo no mínimo três períodos diários distintos entre as 7 e as 21 horas; (iv) representativa de um dia normal de laboração.,,24.0
TUA20230228000613,T000034,Saída,Fósforo total (mg/L P),Quinzenal,Composta (ii),Amostragem composta recolhida durante um período de 24 horas: (i) com intervalos máximos de 1 hora; (ii) com intervalos máximos de 4 horas; (iii) cobrindo no mínimo três períodos diários distintos entre as 7 e as 21 horas; (iv) representativa de um dia normal de laboração.,,24.0
TUA20230228000613,T000035,Entrada,Caudal (m3/dia),Quinzenal,Pontual,,,24.0
TUA20230228000613,T000037,Entrada,Caudal (m3/mês),Mensal,Pontual,,,12.0
TUA20230228000614,T000030,Saída,Carência Bioquímica de Oxigénio (mg/L O2),Quinzenal,Composta (ii),Amostragem composta recolhida durante um período de 24 horas: (i) com intervalos máximos de 1 hora; (ii) com intervalos máximos de 4 horas; (iii) cobrindo no mínimo três períodos diários distintos entre as 7 e as 21 horas; (iv) representativa de um dia normal de laboração.,,24.0
TUA20230228000614,T000035,Saída,Oxigénio (mg/L O2) Carência Química de Oxigénio (mg/L O2),Quinzenal,Composta (ii),Amostragem composta recolhida durante um período de 24 horas: (i) com intervalos máximos de 1 hora; (ii) com intervalos máximos de 4 horas; (iii) cobrindo no mínimo três períodos diários distintos entre as 7 e as 21 horas; (iv) representativa de um dia normal de laboração.,,24.0
TUA20230228000614,T000032,Entrada,Carência Bioquímica de Oxigénio (mg/L O2),Quinzenal,Composta (ii),Amostragem composta recolhida durante um período de 24 horas: (i) com intervalos máximos de 1 hora; (ii) com intervalos máximos de 4 horas; (iii) cobrindo no mínimo três períodos diários distintos entre as 7 e as 21 horas; (iv) representativa de um dia normal de laboração.,,24.0
TUA20230228000614,T000033,Entrada,Carência Química de Oxigénio (mg/L O2),Quinzenal,Composta (ii),Amostragem composta recolhida durante um período de 24 horas: (i) com intervalos máximos de 1 hora; (ii) com intervalos máximos de 4 horas; (iii) cobrindo no mínimo três períodos diários distintos entre as 7 e as 21 horas; (iv) representativa de um dia normal de laboração.,,24.0
TUA20230228000614,T000038,Saída,Sólidos Suspensos Totais (mg/L),Quinzenal,Composta (ii),Amostragem composta recolhida durante um período de 24 horas: (i) com intervalos máximos de 1 hora; (ii) com intervalos máximos de 4 horas; (iii) cobrindo no mínimo três períodos diários distintos entre as 7 e as 21 horas; (iv) representativa de um dia normal de laboração.,,24.0
TUA20230228000614,T000042,Saída,pH (Escala de Sörensen),Quinzenal,Composta (ii),Amostragem composta recolhida durante um período de 24 horas: (i) com intervalos máximos de 1 hora; (ii) com intervalos máximos de 4 horas; (iii) cobrindo no mínimo três períodos diários distintos entre as 7 e as 21 horas; (iv) representativa de um dia normal de laboração.,,24.0
TUA20230228000614,T000039,Entrada,Sólidos Suspensos Totais (mg/L),Quinzenal,Composta (ii),Amostragem composta recolhida durante um período de 24 horas: (i) com intervalos máximos de 1 hora; (ii) com intervalos máximos de 4 horas; (iii) cobrindo no mínimo três períodos diários distintos entre as 7 e as 21 horas; (iv) representativa de um dia normal de laboração.,,24.0
TUA20230228000614,T000040,Entrada,pH (Escala de Sörensen),Quinzenal,Composta (ii),Amostragem composta recolhida durante um período de 24 horas: (i) com intervalos máximos de 1 hora; (ii) com intervalos máximos de 4 horas; (iii) cobrindo no mínimo três períodos diários distintos entre as 7 e as 21 horas; (iv) representativa de um dia normal de laboração.,,24.0
TUA20230228000614,T000045,Saída,Azoto total (mg/L N),Trimestral,Composta (ii),Amostragem composta recolhida durante um período de 24 horas: (i) com intervalos máximos de 1 hora; (ii) com intervalos máximos de 4 horas; (iii) cobrindo no mínimo três períodos diários distintos entre as 7 e as 21 horas; (iv) representativa de um dia normal de laboração.,,4.0
TUA20230228000614,T000046,Saída,Fósforo total (mg/L P),Trimestral,Composta (ii),Amostragem composta recolhida durante um período de 24 horas: (i) com intervalos máximos de 1 hora; (ii) com intervalos máximos de 4 horas; (iii) cobrindo no mínimo três períodos diários distintos entre as 7 e as 21 horas; (iv) representativa de um dia normal de laboração.,,4.0
TUA20230228000614,T000047,Saída,Caudal (m3/mês),Mensal,Pontual,,,12.0
TUA20230228000614,T000048,Entrada,Caudal (m3/mês),Mensal,Pontual,,,12.0
TUA20230328000995,T000017,Saída,pH (Escala de Sörensen),Trimestral,Pontual,,,4.0
TUA20230328000995,T000019,Saída,Carência Bioquímica de Oxigénio (mg/L O2),Trimestral,Pontual,,,4.0
TUA20230328000995,T000021,Saída,Carência Química de Oxigénio (mg/L O2),Trimestral,Pontual,,,4.0
TUA20230328000995,T000023,Saída,Sólidos Suspensos Totais (mg/L),Trimestral,Pontual,,,4.0
TUA20230328000996,T000017,Saída,pH (Escala de Sörensen),Trimestral,Composta (i),Amostragem composta recolhida durante um período de 24 horas: (i) com intervalos máximos de 1 hora; (ii) com intervalos máximos de 4 horas; (iii) cobrindo no mínimo três períodos diários distintos entre as 7 e as 21 horas; (iv) representativa de um dia normal de laboração.,,4.0
TUA20230328000996,T000019,Saída,Carência Bioquímica de Oxigénio (mg/L O2),Trimestral,Composta (i),Amostragem composta recolhida durante um período de 24 horas: (i) com intervalos máximos de 1 hora; (ii) com intervalos máximos de 4 horas; (iii) cobrindo no mínimo três períodos diários distintos entre as 7 e as 21 horas; (iv) representativa de um dia normal de laboração.,,4.0
TUA20230328000996,T000021,Saída,Carência Química de Oxigénio (mg/L O2),Trimestral,Composta (i),Amostragem composta recolhida durante um período de 24 horas: (i) com intervalos máximos de 1 hora; (ii) com intervalos máximos de 4 horas; (iii) cobrindo no mínimo três períodos diários distintos entre as 7 e as 21 horas; (iv) representativa de um dia normal de laboração.,,4.0
TUA20230328000996,T000023,Saída,Sólidos Suspensos Totais (mg/L),Trimestral,Composta (i),Amostragem composta recolhida durante um período de 24 horas: (i) com intervalos máximos de 1 hora; (ii) com intervalos máximos de 4 horas; (iii) cobrindo no mínimo três períodos diários distintos entre as 7 e as 21 horas; (iv) representativa de um dia normal de laboração.,,4.0
TUA20230328000996,T000024,Saída,Azoto total (mg/L N),Trimestral,Composta (i),Amostragem composta recolhida durante um período de 24 horas: (i) com intervalos máximos de 1 hora; (ii) com intervalos máximos de 4 horas; (iii) cobrindo no mínimo três períodos diários distintos entre as 7 e as 21 horas; (iv) representativa de um dia normal de laboração.,,4.0
TUA20230328000996,T000025,Saída,Fósforo total (mg/L P),Trimestral,Composta (i),Amostragem composta recolhida durante um período de 24 horas: (i) com intervalos máximos de 1 hora; (ii) com intervalos máximos de 4 horas; (iii) cobrindo no mínimo três períodos diários distintos entre as 7 e as 21 horas; (iv) representativa de um dia normal de laboração.,,4.0
TUA20230421001258,T000017,Saída,pH (Escala de Sörensen),Trimestral,Pontual,,,4.0
TUA20230421001258,T000019,Saída,Carência Bioquímica de Oxigénio (mg/L O2),Trimestral,Pontual,,,4.0
TUA20230421001258,T000021,Saída,Carência Química de Oxigénio (mg/L O2),Trimestral,Pontual,,,4.0
TUA20230421001258,T000023,Saída,Sólidos Suspensos Totais (mg/L),Trimestral,Pontual,,,4.0
TUA20230421001258,T000024,Saída,Azoto total (mg/L N),Trimestral,Pontual,,,4.0
TUA20230421001258,T000025,Saída,Fósforo total (mg/L P),Trimestral,Pontual,,,4.0
TUA20230421001259,T000016,Saída,pH (Escala de Sörensen),Trimestral,Composta (i),"Amostragem composta recolhida durante um período de 24 horas: (i) com intervalos máximos de 1 hora; (ii) com intervalos máximos de 4 horas; (iii) cobrindo no mínimo três períodos diários distintos entre as 7 e as 21 horas; (iv) representativa de um dia normal de laboração. Estado: Emitido Data de consulta: 26/09/2023 Para realizar a validação do documento e comprovar que o documento apresentado corresponde ao TUA, aceda a ""https://siliamb.apambiente.pt"" e no link ""Validar Título Único Ambiental"", indique o código do documento e de verificação apresentados. CÓDIGO DOCUMENTO: D20230421005452 CÓDIGO VERIFICAÇÃO: 4a27-3879-55ad-9b02 PÁG. / 6 8",,4.0
TUA20230421001259,T000018,Saída,Carência Bioquímica de Oxigénio (mg/L O2),Trimestral,Composta (i),"Amostragem composta recolhida durante um período de 24 horas: (i) com intervalos máximos de 1 hora; (ii) com intervalos máximos de 4 horas; (iii) cobrindo no mínimo três períodos diários distintos entre as 7 e as 21 horas; (iv) representativa de um dia normal de laboração. Estado: Emitido Data de consulta: 26/09/2023 Para realizar a validação do documento e comprovar que o documento apresentado corresponde ao TUA, aceda a ""https://siliamb.apambiente.pt"" e no link ""Validar Título Único Ambiental"", indique o código do documento e de verificação apresentados. CÓDIGO DOCUMENTO: D20230421005452 CÓDIGO VERIFICAÇÃO: 4a27-3879-55ad-9b02 PÁG. / 6 8",,4.0
TUA20230421001259,T000020,Saída,Carência Química de Oxigénio (mg/L O2),Trimestral,Composta (i),"Amostragem composta recolhida durante um período de 24 horas: (i) com intervalos máximos de 1 hora; (ii) com intervalos máximos de 4 horas; (iii) cobrindo no mínimo três períodos diários distintos entre as 7 e as 21 horas; (iv) representativa de um dia normal de laboração. Estado: Emitido Data de consulta: 26/09/2023 Para realizar a validação do documento e comprovar que o documento apresentado corresponde ao TUA, aceda a ""https://siliamb.apambiente.pt"" e no link ""Validar Título Único Ambiental"", indique o código do documento e de verificação apresentados. CÓDIGO DOCUMENTO: D20230421005452 CÓDIGO VERIFICAÇÃO: 4a27-3879-55ad-9b02 PÁG. / 6 8",,4.0
TUA20230421001259,T000022,Saída,Sólidos Suspensos Totais (mg/L),Trimestral,Composta (i),"Amostragem composta recolhida durante um período de 24 horas: (i) com intervalos máximos de 1 hora; (ii) com intervalos máximos de 4 horas; (iii) cobrindo no mínimo três períodos diários distintos entre as 7 e as 21 horas; (iv) representativa de um dia normal de laboração. Estado: Emitido Data de consulta: 26/09/2023 Para realizar a validação do documento e comprovar que o documento apresentado corresponde ao TUA, aceda a ""https://siliamb.apambiente.pt"" e no link ""Validar Título Único Ambiental"", indique o código do documento e de verificação apresentados. CÓDIGO DOCUMENTO: D20230421005452 CÓDIGO VERIFICAÇÃO: 4a27-3879-55ad-9b02 PÁG. / 6 8",,4.0
TUA20230421001260,T000017,Saída,pH (Escala de Sörensen),Trimestral,Pontual,,,4.0
TUA20230421001260,T000019,Saída,Carência Bioquímica de Oxigénio (mg/L O2),Trimestral,Pontual,,,4.0
TUA20230421001260,T000021,Saída,Carência Química de Oxigénio (mg/L O2),Trimestral,Pontual,,,4.0
TUA20230421001260,T000023,Saída,Sólidos Suspensos Totais (mg/L),Trimestral,Pontual,,,4.0
TUA20230421001260,T000024,Saída,Azoto total (mg/L N),Trimestral,Pontual,,,4.0
TUA20230421001260,T000025,Saída,Fósforo total (mg/L P),Trimestral,Pontual,,,4.0
TUA20230421001263,T000017,Saída,pH (Escala de Sörensen),Trimestral,Pontual,,,4.0
TUA20230421001263,T000019,Saída,Carência Bioquímica de Oxigénio (mg/L O2),Trimestral,Pontual,,,4.0
TUA20230421001263,T000021,Saída,Carência Química de Oxigénio (mg/L O2),Trimestral,Pontual,,,4.0
TUA20230421001263,T000023,Saída,Sólidos Suspensos Totais (mg/L),Trimestral,Pontual,,,4.0
TUA20230421001263,T000024,Saída,Azoto total (mg/L N),Trimestral,Pontual,,,4.0
TUA20230421001263,T000025,Saída,Fósforo total (mg/L P),Trimestral,Pontual,,,4.0
TUA20230423001281,T000021,Saída,Caudal (m3/dia),Mensal,Composta (i),Amostragem composta recolhida durante um período de 24 horas: (i) com intervalos máximos de 1 hora; (ii) com intervalos máximos de 4 horas; (iii) cobrindo no mínimo três períodos diários distintos entre as 7 e as 21 horas; (iv) representativa de um dia normal de laboração.,,12.0
TUA20230423001281,T000022,Saída,pH (Escala de Sörensen),Mensal,Composta (ii),Amostragem composta recolhida durante um período de 24 horas: (i) com intervalos máximos de 1 hora; (ii) com intervalos máximos de 4 horas; (iii) cobrindo no mínimo três períodos diários distintos entre as 7 e as 21 horas; (iv) representativa de um dia normal de laboração.,,12.0
TUA20230423001281,T000023,Saída,Carência Bioquímica de Oxigénio (mg/L O2),Mensal,Composta (ii),Amostragem composta recolhida durante um período de 24 horas: (i) com intervalos máximos de 1 hora; (ii) com intervalos máximos de 4 horas; (iii) cobrindo no mínimo três períodos diários distintos entre as 7 e as 21 horas; (iv) representativa de um dia normal de laboração.,,12.0
TUA20230423001281,T000024,Saída,Carência Química de Oxigénio (mg/L O2),Mensal,Composta (ii),Amostragem composta recolhida durante um período de 24 horas: (i) com intervalos máximos de 1 hora; (ii) com intervalos máximos de 4 horas; (iii) cobrindo no mínimo três períodos diários distintos entre as 7 e as 21 horas; (iv) representativa de um dia normal de laboração.,,12.0
TUA20230423001281,T000025,Saída,Sólidos Suspensos Totais (mg/L),Mensal,Composta (ii),Amostragem composta recolhida durante um período de 24 horas: (i) com intervalos máximos de 1 hora; (ii) com intervalos máximos de 4 horas; (iii) cobrindo no mínimo três períodos diários distintos entre as 7 e as 21 horas; (iv) representativa de um dia normal de laboração.,,12.0
TUA20230423001281,T000026,Saída,Óleos e Gorduras (mg/L),Mensal,Composta (ii),Amostragem composta recolhida durante um período de 24 horas: (i) com intervalos máximos de 1 hora; (ii) com intervalos máximos de 4 horas; (iii) cobrindo no mínimo três períodos diários distintos entre as 7 e as 21 horas; (iv) representativa de um dia normal de laboração.,,12.0
TUA20230423001281,T000027,Saída,Azoto total (mg/L N),Mensal,Composta (ii),Amostragem composta recolhida durante um período de 24 horas: (i) com intervalos máximos de 1 hora; (ii) com intervalos máximos de 4 horas; (iii) cobrindo no mínimo três períodos diários distintos entre as 7 e as 21 horas; (iv) representativa de um dia normal de laboração.,,12.0
TUA20230423001281,T000028,Saída,Fósforo total (mg/L P),Mensal,Composta (ii),Amostragem composta recolhida durante um período de 24 horas: (i) com intervalos máximos de 1 hora; (ii) com intervalos máximos de 4 horas; (iii) cobrindo no mínimo três períodos diários distintos entre as 7 e as 21 horas; (iv) representativa de um dia normal de laboração.,,12.0
TUA20230510001393,T000008,Saída,pH (Escala de Sörensen),Quinzenal,Composta (ii),Amostragem composta recolhida durante um período de 24 horas: (i) com intervalos máximos de 1 hora; (ii) com intervalos máximos de 4 horas; (iii) cobrindo no mínimo três períodos diários distintos entre as 7 e as 21 horas; (iv) representativa de um dia normal de laboração.,,24.0
TUA20230510001393,T000008,Saída,pH (Escala de Sörensen),Quinzenal,Composta (ii),Amostragem composta recolhida durante um período de 24 horas: (i) com intervalos máximos de 1 hora; (ii) com intervalos máximos de 4 horas; (iii) cobrindo no mínimo três períodos diários distintos entre as 7 e as 21 horas; (iv) representativa de um dia normal de laboração.,,24.0
TUA20230510001393,T000041,Saída,Carência Bioquímica de Oxigénio (mg/L O2),Quinzenal,Composta (ii),Amostragem composta recolhida durante um período de 24 horas: (i) com intervalos máximos de 1 hora; (ii) com intervalos máximos de 4 horas; (iii) cobrindo no mínimo três períodos diários distintos entre as 7 e as 21 horas; (iv) representativa de um dia normal de laboração.,,24.0
TUA20230510001393,T000043,Saída,Carência Química de Oxigénio (mg/L O2),Quinzenal,Composta (ii),Amostragem composta recolhida durante um período de 24 horas: (i) com intervalos máximos de 1 hora; (ii) com intervalos máximos de 4 horas; (iii) cobrindo no mínimo três períodos diários distintos entre as 7 e as 21 horas; (iv) representativa de um dia normal de laboração.,,24.0
TUA20230510001393,T000045,Saída,Sólidos Suspensos Totais (mg/L),Quinzenal,Composta (ii),Amostragem composta recolhida durante um período de 24 horas: (i) com intervalos máximos de 1 hora; (ii) com intervalos máximos de 4 horas; (iii) cobrindo no mínimo três períodos diários distintos entre as 7 e as 21 horas; (iv) representativa de um dia normal de laboração.,,24.0
TUA20230510001393,T000047,Saída,Fósforo total (mg/L P),Quinzenal,Composta (ii),Amostragem composta recolhida durante um período de 24 horas: (i) com intervalos máximos de 1 hora; (ii) com intervalos máximos de 4 horas; (iii) cobrindo no mínimo três períodos diários distintos entre as 7 e as 21 horas; (iv) representativa de um dia normal de laboração.,,24.0
TUA20230510001393,T000049,Saída,Óleos e Gorduras (mg/L),Quinzenal,Composta (ii),Amostragem composta recolhida durante um período de 24 horas: (i) com intervalos máximos de 1 hora; (ii) com intervalos máximos de 4 horas; (iii) cobrindo no mínimo três períodos diários distintos entre as 7 e as 21 horas; (iv) representativa de um dia normal de laboração.,,24.0
TUA20230510001393,T000051,Saída,Fenóis (mg/L C6H5OH),Quinzenal,Composta (ii),Amostragem composta recolhida durante um período de 24 horas: (i) com intervalos máximos de 1 hora; (ii) com intervalos máximos de 4 horas; (iii) cobrindo no mínimo três períodos diários distintos entre as 7 e as 21 horas; (iv) representativa de um dia normal de laboração.,,24.0
TUA20230510001393,T000052,Saída,Caudal (m3/mês),Mensal,Pontual,,,12.0
TUA20230510001393,T000053,Entrada,Caudal (m3/mês),Mensal,Pontual,,,12.0
TUA20230510001393,T000054,Entrada,pH (Escala de Sörensen),Quinzenal,Composta (ii),Amostragem composta recolhida durante um período de 24 horas: (i) com intervalos máximos de 1 hora; (ii) com intervalos máximos de 4 horas; (iii) cobrindo no mínimo três períodos diários distintos entre as 7 e as 21 horas; (iv) representativa de um dia normal de laboração.,,24.0
TUA20230510001393,T000055,Entrada,Carência Bioquímica de Oxigénio (mg/L O2),Quinzenal,Composta (ii),Amostragem composta recolhida durante um período de 24 horas: (i) com intervalos máximos de 1 hora; (ii) com intervalos máximos de 4 horas; (iii) cobrindo no mínimo três períodos diários distintos entre as 7 e as 21 horas; (iv) representativa de um dia normal de laboração.,,24.0
TUA20230510001393,T000056,Entrada,Carência Química de Oxigénio (mg/L O2),Quinzenal,Composta (ii),Amostragem composta recolhida durante um período de 24 horas: (i) com intervalos máximos de 1 hora; (ii) com intervalos máximos de 4 horas; (iii) cobrindo no mínimo três períodos diários distintos entre as 7 e as 21 horas; (iv) representativa de um dia normal de laboração.,,24.0
TUA20230510001393,T000057,Entrada,Sólidos Suspensos Totais (mg/L),Quinzenal,Composta (ii),Amostragem composta recolhida durante um período de 24 horas: (i) com intervalos máximos de 1 hora; (ii) com intervalos máximos de 4 horas; (iii) cobrindo no mínimo três períodos diários distintos entre as 7 e as 21 horas; (iv) representativa de um dia normal de laboração.,,24.0
TUA20230510001393,T000058,Entrada,Óleos e Gorduras (mg/L),Quinzenal,Composta (ii),Amostragem composta recolhida durante um período de 24 horas: (i) com intervalos máximos de 1 hora; (ii) com intervalos máximos de 4 horas; (iii) cobrindo no mínimo três períodos diários distintos entre as 7 e as 21 horas; (iv) representativa de um dia normal de laboração.,,24.0
TUA20230510001393,T000059,Entrada,Fenóis (mg/L C6H5OH),Quinzenal,Composta (ii),Amostragem composta recolhida durante um período de 24 horas: (i) com intervalos máximos de 1 hora; (ii) com intervalos máximos de 4 horas; (iii) cobrindo no mínimo três períodos diários distintos entre as 7 e as 21 horas; (iv) representativa de um dia normal de laboração.,,24.0
TUA20230510001399,T000017,Saída,pH (Escala de Sörensen),Trimestral,Pontual,,,4.0
TUA20230510001399,T000019,Saída,Carência Bioquímica de Oxigénio (mg/L O2),Trimestral,Pontual,,,4.0
TUA20230510001399,T000021,Saída,Carência Química de Oxigénio (mg/L O2),Trimestral,Pontual,,,4.0
TUA20230510001399,T000023,Saída,Sólidos Suspensos Totais (mg/L),Trimestral,Pontual,,,4.0
TUA20230510001399,T000024,Saída,Azoto total (mg/L N),Trimestral,Pontual,,,4.0
TUA20230510001399,T000025,Saída,Fósforo total (mg/L P),Trimestral,Pontual,,,4.0
TUA20230602001636,T000017,Saída,pH (Escala de Sörensen),Mensal,Pontual,,,12.0
TUA20230602001636,T000019,Saída,Carência Bioquímica de Oxigénio (mg/L O2),Mensal,Pontual,,,12.0
TUA20230602001636,T000021,Saída,Carência Química de Oxigénio (mg/L O2),Mensal,Pontual,,,12.0
TUA20230602001636,T000023,Saída,Sólidos Suspensos Totais (mg/L),Mensal,Pontual,,,12.0
TUA20230602001636,T000024,Saída,Azoto total (mg/L N),Mensal,Pontual,,,12.0
TUA20230602001636,T000025,Saída,Fósforo total (mg/L P),Mensal,Pontual,,,12.0
TUA20230602001637,T000017,Saída,pH (Escala de Sörensen),Mensal,Composta (i),Amostragem composta recolhida durante um período de 24 horas: (i) com intervalos máximos de 1 hora; (ii) com intervalos máximos de 4 horas; (iii) cobrindo no mínimo três períodos diários distintos entre as 7 e as 21 horas; (iv) representativa de um dia normal de laboração.,,12.0
TUA20230602001637,T000019,Saída,Carência Bioquímica de Oxigénio (mg/L O2),Mensal,Composta (i),Amostragem composta recolhida durante um período de 24 horas: (i) com intervalos máximos de 1 hora; (ii) com intervalos máximos de 4 horas; (iii) cobrindo no mínimo três períodos diários distintos entre as 7 e as 21 horas; (iv) representativa de um dia normal de laboração.,,12.0
TUA20230602001637,T000021,Saída,Carência Química de Oxigénio (mg/L O2),Mensal,Composta (i),Amostragem composta recolhida durante um período de 24 horas: (i) com intervalos máximos de 1 hora; (ii) com intervalos máximos de 4 horas; (iii) cobrindo no mínimo três períodos diários distintos entre as 7 e as 21 horas; (iv) representativa de um dia normal de laboração.,,12.0
TUA20230602001637,T000023,Saída,Sólidos Suspensos Totais (mg/L),Mensal,Composta (i),Amostragem composta recolhida durante um período de 24 horas: (i) com intervalos máximos de 1 hora; (ii) com intervalos máximos de 4 horas; (iii) cobrindo no mínimo três períodos diários distintos entre as 7 e as 21 horas; (iv) representativa de um dia normal de laboração.,,12.0
TUA20230602001637,T000024,Saída,Azoto total (mg/L N),Trimestral,Composta (i),Amostragem composta recolhida durante um período de 24 horas: (i) com intervalos máximos de 1 hora; (ii) com intervalos máximos de 4 horas; (iii) cobrindo no mínimo três períodos diários distintos entre as 7 e as 21 horas; (iv) representativa de um dia normal de laboração.,,4.0
TUA20230602001637,T000025,Saída,Fósforo total (mg/L P),Trimestral,Composta (i),Amostragem composta recolhida durante um período de 24 horas: (i) com intervalos máximos de 1 hora; (ii) com intervalos máximos de 4 horas; (iii) cobrindo no mínimo três períodos diários distintos entre as 7 e as 21 horas; (iv) representativa de um dia normal de laboração.,,4.0
TUA20230707002024,T000017,Saída,pH (Escala de Sörensen),Mensal,Composta (iii),Amostragem composta recolhida durante um período de 24 horas: (i) com intervalos máximos de 1 hora; (ii) com intervalos máximos de 4 horas; (iii) cobrindo no mínimo três períodos diários distintos entre as 7 e as 21 horas; (iv) representativa de um dia normal de laboração.,,12.0
TUA20230707002024,T000019,Saída,Carência Química de Oxigénio (mg/L O2),Mensal,Composta (iii),Amostragem composta recolhida durante um período de 24 horas: (i) com intervalos máximos de 1 hora; (ii) com intervalos máximos de 4 horas; (iii) cobrindo no mínimo três períodos diários distintos entre as 7 e as 21 horas; (iv) representativa de um dia normal de laboração.,,12.0
TUA20230707002024,T000021,Saída,Carência Bioquímica de Oxigénio (mg/L O2),Mensal,Composta (iii),Amostragem composta recolhida durante um período de 24 horas: (i) com intervalos máximos de 1 hora; (ii) com intervalos máximos de 4 horas; (iii) cobrindo no mínimo três períodos diários distintos entre as 7 e as 21 horas; (iv) representativa de um dia normal de laboração.,,12.0
TUA20230707002024,T000023,Saída,Sólidos Suspensos Totais (mg/L),Mensal,Composta (iii),Amostragem composta recolhida durante um período de 24 horas: (i) com intervalos máximos de 1 hora; (ii) com intervalos máximos de 4 horas; (iii) cobrindo no mínimo três períodos diários distintos entre as 7 e as 21 horas; (iv) representativa de um dia normal de laboração.,,12.0
TUA20230707002024,T000027,Saída,Azoto total (mg/L N),Trimestral,Composta (iii),Amostragem composta recolhida durante um período de 24 horas: (i) com intervalos máximos de 1 hora; (ii) com intervalos máximos de 4 horas; (iii) cobrindo no mínimo três períodos diários distintos entre as 7 e as 21 horas; (iv) representativa de um dia normal de laboração.,,4.0
TUA20230707002024,T000028,Saída,Fósforo total (mg/L P),Trimestral,Composta (iii),Amostragem composta recolhida durante um período de 24 horas: (i) com intervalos máximos de 1 hora; (ii) com intervalos máximos de 4 horas; (iii) cobrindo no mínimo três períodos diários distintos entre as 7 e as 21 horas; (iv) representativa de um dia normal de laboração.,,4.0
TUA20230707002024,T000029,Entrada,pH (Escala de Sörensen),Mensal,Composta (iii),Amostragem composta recolhida durante um período de 24 horas: (i) com intervalos máximos de 1 hora; (ii) com intervalos máximos de 4 horas; (iii) cobrindo no mínimo três períodos diários distintos entre as 7 e as 21 horas; (iv) representativa de um dia normal de laboração.,,12.0
TUA20230707002024,T000030,Entrada,Carência Química de Oxigénio (mg/L O2),Mensal,Composta (iii),Amostragem composta recolhida durante um período de 24 horas: (i) com intervalos máximos de 1 hora; (ii) com intervalos máximos de 4 horas; (iii) cobrindo no mínimo três períodos diários distintos entre as 7 e as 21 horas; (iv) representativa de um dia normal de laboração.,,12.0
TUA20230707002024,T000031,Entrada,Carência Bioquímica de Oxigénio (mg/L O2),Mensal,Composta (iii),Amostragem composta recolhida durante um período de 24 horas: (i) com intervalos máximos de 1 hora; (ii) com intervalos máximos de 4 horas; (iii) cobrindo no mínimo três períodos diários distintos entre as 7 e as 21 horas; (iv) representativa de um dia normal de laboração.,,12.0
TUA20230707002024,T000032,Entrada,Sólidos Suspensos Totais (mg/L),Mensal,Composta (iii),Amostragem composta recolhida durante um período de 24 horas: (i) com intervalos máximos de 1 hora; (ii) com intervalos máximos de 4 horas; (iii) cobrindo no mínimo três períodos diários distintos entre as 7 e as 21 horas; (iv) representativa de um dia normal de laboração.,,12.0
TUA20230717002123,T000017,Saída,pH (Escala de Sörensen),Trimestral,Pontual,,,4.0
TUA20230717002123,T000019,Saída,Carência Bioquímica de Oxigénio (mg/L O2),Trimestral,Pontual,,,4.0
TUA20230717002123,T000021,Saída,Carência Química de Oxigénio (mg/L O2),Trimestral,Pontual,,,4.0
TUA20230717002123,T000023,Saída,Sólidos Suspensos Totais (mg/L),Trimestral,Pontual,,,4.0
TUA20230717002153,T000017,Saída,pH (Escala de Sörensen),Mensal,Composta (iii),Amostragem composta recolhida durante um período de 24 horas: (i) com intervalos máximos de 1 hora; (ii) com intervalos máximos de 4 horas; (iii) cobrindo no mínimo três períodos diários distintos entre as 7 e as 21 horas; (iv) representativa de um dia normal de laboração.,,12.0
TUA20230717002153,T000019,Saída,Carência Química de Oxigénio (mg/L O2),Mensal,Composta (iii),Amostragem composta recolhida durante um período de 24 horas: (i) com intervalos máximos de 1 hora; (ii) com intervalos máximos de 4 horas; (iii) cobrindo no mínimo três períodos diários distintos entre as 7 e as 21 horas; (iv) representativa de um dia normal de laboração.,,12.0
TUA20230717002153,T000021,Saída,Carência Bioquímica de Oxigénio (mg/L O2),Mensal,Composta (iii),Amostragem composta recolhida durante um período de 24 horas: (i) com intervalos máximos de 1 hora; (ii) com intervalos máximos de 4 horas; (iii) cobrindo no mínimo três períodos diários distintos entre as 7 e as 21 horas; (iv) representativa de um dia normal de laboração.,,12.0
TUA20230717002153,T000023,Saída,Sólidos Suspensos Totais (mg/L),Mensal,Composta (iii),Amostragem composta recolhida durante um período de 24 horas: (i) com intervalos máximos de 1 hora; (ii) com intervalos máximos de 4 horas; (iii) cobrindo no mínimo três períodos diários distintos entre as 7 e as 21 horas; (iv) representativa de um dia normal de laboração.,,12.0
TUA20230801002309,T000017,Saída,pH (Escala de Sörensen),Trimestral,Composta (i),Amostragem composta recolhida durante um período de 24 horas: (i) com intervalos máximos de 1 hora; (ii) com intervalos máximos de 4 horas; (iii) cobrindo no mínimo três períodos diários distintos entre as 7 e as 21 horas; (iv) representativa de um dia normal de laboração.,,4.0
TUA20230801002309,T000019,Saída,Carência Bioquímica de Oxigénio (mg/L O2),Trimestral,Composta (i),Amostragem composta recolhida durante um período de 24 horas: (i) com intervalos máximos de 1 hora; (ii) com intervalos máximos de 4 horas; (iii) cobrindo no mínimo três períodos diários distintos entre as 7 e as 21 horas; (iv) representativa de um dia normal de laboração.,,4.0
TUA20230801002309,T000021,Saída,Carência Química de Oxigénio (mg/L O2),Trimestral,Composta (i),Amostragem composta recolhida durante um período de 24 horas: (i) com intervalos máximos de 1 hora; (ii) com intervalos máximos de 4 horas; (iii) cobrindo no mínimo três períodos diários distintos entre as 7 e as 21 horas; (iv) representativa de um dia normal de laboração.,,4.0
TUA20230801002309,T000023,Saída,Oxigénio (mg/L O2) Sólidos Suspensos Totais (mg/L),Trimestral,Composta (i),Amostragem composta recolhida durante um período de 24 horas: (i) com intervalos máximos de 1 hora; (ii) com intervalos máximos de 4 horas; (iii) cobrindo no mínimo três períodos diários distintos entre as 7 e as 21 horas; (iv) representativa de um dia normal de laboração.,,4.0
TUA20230801002309,T000024,Saída,Azoto amoniacal (mg/L NH4),Trimestral,Composta (i),Amostragem composta recolhida durante um período de 24 horas: (i) com intervalos máximos de 1 hora; (ii) com intervalos máximos de 4 horas; (iii) cobrindo no mínimo três períodos diários distintos entre as 7 e as 21 horas; (iv) representativa de um dia normal de laboração.,"Deve ser efetuada monitorização do parâmetro Azoto amoniacal face à localização da rejeição em área de influência de zona classificada como sensível, nos termos do Decreto-Lei n.º 152/97, de 19 de junho e Portaria n.º 188/2021 de 8 de setembro.",4.0
TUA20230801002309,T000025,Saída,Azoto total (mg/L N),Trimestral,Composta (i),Amostragem composta recolhida durante um período de 24 horas: (i) com intervalos máximos de 1 hora; (ii) com intervalos máximos de 4 horas; (iii) cobrindo no mínimo três períodos diários distintos entre as 7 e as 21 horas; (iv) representativa de um dia normal de laboração.,"Deve ser efetuada monitorização dos parâmetros Azoto total e Fósforo total para efeitos do cálculo da TRH nos termos do Decreto-Lei n.º 97/2008, de 11 de junho (na sua redação atual).",4.0
TUA20230801002309,T000026,Saída,Fósforo total (mg/L P),Trimestral,Composta (i),Amostragem composta recolhida durante um período de 24 horas: (i) com intervalos máximos de 1 hora; (ii) com intervalos máximos de 4 horas; (iii) cobrindo no mínimo três períodos diários distintos entre as 7 e as 21 horas; (iv) representativa de um dia normal de laboração.,"Deve ser efetuada monitorização dos parâmetros Azoto total e Fósforo total para efeitos do cálculo da TRH nos termos do Decreto-Lei n.º 97/2008, de 11 de junho (na sua redação atual).",4.0
TUA20230808002363,T000017,Saída,pH (Escala de Sörensen),Mensal,Composta (iii),Amostragem composta recolhida durante um período de 24 horas: (i) com intervalos máximos de 1 hora; (ii) com intervalos máximos de 4 horas; (iii) cobrindo no mínimo três períodos diários distintos entre as 7 e as 21 horas; (iv) representativa de um dia normal de laboração.,,12.0
TUA20230808002363,T000019,Saída,Carência Química de Oxigénio (mg/L O2),Mensal,Composta (iii),Amostragem composta recolhida durante um período de 24 horas: (i) com intervalos máximos de 1 hora; (ii) com intervalos máximos de 4 horas; (iii) cobrindo no mínimo três períodos diários distintos entre as 7 e as 21 horas; (iv) representativa de um dia normal de laboração.,,12.0
TUA20230808002363,T000021,Saída,Carência Bioquímica de Oxigénio (mg/L O2),Mensal,Composta (iii),Amostragem composta recolhida durante um período de 24 horas: (i) com intervalos máximos de 1 hora; (ii) com intervalos máximos de 4 horas; (iii) cobrindo no mínimo três períodos diários distintos entre as 7 e as 21 horas; (iv) representativa de um dia normal de laboração.,,12.0
TUA20230808002363,T000023,Saída,Sólidos Suspensos Totais (mg/L),Mensal,Composta (iii),Amostragem composta recolhida durante um período de 24 horas: (i) com intervalos máximos de 1 hora; (ii) com intervalos máximos de 4 horas; (iii) cobrindo no mínimo três períodos diários distintos entre as 7 e as 21 horas; (iv) representativa de um dia normal de laboração.,,12.0
TUA20230808002363,T000024,Saída,Azoto total (mg/L N),Trimestral,Composta (iii),Amostragem composta recolhida durante um período de 24 horas: (i) com intervalos máximos de 1 hora; (ii) com intervalos máximos de 4 horas; (iii) cobrindo no mínimo três períodos diários distintos entre as 7 e as 21 horas; (iv) representativa de um dia normal de laboração.,,4.0
TUA20230808002363,T000025,Saída,Fósforo total (mg/L P),Trimestral,Composta (iii),Amostragem composta recolhida durante um período de 24 horas: (i) com intervalos máximos de 1 hora; (ii) com intervalos máximos de 4 horas; (iii) cobrindo no mínimo três períodos diários distintos entre as 7 e as 21 horas; (iv) representativa de um dia normal de laboração.,,4.0
TUA20230808002363,T000026,Entrada,pH (Escala de Sörensen),Mensal,Composta (iii),Amostragem composta recolhida durante um período de 24 horas: (i) com intervalos máximos de 1 hora; (ii) com intervalos máximos de 4 horas; (iii) cobrindo no mínimo três períodos diários distintos entre as 7 e as 21 horas; (iv) representativa de um dia normal de laboração.,,12.0
TUA20230808002363,T000027,Entrada,Carência Química de Oxigénio (mg/L O2),Mensal,Composta (iii),Amostragem composta recolhida durante um período de 24 horas: (i) com intervalos máximos de 1 hora; (ii) com intervalos máximos de 4 horas; (iii) cobrindo no mínimo três períodos diários distintos entre as 7 e as 21 horas; (iv) representativa de um dia normal de laboração.,,12.0
TUA20230808002363,T000028,Entrada,Carência Bioquímica de Oxigénio (mg/L O2),Mensal,Composta (iii),Amostragem composta recolhida durante um período de 24 horas: (i) com intervalos máximos de 1 hora; (ii) com intervalos máximos de 4 horas; (iii) cobrindo no mínimo três períodos diários distintos entre as 7 e as 21 horas; (iv) representativa de um dia normal de laboração.,,12.0
TUA20230808002363,T000029,Entrada,Sólidos Suspensos Totais (mg/L),Mensal,Composta (iii),Amostragem composta recolhida durante um período de 24 horas: (i) com intervalos máximos de 1 hora; (ii) com intervalos máximos de 4 horas; (iii) cobrindo no mínimo três períodos diários distintos entre as 7 e as 21 horas; (iv) representativa de um dia normal de laboração.,,12.0
TUA20230816002415,T000017,Saída,pH (Escala de Sörensen),Trimestral,Pontual,,,4.0
TUA20230816002415,T000019,Saída,Carência Bioquímica de Oxigénio (mg/L O2),Trimestral,Pontual,,,4.0
TUA20230816002415,T000021,Saída,Carência Química de Oxigénio (mg/L O2),Trimestral,Pontual,,,4.0
TUA20230816002415,T000023,Saída,Sólidos Suspensos Totais (mg/L),Trimestral,Pontual,,,4.0
TUA20230816002415,T000024,Saída,Azoto total (mg/L N),Trimestral,Pontual,,,4.0
TUA20230816002415,T000025,Saída,Fósforo total (mg/L P),Trimestral,Pontual,,,4.0
TUA20230824002503,T000017,Saída,pH (Escala de Sörensen),Trimestral,Pontual,,,4.0
TUA20230824002503,T000019,Saída,Carência Bioquímica de Oxigénio (mg/L O2),Trimestral,Pontual,,,4.0
TUA20230824002503,T000021,Saída,Carência Química de Oxigénio (mg/L O2),Trimestral,Pontual,,,4.0
TUA20230824002503,T000023,Saída,Sólidos Suspensos Totais (mg/L),Trimestral,Pontual,,,4.0
TUA20230824002503,T000024,Saída,Azoto total (mg/L N),Trimestral,Pontual,,,4.0
TUA20230824002503,T000025,Saída,Fósforo total (mg/L P),Trimestral,Pontual,,,4.0
TUA20230831002551,T000017,Saída,pH (Escala de Sörensen),Trimestral,Pontual,,,4.0
TUA20230831002551,T000019,Saída,Carência Bioquímica de Oxigénio (mg/L O2),Trimestral,Pontual,,,4.0
TUA20230831002551,T000021,Saída,Carência Química de Oxigénio (mg/L O2),Trimestral,Pontual,,,4.0
TUA20230831002551,T000023,Saída,Sólidos Suspensos Totais (mg/L),Trimestral,Pontual,,,4.0
TUA20230831002551,T000024,Saída,Azoto total (mg/L N),Trimestral,Pontual,,,4.0
TUA20230831002551,T000025,Saída,Fósforo total (mg/L P),Trimestral,Pontual,,,4.0
TUA20230831002551,T000025,Saída,Fósforo total (mg/L P),Trimestral,Pontual,,,4.0
TUA20230905002577,T000017,Saída,pH (Escala de Sörensen),Trimestral,Pontual,,,4.0
TUA20230905002577,T000019,Saída,Carência Bioquímica de Oxigénio (mg/L O2),Trimestral,Pontual,,,4.0
TUA20230905002577,T000021,Saída,Carência Química de Oxigénio (mg/L O2),Trimestral,Pontual,,,4.0
TUA20230905002577,T000023,Saída,Sólidos Suspensos Totais (mg/L),Trimestral,Pontual,,,4.0
TUA20230905002577,T000024,Saída,Azoto total (mg/L N),Trimestral,Pontual,,,4.0
TUA20230905002577,T000025,Saída,Fósforo total (mg/L P),Trimestral,Pontual,,,4.0
TUA20230905002578,T000017,Saída,pH (Escala de Sörensen),Trimestral,Pontual,,,4.0
TUA20230905002578,T000019,Saída,Carência Bioquímica de Oxigénio (mg/L O2),Trimestral,Pontual,,,4.0
TUA20230905002578,T000021,Saída,Carência Química de Oxigénio (mg/L O2),Trimestral,Pontual,,,4.0
TUA20230905002578,T000023,Saída,Sólidos Suspensos Totais (mg/L),Trimestral,Pontual,,,4.0
TUA20230905002578,T000024,Saída,Azoto total (mg/L N),Trimestral,Pontual,,,4.0
TUA20230905002578,T000025,Saída,Fósforo total (mg/L P),Trimestral,Pontual,,,4.0
TUA20230905002579,T000011,Saída,pH (Escala de Sörensen),Mensal,Composta (i),Amostragem composta recolhida durante um período de 24 horas: (i) com intervalos máximos de 1 hora; (ii) com intervalos máximos de 4 horas; (iii) cobrindo no mínimo três períodos diários distintos entre as 7 e as 21 horas; (iv) representativa de um dia normal de laboração.,,12.0
TUA20230905002579,T000013,Saída,Carência Bioquímica de Oxigénio (mg/L O2),Mensal,Composta (i),Amostragem composta recolhida durante um período de 24 horas: (i) com intervalos máximos de 1 hora; (ii) com intervalos máximos de 4 horas; (iii) cobrindo no mínimo três períodos diários distintos entre as 7 e as 21 horas; (iv) representativa de um dia normal de laboração.,,12.0
TUA20230905002579,T000015,Saída,Carência Química de Oxigénio (mg/L O2),Mensal,Composta (i),Amostragem composta recolhida durante um período de 24 horas: (i) com intervalos máximos de 1 hora; (ii) com intervalos máximos de 4 horas; (iii) cobrindo no mínimo três períodos diários distintos entre as 7 e as 21 horas; (iv) representativa de um dia normal de laboração.,,12.0
TUA20230905002579,T000017,Saída,Total de Partículas Sólidas em Suspensão (mg/L),Mensal,Composta (i),Amostragem composta recolhida durante um período de 24 horas: (i) com intervalos máximos de 1 hora; (ii) com intervalos máximos de 4 horas; (iii) cobrindo no mínimo três períodos diários distintos entre as 7 e as 21 horas; (iv) representativa de um dia normal de laboração.,,12.0
TUA20230905002579,T000018,Saída,Azoto total (mg/L N),Mensal,Composta (i),Amostragem composta recolhida durante um período de 24 horas: (i) com intervalos máximos de 1 hora; (ii) com intervalos máximos de 4 horas; (iii) cobrindo no mínimo três períodos diários distintos entre as 7 e as 21 horas; (iv) representativa de um dia normal de laboração.,,12.0
TUA20230905002579,T000019,Saída,Fósforo total (mg/L P),Mensal,Composta (i),Amostragem composta recolhida durante um período de 24 horas: (i) com intervalos máximos de 1 hora; (ii) com intervalos máximos de 4 horas; (iii) cobrindo no mínimo três períodos diários distintos entre as 7 e as 21 horas; (iv) representativa de um dia normal de laboração.,,12.0
TUA20230912002642,T000017,Saída,pH (Escala de Sörensen),Trimestral,Pontual,,,4.0
TUA20230912002642,T000019,Saída,Carência Bioquímica de Oxigénio (mg/L O2),Trimestral,Pontual,,,4.0
TUA20230912002642,T000021,Saída,Carência Química de Oxigénio (mg/L O2),Trimestral,Pontual,,,4.0
TUA20230912002642,T000023,Saída,Sólidos Suspensos Totais (mg/L),Trimestral,Pontual,,,4.0
TUA20230912002642,T000024,Saída,Azoto total (mg/L N),Trimestral,Pontual,,,4.0
TUA20230912002642,T000025,Saída,Fósforo total (mg/L P),Trimestral,Pontual,,,4.0
TUA20230912002643,T000017,Saída,pH (Escala de Sörensen),Trimestral,Composta (i),Amostragem composta recolhida durante um período de 24 horas: (i) com intervalos máximos de 1 hora; (ii) com intervalos máximos de 4 horas; (iii) cobrindo no mínimo três períodos diários distintos entre as 7 e as 21 horas; (iv) representativa de um dia normal de laboração.,,4.0
TUA20230912002643,T000019,Saída,Carência Bioquímica de Oxigénio (mg/L O2),Trimestral,Composta (i),Amostragem composta recolhida durante um período de 24 horas: (i) com intervalos máximos de 1 hora; (ii) com intervalos máximos de 4 horas; (iii) cobrindo no mínimo três períodos diários distintos entre as 7 e as 21 horas; (iv) representativa de um dia normal de laboração.,,4.0
TUA20230912002643,T000021,Saída,Carência Química de Oxigénio (mg/L O2),Trimestral,Composta (i),Amostragem composta recolhida durante um período de 24 horas: (i) com intervalos máximos de 1 hora; (ii) com intervalos máximos de 4 horas; (iii) cobrindo no mínimo três períodos diários distintos entre as 7 e as 21 horas; (iv) representativa de um dia normal de laboração.,,4.0
TUA20230912002643,T000023,Saída,Sólidos Suspensos Totais (mg/L),Trimestral,Composta (i),Amostragem composta recolhida durante um período de 24 horas: (i) com intervalos máximos de 1 hora; (ii) com intervalos máximos de 4 horas; (iii) cobrindo no mínimo três períodos diários distintos entre as 7 e as 21 horas; (iv) representativa de um dia normal de laboração.,,4.0
TUA20230912002643,T000024,Saída,Azoto total (mg/L N),Trimestral,Composta (i),Amostragem composta recolhida durante um período de 24 horas: (i) com intervalos máximos de 1 hora; (ii) com intervalos máximos de 4 horas; (iii) cobrindo no mínimo três períodos diários distintos entre as 7 e as 21 horas; (iv) representativa de um dia normal de laboração.,,4.0
TUA20230912002643,T000025,Saída,Fósforo total (mg/L P),Trimestral,Composta (i),Amostragem composta recolhida durante um período de 24 horas: (i) com intervalos máximos de 1 hora; (ii) com intervalos máximos de 4 horas; (iii) cobrindo no mínimo três períodos diários distintos entre as 7 e as 21 horas; (iv) representativa de um dia normal de laboração.,,4.0
TUA20230915002702,T000017,Saída,pH (Escala de Sörensen),Trimestral,Pontual,,,4.0
TUA20230915002702,T000019,Saída,Carência Bioquímica de Oxigénio (mg/L O2),Trimestral,Pontual,,,4.0
TUA20230915002702,T000021,Saída,Carência Química de Oxigénio (mg/L O2),Trimestral,Pontual,,,4.0
TUA20230915002702,T000023,Saída,Sólidos Suspensos Totais (mg/L),Trimestral,Pontual,,,4.0
TUA20230915002702,T000024,Saída,Azoto total (mg/L N),Trimestral,Pontual,,,4.0
TUA20230915002702,T000025,Saída,Fósforo total (mg/L P),Trimestral,Pontual,,,4.0
TUA20230918002712,T000017,Saída,pH (Escala de Sörensen),Trimestral,Pontual,,,4.0
TUA20230918002712,T000019,Saída,Carência Bioquímica de Oxigénio (mg/L O2),Trimestral,Pontual,,,4.0
TUA20230918002712,T000021,Saída,Carência Química de Oxigénio (mg/L O2),Trimestral,Pontual,,,4.0
TUA20230918002712,T000023,Saída,Sólidos Suspensos Totais (mg/L),Trimestral,Pontual,,,4.0
TUA20230918002712,T000024,Saída,Azoto total (mg/L N),Trimestral,Pontual,,,4.0
TUA20230918002712,T000025,Saída,Fósforo total (mg/L P),Trimestral,Pontual,,,4.0
TUA20231010002912,T000017,Saída,pH (Escala de Sörensen),Trimestral,Composta (i),Amostragem composta recolhida durante um período de 24 horas: (i) com intervalos máximos de 1 hora; (ii) com intervalos máximos de 4 horas; (iii) cobrindo no mínimo três períodos diários distintos entre as 7 e as 21 horas; (iv) representativa de um dia normal de laboração.,,4.0
TUA20231010002912,T000019,Saída,Carência Bioquímica de Oxigénio (mg/L O2),Trimestral,Composta (i),Amostragem composta recolhida durante um período de 24 horas: (i) com intervalos máximos de 1 hora; (ii) com intervalos máximos de 4 horas; (iii) cobrindo no mínimo três períodos diários distintos entre as 7 e as 21 horas; (iv) representativa de um dia normal de laboração.,,4.0
TUA20231010002912,T000021,Saída,Carência Química de Oxigénio (mg/L O2),Trimestral,Composta (i),Amostragem composta recolhida durante um período de 24 horas: (i) com intervalos máximos de 1 hora; (ii) com intervalos máximos de 4 horas; (iii) cobrindo no mínimo três períodos diários distintos entre as 7 e as 21 horas; (iv) representativa de um dia normal de laboração.,,4.0
TUA20231010002912,T000023,Saída,Sólidos Suspensos Totais (mg/L),Trimestral,Composta (i),Amostragem composta recolhida durante um período de 24 horas: (i) com intervalos máximos de 1 hora; (ii) com intervalos máximos de 4 horas; (iii) cobrindo no mínimo três períodos diários distintos entre as 7 e as 21 horas; (iv) representativa de um dia normal de laboração.,,4.0
TUA20231010002912,T000024,Saída,Azoto total (mg/L N),Trimestral,Composta (i),Amostragem composta recolhida durante um período de 24 horas: (i) com intervalos máximos de 1 hora; (ii) com intervalos máximos de 4 horas; (iii) cobrindo no mínimo três períodos diários distintos entre as 7 e as 21 horas; (iv) representativa de um dia normal de laboração.,,4.0
TUA20231010002912,T000025,Saída,Fósforo total (mg/L P),Trimestral,Composta (i),Amostragem composta recolhida durante um período de 24 horas: (i) com intervalos máximos de 1 hora; (ii) com intervalos máximos de 4 horas; (iii) cobrindo no mínimo três períodos diários distintos entre as 7 e as 21 horas; (iv) representativa de um dia normal de laboração.,,4.0
TUA20231010002913,T000017,Saída,pH (Escala de Sörensen),Trimestral,Composta (i),Amostragem composta recolhida durante um período de 24 horas: (i) com intervalos máximos de 1 hora; (ii) com intervalos máximos de 4 horas; (iii) cobrindo no mínimo três períodos diários distintos entre as 7 e as 21 horas; (iv) representativa de um dia normal de laboração.,,4.0
TUA20231010002913,T000019,Saída,Carência Bioquímica de Oxigénio (mg/L O2),Trimestral,Composta (i),Amostragem composta recolhida durante um período de 24 horas: (i) com intervalos máximos de 1 hora; (ii) com intervalos máximos de 4 horas; (iii) cobrindo no mínimo três períodos diários distintos entre as 7 e as 21 horas; (iv) representativa de um dia normal de laboração.,,4.0
TUA20231010002913,T000021,Saída,Carência Química de Oxigénio (mg/L O2),Trimestral,Composta (i),Amostragem composta recolhida durante um período de 24 horas: (i) com intervalos máximos de 1 hora; (ii) com intervalos máximos de 4 horas; (iii) cobrindo no mínimo três períodos diários distintos entre as 7 e as 21 horas; (iv) representativa de um dia normal de laboração.,,4.0
TUA20231010002913,T000023,Saída,Sólidos Suspensos Totais (mg/L),Trimestral,Composta (i),Amostragem composta recolhida durante um período de 24 horas: (i) com intervalos máximos de 1 hora; (ii) com intervalos máximos de 4 horas; (iii) cobrindo no mínimo três períodos diários distintos entre as 7 e as 21 horas; (iv) representativa de um dia normal de laboração.,,4.0
TUA20231010002913,T000024,Saída,Azoto total (mg/L N),Trimestral,Composta (i),Amostragem composta recolhida durante um período de 24 horas: (i) com intervalos máximos de 1 hora; (ii) com intervalos máximos de 4 horas; (iii) cobrindo no mínimo três períodos diários distintos entre as 7 e as 21 horas; (iv) representativa de um dia normal de laboração.,,4.0
TUA20231010002913,T000025,Saída,Fósforo total (mg/L P),Trimestral,Composta (i),Amostragem composta recolhida durante um período de 24 horas: (i) com intervalos máximos de 1 hora; (ii) com intervalos máximos de 4 horas; (iii) cobrindo no mínimo três períodos diários distintos entre as 7 e as 21 horas; (iv) representativa de um dia normal de laboração.,,4.0
TUA20231012002959,T000017,Saída,pH (Escala de Sörensen),Trimestral,Pontual,,,4.0
TUA20231012002959,T000019,Saída,Carência Bioquímica de Oxigénio (mg/L O2),Trimestral,Pontual,,,4.0
TUA20231012002959,T000021,Saída,Carência Química de Oxigénio (mg/L O2),Trimestral,Pontual,,,4.0
TUA20231012002959,T000023,Saída,Sólidos Suspensos Totais (mg/L),Trimestral,Pontual,,,4.0
TUA20231012002959,T000024,Saída,Azoto total (mg/L N),Trimestral,Pontual,,,4.0
TUA20231012002959,T000025,Saída,Fósforo total (mg/L P),Trimestral,Pontual,,,4.0
TUA20231018003040,T000030,Saída,pH (Escala de Sörensen),Mensal,Composta (ii),Amostragem composta recolhida durante um período de 24 horas: (i) com intervalos máximos de 1 hora; (ii) com intervalos máximos de 4 horas; (iii) cobrindo no mínimo três períodos diários distintos entre as 7 e as 21 horas; (iv) representativa de um dia normal de laboração.,,12.0
TUA20231018003040,T000051,Entrada,pH (Escala de Sörensen),Mensal,Composta (ii),Amostragem composta recolhida durante um período de 24 horas: (i) com intervalos máximos de 1 hora; (ii) com intervalos máximos de 4 horas; (iii) cobrindo no mínimo três períodos diários distintos entre as 7 e as 21 horas; (iv) representativa de um dia normal de laboração.,,12.0
TUA20231018003040,T000055,Entrada,Carência Bioquímica de Oxigénio (mg/L O2),Mensal,Composta (ii),Amostragem composta recolhida durante um período de 24 horas: (i) com intervalos máximos de 1 hora; (ii) com intervalos máximos de 4 horas; (iii) cobrindo no mínimo três períodos diários distintos entre as 7 e as 21 horas; (iv) representativa de um dia normal de laboração.,,12.0
TUA20231018003040,T000056,Saída,Carência Bioquímica de Oxigénio (mg/L O2),Mensal,Composta (ii),Amostragem composta recolhida durante um período de 24 horas: (i) com intervalos máximos de 1 hora; (ii) com intervalos máximos de 4 horas; (iii) cobrindo no mínimo três períodos diários distintos entre as 7 e as 21 horas; (iv) representativa de um dia normal de laboração.,,12.0
TUA20231018003040,T000057,Entrada,Carência Química de Oxigénio (mg/L O2),Mensal,Composta (ii),Amostragem composta recolhida durante um período de 24 horas: (i) com intervalos máximos de 1 hora; (ii) com intervalos máximos de 4 horas; (iii) cobrindo no mínimo três períodos diários distintos entre as 7 e as 21 horas; (iv) representativa de um dia normal de laboração.,,12.0
TUA20231018003040,T000058,Saída,Carência Química de Oxigénio (mg/L O2),Mensal,Composta (ii),Amostragem composta recolhida durante um período de 24 horas: (i) com intervalos máximos de 1 hora; (ii) com intervalos máximos de 4 horas; (iii) cobrindo no mínimo três períodos diários distintos entre as 7 e as 21 horas; (iv) representativa de um dia normal de laboração.,,12.0
TUA20231018003040,T000059,Entrada,Sólidos Suspensos Totais (mg/L),Mensal,Composta (ii),Amostragem composta recolhida durante um período de 24 horas: (i) com intervalos máximos de 1 hora; (ii) com intervalos máximos de 4 horas; (iii) cobrindo no mínimo três períodos diários distintos entre as 7 e as 21 horas; (iv) representativa de um dia normal de laboração.,,12.0
TUA20231018003040,T000060,Saída,Sólidos Suspensos Totais (mg/L),Mensal,Composta (ii),Amostragem composta recolhida durante um período de 24 horas: (i) com intervalos máximos de 1 hora; (ii) com intervalos máximos de 4 horas; (iii) cobrindo no mínimo três períodos diários distintos entre as 7 e as 21 horas; (iv) representativa de um dia normal de laboração.,,12.0
TUA20231018003040,T000061,Saída,Azoto total (mg/L N),Trimestral,Composta (ii),Amostragem composta recolhida durante um período de 24 horas: (i) com intervalos máximos de 1 hora; (ii) com intervalos máximos de 4 horas; (iii) cobrindo no mínimo três períodos diários distintos entre as 7 e as 21 horas; (iv) representativa de um dia normal de laboração.,,4.0
TUA20231018003040,T000062,Saída,Fósforo total (mg/L P),Trimestral,Composta (ii),Amostragem composta recolhida durante um período de 24 horas: (i) com intervalos máximos de 1 hora; (ii) com intervalos máximos de 4 horas; (iii) cobrindo no mínimo três períodos diários distintos entre as 7 e as 21 horas; (iv) representativa de um dia normal de laboração.,,4.0
TUA20231018003040,T000063,Saída,Caudal (m3/mês),Mensal,Pontual,,,12.0
TUA20231109003280,T000017,Saída,pH (Escala de Sörensen),Trimestral,Pontual,,,4.0
TUA20231109003280,T000019,Saída,Carência Bioquímica de Oxigénio (mg/L O2),Trimestral,Pontual,,,4.0
TUA20231109003280,T000021,Saída,Carência Química de Oxigénio (mg/L O2),Trimestral,Pontual,,,4.0
TUA20231109003280,T000023,Saída,Sólidos Suspensos Totais (mg/L),Trimestral,Pontual,,,4.0
TUA20231109003280,T000024,Saída,Azoto total (mg/L N),Trimestral,Pontual,,,4.0
TUA20231109003280,T000025,Saída,Fósforo total (mg/L P),Trimestral,Pontual,,,4.0
TUA20231128003520,T000017,Saída,pH (Escala de Sörensen),Mensal,Pontual,,,12.0
TUA20231128003520,T000019,Saída,Carência Bioquímica de Oxigénio (mg/L O2),Mensal,Pontual,,,12.0
TUA20231128003520,T000021,Saída,Carência Química de Oxigénio (mg/L O2),Mensal,Pontual,,,12.0
TUA20231128003520,T000023,Saída,Sólidos Suspensos Totais (mg/L),Mensal,Pontual,,,12.0
TUA20231128003520,T000024,Saída,Azoto total (mg/L N),Trimestral,Pontual,,,4.0
TUA20231128003520,T000025,Saída,Fósforo total (mg/L P),Trimestral,Pontual,,,4.0
TUA20231128003521,T000017,Saída,pH (Escala de Sörensen),Trimestral,Composta (i),Amostragem composta recolhida durante um período de 24 horas: (i) com intervalos máximos de 1 hora; (ii) com intervalos máximos de 4 horas; (iii) cobrindo no mínimo três períodos diários distintos entre as 7 e as 21 horas; (iv) representativa de um dia normal de laboração.,,4.0
TUA20231128003521,T000019,Saída,Carência Bioquímica de Oxigénio (mg/L O2),Trimestral,Composta (i),Amostragem composta recolhida durante um período de 24 horas: (i) com intervalos máximos de 1 hora; (ii) com intervalos máximos de 4 horas; (iii) cobrindo no mínimo três períodos diários distintos entre as 7 e as 21 horas; (iv) representativa de um dia normal de laboração.,,4.0
TUA20231128003521,T000021,Saída,Carência Química de Oxigénio (mg/L O2),Trimestral,Composta (i),Amostragem composta recolhida durante um período de 24 horas: (i) com intervalos máximos de 1 hora; (ii) com intervalos máximos de 4 horas; (iii) cobrindo no mínimo três períodos diários distintos entre as 7 e as 21 horas; (iv) representativa de um dia normal de laboração.,,4.0
TUA20231128003521,T000023,Saída,Sólidos Suspensos Totais (mg/L),Trimestral,Composta (i),Amostragem composta recolhida durante um período de 24 horas: (i) com intervalos máximos de 1 hora; (ii) com intervalos máximos de 4 horas; (iii) cobrindo no mínimo três períodos diários distintos entre as 7 e as 21 horas; (iv) representativa de um dia normal de laboração.,,4.0
TUA20231128003521,T000024,Saída,Azoto total (mg/L N),Trimestral,Composta (i),Amostragem composta recolhida durante um período de 24 horas: (i) com intervalos máximos de 1 hora; (ii) com intervalos máximos de 4 horas; (iii) cobrindo no mínimo três períodos diários distintos entre as 7 e as 21 horas; (iv) representativa de um dia normal de laboração.,,4.0
TUA20231128003521,T000025,Saída,Fósforo total (mg/L P),Trimestral,Composta (i),Amostragem composta recolhida durante um período de 24 horas: (i) com intervalos máximos de 1 hora; (ii) com intervalos máximos de 4 horas; (iii) cobrindo no mínimo três períodos diários distintos entre as 7 e as 21 horas; (iv) representativa de um dia normal de laboração.,,4.0
TUA20231205003587,T000017,Saída,pH (Escala de Sörensen),Trimestral,Pontual,,,4.0
TUA20231205003587,T000019,Saída,Carência Bioquímica de Oxigénio (mg/L O2),Trimestral,Pontual,,,4.0
TUA20231205003587,T000021,Saída,Carência Química de Oxigénio (mg/L O2),Trimestral,Pontual,,,4.0
TUA20231205003587,T000023,Saída,Sólidos Suspensos Totais (mg/L),Trimestral,Pontual,,,4.0
TUA20231206003600,T000017,Saída,pH (Escala de Sörensen),Mensal,Pontual,,,12.0
TUA20231206003600,T000019,Saída,Carência Bioquímica de Oxigénio (mg/L O2),Mensal,Pontual,,,12.0
TUA20231206003600,T000021,Saída,Carência Química de Oxigénio (mg/L O2),Mensal,Pontual,,,12.0
TUA20231206003600,T000025,Saída,Sólidos Suspensos Totais (mg/L),Trimestral,Pontual,,,4.0
TUA20231206003600,T000026,Saída,Azoto total (mg/L N),Trimestral,Pontual,,,4.0
TUA20231206003600,T000027,Saída,Fósforo total (mg/L P),Trimestral,Pontual,,,4.0
TUA20231206003602,T000017,Saída,pH (Escala de Sörensen),Mensal,Pontual,,,12.0
TUA20231206003602,T000019,Saída,Carência Bioquímica de Oxigénio (mg/L O2),Mensal,Pontual,,,12.0
TUA20231206003602,T000021,Saída,Carência Química de Oxigénio (mg/L O2),Mensal,Pontual,,,12.0
TUA20231206003602,T000023,Saída,Sólidos Suspensos Totais (mg/L),Mensal,Pontual,,,12.0
TUA20231206003602,T000024,Saída,Azoto total (mg/L N),Trimestral,Pontual,,,4.0
TUA20231206003602,T000025,Saída,Fósforo total (mg/L P),Trimestral,Pontual,,,4.0
TUA20231211003636,T000017,Saída,pH (Escala de Sörensen),Trimestral,Pontual,,,4.0
TUA20231211003636,T000019,Saída,Carência Bioquímica de Oxigénio (mg/L O2),Trimestral,Pontual,,,4.0
TUA20231211003636,T000021,Saída,Carência Química de Oxigénio (mg/L O2),Trimestral,Pontual,,,4.0
TUA20231211003636,T000023,Saída,Sólidos Suspensos Totais (mg/L),Trimestral,Pontual,,,4.0
TUA20231211003636,T000024,Saída,Azoto total (mg/L N),Trimestral,Pontual,,,4.0
TUA20231211003636,T000025,Saída,Fósforo total (mg/L P),Trimestral,Pontual,,,4.0
TUA20231212003641,T000017,Saída,pH (Escala de Sörensen),Trimestral,Composta (iii),Amostragem composta recolhida durante um período de 24 horas: (i) com intervalos máximos de 1 hora; (ii) com intervalos máximos de 4 horas; (iii) cobrindo no mínimo três períodos diários distintos entre as 7 e as 21 horas; (iv) representativa de um dia normal de laboração.,,4.0
TUA20231212003641,T000019,Saída,Carência Química de Oxigénio (mg/L O2),Trimestral,Composta (iii),Amostragem composta recolhida durante um período de 24 horas: (i) com intervalos máximos de 1 hora; (ii) com intervalos máximos de 4 horas; (iii) cobrindo no mínimo três períodos diários distintos entre as 7 e as 21 horas; (iv) representativa de um dia normal de laboração.,,4.0
TUA20231212003641,T000021,Saída,Carência Bioquímica de Oxigénio (mg/L O2),Trimestral,Composta (iii),Amostragem composta recolhida durante um período de 24 horas: (i) com intervalos máximos de 1 hora; (ii) com intervalos máximos de 4 horas; (iii) cobrindo no mínimo três períodos diários distintos entre as 7 e as 21 horas; (iv) representativa de um dia normal de laboração.,,4.0
TUA20231212003641,T000023,Saída,Oxigénio (mg/L O2) Sólidos Suspensos Totais (mg/L),Trimestral,Composta (iii),Amostragem composta recolhida durante um período de 24 horas: (i) com intervalos máximos de 1 hora; (ii) com intervalos máximos de 4 horas; (iii) cobrindo no mínimo três períodos diários distintos entre as 7 e as 21 horas; (iv) representativa de um dia normal de laboração.,,4.0
TUA20231212003641,T000069,Saída,Azoto total (mg/L N),Trimestral,Composta (iii),Amostragem composta recolhida durante um período de 24 horas: (i) com intervalos máximos de 1 hora; (ii) com intervalos máximos de 4 horas; (iii) cobrindo no mínimo três períodos diários distintos entre as 7 e as 21 horas; (iv) representativa de um dia normal de laboração.,,4.0
TUA20231212003641,T000070,Saída,Fósforo total (mg/L P),Trimestral,Composta (iii),Amostragem composta recolhida durante um período de 24 horas: (i) com intervalos máximos de 1 hora; (ii) com intervalos máximos de 4 horas; (iii) cobrindo no mínimo três períodos diários distintos entre as 7 e as 21 horas; (iv) representativa de um dia normal de laboração.,,4.0
TUA20231228003808,T000017,Saída,pH (Escala de Sörensen),Mensal,Pontual,,,12.0
TUA20231228003808,T000019,Saída,Carência Bioquímica de Oxigénio (mg/L O2),Mensal,Pontual,,,12.0
TUA20231228003808,T000021,Saída,Carência Química de Oxigénio (mg/L O2),Mensal,Pontual,,,12.0
TUA20231228003808,T000023,Saída,Sólidos Suspensos Totais (mg/L),Mensal,Pontual,,,12.0
TUA20231228003808,T000024,Saída,Azoto total (mg/L N),Trimestral,Pontual,,,4.0
TUA20231228003808,T000025,Saída,Fósforo total (mg/L P),Trimestral,Pontual,,,4.0
TUA20240131000275,T000021,Entrada,pH (Escala de Sörensen),Quinzenal,Composta (ii),Amostragem composta recolhida durante um período de 24 horas: (i) com intervalos máximos de 1 hora; (ii) com intervalos máximos de 4 horas; (iii) cobrindo no mínimo três períodos diários distintos entre as 7 e as 21 horas; (iv) representativa de um dia normal de laboração.,,24.0
TUA20240131000275,T000022,Saída,pH (Escala de Sörensen),Quinzenal,Composta (ii),Amostragem composta recolhida durante um período de 24 horas: (i) com intervalos máximos de 1 hora; (ii) com intervalos máximos de 4 horas; (iii) cobrindo no mínimo três períodos diários distintos entre as 7 e as 21 horas; (iv) representativa de um dia normal de laboração.,,24.0
TUA20240131000275,T000023,Entrada,Carência Bioquímica de Oxigénio (mg/L O2),Quinzenal,Composta (ii),Amostragem composta recolhida durante um período de 24 horas: (i) com intervalos máximos de 1 hora; (ii) com intervalos máximos de 4 horas; (iii) cobrindo no mínimo três períodos diários distintos entre as 7 e as 21 horas; (iv) representativa de um dia normal de laboração.,,24.0
TUA20240131000275,T000024,Saída,Carência Bioquímica de Oxigénio (mg/L O2),Quinzenal,Composta (ii),Amostragem composta recolhida durante um período de 24 horas: (i) com intervalos máximos de 1 hora; (ii) com intervalos máximos de 4 horas; (iii) cobrindo no mínimo três períodos diários distintos entre as 7 e as 21 horas; (iv) representativa de um dia normal de laboração.,,24.0
TUA20240131000275,T000025,Entrada,Carência Química de Oxigénio (mg/L O2),Quinzenal,Composta (ii),Amostragem composta recolhida durante um período de 24 horas: (i) com intervalos máximos de 1 hora; (ii) com intervalos máximos de 4 horas; (iii) cobrindo no mínimo três períodos diários distintos entre as 7 e as 21 horas; (iv) representativa de um dia normal de laboração.,,24.0
TUA20240131000275,T000026,Saída,Carência Química de Oxigénio (mg/L O2),Quinzenal,Composta (ii),Amostragem composta recolhida durante um período de 24 horas: (i) com intervalos máximos de 1 hora; (ii) com intervalos máximos de 4 horas; (iii) cobrindo no mínimo três períodos diários distintos entre as 7 e as 21 horas; (iv) representativa de um dia normal de laboração.,,24.0
TUA20240131000275,T000027,Entrada,Sólidos Suspensos Totais (mg/L),Quinzenal,Composta (ii),Amostragem composta recolhida durante um período de 24 horas: (i) com intervalos máximos de 1 hora; (ii) com intervalos máximos de 4 horas; (iii) cobrindo no mínimo três períodos diários distintos entre as 7 e as 21 horas; (iv) representativa de um dia normal de laboração.,,24.0
TUA20240131000275,T000028,Saída,Sólidos Suspensos Totais (mg/L),Quinzenal,Composta (ii),Amostragem composta recolhida durante um período de 24 horas: (i) com intervalos máximos de 1 hora; (ii) com intervalos máximos de 4 horas; (iii) cobrindo no mínimo três períodos diários distintos entre as 7 e as 21 horas; (iv) representativa de um dia normal de laboração.,,24.0
TUA20240131000275,T000029,Saída,Azoto total (mg/L N),Trimestral,Composta (ii),Amostragem composta recolhida durante um período de 24 horas: (i) com intervalos máximos de 1 hora; (ii) com intervalos máximos de 4 horas; (iii) cobrindo no mínimo três períodos diários distintos entre as 7 e as 21 horas; (iv) representativa de um dia normal de laboração.,,4.0
TUA20240131000275,T000030,Saída,Fósforo total (mg/L P),Trimestral,Composta (ii),Amostragem composta recolhida durante um período de 24 horas: (i) com intervalos máximos de 1 hora; (ii) com intervalos máximos de 4 horas; (iii) cobrindo no mínimo três períodos diários distintos entre as 7 e as 21 horas; (iv) representativa de um dia normal de laboração.,,4.0
TUA20240131000275,T000031,Saída,Caudal (m3/mês),Mensal,Pontual,,,12.0
TUA20240131000275,T000032,Entrada,Caudal (m3/mês),Mensal,Pontual,,,12.0
TUA20240131000276,T000019,Saída,Carência Bioquímica de Oxigénio (mg/L O2),Mensal,Composta (ii),Amostragem composta recolhida durante um período de 24 horas: (i) com intervalos máximos de 1 hora; (ii) com intervalos máximos de 4 horas; (iii) cobrindo no mínimo três períodos diários distintos entre as 7 e as 21 horas; (iv) representativa de um dia normal de laboração.,,12.0
TUA20240131000276,T000020,Saída,pH (Escala de Sörensen),Mensal,Composta (ii),Amostragem composta recolhida durante um período de 24 horas: (i) com intervalos máximos de 1 hora; (ii) com intervalos máximos de 4 horas; (iii) cobrindo no mínimo três períodos diários distintos entre as 7 e as 21 horas; (iv) representativa de um dia normal de laboração.,,12.0
TUA20240131000276,T000022,Saída,Carência Química de Oxigénio (mg/L O2),Mensal,Composta (ii),Amostragem composta recolhida durante um período de 24 horas: (i) com intervalos máximos de 1 hora; (ii) com intervalos máximos de 4 horas; (iii) cobrindo no mínimo três períodos diários distintos entre as 7 e as 21 horas; (iv) representativa de um dia normal de laboração.,,12.0
TUA20240131000276,T000024,Saída,Sólidos Suspensos Totais (mg/L),Mensal,Composta (ii),Amostragem composta recolhida durante um período de 24 horas: (i) com intervalos máximos de 1 hora; (ii) com intervalos máximos de 4 horas; (iii) cobrindo no mínimo três períodos diários distintos entre as 7 e as 21 horas; (iv) representativa de um dia normal de laboração.,,12.0
TUA20240131000276,T000026,Saída,Azoto total (mg/L N),Composta (ii),,,,
TUA20240131000276,T000027,Saída,Fósforo total (mg/L P),Composta (ii),,,,
TUA20240131000276,T000028,Saída,Caudal (m3/mês),Pontual,,,,
TUA20240216000439,T000018,Saída,pH (Escala de Sörensen),Mensal,Pontual,,,12.0
TUA20240216000439,T000020,Saída,Carência Bioquímica de Oxigénio (mg/L O2),Mensal,Pontual,,,12.0
TUA20240216000439,T000022,Saída,Carência Química de Oxigénio (mg/L O2),Mensal,Pontual,,,12.0
TUA20240216000439,T000023,Saída,Azoto total (mg/L N),Trimestral,Pontual,,,4.0
TUA20240216000439,T000024,Saída,Fósforo total (mg/L P),Trimestral,Pontual,,,4.0
TUA20240216000439,T000025,Saída,Caudal (m3/mês),Mensal,Pontual,,,12.0
TUA20240216000439,T000026,Saída,Sólidos Suspensos Totais (mg/L),Pontual,,,,
TUA20240216000440,T000055,Saída,pH (Escala de Sörensen),Quinzenal,Pontual,,,24.0
TUA20240216000440,T000056,Entrada,pH (Escala de Sörensen),Quinzenal,Pontual,,,24.0
TUA20240216000440,T000057,Saída,Carência Bioquímica de,Quinzenal,Pontual,,,24.0
TUA20240216000440,T000057,Saída,Carência Bioquímica de Oxigénio (mg/L O2),Quinzenal,Pontual,,,24.0
TUA20240216000440,T000058,Entrada,Carência Bioquímica de Oxigénio (mg/L O2),Quinzenal,Pontual,,,24.0
TUA20240216000440,T000059,Saída,Carência Química de Oxigénio (mg/L O2),Quinzenal,Pontual,,,24.0
TUA20240216000440,T000060,Entrada,Carência Química de Oxigénio (mg/L O2),Quinzenal,Pontual,,,24.0
TUA20240216000440,T000061,Saída,Sólidos Suspensos Totais (mg/L),Quinzenal,Pontual,,,24.0
TUA20240216000440,T000062,Entrada,Sólidos Suspensos Totais (mg/L),Quinzenal,Pontual,,,24.0
TUA20240216000440,T000063,Saída,Óleos e Gorduras (mg/L),Quinzenal,Pontual,,,24.0
TUA20240216000440,T000064,Entrada,Óleos e Gorduras (mg/L),Quinzenal,Pontual,,,24.0
TUA20240216000440,T000065,Saída,Fósforo total (mg/L P),Quinzenal,Pontual,,,24.0
TUA20240216000440,T000066,Entrada,Fósforo total (mg/L P),Quinzenal,Pontual,,,24.0
TUA20240216000440,T000067,Saída,Azoto total (mg/L N),Quinzenal,Pontual,,,24.0
TUA20240216000440,T000068,Entrada,Azoto total (mg/L N),Quinzenal,Pontual,,,24.0
TUA20240216000440,T000069,Saída,Caudal (m3/dia),Quinzenal,Pontual,,,24.0
TUA20240216000440,T000070,Entrada,Caudal (m3/dia),Quinzenal,Pontual,,,24.0
TUA20240216000440,T000071,Saída,Caudal (m3/mês),Mensal,Pontual,,,12.0
TUA20240216000440,T000072,Entrada,Caudal (m3/mês),Mensal,Pontual,,,12.0
TUA20240216000462,T000017,Saída,pH (Escala de Sörensen),Mensal,Composta (iii),Amostragem composta recolhida durante um período de 24 horas: (i) com intervalos máximos de 1 hora; (ii) com intervalos máximos de 4 horas; (iii) cobrindo no mínimo três períodos diários distintos entre as 7 e as 21 horas; (iv) representativa de um dia normal de laboração.,,12.0
TUA20240216000462,T000019,Saída,Carência Química de Oxigénio (mg/L O2),Mensal,Composta (iii),Amostragem composta recolhida durante um período de 24 horas: (i) com intervalos máximos de 1 hora; (ii) com intervalos máximos de 4 horas; (iii) cobrindo no mínimo três períodos diários distintos entre as 7 e as 21 horas; (iv) representativa de um dia normal de laboração.,,12.0
TUA20240216000462,T000021,Saída,Carência Bioquímica de Oxigénio (mg/L O2),Mensal,Composta (iii),Amostragem composta recolhida durante um período de 24 horas: (i) com intervalos máximos de 1 hora; (ii) com intervalos máximos de 4 horas; (iii) cobrindo no mínimo três períodos diários distintos entre as 7 e as 21 horas; (iv) representativa de um dia normal de laboração.,,12.0
TUA20240216000462,T000023,Saída,Sólidos Suspensos Totais (mg/L),Mensal,Composta (iii),Amostragem composta recolhida durante um período de 24 horas: (i) com intervalos máximos de 1 hora; (ii) com intervalos máximos de 4 horas; (iii) cobrindo no mínimo três períodos diários distintos entre as 7 e as 21 horas; (iv) representativa de um dia normal de laboração.,,12.0
TUA20240216000462,T000044,Saída,Óleos e Gorduras (mg/L),Trimestral,Pontual,,,4.0
TUA20240216000462,T000075,Saída,Azoto total (mg/L N),Trimestral,Composta (iii),Amostragem composta recolhida durante um período de 24 horas: (i) com intervalos máximos de 1 hora; (ii) com intervalos máximos de 4 horas; (iii) cobrindo no mínimo três períodos diários distintos entre as 7 e as 21 horas; (iv) representativa de um dia normal de laboração.,,4.0
TUA20240216000462,T000076,Saída,Fósforo total (mg/L P),Trimestral,Composta (iii),Amostragem composta recolhida durante um período de 24 horas: (i) com intervalos máximos de 1 hora; (ii) com intervalos máximos de 4 horas; (iii) cobrindo no mínimo três períodos diários distintos entre as 7 e as 21 horas; (iv) representativa de um dia normal de laboração.,,4.0
TUA20240223000530,T000062,Saída,pH (Escala de Sörensen),Mensal,Pontual,,,12.0
TUA20240223000530,T000063,Entrada,pH (Escala de Sörensen),Mensal,Pontual,,,12.0
TUA20240223000530,T000065,Saída,Carência Bioquímica de Oxigénio (mg/L O2),Mensal,Pontual,,,12.0
TUA20240223000530,T000066,Entrada,Carência Bioquímica de Oxigénio (mg/L O2),Mensal,Pontual,,,12.0
TUA20240223000530,T000067,Saída,Carência Química de Oxigénio (mg/L O2),Mensal,Pontual,,,12.0
TUA20240223000530,T000068,Entrada,Carência Química de Oxigénio (mg/L O2),Pontual,,,,
TUA20240223000530,T000069,Saída,Óleos e Gorduras (mg/L),Pontual,,,,
TUA20240223000530,T000070,Entrada,Óleos e Gorduras (mg/L),Pontual,,,,
TUA20240223000530,T000071,Saída,Sólidos Suspensos Totais (mg/L),Pontual,,,,
TUA20240223000530,T000072,Entrada,Sólidos Suspensos Totais (mg/L),Pontual,,,,
TUA20240223000530,T000073,Saída,Azoto total (mg/L N),Pontual,,,,
TUA20240223000530,T000074,Saída,Fósforo total (mg/L P),Pontual,,,,
TUA20240223000530,T000075,Saída,Caudal (m3/mês),Pontual,,,,
TUA20240229000598,T000022,Saída,pH (Escala de Sörensen),Quinzenal,Composta (iv),Amostragem composta recolhida durante um período de 24 horas: (i) com intervalos máximos de 1 hora; (ii) com intervalos máximos de 4 horas; (iii) cobrindo no mínimo três períodos diários distintos entre as 7 e as 21 horas; (iv) representativa de um dia normal de laboração.,,24.0
TUA20240229000598,T000023,Entrada,pH (Escala de Sörensen),Quinzenal,Composta (iv),Amostragem composta recolhida durante um período de 24 horas: (i) com intervalos máximos de 1 hora; (ii) com intervalos máximos de 4 horas; (iii) cobrindo no mínimo três períodos diários distintos entre as 7 e as 21 horas; (iv) representativa de um dia normal de laboração.,,24.0
TUA20240229000598,T000024,Saída,Carência Química de Oxigénio (mg/L O2),Quinzenal,Composta (iv),Amostragem composta recolhida durante um período de 24 horas: (i) com intervalos máximos de 1 hora; (ii) com intervalos máximos de 4 horas; (iii) cobrindo no mínimo três períodos diários distintos entre as 7 e as 21 horas; (iv) representativa de um dia normal de laboração.,,24.0
TUA20240229000598,T000025,Entrada,Carência Química de,Quinzenal,Composta (iv),Amostragem composta recolhida durante um período de 24 horas: (i) com intervalos máximos de 1 hora; (ii) com intervalos máximos de 4 horas; (iii) cobrindo no mínimo três períodos diários distintos entre as 7 e as 21 horas; (iv) representativa de um dia normal de laboração.,,24.0
TUA20240229000598,T000025,Entrada,Carência Química de Oxigénio (mg/L O2),Quinzenal,Composta (iv),Amostragem composta recolhida durante um período de 24 horas: (i) com intervalos máximos de 1 hora; (ii) com intervalos máximos de 4 horas; (iii) cobrindo no mínimo três períodos diários distintos entre as 7 e as 21 horas; (iv) representativa de um dia normal de laboração.,,24.0
TUA20240229000598,T000026,Saída,Carência Bioquímica de Oxigénio (mg/L O2),Quinzenal,Composta (iv),Amostragem composta recolhida durante um período de 24 horas: (i) com intervalos máximos de 1 hora; (ii) com intervalos máximos de 4 horas; (iii) cobrindo no mínimo três períodos diários distintos entre as 7 e as 21 horas; (iv) representativa de um dia normal de laboração.,,24.0
TUA20240229000598,T000027,Entrada,Carência Bioquímica de Oxigénio (mg/L O2),Quinzenal,Composta (iv),Amostragem composta recolhida durante um período de 24 horas: (i) com intervalos máximos de 1 hora; (ii) com intervalos máximos de 4 horas; (iii) cobrindo no mínimo três períodos diários distintos entre as 7 e as 21 horas; (iv) representativa de um dia normal de laboração.,,24.0
TUA20240229000598,T000028,Saída,Sólidos Suspensos Totais (mg/L),Quinzenal,Composta (iv),Amostragem composta recolhida durante um período de 24 horas: (i) com intervalos máximos de 1 hora; (ii) com intervalos máximos de 4 horas; (iii) cobrindo no mínimo três períodos diários distintos entre as 7 e as 21 horas; (iv) representativa de um dia normal de laboração.,,24.0
TUA20240229000598,T000029,Entrada,Sólidos Suspensos Totais (mg/L),Quinzenal,Composta (iv),Amostragem composta recolhida durante um período de 24 horas: (i) com intervalos máximos de 1 hora; (ii) com intervalos máximos de 4 horas; (iii) cobrindo no mínimo três períodos diários distintos entre as 7 e as 21 horas; (iv) representativa de um dia normal de laboração.,,24.0
TUA20240229000598,T000030,Saída,Azoto total (mg/L N),Trimestral,Composta (iv),Amostragem composta recolhida durante um período de 24 horas: (i) com intervalos máximos de 1 hora; (ii) com intervalos máximos de 4 horas; (iii) cobrindo no mínimo três períodos diários distintos entre as 7 e as 21 horas; (iv) representativa de um dia normal de laboração.,,4.0
TUA20240229000598,T000031,Saída,Fósforo total (mg/L P),Trimestral,Composta (iv),Amostragem composta recolhida durante um período de 24 horas: (i) com intervalos máximos de 1 hora; (ii) com intervalos máximos de 4 horas; (iii) cobrindo no mínimo três períodos diários distintos entre as 7 e as 21 horas; (iv) representativa de um dia normal de laboração.,,4.0
TUA20240229000598,T000032,Saída,Caudal (m3/dia),Quinzenal,Pontual,,,24.0
TUA20240229000598,T000033,Entrada,Caudal (m3/dia),Quinzenal,Pontual,,,24.0
TUA20240229000598,T000034,Saída,Caudal (m3/mês),Mensal,Pontual,,,12.0
TUA20240229000598,T000035,Entrada,Caudal (m3/mês),Mensal,Pontual,,,12.0
TUA20240901002617,T000017,Saída,Carência Bioquímica de Oxigénio (mg/L O2),Trimestral,Pontual,,,4.0
TUA20240901002617,T000019,Saída,Carência Química de Oxigénio (mg/L O2),Trimestral,Pontual,,,4.0
TUA20240901002617,T000021,Saída,Sólidos Suspensos Totais (mg/L),Trimestral,Pontual,,,4.0
TUA20240901002617,T000024,Saída,Azoto total (mg/L N),Trimestral,Pontual,,,4.0
TUA20240901002617,T000025,Saída,Fósforo total (mg/L P),Trimestral,Pontual,,,4.0
TUA20241030003256,T000030,Saída,Carência Bioquímica de Oxigénio (mg/L O2),Semestral,Pontual,,,2.0
TUA20241030003256,T000032,Saída,Carência Química de Oxigénio (mg/L O2),Semestral,Pontual,,,2.0
TUA20241030003256,T000034,Saída,Sólidos Suspensos Totais (mg/L),Semestral,Pontual,,,2.0
TUA20241030003256,T000037,Saída,Azoto total (mg/L N),Semestral,Pontual,,,2.0
TUA20241030003256,T000038,Saída,Fósforo total (mg/L P),Semestral,Pontual,,,2.0
TUA20230530001578,T000048,Saída,pH (Escala de Sörensen),Trimestral,Composta (i),Amostragem composta recolhida durante um período de 24 horas: (i) com intervalos máximos de 1 hora; (ii) com intervalos máximos de 4 horas; (iii) cobrindo no mínimo três períodos diários distintos entre as 7 e as 21 horas; (iv) representativa de um dia normal de laboração.,,4.0
TUA20230530001578,T000050,Saída,Carência Bioquímica de Oxigénio (mg/L O2),Trimestral,Composta (i),Amostragem composta recolhida durante um período de 24 horas: (i) com intervalos máximos de 1 hora; (ii) com intervalos máximos de 4 horas; (iii) cobrindo no mínimo três períodos diários distintos entre as 7 e as 21 horas; (iv) representativa de um dia normal de laboração.,,4.0
TUA20230530001578,T000052,Saída,Carência Química de Oxigénio (mg/L O2),Trimestral,Composta (i),Amostragem composta recolhida durante um período de 24 horas: (i) com intervalos máximos de 1 hora; (ii) com intervalos máximos de 4 horas; (iii) cobrindo no mínimo três períodos diários distintos entre as 7 e as 21 horas; (iv) representativa de um dia normal de laboração.,,4.0
TUA20230530001578,T000054,Saída,Sólidos Suspensos Totais (mg/L),Trimestral,Composta (i),Amostragem composta recolhida durante um período de 24 horas: (i) com intervalos máximos de 1 hora; (ii) com intervalos máximos de 4 horas; (iii) cobrindo no mínimo três períodos diários distintos entre as 7 e as 21 horas; (iv) representativa de um dia normal de laboração.,,4.0
TUA20230530001578,T000055,Saída,Azoto amoniacal (mg/L NH4),Trimestral,Composta (i),Amostragem composta recolhida durante um período de 24 horas: (i) com intervalos máximos de 1 hora; (ii) com intervalos máximos de 4 horas; (iii) cobrindo no mínimo três períodos diários distintos entre as 7 e as 21 horas; (iv) representativa de um dia normal de laboração.,"amoniacal face à localização da rejeição em área de influência de zona classificada como sensível, nos termos do Decreto-Lei n.º 152/97, de 19 de junho e Portaria n.º 188/2021 de 8 de setembro.",4.0
TUA20230530001578,T000056,Saída,Azoto total (mg/L N),Trimestral,Composta (i),Amostragem composta recolhida durante um período de 24 horas: (i) com intervalos máximos de 1 hora; (ii) com intervalos máximos de 4 horas; (iii) cobrindo no mínimo três períodos diários distintos entre as 7 e as 21 horas; (iv) representativa de um dia normal de laboração.,"Deve ser efetuada monitorização dos parâmetros Azoto total e Fósforo total para efeitos do cálculo da TRH nos termos do Decreto-Lei n.º 97/2008, de 11 de junho (na sua redação atual).",4.0
TUA20230530001578,T000057,Saída,Fósforo total (mg/L P),Trimestral,Composta (i),Amostragem composta recolhida durante um período de 24 horas: (i) com intervalos máximos de 1 hora; (ii) com intervalos máximos de 4 horas; (iii) cobrindo no mínimo três períodos diários distintos entre as 7 e as 21 horas; (iv) representativa de um dia normal de laboração.,"Deve ser efetuada monitorização dos parâmetros Azoto total e Fósforo total para efeitos do cálculo da TRH nos termos do Decreto-Lei n.º 97/2008, de 11 de junho (na sua redação atual).",4.0
TUA20240105000038,T000019,Saída,pH (Escala de Sörensen),Mensal,Pontual,,,12.0
TUA20240105000038,T000021,Saída,Carência Bioquímica de Oxigénio (mg/L O2),Mensal,Pontual,,,12.0
TUA20240105000038,T000023,Saída,Carência Química de,Mensal,Pontual,,,12.0
TUA20240105000038,T000025,Saída,Oxigénio (mg/L O2) Sólidos Suspensos Totais (mg/L),Mensal,Pontual,,,12.0
TUA20240105000038,T000026,Saída,Azoto total (mg/L N),Trimestral,Pontual,,,4.0
TUA20240105000038,T000027,Saída,Fósforo total (mg/L P),Trimestral,Pontual,,,4.0
TUA20240110000102,T000018,Saída,pH (Escala de Sörensen),Mensal,Pontual,,,12.0
TUA20240110000102,T000020,Saída,Carência Bioquímica de Oxigénio (mg/L O2),Mensal,Pontual,,,12.0
TUA20240110000102,T000022,Saída,Carência Química de,Mensal,Pontual,,,12.0
TUA20240110000102,T000024,Saída,Oxigénio (mg/L O2) Sólidos Suspensos Totais (mg/L),Mensal,Pontual,,,12.0
TUA20240123000210,T000018,Saída,pH (Escala de Sörensen),Trimestral,Pontual,,,4.0
TUA20240123000210,T000020,Saída,Carência Bioquímica de Oxigénio (mg/L O2),Trimestral,Pontual,,,4.0
TUA20240123000210,T000022,Saída,Carência Química de Oxigénio (mg/L O2),Trimestral,Pontual,,,4.0
TUA20240123000210,T000024,Saída,Sólidos Suspensos Totais (mg/L),Trimestral,Pontual,,,4.0
TUA20240227000550,T000020,Saída,pH (Escala de Sörensen),Mensal,Pontual,,,12.0
TUA20240227000550,T000022,Saída,Carência Bioquímica de Oxigénio (mg/L O2),Mensal,Pontual,,,12.0
TUA20240227000550,T000024,Saída,Carência Química de Oxigénio (mg/L O2),Mensal,Pontual,,,12.0
TUA20240227000550,T000026,Saída,Sólidos Suspensos Totais (mg/L),Mensal,Pontual,,,12.0
TUA20240227000550,T000027,Saída,Azoto total (mg/L N),Trimestral,Pontual,,,4.0
TUA20240227000550,T000028,Saída,Fósforo total (mg/L P),Trimestral,Pontual,,,4.0
TUA20240308000724,T000019,Saída,pH (Escala de Sörensen),Mensal,Pontual,,,12.0
TUA20240308000724,T000021,Saída,Carência Bioquímica de Oxigénio (mg/L O2),Mensal,Pontual,,,12.0
TUA20240308000724,T000023,Saída,Carência Química de Oxigénio (mg/L O2),Mensal,Pontual,,,12.0
TUA20240308000724,T000025,Saída,Sólidos Suspensos Totais (mg/L),Mensal,Pontual,,,12.0
TUA20240416001180,T000019,Saída,Carência Bioquímica de Oxigénio (mg/L O2),Mensal,Composta (i),"Amostragem composta recolhida durante um período de 24 horas: (i) com intervalos máximos de 1 hora; (ii) com intervalos máximos de 4 horas; (iii) cobrindo no mínimo três períodos diários distintos entre as 7 e as 21 horas; (iv) representativa de um dia normal de laboração. Estado: Emitido Data de consulta: 12/08/2024 Para realizar a validação do documento e comprovar que o documento apresentado corresponde ao TUA, aceda a ""https://siliamb.apambiente.pt"" e no link ""Validar Título Único Ambiental"", indique o código do documento e de verificação apresentados. CÓDIGO DOCUMENTO: D20240416004893 CÓDIGO VERIFICAÇÃO: b6ed-a7c4-2260-8c08 PÁG. / 6 8",,12.0
TUA20240416001180,T000021,Saída,Carência Química de Oxigénio (mg/L O2),Mensal,Composta (i),"Amostragem composta recolhida durante um período de 24 horas: (i) com intervalos máximos de 1 hora; (ii) com intervalos máximos de 4 horas; (iii) cobrindo no mínimo três períodos diários distintos entre as 7 e as 21 horas; (iv) representativa de um dia normal de laboração. Estado: Emitido Data de consulta: 12/08/2024 Para realizar a validação do documento e comprovar que o documento apresentado corresponde ao TUA, aceda a ""https://siliamb.apambiente.pt"" e no link ""Validar Título Único Ambiental"", indique o código do documento e de verificação apresentados. CÓDIGO DOCUMENTO: D20240416004893 CÓDIGO VERIFICAÇÃO: b6ed-a7c4-2260-8c08 PÁG. / 6 8",,12.0
TUA20240416001180,T000023,Saída,Total de Partículas Sólidas em Suspensão (mg/L),Mensal,Composta (i),"Amostragem composta recolhida durante um período de 24 horas: (i) com intervalos máximos de 1 hora; (ii) com intervalos máximos de 4 horas; (iii) cobrindo no mínimo três períodos diários distintos entre as 7 e as 21 horas; (iv) representativa de um dia normal de laboração. Estado: Emitido Data de consulta: 12/08/2024 Para realizar a validação do documento e comprovar que o documento apresentado corresponde ao TUA, aceda a ""https://siliamb.apambiente.pt"" e no link ""Validar Título Único Ambiental"", indique o código do documento e de verificação apresentados. CÓDIGO DOCUMENTO: D20240416004893 CÓDIGO VERIFICAÇÃO: b6ed-a7c4-2260-8c08 PÁG. / 6 8",,12.0
TUA20240416001180,T000024,Saída,Azoto total (mg/L N),Mensal,Composta (i),"Amostragem composta recolhida durante um período de 24 horas: (i) com intervalos máximos de 1 hora; (ii) com intervalos máximos de 4 horas; (iii) cobrindo no mínimo três períodos diários distintos entre as 7 e as 21 horas; (iv) representativa de um dia normal de laboração. Estado: Emitido Data de consulta: 12/08/2024 Para realizar a validação do documento e comprovar que o documento apresentado corresponde ao TUA, aceda a ""https://siliamb.apambiente.pt"" e no link ""Validar Título Único Ambiental"", indique o código do documento e de verificação apresentados. CÓDIGO DOCUMENTO: D20240416004893 CÓDIGO VERIFICAÇÃO: b6ed-a7c4-2260-8c08 PÁG. / 6 8",,12.0
TUA20240416001180,T000025,Saída,Fósforo total (mg/L P),Mensal,Composta (i),"Amostragem composta recolhida durante um período de 24 horas: (i) com intervalos máximos de 1 hora; (ii) com intervalos máximos de 4 horas; (iii) cobrindo no mínimo três períodos diários distintos entre as 7 e as 21 horas; (iv) representativa de um dia normal de laboração. Estado: Emitido Data de consulta: 12/08/2024 Para realizar a validação do documento e comprovar que o documento apresentado corresponde ao TUA, aceda a ""https://siliamb.apambiente.pt"" e no link ""Validar Título Único Ambiental"", indique o código do documento e de verificação apresentados. CÓDIGO DOCUMENTO: D20240416004893 CÓDIGO VERIFICAÇÃO: b6ed-a7c4-2260-8c08 PÁG. / 6 8",,12.0
TUA20240506001395,T000019,Saída,pH (Escala de Sörensen),Mensal,Pontual,,,12.0
TUA20240506001395,T000021,Saída,Carência Bioquímica de Oxigénio (mg/L O2),Mensal,Pontual,,,12.0
TUA20240506001395,T000023,Saída,Carência Química de Oxigénio (mg/L O2),Mensal,Pontual,,,12.0
TUA20240506001395,T000025,Saída,Sólidos Suspensos Totais (mg/L),Mensal,Pontual,,,12.0
TUA20240506001401,T000021,Saída,pH (Escala de Sörensen),Mensal,Pontual,,,12.0
TUA20240506001401,T000023,Saída,Carência Bioquímica de Oxigénio (mg/L O2),Mensal,Pontual,,,12.0
TUA20240506001401,T000025,Saída,Carência Química de Oxigénio (mg/L O2),Mensal,Pontual,,,12.0
TUA20240506001401,T000027,Saída,Sólidos Suspensos Totais (mg/L),Mensal,Pontual,,,12.0
TUA20240506001401,T000028,Saída,Azoto total (mg/L N),Trimestral,Pontual,,,4.0
TUA20240506001401,T000029,Saída,Fósforo total (mg/L P),Trimestral,Pontual,,,4.0
TUA20240521001568,T000016,Saída,pH (Escala de Sörensen),Trimestral,Composta (i),Amostragem composta recolhida durante um período de 24 horas: (i) com intervalos máximos de 1 hora; (ii) com intervalos máximos de 4 horas; (iii) cobrindo no mínimo três períodos diários distintos entre as 7 e as 21 horas; (iv) representativa de um dia normal de laboração.,,4.0
TUA20240521001568,T000018,Saída,Carência Bioquímica de Oxigénio (mg/L O2),Trimestral,Composta (i),Amostragem composta recolhida durante um período de 24 horas: (i) com intervalos máximos de 1 hora; (ii) com intervalos máximos de 4 horas; (iii) cobrindo no mínimo três períodos diários distintos entre as 7 e as 21 horas; (iv) representativa de um dia normal de laboração.,,4.0
TUA20240521001568,T000020,Saída,Carência Química de Oxigénio (mg/L O2),Trimestral,Composta (i),Amostragem composta recolhida durante um período de 24 horas: (i) com intervalos máximos de 1 hora; (ii) com intervalos máximos de 4 horas; (iii) cobrindo no mínimo três períodos diários distintos entre as 7 e as 21 horas; (iv) representativa de um dia normal de laboração.,,4.0
TUA20240521001568,T000022,Saída,Sólidos Suspensos Totais (mg/L),Trimestral,Composta (i),Amostragem composta recolhida durante um período de 24 horas: (i) com intervalos máximos de 1 hora; (ii) com intervalos máximos de 4 horas; (iii) cobrindo no mínimo três períodos diários distintos entre as 7 e as 21 horas; (iv) representativa de um dia normal de laboração.,,4.0
TUA20240521001568,T000023,Saída,(mg/L) Azoto amoniacal (mg/L NH4),Trimestral,Composta (i),Amostragem composta recolhida durante um período de 24 horas: (i) com intervalos máximos de 1 hora; (ii) com intervalos máximos de 4 horas; (iii) cobrindo no mínimo três períodos diários distintos entre as 7 e as 21 horas; (iv) representativa de um dia normal de laboração.,"monitorização do parâmetro Azoto amoniacal face à localização da rejeição em área de influência da zona classificada como sensível, nos termos do Decreto-Lei n.º 152/97, de 19 de junho e Portaria n.º 188/2021 de 8 de setembro.",4.0
TUA20240521001568,T000024,Saída,Azoto total (mg/L N),Trimestral,Composta (i),Amostragem composta recolhida durante um período de 24 horas: (i) com intervalos máximos de 1 hora; (ii) com intervalos máximos de 4 horas; (iii) cobrindo no mínimo três períodos diários distintos entre as 7 e as 21 horas; (iv) representativa de um dia normal de laboração.,"Deve ser efetuada monitorização do parâmetro Azoto total para efeitos do cálculo da TRH nos termos do Decreto-Lei n.º 97/2008, de 11 de junho (na sua redação atual).",4.0
TUA20240521001568,T000025,Saída,Fósforo total (mg/L P),Trimestral,Composta (i),Amostragem composta recolhida durante um período de 24 horas: (i) com intervalos máximos de 1 hora; (ii) com intervalos máximos de 4 horas; (iii) cobrindo no mínimo três períodos diários distintos entre as 7 e as 21 horas; (iv) representativa de um dia normal de laboração.,"Deve ser efetuada monitorização do parâmetro Fósforo total para efeitos do cálculo da TRH nos termos do Decreto-Lei n.º 97/2008, de 11 de junho (na sua redação atual).",4.0
TUA20240521001569,T000016,Saída,pH (Escala de Sörensen),Trimestral,Composta (i),Amostragem composta recolhida durante um período de 24 horas: (i) com intervalos máximos de 1 hora; (ii) com intervalos máximos de 4 horas; (iii) cobrindo no mínimo três períodos diários distintos entre as 7 e as 21 horas; (iv) representativa de um dia normal de laboração.,,4.0
TUA20240521001569,T000018,Saída,Carência Bioquímica de Oxigénio (mg/L O2),Trimestral,Composta (i),Amostragem composta recolhida durante um período de 24 horas: (i) com intervalos máximos de 1 hora; (ii) com intervalos máximos de 4 horas; (iii) cobrindo no mínimo três períodos diários distintos entre as 7 e as 21 horas; (iv) representativa de um dia normal de laboração.,,4.0
TUA20240521001569,T000020,Saída,Carência Química de Oxigénio (mg/L O2),Trimestral,Composta (i),Amostragem composta recolhida durante um período de 24 horas: (i) com intervalos máximos de 1 hora; (ii) com intervalos máximos de 4 horas; (iii) cobrindo no mínimo três períodos diários distintos entre as 7 e as 21 horas; (iv) representativa de um dia normal de laboração.,,4.0
TUA20240521001569,T000022,Saída,Sólidos Suspensos Totais (mg/L),Trimestral,Composta (i),Amostragem composta recolhida durante um período de 24 horas: (i) com intervalos máximos de 1 hora; (ii) com intervalos máximos de 4 horas; (iii) cobrindo no mínimo três períodos diários distintos entre as 7 e as 21 horas; (iv) representativa de um dia normal de laboração.,,4.0
TUA20240521001569,T000023,Saída,(mg/L) Azoto amoniacal (mg/L NH4),Trimestral,Composta (i),Amostragem composta recolhida durante um período de 24 horas: (i) com intervalos máximos de 1 hora; (ii) com intervalos máximos de 4 horas; (iii) cobrindo no mínimo três períodos diários distintos entre as 7 e as 21 horas; (iv) representativa de um dia normal de laboração.,"monitorização do parâmetro Azoto amoniacal face à localização da rejeição em área de influência da zona classificada como sensível, nos termos do Decreto-Lei n.º 152/97, de 19 de junho e Portaria n.º 188/2021 de 8 de setembro.",4.0
TUA20240521001569,T000024,Saída,Azoto total (mg/L N),Trimestral,Composta (i),Amostragem composta recolhida durante um período de 24 horas: (i) com intervalos máximos de 1 hora; (ii) com intervalos máximos de 4 horas; (iii) cobrindo no mínimo três períodos diários distintos entre as 7 e as 21 horas; (iv) representativa de um dia normal de laboração.,"Deve ser efetuada monitorização do parâmetro Azoto total para efeitos do cálculo da TRH nos termos do Decreto-Lei n.º 97/2008, de 11 de junho (na sua redação atual).",4.0
TUA20240521001569,T000025,Saída,Fósforo total (mg/L P),Trimestral,Composta (i),Amostragem composta recolhida durante um período de 24 horas: (i) com intervalos máximos de 1 hora; (ii) com intervalos máximos de 4 horas; (iii) cobrindo no mínimo três períodos diários distintos entre as 7 e as 21 horas; (iv) representativa de um dia normal de laboração.,"Deve ser efetuada monitorização do parâmetro Fósforo total para efeitos do cálculo da TRH nos termos do Decreto-Lei n.º 97/2008, de 11 de junho (na sua redação atual).",4.0
TUA20240521001573,T000017,Saída,pH (Escala de Sörensen),Trimestral,Composta (i),Amostragem composta recolhida durante um período de 24 horas: (i) com intervalos máximos de 1 hora; (ii) com intervalos máximos de 4 horas; (iii) cobrindo no mínimo três períodos diários distintos entre as 7 e as 21 horas; (iv) representativa de um dia normal de laboração.,,4.0
TUA20240521001573,T000020,Saída,Carência Química de Oxigénio (mg/L O2),Trimestral,Composta (i),Amostragem composta recolhida durante um período de 24 horas: (i) com intervalos máximos de 1 hora; (ii) com intervalos máximos de 4 horas; (iii) cobrindo no mínimo três períodos diários distintos entre as 7 e as 21 horas; (iv) representativa de um dia normal de laboração.,,4.0
TUA20240521001573,T000022,Saída,Sólidos Suspensos Totais (mg/L),Trimestral,Composta (i),Amostragem composta recolhida durante um período de 24 horas: (i) com intervalos máximos de 1 hora; (ii) com intervalos máximos de 4 horas; (iii) cobrindo no mínimo três períodos diários distintos entre as 7 e as 21 horas; (iv) representativa de um dia normal de laboração.,,4.0
TUA20240521001573,T000023,Saída,Carência Bioquímica de Oxigénio (mg/L O2),Trimestral,Composta (i),Amostragem composta recolhida durante um período de 24 horas: (i) com intervalos máximos de 1 hora; (ii) com intervalos máximos de 4 horas; (iii) cobrindo no mínimo três períodos diários distintos entre as 7 e as 21 horas; (iv) representativa de um dia normal de laboração.,,4.0
TUA20240521001573,T000024,Saída,Azoto total (mg/L N),Trimestral,Composta (i),Amostragem composta recolhida durante um período de 24 horas: (i) com intervalos máximos de 1 hora; (ii) com intervalos máximos de 4 horas; (iii) cobrindo no mínimo três períodos diários distintos entre as 7 e as 21 horas; (iv) representativa de um dia normal de laboração.,"Para efeitos do cálculo da TRH nos termos do Decreto-Lei n.º 97/2008, de 11 de junho (na sua redação atual).",4.0
TUA20240521001573,T000025,Saída,Fósforo total (mg/L P),Trimestral,Composta (i),Amostragem composta recolhida durante um período de 24 horas: (i) com intervalos máximos de 1 hora; (ii) com intervalos máximos de 4 horas; (iii) cobrindo no mínimo três períodos diários distintos entre as 7 e as 21 horas; (iv) representativa de um dia normal de laboração.,"TRH nos termos do Decreto-Lei n.º 97/2008, de 11 de junho (na sua redação atual).",4.0
TUA20240521001573,T000064,Saída,Escherichia coli (época balnear) (ufc/100 mL),Quinzenal,Pontual,,Monitorização para efeitos de avaliação das características do efluente tratado.,24.0
TUA20240521001573,T000065,Saída,Enterecocos intestinais (época balnear) (ufc/100 mL),Quinzenal,Pontual,,Monitorização para efeitos de avaliação das características do efluente tratado.,24.0
TUA20240521001575,T000017,Saída,pH (Escala de Sörensen),Trimestral,Composta (i),Amostragem composta recolhida durante um período de 24 horas: (i) com intervalos máximos de 1 hora; (ii) com intervalos máximos de 4 horas; (iii) cobrindo no mínimo três períodos diários distintos entre as 7 e as 21 horas; (iv) representativa de um dia normal de laboração.,,4.0
TUA20240521001575,T000019,Saída,Carência Bioquímica de Oxigénio (mg/L O2),Trimestral,Composta (i),Amostragem composta recolhida durante um período de 24 horas: (i) com intervalos máximos de 1 hora; (ii) com intervalos máximos de 4 horas; (iii) cobrindo no mínimo três períodos diários distintos entre as 7 e as 21 horas; (iv) representativa de um dia normal de laboração.,,4.0
TUA20240521001575,T000021,Saída,Carência Química de Oxigénio (mg/L O2),Trimestral,Composta (i),Amostragem composta recolhida durante um período de 24 horas: (i) com intervalos máximos de 1 hora; (ii) com intervalos máximos de 4 horas; (iii) cobrindo no mínimo três períodos diários distintos entre as 7 e as 21 horas; (iv) representativa de um dia normal de laboração.,,4.0
TUA20240521001575,T000023,Saída,Sólidos Suspensos Totais (mg/L),Trimestral,Composta (i),Amostragem composta recolhida durante um período de 24 horas: (i) com intervalos máximos de 1 hora; (ii) com intervalos máximos de 4 horas; (iii) cobrindo no mínimo três períodos diários distintos entre as 7 e as 21 horas; (iv) representativa de um dia normal de laboração.,,4.0
TUA20240521001575,T000024,Saída,Azoto total (mg/L N),Trimestral,Composta (i),Amostragem composta recolhida durante um período de 24 horas: (i) com intervalos máximos de 1 hora; (ii) com intervalos máximos de 4 horas; (iii) cobrindo no mínimo três períodos diários distintos entre as 7 e as 21 horas; (iv) representativa de um dia normal de laboração.,"Decreto-Lei n.º 97/2008, de 11 de junho (na sua redação atual).",4.0
TUA20240521001575,T000025,Saída,Fósforo total (mg/L P),Trimestral,Composta (i),Amostragem composta recolhida durante um período de 24 horas: (i) com intervalos máximos de 1 hora; (ii) com intervalos máximos de 4 horas; (iii) cobrindo no mínimo três períodos diários distintos entre as 7 e as 21 horas; (iv) representativa de um dia normal de laboração.,"Deve ser efetuada monitorização do parâmetro Fósforo total para efeitos do cálculo da TRH nos termos do Decreto-Lei n.º 97/2008, de 11 de junho (na sua redação atual).",4.0
TUA20240521001575,T000026,Saída,Azoto amoniacal (mg/L NH4),Trimestral,Composta (i),Amostragem composta recolhida durante um período de 24 horas: (i) com intervalos máximos de 1 hora; (ii) com intervalos máximos de 4 horas; (iii) cobrindo no mínimo três períodos diários distintos entre as 7 e as 21 horas; (iv) representativa de um dia normal de laboração.,"Deve ser efetuada monitorização do parâmetro Azoto amoniacal face à localização da rejeição em área de influência da zona classificada como sensível, nos termos do Decreto-Lei n.º 152/97, de 19 de junho e Portaria n.º 188/2021 de 8 de setembro.",4.0
TUA20240521001577,T000017,Saída,pH (Escala de Sörensen),Trimestral,Composta (i),Amostragem composta recolhida durante um período de 24 horas: (i) com intervalos máximos de 1 hora; (ii) com intervalos máximos de 4 horas; (iii) cobrindo no mínimo três períodos diários distintos entre as 7 e as 21 horas; (iv) representativa de um dia normal de laboração.,,4.0
TUA20240521001577,T000019,Saída,Carência Bioquímica de Oxigénio (mg/L O2),Trimestral,Composta (i),Amostragem composta recolhida durante um período de 24 horas: (i) com intervalos máximos de 1 hora; (ii) com intervalos máximos de 4 horas; (iii) cobrindo no mínimo três períodos diários distintos entre as 7 e as 21 horas; (iv) representativa de um dia normal de laboração.,,4.0
TUA20240521001577,T000021,Saída,Carência Química de Oxigénio (mg/L O2),Trimestral,Composta (i),Amostragem composta recolhida durante um período de 24 horas: (i) com intervalos máximos de 1 hora; (ii) com intervalos máximos de 4 horas; (iii) cobrindo no mínimo três períodos diários distintos entre as 7 e as 21 horas; (iv) representativa de um dia normal de laboração.,,4.0
TUA20240521001577,T000023,Saída,Sólidos Suspensos Totais (mg/L),Trimestral,Composta (i),Amostragem composta recolhida durante um período de 24 horas: (i) com intervalos máximos de 1 hora; (ii) com intervalos máximos de 4 horas; (iii) cobrindo no mínimo três períodos diários distintos entre as 7 e as 21 horas; (iv) representativa de um dia normal de laboração.,,4.0
TUA20240521001577,T000024,Saída,Azoto amoniacal (mg/L NH4),Trimestral,Composta (i),Amostragem composta recolhida durante um período de 24 horas: (i) com intervalos máximos de 1 hora; (ii) com intervalos máximos de 4 horas; (iii) cobrindo no mínimo três períodos diários distintos entre as 7 e as 21 horas; (iv) representativa de um dia normal de laboração.,"sensível, nos termos do Decreto-Lei n.º 152/97, de 19 de junho e Portaria n.º 188/2021 de 8 de setembro.",4.0
TUA20240521001577,T000025,Saída,Azoto total (mg/L N),Trimestral,Composta (i),Amostragem composta recolhida durante um período de 24 horas: (i) com intervalos máximos de 1 hora; (ii) com intervalos máximos de 4 horas; (iii) cobrindo no mínimo três períodos diários distintos entre as 7 e as 21 horas; (iv) representativa de um dia normal de laboração.,"Deve ser efetuada monitorização do parâmetro Azoto total para efeitos do cálculo da TRH nos termos do Decreto-Lei n.º 97/2008, de 11 de junho (na sua redação atual).",4.0
TUA20240521001577,T000026,Saída,Fósforo total (mg/L P),Trimestral,Composta (i),Amostragem composta recolhida durante um período de 24 horas: (i) com intervalos máximos de 1 hora; (ii) com intervalos máximos de 4 horas; (iii) cobrindo no mínimo três períodos diários distintos entre as 7 e as 21 horas; (iv) representativa de um dia normal de laboração.,"Deve ser efetuada monitorização do parâmetro Fósforo total para efeitos do cálculo da TRH nos termos do Decreto-Lei n.º 97/2008, de 11 de junho (na sua redação atual).",4.0
TUA20240522001588,T000017,Saída,pH (Escala de Sörensen),Trimestral,Composta (i),Amostragem composta recolhida durante um período de 24 horas: (i) com intervalos máximos de 1 hora; (ii) com intervalos máximos de 4 horas; (iii) cobrindo no mínimo três períodos diários distintos entre as 7 e as 21 horas; (iv) representativa de um dia normal de laboração.,,4.0
TUA20240522001588,T000019,Saída,Carência Bioquímica de,Trimestral,Composta (i),Amostragem composta recolhida durante um período de 24 horas: (i) com intervalos máximos de 1 hora; (ii) com intervalos máximos de 4 horas; (iii) cobrindo no mínimo três períodos diários distintos entre as 7 e as 21 horas; (iv) representativa de um dia normal de laboração.,,4.0
TUA20240522001588,T000019,Saída,Carência Bioquímica de Oxigénio (mg/L O2),Trimestral,Composta (i),Amostragem composta recolhida durante um período de 24 horas: (i) com intervalos máximos de 1 hora; (ii) com intervalos máximos de 4 horas; (iii) cobrindo no mínimo três períodos diários distintos entre as 7 e as 21 horas; (iv) representativa de um dia normal de laboração.,,4.0
TUA20240522001588,T000021,Saída,Carência Química de Oxigénio (mg/L O2),Trimestral,Composta (i),Amostragem composta recolhida durante um período de 24 horas: (i) com intervalos máximos de 1 hora; (ii) com intervalos máximos de 4 horas; (iii) cobrindo no mínimo três períodos diários distintos entre as 7 e as 21 horas; (iv) representativa de um dia normal de laboração.,,4.0
TUA20240522001588,T000023,Saída,Sólidos Suspensos Totais (mg/L),Trimestral,Composta (i),Amostragem composta recolhida durante um período de 24 horas: (i) com intervalos máximos de 1 hora; (ii) com intervalos máximos de 4 horas; (iii) cobrindo no mínimo três períodos diários distintos entre as 7 e as 21 horas; (iv) representativa de um dia normal de laboração.,,4.0
TUA20240522001588,T000025,Saída,Escherichia coli (ufc/100 mL),Trimestral,Pontual,,,4.0
TUA20240522001588,T000026,Saída,Azoto amoniacal (mg/L NH4),Trimestral,Composta (i),Amostragem composta recolhida durante um período de 24 horas: (i) com intervalos máximos de 1 hora; (ii) com intervalos máximos de 4 horas; (iii) cobrindo no mínimo três períodos diários distintos entre as 7 e as 21 horas; (iv) representativa de um dia normal de laboração.,"Deve ser efetuada monitorização do parâmetro Azoto amoniacal face à localização da rejeição em área de influência da zona classificada como sensível, nos termos do Decreto-Lei n.º 152/97, de 19 de junho e Portaria n.º 188/2021 de 8 de setembro.",4.0
TUA20240522001588,T000027,Saída,Azoto total (mg/L N),Trimestral,Composta (i),Amostragem composta recolhida durante um período de 24 horas: (i) com intervalos máximos de 1 hora; (ii) com intervalos máximos de 4 horas; (iii) cobrindo no mínimo três períodos diários distintos entre as 7 e as 21 horas; (iv) representativa de um dia normal de laboração.,"Deve ser efetuada monitorização do parâmetro Azoto total para efeitos do cálculo da TRH nos termos do Decreto-Lei n.º 97/2008, de 11 de junho (na sua redação atual).",4.0
TUA20240522001588,T000028,Saída,Fósforo total (mg/L P),Trimestral,Composta (i),Amostragem composta recolhida durante um período de 24 horas: (i) com intervalos máximos de 1 hora; (ii) com intervalos máximos de 4 horas; (iii) cobrindo no mínimo três períodos diários distintos entre as 7 e as 21 horas; (iv) representativa de um dia normal de laboração.,"Deve ser efetuada monitorização do parâmetro Fósforo total para efeitos do cálculo da TRH nos termos do Decreto-Lei n.º 97/2008, de 11 de junho (na sua redação atual).",4.0
TUA20240604001677,T000030,Saída,pH (Escala de Sörensen),Trimestral,Composta (i),Amostragem composta recolhida durante um período de 24 horas: (i) com intervalos máximos de 1 hora; (ii) com intervalos máximos de 4 horas; (iii) cobrindo no mínimo três períodos diários distintos entre as 7 e as 21 horas; (iv) representativa de um dia normal de laboração.,"Metodologia aplicável em conformidade com o disposto na legislação em vigor e de acordo com a Diretiva 2009/90/CE, transposta para direito interno pelo Decreto-¬Lei n.º 83/2011, de 20 de junho.",4.0
TUA20240604001677,T000032,Saída,Carência Bioquímica de Oxigénio (mg/L O2),Trimestral,Composta (i),Amostragem composta recolhida durante um período de 24 horas: (i) com intervalos máximos de 1 hora; (ii) com intervalos máximos de 4 horas; (iii) cobrindo no mínimo três períodos diários distintos entre as 7 e as 21 horas; (iv) representativa de um dia normal de laboração.,"transposta para direito interno pelo Decreto-Lei n.º 83/2011, de 20 de junho.",4.0
TUA20240604001677,T000034,Saída,Carência Química de Oxigénio (mg/L O2),Trimestral,Composta (i),Amostragem composta recolhida durante um período de 24 horas: (i) com intervalos máximos de 1 hora; (ii) com intervalos máximos de 4 horas; (iii) cobrindo no mínimo três períodos diários distintos entre as 7 e as 21 horas; (iv) representativa de um dia normal de laboração.,"Metodologia aplicável em conformidade com o disposto na legislação em vigor e de acordo com a Diretiva 2009/90/CE, transposta para direito interno pelo Decreto-Lei n.º 83/2011, de 20 de junho.",4.0
TUA20240604001677,T000036,Saída,Sólidos Suspensos Totais (mg/L),Trimestral,Composta (i),Amostragem composta recolhida durante um período de 24 horas: (i) com intervalos máximos de 1 hora; (ii) com intervalos máximos de 4 horas; (iii) cobrindo no mínimo três períodos diários distintos entre as 7 e as 21 horas; (iv) representativa de um dia normal de laboração.,"Metodologia aplicável em conformidade com o disposto na legislação em vigor e de acordo com a Diretiva 2009/90/CE, transposta para direito interno pelo Decreto-Lei n.º 83/2011, de 20 de junho.",4.0
TUA20240604001677,T000056,Saída,Azoto total (mg/L N),Trimestral,Composta (i),Amostragem composta recolhida durante um período de 24 horas: (i) com intervalos máximos de 1 hora; (ii) com intervalos máximos de 4 horas; (iii) cobrindo no mínimo três períodos diários distintos entre as 7 e as 21 horas; (iv) representativa de um dia normal de laboração.,"Metodologia aplicável em conformidade com o disposto na legislação em vigor e de acordo com a Diretiva 2009/90/CE, transposta para direito interno pelo Decreto¬Lei n.º 83/2011, de 20 de junho. Deve ser efetuada monitorização do parâmetro Azoto total para efeitos do cálculo da TRH nos termos do Decreto-Lei n.º 97/2008, de 11 de junho (na sua redação atual).",4.0
TUA20240604001677,T000057,Saída,Fósforo total (mg/L P),Trimestral,Composta (i),Amostragem composta recolhida durante um período de 24 horas: (i) com intervalos máximos de 1 hora; (ii) com intervalos máximos de 4 horas; (iii) cobrindo no mínimo três períodos diários distintos entre as 7 e as 21 horas; (iv) representativa de um dia normal de laboração.,"Metodologia aplicável em conformidade com o disposto na legislação em vigor e de acordo com a Diretiva 2009/90/CE, transposta para direito interno pelo Decreto¬Lei n.º 83/2011, de 20 de junho. Deve ser efetuada monitorização do parâmetro Fósforo total para efeitos do cálculo da TRH nos termos do Decreto-Lei n.º 97/2008, de 11 de junho (na sua redação atual).",4.0
TUA20240604001677,T000058,Saída,Azoto amoniacal (mg/L NH4),Trimestral,Composta (i),Amostragem composta recolhida durante um período de 24 horas: (i) com intervalos máximos de 1 hora; (ii) com intervalos máximos de 4 horas; (iii) cobrindo no mínimo três períodos diários distintos entre as 7 e as 21 horas; (iv) representativa de um dia normal de laboração.,"Metodologia aplicável em conformidade com o disposto na legislação em vigor e de acordo com a Diretiva 2009/90/CE, transposta para direito interno pelo Decreto¬Lei n.º 83/2011, de 20 de junho. Deve ser efetuada monitorização do parâmetro Azoto amoniacal face à localização da rejeição em área de influência da zona classificada como sensível, nos termos do Decreto-Lei n.º 152/97, de 19 de junho e Portaria n.º 188/2021 de 8 de setembro.",4.0
TUA20240719002219,T000030,Saída,pH (Escala de Sörensen),Trimestral,Composta (i),Amostragem composta recolhida durante um período de 24 horas: (i) com intervalos máximos de 1 hora; (ii) com intervalos máximos de 4 horas; (iii) cobrindo no mínimo três períodos diários distintos entre as 7 e as 21 horas; (iv) representativa de um dia normal de laboração.,,4.0
TUA20240719002219,T000032,Saída,Carência Bioquímica de Oxigénio (mg/L O2),Trimestral,Composta (i),Amostragem composta recolhida durante um período de 24 horas: (i) com intervalos máximos de 1 hora; (ii) com intervalos máximos de 4 horas; (iii) cobrindo no mínimo três períodos diários distintos entre as 7 e as 21 horas; (iv) representativa de um dia normal de laboração.,,4.0
TUA20240719002219,T000034,Saída,Carência Química de Oxigénio (mg/L O2),Trimestral,Composta (i),Amostragem composta recolhida durante um período de 24 horas: (i) com intervalos máximos de 1 hora; (ii) com intervalos máximos de 4 horas; (iii) cobrindo no mínimo três períodos diários distintos entre as 7 e as 21 horas; (iv) representativa de um dia normal de laboração.,,4.0
TUA20240719002219,T000036,Saída,Sólidos Suspensos Totais (mg/L),Trimestral,Composta (i),Amostragem composta recolhida durante um período de 24 horas: (i) com intervalos máximos de 1 hora; (ii) com intervalos máximos de 4 horas; (iii) cobrindo no mínimo três períodos diários distintos entre as 7 e as 21 horas; (iv) representativa de um dia normal de laboração.,,4.0
TUA20240719002219,T000037,Saída,Azoto total (mg/L N),Trimestral,Composta (i),Amostragem composta recolhida durante um período de 24 horas: (i) com intervalos máximos de 1 hora; (ii) com intervalos máximos de 4 horas; (iii) cobrindo no mínimo três períodos diários distintos entre as 7 e as 21 horas; (iv) representativa de um dia normal de laboração.,"Deve ser efetuada monitorização do parâmetro Azoto total para efeitos do cálculo da TRH nos termos do Decreto-Lei n.º 97/2008, de 11 de junho (na sua",4.0
TUA20240719002219,T000038,Saída,Fósforo total (mg/L P),Trimestral,Composta (i),Amostragem composta recolhida durante um período de 24 horas: (i) com intervalos máximos de 1 hora; (ii) com intervalos máximos de 4 horas; (iii) cobrindo no mínimo três períodos diários distintos entre as 7 e as 21 horas; (iv) representativa de um dia normal de laboração.,"Deve ser efetuada monitorização do parâmetro Fósforo total para efeitos do cálculo da TRH nos termos do Decreto-Lei n.º 97/2008, de 11 de junho (na sua redação atual).",4.0
TUA20240719002219,T000039,Saída,Azoto amoniacal (mg/L NH4),Trimestral,Composta (i),Amostragem composta recolhida durante um período de 24 horas: (i) com intervalos máximos de 1 hora; (ii) com intervalos máximos de 4 horas; (iii) cobrindo no mínimo três períodos diários distintos entre as 7 e as 21 horas; (iv) representativa de um dia normal de laboração.,"Deve ser efetuada monitorização do parâmetro Azoto amoniacal face à localização da rejeição em área de influência da zona classificada como sensível, nos termos do Decreto-Lei n.º 152/97, de 19 de junho e Portaria n.º 188/2021 de 8 de setembro.",4.0
TUA20240719002220,T000021,Saída,pH (Escala de Sörensen),Trimestral,Composta (i),Amostragem composta recolhida durante um período de 24 horas: (i) com intervalos máximos de 1 hora; (ii) com intervalos máximos de 4 horas; (iii) cobrindo no mínimo três períodos diários distintos entre as 7 e as 21 horas; (iv) representativa de um dia normal de laboração.,,4.0
TUA20240719002220,T000023,Saída,Carência Bioquímica de Oxigénio (mg/L O2),Trimestral,Composta (i),Amostragem composta recolhida durante um período de 24 horas: (i) com intervalos máximos de 1 hora; (ii) com intervalos máximos de 4 horas; (iii) cobrindo no mínimo três períodos diários distintos entre as 7 e as 21 horas; (iv) representativa de um dia normal de laboração.,,4.0
TUA20240719002220,T000025,Saída,Carência Química de Oxigénio (mg/L O2),Trimestral,Composta (i),Amostragem composta recolhida durante um período de 24 horas: (i) com intervalos máximos de 1 hora; (ii) com intervalos máximos de 4 horas; (iii) cobrindo no mínimo três períodos diários distintos entre as 7 e as 21 horas; (iv) representativa de um dia normal de laboração.,,4.0
TUA20240719002220,T000027,Saída,Sólidos Suspensos Totais (mg/L),Trimestral,Composta (i),Amostragem composta recolhida durante um período de 24 horas: (i) com intervalos máximos de 1 hora; (ii) com intervalos máximos de 4 horas; (iii) cobrindo no mínimo três períodos diários distintos entre as 7 e as 21 horas; (iv) representativa de um dia normal de laboração.,,4.0
TUA20240719002220,T000028,Saída,Azoto total (mg/L N),Trimestral,Composta (i),Amostragem composta recolhida durante um período de 24 horas: (i) com intervalos máximos de 1 hora; (ii) com intervalos máximos de 4 horas; (iii) cobrindo no mínimo três períodos diários distintos entre as 7 e as 21 horas; (iv) representativa de um dia normal de laboração.,"Deve ser efetuada monitorização do parâmetro Azoto total para efeitos do cálculo da TRH nos termos do Decreto-Lei n.º 97/2008, de 11 de junho (na sua",4.0
TUA20240719002220,T000029,Saída,Fósforo total (mg/L P),Trimestral,Composta (i),Amostragem composta recolhida durante um período de 24 horas: (i) com intervalos máximos de 1 hora; (ii) com intervalos máximos de 4 horas; (iii) cobrindo no mínimo três períodos diários distintos entre as 7 e as 21 horas; (iv) representativa de um dia normal de laboração.,"Deve ser efetuada monitorização do parâmetro Fósforo total para efeitos do cálculo da TRH nos termos do Decreto-Lei n.º 97/2008, de 11 de junho (na sua redação atual).",4.0
TUA20240719002220,T000030,Saída,Azoto amoniacal (mg/L NH4),Trimestral,Composta (i),Amostragem composta recolhida durante um período de 24 horas: (i) com intervalos máximos de 1 hora; (ii) com intervalos máximos de 4 horas; (iii) cobrindo no mínimo três períodos diários distintos entre as 7 e as 21 horas; (iv) representativa de um dia normal de laboração.,"Deve ser efetuada monitorização do parâmetro Azoto amoniacal face à localização da rejeição em área de influência da zona classificada como sensível, nos termos do Decreto-Lei n.º 152/97, de 19 de junho e Portaria n.º 188/2021 de 8 de setembro.",4.0
TUA20240725002275,T000018,Saída,Carência Bioquímica de Oxigénio (mg/L O2),Mensal,Pontual,,,12.0
TUA20240725002275,T000020,Saída,Carência Química de Oxigénio (mg/L O2),Mensal,Pontual,,,12.0
TUA20240725002275,T000022,Saída,Sólidos Suspensos Totais (mg/L),Mensal,Pontual,,,12.0
TUA20240731002345,T000018,Saída,Carência Bioquímica de Oxigénio (mg/L O2),Mensal,Pontual,,,12.0
TUA20240731002345,T000020,Saída,Carência Química de Oxigénio (mg/L O2),Mensal,Pontual,,,12.0
TUA20240731002345,T000022,Saída,Sólidos Suspensos Totais (mg/L),Mensal,Pontual,,,12.0
TUA20240731002347,T000018,Saída,Carência Bioquímica de Oxigénio (mg/L O2),Mensal,Composta (i),"Amostragem composta recolhida durante um período de 24 horas: (i) com intervalos máximos de 1 hora; (ii) com intervalos máximos de 4 horas; (iii) cobrindo no mínimo três períodos diários distintos entre as 7 e as 21 horas; (iv) representativa de um dia normal de laboração. Estado: Emitido Data de consulta: 06/01/2025 Para realizar a validação do documento e comprovar que o documento apresentado corresponde ao TUA, aceda a ""https://siliamb.apambiente.pt"" e no link ""Validar Título Único Ambiental"", indique o código do documento e de verificação apresentados. CÓDIGO DOCUMENTO: D20240731010207 CÓDIGO VERIFICAÇÃO: 78f9-a34e-6e9d-f3b5 PÁG. / 6 8",,12.0
TUA20240731002347,T000020,Saída,Carência Química de Oxigénio (mg/L O2),Mensal,Composta (i),"Amostragem composta recolhida durante um período de 24 horas: (i) com intervalos máximos de 1 hora; (ii) com intervalos máximos de 4 horas; (iii) cobrindo no mínimo três períodos diários distintos entre as 7 e as 21 horas; (iv) representativa de um dia normal de laboração. Estado: Emitido Data de consulta: 06/01/2025 Para realizar a validação do documento e comprovar que o documento apresentado corresponde ao TUA, aceda a ""https://siliamb.apambiente.pt"" e no link ""Validar Título Único Ambiental"", indique o código do documento e de verificação apresentados. CÓDIGO DOCUMENTO: D20240731010207 CÓDIGO VERIFICAÇÃO: 78f9-a34e-6e9d-f3b5 PÁG. / 6 8",,12.0
TUA20240731002347,T000022,Saída,Sólidos Suspensos Totais (mg/L),Mensal,Composta (i),"Amostragem composta recolhida durante um período de 24 horas: (i) com intervalos máximos de 1 hora; (ii) com intervalos máximos de 4 horas; (iii) cobrindo no mínimo três períodos diários distintos entre as 7 e as 21 horas; (iv) representativa de um dia normal de laboração. Estado: Emitido Data de consulta: 06/01/2025 Para realizar a validação do documento e comprovar que o documento apresentado corresponde ao TUA, aceda a ""https://siliamb.apambiente.pt"" e no link ""Validar Título Único Ambiental"", indique o código do documento e de verificação apresentados. CÓDIGO DOCUMENTO: D20240731010207 CÓDIGO VERIFICAÇÃO: 78f9-a34e-6e9d-f3b5 PÁG. / 6 8",,12.0
TUA20240731002347,T000023,Saída,Azoto total (mg/L N),Trimestral,Composta (i),"Amostragem composta recolhida durante um período de 24 horas: (i) com intervalos máximos de 1 hora; (ii) com intervalos máximos de 4 horas; (iii) cobrindo no mínimo três períodos diários distintos entre as 7 e as 21 horas; (iv) representativa de um dia normal de laboração. Estado: Emitido Data de consulta: 06/01/2025 Para realizar a validação do documento e comprovar que o documento apresentado corresponde ao TUA, aceda a ""https://siliamb.apambiente.pt"" e no link ""Validar Título Único Ambiental"", indique o código do documento e de verificação apresentados. CÓDIGO DOCUMENTO: D20240731010207 CÓDIGO VERIFICAÇÃO: 78f9-a34e-6e9d-f3b5 PÁG. / 6 8",,4.0
TUA20240731002347,T000024,Saída,Fósforo total (mg/L P),Trimestral,Composta (i),"Amostragem composta recolhida durante um período de 24 horas: (i) com intervalos máximos de 1 hora; (ii) com intervalos máximos de 4 horas; (iii) cobrindo no mínimo três períodos diários distintos entre as 7 e as 21 horas; (iv) representativa de um dia normal de laboração. Estado: Emitido Data de consulta: 06/01/2025 Para realizar a validação do documento e comprovar que o documento apresentado corresponde ao TUA, aceda a ""https://siliamb.apambiente.pt"" e no link ""Validar Título Único Ambiental"", indique o código do documento e de verificação apresentados. CÓDIGO DOCUMENTO: D20240731010207 CÓDIGO VERIFICAÇÃO: 78f9-a34e-6e9d-f3b5 PÁG. / 6 8",,4.0
TUA20240808002408,T000017,Saída,pH (Escala de Sörensen),Trimestral,Composta (i),Amostragem composta recolhida durante um período de 24 horas: (i) com intervalos máximos de 1 hora; (ii) com intervalos máximos de 4 horas; (iii) cobrindo no mínimo três períodos diários distintos entre as 7 e as 21 horas; (iv) representativa de um dia normal de laboração.,,4.0
TUA20240808002408,T000019,Saída,Carência Bioquímica de Oxigénio (mg/L O2),Trimestral,Composta (i),Amostragem composta recolhida durante um período de 24 horas: (i) com intervalos máximos de 1 hora; (ii) com intervalos máximos de 4 horas; (iii) cobrindo no mínimo três períodos diários distintos entre as 7 e as 21 horas; (iv) representativa de um dia normal de laboração.,,4.0
TUA20240808002408,T000021,Saída,Carência Química de Oxigénio (mg/L O2),Trimestral,Composta (i),Amostragem composta recolhida durante um período de 24 horas: (i) com intervalos máximos de 1 hora; (ii) com intervalos máximos de 4 horas; (iii) cobrindo no mínimo três períodos diários distintos entre as 7 e as 21 horas; (iv) representativa de um dia normal de laboração.,,4.0
TUA20240808002408,T000023,Saída,Sólidos Suspensos Totais (mg/L),Trimestral,Composta (i),Amostragem composta recolhida durante um período de 24 horas: (i) com intervalos máximos de 1 hora; (ii) com intervalos máximos de 4 horas; (iii) cobrindo no mínimo três períodos diários distintos entre as 7 e as 21 horas; (iv) representativa de um dia normal de laboração.,,4.0
TUA20240808002408,T000024,Saída,(mg/L) Azoto amoniacal (mg/L NH4),Trimestral,Composta (i),Amostragem composta recolhida durante um período de 24 horas: (i) com intervalos máximos de 1 hora; (ii) com intervalos máximos de 4 horas; (iii) cobrindo no mínimo três períodos diários distintos entre as 7 e as 21 horas; (iv) representativa de um dia normal de laboração.,"rejeição em área de influência da zona classificada como sensível, nos termos do Decreto-Lei n.º 152/97, de 19 de junho e Portaria n.º 188/2021 de 8 de setembro.",4.0
TUA20240808002408,T000025,Saída,Azoto total (mg/L N),Trimestral,Composta (i),Amostragem composta recolhida durante um período de 24 horas: (i) com intervalos máximos de 1 hora; (ii) com intervalos máximos de 4 horas; (iii) cobrindo no mínimo três períodos diários distintos entre as 7 e as 21 horas; (iv) representativa de um dia normal de laboração.,"Para efeitos do cálculo da TRH nos termos do Decreto-Lei n.º 97/2008, de 11 de junho (na sua redação atual).",4.0
TUA20240808002408,T000026,Saída,Fósforo total (mg/L P),Trimestral,Composta (i),Amostragem composta recolhida durante um período de 24 horas: (i) com intervalos máximos de 1 hora; (ii) com intervalos máximos de 4 horas; (iii) cobrindo no mínimo três períodos diários distintos entre as 7 e as 21 horas; (iv) representativa de um dia normal de laboração.,"Para efeitos do cálculo da TRH nos termos do Decreto-Lei n.º 97/2008, de 11 de junho (na sua redação atual).",4.0
TUA20240904002654,T000017,Saída,pH (Escala de Sörensen),Trimestral,Composta (i),Amostragem composta recolhida durante um período de 24 horas: (i) com intervalos máximos de 1 hora; (ii) com intervalos máximos de 4 horas; (iii) cobrindo no mínimo três períodos diários distintos entre as 7 e as 21 horas; (iv) representativa de um dia normal de laboração.,,4.0
TUA20240904002654,T000019,Saída,Carência Bioquímica de Oxigénio (mg/L O2),Trimestral,Composta (i),Amostragem composta recolhida durante um período de 24 horas: (i) com intervalos máximos de 1 hora; (ii) com intervalos máximos de 4 horas; (iii) cobrindo no mínimo três períodos diários distintos entre as 7 e as 21 horas; (iv) representativa de um dia normal de laboração.,,4.0
TUA20240904002654,T000021,Saída,Carência Química de Oxigénio (mg/L O2),Trimestral,Composta (i),Amostragem composta recolhida durante um período de 24 horas: (i) com intervalos máximos de 1 hora; (ii) com intervalos máximos de 4 horas; (iii) cobrindo no mínimo três períodos diários distintos entre as 7 e as 21 horas; (iv) representativa de um dia normal de laboração.,,4.0
TUA20240904002654,T000023,Saída,Sólidos Suspensos Totais (mg/L),Trimestral,Composta (i),Amostragem composta recolhida durante um período de 24 horas: (i) com intervalos máximos de 1 hora; (ii) com intervalos máximos de 4 horas; (iii) cobrindo no mínimo três períodos diários distintos entre as 7 e as 21 horas; (iv) representativa de um dia normal de laboração.,,4.0
TUA20240904002654,T000025,Saída,Azoto total (mg/L N),Trimestral,Composta (i),Amostragem composta recolhida durante um período de 24 horas: (i) com intervalos máximos de 1 hora; (ii) com intervalos máximos de 4 horas; (iii) cobrindo no mínimo três períodos diários distintos entre as 7 e as 21 horas; (iv) representativa de um dia normal de laboração.,"Para efeitos do cálculo da TRH nos termos do Decreto-Lei n.º 97/2008, de 11 de junho (na sua redação atual).",4.0
TUA20240904002654,T000026,Saída,Fósforo total (mg/L P),Trimestral,Composta (i),Amostragem composta recolhida durante um período de 24 horas: (i) com intervalos máximos de 1 hora; (ii) com intervalos máximos de 4 horas; (iii) cobrindo no mínimo três períodos diários distintos entre as 7 e as 21 horas; (iv) representativa de um dia normal de laboração.,de 11 de junho (na sua redação atual).,4.0
TUA20240904002654,T000027,Saída,Escherichia coli (época balnear) (ufc/100 mL),Quinzenal,Pontual,,Monitorização para efeitos de avaliação das características do efluente tratado.,24.0
TUA20240904002654,T000028,Saída,Enterecocos intestinais (época balnear) (ufc/100 mL),Quinzenal,Pontual,,Monitorização para efeitos de avaliação das características do efluente tratado.,24.0
TUA20240916002772,T000017,Saída,pH (Escala de Sörensen),Mensal,Pontual,,,12.0
TUA20240916002772,T000019,Saída,Carência Química de Oxigénio (mg/L O2),Mensal,Pontual,,,12.0
TUA20240916002772,T000021,Saída,Carência Bioquímica de Oxigénio (mg/L O2),Mensal,Pontual,,,12.0
TUA20240916002772,T000023,Saída,Sólidos Suspensos Totais (mg/L),Mensal,Pontual,,,12.0
TUA20241003002946,T000017,Saída,pH (Escala de Sörensen),Mensal,Pontual,,,12.0
TUA20241003002946,T000019,Saída,Carência Química de Oxigénio (mg/L O2),Mensal,Pontual,,,12.0
TUA20241003002946,T000023,Saída,Carência Bioquímica de Oxigénio (mg/L O2),Mensal,Pontual,,,12.0
TUA20241003002946,T000021,Saída,Oxigénio (mg/L O2) Sólidos Suspensos Totais (mg/L),Mensal,Pontual,,,12.0
TUA20241003002946,T000025,Saída,Sólidos Suspensos Totais (mg/L),Mensal,Pontual,,,12.0
TUA20241003002946,T000026,Saída,Azoto total (mg/L N),Trimestral,Pontual,,,4.0
TUA20241003002946,T000027,Saída,Fósforo total (mg/L P),Mensal,Pontual,,,12.0
TUA20241014003042,T000017,Saída,Carência Bioquímica de Oxigénio (mg/L O2),Mensal,Composta (i),Amostragem composta recolhida durante um período de 24 horas: (i) com intervalos máximos de 1 hora; (ii) com intervalos máximos de 4 horas; (iii) cobrindo no mínimo três períodos diários distintos entre as 7 e as 21 horas; (iv) representativa de um dia normal de laboração.,,12.0
TUA20241014003042,T000019,Saída,Carência Química de Oxigénio (mg/L O2),Mensal,Composta (i),Amostragem composta recolhida durante um período de 24 horas: (i) com intervalos máximos de 1 hora; (ii) com intervalos máximos de 4 horas; (iii) cobrindo no mínimo três períodos diários distintos entre as 7 e as 21 horas; (iv) representativa de um dia normal de laboração.,,12.0
TUA20241014003042,T000022,Saída,Azoto total (mg/L N),Trimestral,Composta (i),Amostragem composta recolhida durante um período de 24 horas: (i) com intervalos máximos de 1 hora; (ii) com intervalos máximos de 4 horas; (iii) cobrindo no mínimo três períodos diários distintos entre as 7 e as 21 horas; (iv) representativa de um dia normal de laboração.,,4.0
TUA20241014003042,T000023,Saída,Fósforo total (mg/L P),Trimestral,Composta (i),Amostragem composta recolhida durante um período de 24 horas: (i) com intervalos máximos de 1 hora; (ii) com intervalos máximos de 4 horas; (iii) cobrindo no mínimo três períodos diários distintos entre as 7 e as 21 horas; (iv) representativa de um dia normal de laboração.,,4.0
TUA20241014003042,T000069,Saída,Sólidos Suspensos Totais (mg/L),Mensal,Composta (i),Amostragem composta recolhida durante um período de 24 horas: (i) com intervalos máximos de 1 hora; (ii) com intervalos máximos de 4 horas; (iii) cobrindo no mínimo três períodos diários distintos entre as 7 e as 21 horas; (iv) representativa de um dia normal de laboração.,,12.0
TUA20241022003142,T000017,Entrada,pH (Escala de Sörensen),Mensal,Composta (i),Amostragem composta recolhida durante um período de 24 horas: (i) com intervalos máximos de 1 hora; (ii) com intervalos máximos de 4 horas; (iii) cobrindo no mínimo três períodos diários distintos entre as 7 e as 21 horas; (iv) representativa de um dia normal de laboração.,,12.0
TUA20241022003142,T000019,Entrada,Carência Bioquímica de Oxigénio (mg/L O2),Mensal,Composta (i),Amostragem composta recolhida durante um período de 24 horas: (i) com intervalos máximos de 1 hora; (ii) com intervalos máximos de 4 horas; (iii) cobrindo no mínimo três períodos diários distintos entre as 7 e as 21 horas; (iv) representativa de um dia normal de laboração.,,12.0
TUA20241022003142,T000021,Entrada,Carência Química de Oxigénio (mg/L O2),Mensal,Composta (i),Amostragem composta recolhida durante um período de 24 horas: (i) com intervalos máximos de 1 hora; (ii) com intervalos máximos de 4 horas; (iii) cobrindo no mínimo três períodos diários distintos entre as 7 e as 21 horas; (iv) representativa de um dia normal de laboração.,,12.0
TUA20241022003142,T000023,Entrada,Sólidos Suspensos Totais (mg/L),Mensal,Composta (i),Amostragem composta recolhida durante um período de 24 horas: (i) com intervalos máximos de 1 hora; (ii) com intervalos máximos de 4 horas; (iii) cobrindo no mínimo três períodos diários distintos entre as 7 e as 21 horas; (iv) representativa de um dia normal de laboração.,,12.0
TUA20241022003142,T000024,Entrada,(mg/L) Azoto amoniacal (mg/L NH4),Mensal,Composta (i),Amostragem composta recolhida durante um período de 24 horas: (i) com intervalos máximos de 1 hora; (ii) com intervalos máximos de 4 horas; (iii) cobrindo no mínimo três períodos diários distintos entre as 7 e as 21 horas; (iv) representativa de um dia normal de laboração.,,12.0
TUA20241022003142,T000025,Entrada,Azoto total (mg/L N),Mensal,Composta (i),Amostragem composta recolhida durante um período de 24 horas: (i) com intervalos máximos de 1 hora; (ii) com intervalos máximos de 4 horas; (iii) cobrindo no mínimo três períodos diários distintos entre as 7 e as 21 horas; (iv) representativa de um dia normal de laboração.,,12.0
TUA20241022003142,T000026,Entrada,Fósforo total (mg/L P),Mensal,Composta (i),Amostragem composta recolhida durante um período de 24 horas: (i) com intervalos máximos de 1 hora; (ii) com intervalos máximos de 4 horas; (iii) cobrindo no mínimo três períodos diários distintos entre as 7 e as 21 horas; (iv) representativa de um dia normal de laboração.,,12.0
TUA20241022003142,T000027,Saída,pH (Escala de Sörensen),Mensal,Composta (i),Amostragem composta recolhida durante um período de 24 horas: (i) com intervalos máximos de 1 hora; (ii) com intervalos máximos de 4 horas; (iii) cobrindo no mínimo três períodos diários distintos entre as 7 e as 21 horas; (iv) representativa de um dia normal de laboração.,,12.0
TUA20241022003142,T000028,Saída,Carência Bioquímica de Oxigénio (mg/L O2),Mensal,Composta (i),Amostragem composta recolhida durante um período de 24 horas: (i) com intervalos máximos de 1 hora; (ii) com intervalos máximos de 4 horas; (iii) cobrindo no mínimo três períodos diários distintos entre as 7 e as 21 horas; (iv) representativa de um dia normal de laboração.,,12.0
TUA20241022003142,T000029,Saída,Carência Química de Oxigénio (mg/L O2),Mensal,Composta (i),Amostragem composta recolhida durante um período de 24 horas: (i) com intervalos máximos de 1 hora; (ii) com intervalos máximos de 4 horas; (iii) cobrindo no mínimo três períodos diários distintos entre as 7 e as 21 horas; (iv) representativa de um dia normal de laboração.,,12.0
TUA20241022003142,T000030,Saída,Sólidos Suspensos Totais (mg/L),Mensal,Composta (i),Amostragem composta recolhida durante um período de 24 horas: (i) com intervalos máximos de 1 hora; (ii) com intervalos máximos de 4 horas; (iii) cobrindo no mínimo três períodos diários distintos entre as 7 e as 21 horas; (iv) representativa de um dia normal de laboração.,,12.0
TUA20241022003142,T000031,Saída,Azoto amoniacal (mg/L NH4),Mensal,Composta (i),Amostragem composta recolhida durante um período de 24 horas: (i) com intervalos máximos de 1 hora; (ii) com intervalos máximos de 4 horas; (iii) cobrindo no mínimo três períodos diários distintos entre as 7 e as 21 horas; (iv) representativa de um dia normal de laboração.,,12.0
TUA20241022003142,T000032,Saída,Azoto total (mg/L N),Mensal,Composta (i),Amostragem composta recolhida durante um período de 24 horas: (i) com intervalos máximos de 1 hora; (ii) com intervalos máximos de 4 horas; (iii) cobrindo no mínimo três períodos diários distintos entre as 7 e as 21 horas; (iv) representativa de um dia normal de laboração.,,12.0
TUA20241022003142,T000033,Saída,Fósforo total (mg/L P),Mensal,Composta (i),Amostragem composta recolhida durante um período de 24 horas: (i) com intervalos máximos de 1 hora; (ii) com intervalos máximos de 4 horas; (iii) cobrindo no mínimo três períodos diários distintos entre as 7 e as 21 horas; (iv) representativa de um dia normal de laboração.,,12.0
TUA20241122003491,T000017,Entrada,pH (Escala de Sörensen),Mensal,Composta (i),Amostragem composta recolhida durante um período de 24 horas: (i) com intervalos máximos de 1 hora; (ii) com intervalos máximos de 4 horas; (iii) cobrindo no mínimo três períodos diários distintos entre as 7 e as 21 horas; (iv) representativa de um dia normal de laboração.,,12.0
TUA20241122003491,T000019,Entrada,Carência Bioquímica de Oxigénio (mg/L O2),Mensal,Composta (i),Amostragem composta recolhida durante um período de 24 horas: (i) com intervalos máximos de 1 hora; (ii) com intervalos máximos de 4 horas; (iii) cobrindo no mínimo três períodos diários distintos entre as 7 e as 21 horas; (iv) representativa de um dia normal de laboração.,,12.0
TUA20241122003491,T000021,Entrada,Oxigénio (mg/L O2) Carência Química de Oxigénio (mg/L O2),Mensal,Composta (i),Amostragem composta recolhida durante um período de 24 horas: (i) com intervalos máximos de 1 hora; (ii) com intervalos máximos de 4 horas; (iii) cobrindo no mínimo três períodos diários distintos entre as 7 e as 21 horas; (iv) representativa de um dia normal de laboração.,,12.0
TUA20241122003491,T000023,Entrada,Sólidos Suspensos Totais (mg/L),Mensal,Composta (i),Amostragem composta recolhida durante um período de 24 horas: (i) com intervalos máximos de 1 hora; (ii) com intervalos máximos de 4 horas; (iii) cobrindo no mínimo três períodos diários distintos entre as 7 e as 21 horas; (iv) representativa de um dia normal de laboração.,,12.0
TUA20241122003491,T000025,Entrada,Óleos e Gorduras (mg/L),Mensal,Pontual,,,12.0
TUA20241122003491,T000026,Entrada,Azoto amoniacal (mg/L NH4),Mensal,Composta (i),Amostragem composta recolhida durante um período de 24 horas: (i) com intervalos máximos de 1 hora; (ii) com intervalos máximos de 4 horas; (iii) cobrindo no mínimo três períodos diários distintos entre as 7 e as 21 horas; (iv) representativa de um dia normal de laboração.,,12.0
TUA20241122003491,T000027,Entrada,Azoto total (mg/L N),Mensal,Composta (i),Amostragem composta recolhida durante um período de 24 horas: (i) com intervalos máximos de 1 hora; (ii) com intervalos máximos de 4 horas; (iii) cobrindo no mínimo três períodos diários distintos entre as 7 e as 21 horas; (iv) representativa de um dia normal de laboração.,,12.0
TUA20241122003491,T000028,Entrada,Fósforo total (mg/L P),Mensal,Composta (i),Amostragem composta recolhida durante um período de 24 horas: (i) com intervalos máximos de 1 hora; (ii) com intervalos máximos de 4 horas; (iii) cobrindo no mínimo três períodos diários distintos entre as 7 e as 21 horas; (iv) representativa de um dia normal de laboração.,,12.0
TUA20241122003491,T000029,Saída,pH (Escala de Sörensen),Mensal,Composta (i),Amostragem composta recolhida durante um período de 24 horas: (i) com intervalos máximos de 1 hora; (ii) com intervalos máximos de 4 horas; (iii) cobrindo no mínimo três períodos diários distintos entre as 7 e as 21 horas; (iv) representativa de um dia normal de laboração.,,12.0
TUA20241122003491,T000030,Saída,Carência Bioquímica de Oxigénio (mg/L O2),Mensal,Composta (i),Amostragem composta recolhida durante um período de 24 horas: (i) com intervalos máximos de 1 hora; (ii) com intervalos máximos de 4 horas; (iii) cobrindo no mínimo três períodos diários distintos entre as 7 e as 21 horas; (iv) representativa de um dia normal de laboração.,,12.0
TUA20241122003491,T000031,Saída,Carência Química de Oxigénio (mg/L O2),Mensal,Composta (i),Amostragem composta recolhida durante um período de 24 horas: (i) com intervalos máximos de 1 hora; (ii) com intervalos máximos de 4 horas; (iii) cobrindo no mínimo três períodos diários distintos entre as 7 e as 21 horas; (iv) representativa de um dia normal de laboração.,,12.0
TUA20241122003491,T000032,Saída,Sólidos Suspensos Totais (mg/L),Mensal,Composta (i),Amostragem composta recolhida durante um período de 24 horas: (i) com intervalos máximos de 1 hora; (ii) com intervalos máximos de 4 horas; (iii) cobrindo no mínimo três períodos diários distintos entre as 7 e as 21 horas; (iv) representativa de um dia normal de laboração.,,12.0
TUA20241122003491,T000033,Saída,Óleos e Gorduras (mg/L),Mensal,Pontual,,,12.0
TUA20241122003491,T000034,Saída,Azoto amoniacal (mg/L NH4),Mensal,Composta (i),Amostragem composta recolhida durante um período de 24 horas: (i) com intervalos máximos de 1 hora; (ii) com intervalos máximos de 4 horas; (iii) cobrindo no mínimo três períodos diários distintos entre as 7 e as 21 horas; (iv) representativa de um dia normal de laboração.,,12.0
TUA20241122003491,T000035,Saída,Azoto total (mg/L N),Mensal,Composta (i),Amostragem composta recolhida durante um período de 24 horas: (i) com intervalos máximos de 1 hora; (ii) com intervalos máximos de 4 horas; (iii) cobrindo no mínimo três períodos diários distintos entre as 7 e as 21 horas; (iv) representativa de um dia normal de laboração.,,12.0
TUA20241122003491,T000036,Saída,Fósforo total (mg/L P),Mensal,Composta (i),Amostragem composta recolhida durante um período de 24 horas: (i) com intervalos máximos de 1 hora; (ii) com intervalos máximos de 4 horas; (iii) cobrindo no mínimo três períodos diários distintos entre as 7 e as 21 horas; (iv) representativa de um dia normal de laboração.,,12.0
TUA20241122003491,T000037,Saída,Escherichia coli (época balnear) (ufc/100 mL),Quinzenal,Pontual,,Monitorização para efeitos de avaliação das características do efluente tratado.,24.0
TUA20241122003491,T000038,Saída,Enterecocos intestinais (época balnear) (ufc/100 mL),Quinzenal,Pontual,,Monitorização para efeitos de avaliação das características do efluente tratado.,24.0
TUA20241122003495,T000018,Entrada,pH (Escala de Sörensen),Mensal,Composta (i),Amostragem composta recolhida durante um período de 24 horas: (i) com intervalos máximos de 1 hora; (ii) com intervalos máximos de 4 horas; (iii) cobrindo no mínimo três períodos diários distintos entre as 7 e as 21 horas; (iv) representativa de um dia normal de laboração.,,12.0
TUA20241122003495,T000020,Entrada,Carência Bioquímica de Oxigénio (mg/L O2),Mensal,Composta (i),Amostragem composta recolhida durante um período de 24 horas: (i) com intervalos máximos de 1 hora; (ii) com intervalos máximos de 4 horas; (iii) cobrindo no mínimo três períodos diários distintos entre as 7 e as 21 horas; (iv) representativa de um dia normal de laboração.,,12.0
TUA20241122003495,T000022,Entrada,Carência Química de Oxigénio (mg/L O2),Mensal,Composta (i),Amostragem composta recolhida durante um período de 24 horas: (i) com intervalos máximos de 1 hora; (ii) com intervalos máximos de 4 horas; (iii) cobrindo no mínimo três períodos diários distintos entre as 7 e as 21 horas; (iv) representativa de um dia normal de laboração.,,12.0
TUA20241122003495,T000024,Entrada,Sólidos Suspensos Totais (mg/L),Mensal,Composta (i),Amostragem composta recolhida durante um período de 24 horas: (i) com intervalos máximos de 1 hora; (ii) com intervalos máximos de 4 horas; (iii) cobrindo no mínimo três períodos diários distintos entre as 7 e as 21 horas; (iv) representativa de um dia normal de laboração.,,12.0
TUA20241122003495,T000026,Entrada,Óleos e Gorduras (mg/L),Mensal,Pontual,,,12.0
TUA20241122003495,T000027,Entrada,Azoto total (mg/L N),Mensal,Composta (i),Amostragem composta recolhida durante um período de 24 horas: (i) com intervalos máximos de 1 hora; (ii) com intervalos máximos de 4 horas; (iii) cobrindo no mínimo três períodos diários distintos entre as 7 e as 21 horas; (iv) representativa de um dia normal de laboração.,,12.0
TUA20241122003495,T000028,Entrada,Fósforo total (mg/L P),Mensal,Composta (i),Amostragem composta recolhida durante um período de 24 horas: (i) com intervalos máximos de 1 hora; (ii) com intervalos máximos de 4 horas; (iii) cobrindo no mínimo três períodos diários distintos entre as 7 e as 21 horas; (iv) representativa de um dia normal de laboração.,,12.0
TUA20241122003495,T000036,Entrada,Azoto amoniacal (mg/L NH4),Mensal,Composta (i),Amostragem composta recolhida durante um período de 24 horas: (i) com intervalos máximos de 1 hora; (ii) com intervalos máximos de 4 horas; (iii) cobrindo no mínimo três períodos diários distintos entre as 7 e as 21 horas; (iv) representativa de um dia normal de laboração.,,12.0
TUA20241122003495,T000029,Saída,pH (Escala de Sörensen),Mensal,Composta (i),Amostragem composta recolhida durante um período de 24 horas: (i) com intervalos máximos de 1 hora; (ii) com intervalos máximos de 4 horas; (iii) cobrindo no mínimo três períodos diários distintos entre as 7 e as 21 horas; (iv) representativa de um dia normal de laboração.,,12.0
TUA20241122003495,T000030,Saída,Carência Bioquímica de Oxigénio (mg/L O2),Mensal,Composta (i),Amostragem composta recolhida durante um período de 24 horas: (i) com intervalos máximos de 1 hora; (ii) com intervalos máximos de 4 horas; (iii) cobrindo no mínimo três períodos diários distintos entre as 7 e as 21 horas; (iv) representativa de um dia normal de laboração.,,12.0
TUA20241122003495,T000031,Saída,Carência Química de Oxigénio (mg/L O2),Mensal,Composta (i),Amostragem composta recolhida durante um período de 24 horas: (i) com intervalos máximos de 1 hora; (ii) com intervalos máximos de 4 horas; (iii) cobrindo no mínimo três períodos diários distintos entre as 7 e as 21 horas; (iv) representativa de um dia normal de laboração.,,12.0
TUA20241122003495,T000032,Saída,Sólidos Suspensos Totais (mg/L),Mensal,Composta (i),Amostragem composta recolhida durante um período de 24 horas: (i) com intervalos máximos de 1 hora; (ii) com intervalos máximos de 4 horas; (iii) cobrindo no mínimo três períodos diários distintos entre as 7 e as 21 horas; (iv) representativa de um dia normal de laboração.,,12.0
TUA20241122003495,T000033,Saída,Óleos e Gorduras (mg/L),Mensal,Pontual,,,12.0
TUA20241122003495,T000034,Saída,Fósforo total (mg/L P),Mensal,Composta (i),Amostragem composta recolhida durante um período de 24 horas: (i) com intervalos máximos de 1 hora; (ii) com intervalos máximos de 4 horas; (iii) cobrindo no mínimo três períodos diários distintos entre as 7 e as 21 horas; (iv) representativa de um dia normal de laboração.,"Para efeitos do cálculo da TRH nos termos do Decreto-Lei n.º 97/2008, de 11 de junho (na sua redação atual).",12.0
TUA20241122003495,T000035,Saída,Azoto amoniacal (mg/L NH4),Mensal,Composta (i),Amostragem composta recolhida durante um período de 24 horas: (i) com intervalos máximos de 1 hora; (ii) com intervalos máximos de 4 horas; (iii) cobrindo no mínimo três períodos diários distintos entre as 7 e as 21 horas; (iv) representativa de um dia normal de laboração.,"Face à localização da rejeição em área de influência da zona classificada como sensível, nos termos do Decreto-Lei n.º 152/97, de 19 de junho e Portaria n.º 188/2021 de 8 de setembro.",12.0
TUA20241122003495,T000037,Saída,Azoto total (mg/L N),Mensal,Composta (i),Amostragem composta recolhida durante um período de 24 horas: (i) com intervalos máximos de 1 hora; (ii) com intervalos máximos de 4 horas; (iii) cobrindo no mínimo três períodos diários distintos entre as 7 e as 21 horas; (iv) representativa de um dia normal de laboração.,"Para efeitos do cálculo da TRH nos termos do Decreto-Lei n.º 97/2008, de 11 de junho (na sua redação atual).",12.0
TUA20241210003651,T000017,Entrada,pH (Escala de Sörensen),Mensal,Composta (i),Amostragem composta recolhida durante um período de 24 horas: (i) com intervalos máximos de 1 hora; (ii) com intervalos máximos de 4 horas; (iii) cobrindo no mínimo três períodos diários distintos entre as 7 e as 21 horas; (iv) representativa de um dia normal de laboração.,,12.0
TUA20241210003651,T000019,Entrada,Carência Bioquímica de Oxigénio (mg/L O2),Mensal,Composta (i),Amostragem composta recolhida durante um período de 24 horas: (i) com intervalos máximos de 1 hora; (ii) com intervalos máximos de 4 horas; (iii) cobrindo no mínimo três períodos diários distintos entre as 7 e as 21 horas; (iv) representativa de um dia normal de laboração.,,12.0
TUA20241210003651,T000021,Entrada,Carência Química de Oxigénio (mg/L O2),Mensal,Composta (i),Amostragem composta recolhida durante um período de 24 horas: (i) com intervalos máximos de 1 hora; (ii) com intervalos máximos de 4 horas; (iii) cobrindo no mínimo três períodos diários distintos entre as 7 e as 21 horas; (iv) representativa de um dia normal de laboração.,,12.0
TUA20241210003651,T000021,Entrada,Oxigénio (mg/L O2),Mensal,Composta (i),Amostragem composta recolhida durante um período de 24 horas: (i) com intervalos máximos de 1 hora; (ii) com intervalos máximos de 4 horas; (iii) cobrindo no mínimo três períodos diários distintos entre as 7 e as 21 horas; (iv) representativa de um dia normal de laboração.,,12.0
TUA20241210003651,T000023,Entrada,Sólidos Suspensos Totais (mg/L),Mensal,Composta (i),Amostragem composta recolhida durante um período de 24 horas: (i) com intervalos máximos de 1 hora; (ii) com intervalos máximos de 4 horas; (iii) cobrindo no mínimo três períodos diários distintos entre as 7 e as 21 horas; (iv) representativa de um dia normal de laboração.,,12.0
TUA20241210003651,T000024,Entrada,Azoto amoniacal (mg/L NH4),Mensal,Composta (i),Amostragem composta recolhida durante um período de 24 horas: (i) com intervalos máximos de 1 hora; (ii) com intervalos máximos de 4 horas; (iii) cobrindo no mínimo três períodos diários distintos entre as 7 e as 21 horas; (iv) representativa de um dia normal de laboração.,,12.0
TUA20241210003651,T000025,Entrada,Azoto total (mg/L N),Mensal,Composta (i),Amostragem composta recolhida durante um período de 24 horas: (i) com intervalos máximos de 1 hora; (ii) com intervalos máximos de 4 horas; (iii) cobrindo no mínimo três períodos diários distintos entre as 7 e as 21 horas; (iv) representativa de um dia normal de laboração.,,12.0
TUA20241210003651,T000026,Entrada,Fósforo total (mg/L P),Mensal,Composta (i),Amostragem composta recolhida durante um período de 24 horas: (i) com intervalos máximos de 1 hora; (ii) com intervalos máximos de 4 horas; (iii) cobrindo no mínimo três períodos diários distintos entre as 7 e as 21 horas; (iv) representativa de um dia normal de laboração.,,12.0
TUA20241210003651,T000027,Saída,pH (Escala de Sörensen),Mensal,Composta (i),Amostragem composta recolhida durante um período de 24 horas: (i) com intervalos máximos de 1 hora; (ii) com intervalos máximos de 4 horas; (iii) cobrindo no mínimo três períodos diários distintos entre as 7 e as 21 horas; (iv) representativa de um dia normal de laboração.,,12.0
TUA20241210003651,T000028,Saída,Carência Bioquímica de Oxigénio (mg/L O2),Mensal,Composta (i),Amostragem composta recolhida durante um período de 24 horas: (i) com intervalos máximos de 1 hora; (ii) com intervalos máximos de 4 horas; (iii) cobrindo no mínimo três períodos diários distintos entre as 7 e as 21 horas; (iv) representativa de um dia normal de laboração.,,12.0
TUA20241210003651,T000029,Saída,Carência Química de Oxigénio (mg/L O2),Mensal,Composta (i),Amostragem composta recolhida durante um período de 24 horas: (i) com intervalos máximos de 1 hora; (ii) com intervalos máximos de 4 horas; (iii) cobrindo no mínimo três períodos diários distintos entre as 7 e as 21 horas; (iv) representativa de um dia normal de laboração.,,12.0
TUA20241210003651,T000030,Saída,Sólidos Suspensos Totais (mg/L),Mensal,Composta (i),Amostragem composta recolhida durante um período de 24 horas: (i) com intervalos máximos de 1 hora; (ii) com intervalos máximos de 4 horas; (iii) cobrindo no mínimo três períodos diários distintos entre as 7 e as 21 horas; (iv) representativa de um dia normal de laboração.,,12.0
TUA20241210003651,T000031,Saída,Azoto amoniacal (mg/L NH4),Mensal,Composta (i),Amostragem composta recolhida durante um período de 24 horas: (i) com intervalos máximos de 1 hora; (ii) com intervalos máximos de 4 horas; (iii) cobrindo no mínimo três períodos diários distintos entre as 7 e as 21 horas; (iv) representativa de um dia normal de laboração.,"Face à localização da rejeição em área de influência da zona classificada como sensível, nos termos do Decreto-Lei n.º 152/97, de 19 de junho e Portaria n.º 188/2021 de 8 de setembro.",12.0
TUA20241210003651,T000032,Saída,Azoto total (mg/L N),Mensal,Composta (i),Amostragem composta recolhida durante um período de 24 horas: (i) com intervalos máximos de 1 hora; (ii) com intervalos máximos de 4 horas; (iii) cobrindo no mínimo três períodos diários distintos entre as 7 e as 21 horas; (iv) representativa de um dia normal de laboração.,"Para efeitos do cálculo da TRH nos termos do Decreto-Lei n.º 97/2008, de 11 de junho (na sua redação atual).",12.0
TUA20241210003651,T000033,Saída,Fósforo total (mg/L P),Mensal,Composta (i),Amostragem composta recolhida durante um período de 24 horas: (i) com intervalos máximos de 1 hora; (ii) com intervalos máximos de 4 horas; (iii) cobrindo no mínimo três períodos diários distintos entre as 7 e as 21 horas; (iv) representativa de um dia normal de laboração.,"Para efeitos do cálculo da TRH nos termos do Decreto-Lei n.º 97/2008, de 11 de junho (na sua redação atual).",12.0
TUA20250226000655,T000021,Saída,Caudal (m3/dia),Mensal,Composta (i),Amostragem composta recolhida durante um período de 24 horas: (i) com intervalos máximos de 1 hora; (ii) com intervalos máximos de 4 horas; (iii) cobrindo no mínimo três períodos diários distintos entre as 7 e as 21 horas; (iv) representativa de um dia normal de laboração.,,12.0
TUA20250226000655,T000022,Saída,pH (Escala de Sörensen),Trimestral,Composta (iii),Amostragem composta recolhida durante um período de 24 horas: (i) com intervalos máximos de 1 hora; (ii) com intervalos máximos de 4 horas; (iii) cobrindo no mínimo três períodos diários distintos entre as 7 e as 21 horas; (iv) representativa de um dia normal de laboração.,,4.0
TUA20250226000655,T000023,Saída,Carência Bioquímica de Oxigénio (mg/L O2),Trimestral,Composta (iii),Amostragem composta recolhida durante um período de 24 horas: (i) com intervalos máximos de 1 hora; (ii) com intervalos máximos de 4 horas; (iii) cobrindo no mínimo três períodos diários distintos entre as 7 e as 21 horas; (iv) representativa de um dia normal de laboração.,,4.0
TUA20250226000655,T000024,Saída,Oxigénio (mg/L O2) Carência Química de Oxigénio (mg/L O2),Trimestral,Composta (iii),Amostragem composta recolhida durante um período de 24 horas: (i) com intervalos máximos de 1 hora; (ii) com intervalos máximos de 4 horas; (iii) cobrindo no mínimo três períodos diários distintos entre as 7 e as 21 horas; (iv) representativa de um dia normal de laboração.,,4.0
TUA20250226000655,T000025,Saída,Sólidos Suspensos Totais (mg/L),Trimestral,Composta (iii),Amostragem composta recolhida durante um período de 24 horas: (i) com intervalos máximos de 1 hora; (ii) com intervalos máximos de 4 horas; (iii) cobrindo no mínimo três períodos diários distintos entre as 7 e as 21 horas; (iv) representativa de um dia normal de laboração.,,4.0
TUA20250226000655,T000026,Saída,Óleos e Gorduras (mg/L),Semestral,Composta (iii),Amostragem composta recolhida durante um período de 24 horas: (i) com intervalos máximos de 1 hora; (ii) com intervalos máximos de 4 horas; (iii) cobrindo no mínimo três períodos diários distintos entre as 7 e as 21 horas; (iv) representativa de um dia normal de laboração.,,2.0
TUA20250226000655,T000027,Saída,Azoto total (mg/L N),Trimestral,Composta (iii),Amostragem composta recolhida durante um período de 24 horas: (i) com intervalos máximos de 1 hora; (ii) com intervalos máximos de 4 horas; (iii) cobrindo no mínimo três períodos diários distintos entre as 7 e as 21 horas; (iv) representativa de um dia normal de laboração.,,4.0
TUA20250226000655,T000028,Saída,Fósforo total (mg/L P),Trimestral,Composta (iii),Amostragem composta recolhida durante um período de 24 horas: (i) com intervalos máximos de 1 hora; (ii) com intervalos máximos de 4 horas; (iii) cobrindo no mínimo três períodos diários distintos entre as 7 e as 21 horas; (iv) representativa de um dia normal de laboração.,,4.0
TUA20250317000834,T000017,Entrada,pH (Escala de Sörensen),Mensal,Composta (i),Amostragem composta recolhida durante um período de 24 horas: (i) com intervalos máximos de 1 hora; (ii) com intervalos máximos de 4 horas; (iii) cobrindo no mínimo três períodos diários distintos entre as 7 e as 21 horas; (iv) representativa de um dia normal de laboração.,,12.0
TUA20250317000834,T000019,Entrada,Carência Bioquímica de Oxigénio (mg/L O2),Mensal,Composta (i),Amostragem composta recolhida durante um período de 24 horas: (i) com intervalos máximos de 1 hora; (ii) com intervalos máximos de 4 horas; (iii) cobrindo no mínimo três períodos diários distintos entre as 7 e as 21 horas; (iv) representativa de um dia normal de laboração.,,12.0
TUA20250317000834,T000021,Entrada,Carência Química de Oxigénio (mg/L O2),Mensal,Composta (i),Amostragem composta recolhida durante um período de 24 horas: (i) com intervalos máximos de 1 hora; (ii) com intervalos máximos de 4 horas; (iii) cobrindo no mínimo três períodos diários distintos entre as 7 e as 21 horas; (iv) representativa de um dia normal de laboração.,,12.0
TUA20250317000834,T000023,Entrada,Oxigénio (mg/L O2) Sólidos Suspensos Totais (mg/L),Mensal,Composta (i),Amostragem composta recolhida durante um período de 24 horas: (i) com intervalos máximos de 1 hora; (ii) com intervalos máximos de 4 horas; (iii) cobrindo no mínimo três períodos diários distintos entre as 7 e as 21 horas; (iv) representativa de um dia normal de laboração.,,12.0
TUA20250317000834,T000024,Entrada,Azoto total (mg/L N),Mensal,Composta (i),Amostragem composta recolhida durante um período de 24 horas: (i) com intervalos máximos de 1 hora; (ii) com intervalos máximos de 4 horas; (iii) cobrindo no mínimo três períodos diários distintos entre as 7 e as 21 horas; (iv) representativa de um dia normal de laboração.,,12.0
TUA20250317000834,T000025,Entrada,Fósforo total (mg/L P),Mensal,Composta (i),Amostragem composta recolhida durante um período de 24 horas: (i) com intervalos máximos de 1 hora; (ii) com intervalos máximos de 4 horas; (iii) cobrindo no mínimo três períodos diários distintos entre as 7 e as 21 horas; (iv) representativa de um dia normal de laboração.,,12.0
TUA20250317000834,T000026,Entrada,Azoto amoniacal (mg/L NH4),Mensal,Composta (i),Amostragem composta recolhida durante um período de 24 horas: (i) com intervalos máximos de 1 hora; (ii) com intervalos máximos de 4 horas; (iii) cobrindo no mínimo três períodos diários distintos entre as 7 e as 21 horas; (iv) representativa de um dia normal de laboração.,,12.0
TUA20250317000834,T000027,Saída,pH (Escala de Sörensen),Mensal,Composta (i),Amostragem composta recolhida durante um período de 24 horas: (i) com intervalos máximos de 1 hora; (ii) com intervalos máximos de 4 horas; (iii) cobrindo no mínimo três períodos diários distintos entre as 7 e as 21 horas; (iv) representativa de um dia normal de laboração.,,12.0
TUA20250317000834,T000028,Saída,Carência Bioquímica de Oxigénio (mg/L O2),Mensal,Composta (i),Amostragem composta recolhida durante um período de 24 horas: (i) com intervalos máximos de 1 hora; (ii) com intervalos máximos de 4 horas; (iii) cobrindo no mínimo três períodos diários distintos entre as 7 e as 21 horas; (iv) representativa de um dia normal de laboração.,,12.0
TUA20250317000834,T000029,Saída,Carência Química de Oxigénio (mg/L O2),Mensal,Composta (i),Amostragem composta recolhida durante um período de 24 horas: (i) com intervalos máximos de 1 hora; (ii) com intervalos máximos de 4 horas; (iii) cobrindo no mínimo três períodos diários distintos entre as 7 e as 21 horas; (iv) representativa de um dia normal de laboração.,,12.0
TUA20250317000834,T000030,Saída,Sólidos Suspensos Totais (mg/L),Mensal,Composta (i),Amostragem composta recolhida durante um período de 24 horas: (i) com intervalos máximos de 1 hora; (ii) com intervalos máximos de 4 horas; (iii) cobrindo no mínimo três períodos diários distintos entre as 7 e as 21 horas; (iv) representativa de um dia normal de laboração.,,12.0
TUA20250317000834,T000031,Saída,Azoto total (mg/L N),Mensal,Composta (i),Amostragem composta recolhida durante um período de 24 horas: (i) com intervalos máximos de 1 hora; (ii) com intervalos máximos de 4 horas; (iii) cobrindo no mínimo três períodos diários distintos entre as 7 e as 21 horas; (iv) representativa de um dia normal de laboração.,"Para efeitos do cálculo da TRH nos termos do Decreto-Lei n.º 97/2008, de 11 de junho (na sua redação atual).",12.0
TUA20250317000834,T000032,Saída,Fósforo total (mg/L P),Mensal,Composta (i),Amostragem composta recolhida durante um período de 24 horas: (i) com intervalos máximos de 1 hora; (ii) com intervalos máximos de 4 horas; (iii) cobrindo no mínimo três períodos diários distintos entre as 7 e as 21 horas; (iv) representativa de um dia normal de laboração.,"Para efeitos do cálculo da TRH nos termos do Decreto-Lei n.º 97/2008, de 11 de junho (na sua redação atual).",12.0
TUA20250317000834,T000033,Saída,Azoto amoniacal (mg/L NH4),Mensal,Composta (i),Amostragem composta recolhida durante um período de 24 horas: (i) com intervalos máximos de 1 hora; (ii) com intervalos máximos de 4 horas; (iii) cobrindo no mínimo três períodos diários distintos entre as 7 e as 21 horas; (iv) representativa de um dia normal de laboração.,"Face à localização da rejeição em área de influência da zona classificada como sensível, nos termos do Decreto-Lei n.º 152/97, de 19 de junho e Portaria n.º 188/2021 de 8 de setembro.",12.0
TUA20250416001449,T000017,Entrada,pH (Escala de Sörensen),Mensal,Composta (i),Amostragem composta recolhida durante um período de 24 horas: (i) com intervalos máximos de 1 hora; (ii) com intervalos máximos de 4 horas; (iii) cobrindo no mínimo três períodos diários distintos entre as 7 e as 21 horas; (iv) representativa de um dia normal de laboração.,,12.0
TUA20250416001449,T000019,Entrada,Carência Bioquímica de Oxigénio (mg/L O2),Mensal,Composta (i),Amostragem composta recolhida durante um período de 24 horas: (i) com intervalos máximos de 1 hora; (ii) com intervalos máximos de 4 horas; (iii) cobrindo no mínimo três períodos diários distintos entre as 7 e as 21 horas; (iv) representativa de um dia normal de laboração.,,12.0
TUA20250416001449,T000021,Entrada,Carência Química de Oxigénio (mg/L O2),Mensal,Composta (i),Amostragem composta recolhida durante um período de 24 horas: (i) com intervalos máximos de 1 hora; (ii) com intervalos máximos de 4 horas; (iii) cobrindo no mínimo três períodos diários distintos entre as 7 e as 21 horas; (iv) representativa de um dia normal de laboração.,,12.0
TUA20250416001449,T000023,Entrada,Sólidos Suspensos Totais (mg/L),Mensal,Composta (i),Amostragem composta recolhida durante um período de 24 horas: (i) com intervalos máximos de 1 hora; (ii) com intervalos máximos de 4 horas; (iii) cobrindo no mínimo três períodos diários distintos entre as 7 e as 21 horas; (iv) representativa de um dia normal de laboração.,,12.0
TUA20250416001449,T000025,Entrada,Azoto total (mg/L N),Mensal,Composta (i),Amostragem composta recolhida durante um período de 24 horas: (i) com intervalos máximos de 1 hora; (ii) com intervalos máximos de 4 horas; (iii) cobrindo no mínimo três períodos diários distintos entre as 7 e as 21 horas; (iv) representativa de um dia normal de laboração.,,12.0
TUA20250416001449,T000027,Entrada,Fósforo total (mg/L P),Mensal,Composta (i),Amostragem composta recolhida durante um período de 24 horas: (i) com intervalos máximos de 1 hora; (ii) com intervalos máximos de 4 horas; (iii) cobrindo no mínimo três períodos diários distintos entre as 7 e as 21 horas; (iv) representativa de um dia normal de laboração.,,12.0
TUA20250416001449,T000029,Entrada,Azoto amoniacal (mg/L NH4),Mensal,Composta (i),Amostragem composta recolhida durante um período de 24 horas: (i) com intervalos máximos de 1 hora; (ii) com intervalos máximos de 4 horas; (iii) cobrindo no mínimo três períodos diários distintos entre as 7 e as 21 horas; (iv) representativa de um dia normal de laboração.,,12.0
TUA20250416001449,T000031,Entrada,Óleos e Gorduras (mg/L),Mensal,Composta (i),Amostragem composta recolhida durante um período de 24 horas: (i) com intervalos máximos de 1 hora; (ii) com intervalos máximos de 4 horas; (iii) cobrindo no mínimo três períodos diários distintos entre as 7 e as 21 horas; (iv) representativa de um dia normal de laboração.,,12.0
TUA20250416001449,T000043,Entrada,Azoto Kjeldahl (mg/L N),Mensal,Composta (i),Amostragem composta recolhida durante um período de 24 horas: (i) com intervalos máximos de 1 hora; (ii) com intervalos máximos de 4 horas; (iii) cobrindo no mínimo três períodos diários distintos entre as 7 e as 21 horas; (iv) representativa de um dia normal de laboração.,,12.0
TUA20250416001449,T000044,Entrada,Nitratos (mg/L NO3),Mensal,Composta (i),Amostragem composta recolhida durante um período de 24 horas: (i) com intervalos máximos de 1 hora; (ii) com intervalos máximos de 4 horas; (iii) cobrindo no mínimo três períodos diários distintos entre as 7 e as 21 horas; (iv) representativa de um dia normal de laboração.,,12.0
TUA20250416001449,T000045,Entrada,Nitritos (mg/L NO2),Mensal,Composta (i),Amostragem composta recolhida durante um período de 24 horas: (i) com intervalos máximos de 1 hora; (ii) com intervalos máximos de 4 horas; (iii) cobrindo no mínimo três períodos diários distintos entre as 7 e as 21 horas; (iv) representativa de um dia normal de laboração.,,12.0
TUA20250416001449,T000046,Entrada,Fenóis (mg/L C total),Mensal,Composta (i),Amostragem composta recolhida durante um período de 24 horas: (i) com intervalos máximos de 1 hora; (ii) com intervalos máximos de 4 horas; (iii) cobrindo no mínimo três períodos diários distintos entre as 7 e as 21 horas; (iv) representativa de um dia normal de laboração.,,12.0
TUA20250416001449,T000047,Entrada,Fosfatos (mg/L PO4),Mensal,Composta (i),Amostragem composta recolhida durante um período de 24 horas: (i) com intervalos máximos de 1 hora; (ii) com intervalos máximos de 4 horas; (iii) cobrindo no mínimo três períodos diários distintos entre as 7 e as 21 horas; (iv) representativa de um dia normal de laboração.,,12.0
TUA20250416001449,T000048,Saída,pH (Escala de Sörensen),Mensal,Composta (i),Amostragem composta recolhida durante um período de 24 horas: (i) com intervalos máximos de 1 hora; (ii) com intervalos máximos de 4 horas; (iii) cobrindo no mínimo três períodos diários distintos entre as 7 e as 21 horas; (iv) representativa de um dia normal de laboração.,,12.0
TUA20250416001449,T000049,Saída,Carência Bioquímica de Oxigénio (mg/L O2),Mensal,Composta (i),Amostragem composta recolhida durante um período de 24 horas: (i) com intervalos máximos de 1 hora; (ii) com intervalos máximos de 4 horas; (iii) cobrindo no mínimo três períodos diários distintos entre as 7 e as 21 horas; (iv) representativa de um dia normal de laboração.,,12.0
TUA20250416001449,T000050,Saída,Carência Química de Oxigénio (mg/L O2),Mensal,Composta (i),Amostragem composta recolhida durante um período de 24 horas: (i) com intervalos máximos de 1 hora; (ii) com intervalos máximos de 4 horas; (iii) cobrindo no mínimo três períodos diários distintos entre as 7 e as 21 horas; (iv) representativa de um dia normal de laboração.,,12.0
TUA20250416001449,T000051,Saída,Sólidos Suspensos Totais (mg/L),Mensal,Composta (i),Amostragem composta recolhida durante um período de 24 horas: (i) com intervalos máximos de 1 hora; (ii) com intervalos máximos de 4 horas; (iii) cobrindo no mínimo três períodos diários distintos entre as 7 e as 21 horas; (iv) representativa de um dia normal de laboração.,,12.0
TUA20250416001449,T000052,Saída,Azoto total (mg/L N),Mensal,Composta (i),Amostragem composta recolhida durante um período de 24 horas: (i) com intervalos máximos de 1 hora; (ii) com intervalos máximos de 4 horas; (iii) cobrindo no mínimo três períodos diários distintos entre as 7 e as 21 horas; (iv) representativa de um dia normal de laboração.,,12.0
TUA20250416001449,T000053,Saída,Fósforo total (mg/L P),Mensal,Composta (i),Amostragem composta recolhida durante um período de 24 horas: (i) com intervalos máximos de 1 hora; (ii) com intervalos máximos de 4 horas; (iii) cobrindo no mínimo três períodos diários distintos entre as 7 e as 21 horas; (iv) representativa de um dia normal de laboração.,,12.0
TUA20250416001449,T000054,Saída,Azoto amoniacal (mg/L NH4),Mensal,Composta (i),Amostragem composta recolhida durante um período de 24 horas: (i) com intervalos máximos de 1 hora; (ii) com intervalos máximos de 4 horas; (iii) cobrindo no mínimo três períodos diários distintos entre as 7 e as 21 horas; (iv) representativa de um dia normal de laboração.,,12.0
TUA20250416001449,T000055,Saída,Óleos e Gorduras (mg/L),Mensal,Pontual,,,12.0
TUA20250416001449,T000056,Saída,Azoto Kjeldahl (mg/L N),Mensal,Composta (i),Amostragem composta recolhida durante um período de 24 horas: (i) com intervalos máximos de 1 hora; (ii) com intervalos máximos de 4 horas; (iii) cobrindo no mínimo três períodos diários distintos entre as 7 e as 21 horas; (iv) representativa de um dia normal de laboração.,,12.0
TUA20250416001449,T000057,Saída,Nitratos (mg/L NO3),Mensal,Composta (i),Amostragem composta recolhida durante um período de 24 horas: (i) com intervalos máximos de 1 hora; (ii) com intervalos máximos de 4 horas; (iii) cobrindo no mínimo três períodos diários distintos entre as 7 e as 21 horas; (iv) representativa de um dia normal de laboração.,,12.0
TUA20250416001449,T000058,Saída,Nitritos (mg/L NO2),Mensal,Composta (i),Amostragem composta recolhida durante um período de 24 horas: (i) com intervalos máximos de 1 hora; (ii) com intervalos máximos de 4 horas; (iii) cobrindo no mínimo três períodos diários distintos entre as 7 e as 21 horas; (iv) representativa de um dia normal de laboração.,,12.0
TUA20250416001449,T000059,Saída,Fenóis (mg/L C total),Mensal,Composta (i),Amostragem composta recolhida durante um período de 24 horas: (i) com intervalos máximos de 1 hora; (ii) com intervalos máximos de 4 horas; (iii) cobrindo no mínimo três períodos diários distintos entre as 7 e as 21 horas; (iv) representativa de um dia normal de laboração.,,12.0
TUA20250416001449,T000060,Saída,Fosfatos (mg/L PO4),Mensal,Composta (i),Amostragem composta recolhida durante um período de 24 horas: (i) com intervalos máximos de 1 hora; (ii) com intervalos máximos de 4 horas; (iii) cobrindo no mínimo três períodos diários distintos entre as 7 e as 21 horas; (iv) representativa de um dia normal de laboração.,,12.0
TUA20250602001876,T000020,Saída,pH (Escala de Sörensen),Trimestral,Pontual,,,4.0
TUA20250602001876,T000021,Saída,Carência Bioquímica de Oxigénio (mg/L O2),Trimestral,Pontual,,,4.0
TUA20250602001876,T000022,Saída,Carência Química de Oxigénio (mg/L O2),Trimestral,Pontual,,,4.0
TUA20250602001876,T000023,Saída,Sólidos Suspensos Totais (mg/L),Trimestral,Pontual,,,4.0
TUA20250602001876,T000024,Saída,(mg/L) Óleos e Gorduras (mg/L),Semestral,Pontual,,,2.0
TUA20250602001876,T000025,Saída,Azoto total (mg/L N),Trimestral,Pontual,,,4.0
TUA20250602001876,T000026,Saída,Fósforo total (mg/L P),Trimestral,Pontual,,,4.0
TUA20250602001876,T000027,Saída,Caudal (m3/mês),Mensal,Em contínuo,,,12.0
TUA20250722002408,T000017,Saída,pH (Escala de Sörensen),Trimestral,Composta (i),Amostragem composta recolhida durante um período de 24 horas: (i) com intervalos máximos de 1 hora; (ii) com intervalos máximos de 4 horas; (iii) cobrindo no mínimo três períodos diários distintos entre as 7 e as 21 horas; (iv) representativa de um dia normal de laboração.,,4.0
TUA20250722002408,T000019,Saída,Carência Bioquímica de Oxigénio (mg/L O2),Trimestral,Composta (i),Amostragem composta recolhida durante um período de 24 horas: (i) com intervalos máximos de 1 hora; (ii) com intervalos máximos de 4 horas; (iii) cobrindo no mínimo três períodos diários distintos entre as 7 e as 21 horas; (iv) representativa de um dia normal de laboração.,,4.0
TUA20250722002408,T000021,Saída,Carência Química de Oxigénio (mg/L O2),Trimestral,Composta (i),Amostragem composta recolhida durante um período de 24 horas: (i) com intervalos máximos de 1 hora; (ii) com intervalos máximos de 4 horas; (iii) cobrindo no mínimo três períodos diários distintos entre as 7 e as 21 horas; (iv) representativa de um dia normal de laboração.,,4.0
TUA20250722002408,T000023,Saída,Sólidos Suspensos Totais (mg/L),Trimestral,Composta (i),Amostragem composta recolhida durante um período de 24 horas: (i) com intervalos máximos de 1 hora; (ii) com intervalos máximos de 4 horas; (iii) cobrindo no mínimo três períodos diários distintos entre as 7 e as 21 horas; (iv) representativa de um dia normal de laboração.,,4.0
TUA20250722002408,T000024,Saída,Azoto total (mg/L N),Trimestral,Composta (i),Amostragem composta recolhida durante um período de 24 horas: (i) com intervalos máximos de 1 hora; (ii) com intervalos máximos de 4 horas; (iii) cobrindo no mínimo três períodos diários distintos entre as 7 e as 21 horas; (iv) representativa de um dia normal de laboração.,"Para efeitos do cálculo da TRH nos termos do Decreto-Lei n.º 97/2008, de 11 de junho (na sua redação atual).",4.0
TUA20250722002408,T000025,Saída,Fósforo total (mg/L P),Trimestral,Composta (i),Amostragem composta recolhida durante um período de 24 horas: (i) com intervalos máximos de 1 hora; (ii) com intervalos máximos de 4 horas; (iii) cobrindo no mínimo três períodos diários distintos entre as 7 e as 21 horas; (iv) representativa de um dia normal de laboração.,"TRH nos termos do Decreto-Lei n.º 97/2008, de 11 de junho (na sua redação atual).",4.0
TUA20250722002408,T000026,Saída,Azoto amoniacal (mg/L NH4),Trimestral,Composta (i),Amostragem composta recolhida durante um período de 24 horas: (i) com intervalos máximos de 1 hora; (ii) com intervalos máximos de 4 horas; (iii) cobrindo no mínimo três períodos diários distintos entre as 7 e as 21 horas; (iv) representativa de um dia normal de laboração.,,4.0
TUA20250722002408,T000041,Saída,Escherichia coli (época balnear) (NMP/100 mL),Quinzenal,Pontual,,O método analítico utilizado para a determinação do parâmetro em apreço tem de ser acreditado para a matriz águas residuais.,24.0
TUA20250722002408,T000042,Saída,Enterococos intestinais (época balnear) (NMP/100 mL),Quinzenal,Pontual,,O método analítico utilizado para a determinação do parâmetro em apreço tem de ser acreditado para a matriz águas residuais.,24.0
TUA20260202000317,T000066,Saída,Carência Bioquímica de Oxigénio (mg/L O2),Mensal,Composta (ii),Amostragem composta recolhida durante um período de 24 horas: (i) com intervalos máximos de 1 hora; (ii) com intervalos máximos de 4 horas; (iii) cobrindo no mínimo três períodos diários distintos entre as 7 e as 21 horas; (iv) representativa de um dia normal de laboração.,,12.0
TUA20260202000317,T000068,Saída,Carência Química de Oxigénio (mg/L O2),Mensal,Composta (ii),Amostragem composta recolhida durante um período de 24 horas: (i) com intervalos máximos de 1 hora; (ii) com intervalos máximos de 4 horas; (iii) cobrindo no mínimo três períodos diários distintos entre as 7 e as 21 horas; (iv) representativa de um dia normal de laboração.,,12.0
TUA20260202000317,T000070,Saída,Sólidos Suspensos Totais (mg/L),Mensal,Composta (ii),Amostragem composta recolhida durante um período de 24 horas: (i) com intervalos máximos de 1 hora; (ii) com intervalos máximos de 4 horas; (iii) cobrindo no mínimo três períodos diários distintos entre as 7 e as 21 horas; (iv) representativa de um dia normal de laboração.,,12.0
TUA20260202000317,T000072,Saída,pH (Escala de Sörensen),Mensal,Composta (ii),Amostragem composta recolhida durante um período de 24 horas: (i) com intervalos máximos de 1 hora; (ii) com intervalos máximos de 4 horas; (iii) cobrindo no mínimo três períodos diários distintos entre as 7 e as 21 horas; (iv) representativa de um dia normal de laboração.,,12.0
TUA20260202000317,T000073,Saída,Azoto total (mg/L N),Trimestral,Composta (ii),Amostragem composta recolhida durante um período de 24 horas: (i) com intervalos máximos de 1 hora; (ii) com intervalos máximos de 4 horas; (iii) cobrindo no mínimo três períodos diários distintos entre as 7 e as 21 horas; (iv) representativa de um dia normal de laboração.,,4.0
TUA20260202000317,T000074,Saída,Fósforo total (mg/L P),Composta (ii),,,,
TUA20260202000317,T000075,À entrada ou saída,Caudal (m3/dia),Pontual,,,,
TUA20260202000317,T000077,Saída,Óleos e Gorduras (mg/L),Pontual,,,,
