Nº TUA,Código,Código TURH,Local de amostragem,Parâmetro,Frequência de amostragem,Tipo de amostragem,Observações
TUA20220411000574,T000017,L006681.2022.RH5A,Saída,Carência Química de Oxigénio (mg/L O2),Mensal,Composta (i),
TUA20220411000574,T000019,L006681.2022.RH5A,Saída,Carência Bioquímica de Oxigénio (mg/L O2),Mensal,Composta (i),
TUA20220411000574,T000021,L006681.2022.RH5A,Saída,Sólidos Suspensos Totais (mg/L),Mensal,Composta (i),
TUA20220411000574,T000023,L006681.2022.RH5A,Saída,pH (Escala de Sörensen),Mensal,Composta (i),
TUA20220411000574,T000025,L006681.2022.RH5A,Saída,Óleos e Gorduras (mg/L),Trimestral,Pontual,
TUA20220411000574,T000026,L006681.2022.RH5A,Saída,Azoto total (mg/L N),Trimestral,Composta (i),
TUA20220411000574,T000027,L006681.2022.RH5A,Saída,Fósforo total (mg/L P),Trimestral,Composta (i),
TUA20220420000646,T000017,L006976.2022.RH5A,Saída,pH (Escala de Sörensen),Mensal,Pontual,
TUA20220420000646,T000019,L006976.2022.RH5A,Saída,Carência Química de Oxigénio (mg/L O2),Mensal,Pontual,
TUA20220420000646,T000021,L006976.2022.RH5A,Saída,Carência Bioquímica de Oxigénio (mg/L O2),Mensal,Pontual,
TUA20220420000646,T000023,L006976.2022.RH5A,Saída,Sólidos Suspensos Totais (mg/L),Mensal,Pontual,
TUA20220420000646,T000025,L006976.2022.RH5A,Saída,Óleos e Gorduras (mg/L),Trimestral,Pontual,
TUA20220420000646,T000026,L006976.2022.RH5A,Saída,Azoto total (mg/L N),Trimestral,Pontual,
TUA20220420000646,T000027,L006976.2022.RH5A,Saída,Fósforo total (mg/L P),Trimestral,Pontual,
TUA20220511000842,T000017,L008397.2022.RH5A,Saída,Carência Bioquímica de Oxigénio (mg/L O2),Quinzenal,Composta (ii),
TUA20220511000842,T000020,L008397.2022.RH5A,Saída,pH (Escala de Sörensen),Quinzenal,Composta (ii),
TUA20220511000842,T000026,L008397.2022.RH5A,Saída,Azoto total (mg/L N),Trimestral,Composta (ii),
TUA20220511000842,T000027,RH5A,Entrada,Carência Bioquímica de Oxigénio (mg/L O2),Quinzenal,Composta (ii),
TUA20220511000842,T000028,L008397.2022.RH5A,Saída,Fósforo total (mg/L P),Trimestral,Composta (ii),
TUA20220511000842,T000029,L008397.2022.RH5A,Entrada,pH (Escala de Sörensen),Quinzenal,Composta (ii),
TUA20220511000842,T000030,L008397.2022.RH5A,Entrada,Carência Química de Oxigénio (mg/L O2),Quinzenal,Composta (ii),
TUA20220511000842,T000031,L008397.2022.RH5A,Saída,Carência Química de Oxigénio (mg/L O2),Quinzenal,Composta (ii),
TUA20220511000842,T000032,L008397.2022.RH5A,Entrada,Sólidos Suspensos Totais (mg/L),Quinzenal,Composta (ii),
TUA20220511000842,T000033,L008397.2022.RH5A,Saída,Sólidos Suspensos Totais (mg/L),Quinzenal,Composta (ii),
TUA20220511000842,T000034,L008397.2022.RH5A,Entrada,Caudal (m3/mês),Mensal,Pontual,
TUA20220511000842,T000035,L008397.2022.RH5A,Saída,Caudal (m3/mês),Mensal,Pontual,
TUA20220511000842,T000036,L008397.2022.RH5A,Saída,Óleos e Gorduras (mg/L),Trimestral,Pontual,
TUA20220511000844,T000018,L007123.2022.RH5A,Saída,Carência Bioquímica de Oxigénio (mg/L O2),Mensal,Pontual,"As determinações analíticas de CBO5 e CQO deverão ser efetuadas em amostras filtradas (filtros 0,45 µm), quando o valor de SST for inferior a 150 mg/L."
TUA20220511000844,T000020,L007123.2022.RH5A,Saída,Carência Química de Oxigénio (mg/L O2),Mensal,Pontual,"As determinações analíticas de CBO5 e CQO deverão ser efetuadas em amostras filtradas (filtros 0,45 µm), quando o valor de SST for inferior a 150 mg/L."
TUA20220511000844,T000022,L007123.2022.RH5A,Saída,pH (Escala de Sörensen),Mensal,Pontual,
TUA20220511000844,T000023,L007123.2022.RH5A,Saída,Sólidos Suspensos Totais (mg/L),Mensal,Pontual,Os SST deverão ser determinados pelo método usual de filtração e secagem.
TUA20220511000844,T000024,L007123.2022.RH5A,Saída,Caudal (m3/mês),Mensal,Pontual,
TUA20220511000844,T000025,L007123.2022.RH5A,Saída,Azoto total (mg/L N),Trimestral,Pontual,
TUA20220511000844,T000026,L007123.2022.RH5A,Saída,Fósforo total (mg/L P),Trimestral,Pontual,
TUA20220511000845,T000017,L006972.2022.RH5A,Saída,pH (Escala de Sörensen),Mensal,Composta (ii),
TUA20220511000845,T000019,L006972.2022.RH5A,Saída,Carência Bioquímica de Oxigénio (mg/L O2),Mensal,Composta (ii),
TUA20220511000845,T000022,L006972.2022.RH5A,Saída,Carência Química de Oxigénio (mg/L O2),Mensal,Composta (ii),
TUA20220511000845,T000023,L006972.2022.RH5A,Saída,Sólidos Suspensos Totais (mg/L),Mensal,Composta (ii),
TUA20220511000845,T000045,L006972.2022.RH5A,Saída,Azoto total (mg/L N),Trimestral,Composta (ii),
TUA20220511000845,T000046,L006972.2022.RH5A,Saída,Fósforo total (mg/L P),Trimestral,Composta (ii),
TUA20220511000845,T000082,L006972.2022.RH5A,Saída,Caudal (m3/mês),Mensal,Pontual,
TUA20220718001522,T000017,L012980.2022.RH5A,Saída,pH (Escala de Sörensen),Mensal,Composta (i),
TUA20220718001522,T000019,L012980.2022.RH5A,Saída,Carência Química de Oxigénio (mg/L O2),Mensal,Composta (i),
TUA20220718001522,T000021,L012980.2022.RH5A,Saída,Carência Bioquímica de Oxigénio (mg/L O2),Mensal,Composta (i),
TUA20220718001522,T000023,L012980.2022.RH5A,Saída,Sólidos Suspensos Totais (mg/L),Mensal,Composta (i),
TUA20220718001522,T000025,L012980.2022.RH5A,Saída,Óleos e Gorduras (mg/L),Trimestral,Pontual,
TUA20220718001522,T000027,L012980.2022.RH5A,Saída,Azoto total (mg/L N),Trimestral,Composta (i),
TUA20220718001522,T000029,L012980.2022.RH5A,Saída,Fósforo total (mg/L P),Trimestral,Composta (i),
TUA20220718001522,T000031,L012980.2022.RH5A,Saída,Escherichia coli (ufc/100 mL),Mensal,Pontual,
TUA20220720001537,T000017,L013050.2022.RH5A,Saída,pH (Escala de Sörensen),Mensal,Composta (i),
TUA20220720001537,T000019,L013050.2022.RH5A,Saída,Carência Química de Oxigénio (mg/L O2),Mensal,Composta (i),
TUA20220720001537,T000021,L013050.2022.RH5A,Saída,Carência Bioquímica de Oxigénio (mg/L O2),Mensal,Composta (i),
TUA20220720001537,T000023,L013050.2022.RH5A,Saída,Sólidos Suspensos Totais (mg/L),Mensal,Composta (i),
TUA20220720001537,T000025,L013050.2022.RH5A,Saída,Óleos e Gorduras (mg/L),Trimestral,Pontual,
TUA20220720001537,T000027,L013050.2022.RH5A,Saída,Azoto total (mg/L N),Trimestral,Composta (i),
TUA20220720001537,T000029,L013050.2022.RH5A,Saída,Fósforo total (mg/L P),Trimestral,Composta (i),
TUA20220720001537,T000031,L013050.2022.RH5A,Saída,Escherichia coli (ufc/100 mL),Mensal,Pontual,
TUA20220720001538,T000017,L012836.2022.RH5A,Saída,pH (Escala de Sörensen),Mensal,Composta (i),
TUA20220720001538,T000019,L012836.2022.RH5A,Saída,Carência Química de Oxigénio (mg/L O2),Mensal,Composta (i),
TUA20220720001538,T000021,L012836.2022.RH5A,Saída,Carência Bioquímica de Oxigénio (mg/L O2),Mensal,Composta (i),
TUA20220720001538,T000023,L012836.2022.RH5A,Saída,Sólidos Suspensos Totais (mg/L),Mensal,Composta (i),
TUA20220720001538,T000025,L012836.2022.RH5A,Saída,Escherichia coli (ufc/100 mL),Mensal,Pontual,
TUA20220720001538,T000027,L012836.2022.RH5A,Saída,Óleos e Gorduras (mg/L),Trimestral,Pontual,
TUA20220720001538,T000029,L012836.2022.RH5A,Saída,Azoto total (mg/L N),Trimestral,Composta (i),
TUA20220720001538,T000031,L012836.2022.RH5A,Saída,Fósforo total (mg/L P),Trimestral,Composta (i),
TUA20220919002148,T000017,L016764.2022.RH5A,Saída,Carência Bioquímica de Oxigénio (mg/L O2),Trimestral,Composta (iv),
TUA20220919002148,T000019,L016764.2022.RH5A,Saída,Carência Química de Oxigénio (mg/L O2),Trimestral,Composta (iv),
TUA20220919002148,T000021,L016764.2022.RH5A,Saída,Sólidos Suspensos Totais (mg/L),Trimestral,Composta (iv),
TUA20220919002148,T000023,L016764.2022.RH5A,Saída,pH (Escala de Sörensen),Trimestral,Composta (iv),
TUA20220919002148,T000024,L016764.2022.RH5A,Saída,Azoto total (mg/L N),Trimestral,Composta (iv),
TUA20220919002148,T000025,L016764.2022.RH5A,Saída,Fósforo total (mg/L P),Trimestral,Composta (iv),
TUA20220919002148,T000072,L016764.2022.RH5A,Saída,Caudal (m3/mês),Trimestral,Pontual,
TUA20220922002189,T000017,L002661.2018.RH3,Saída,Carência Bioquímica de Oxigénio (mg/L O2),Trimestral,Pontual,
TUA20220922002189,T000019,L002661.2018.RH3,Saída,Carência Química de Oxigénio (mg/L O2),Trimestral,Pontual,
TUA20220922002189,T000021,L002661.2018.RH3,Saída,Sólidos Suspensos Totais (mg/L),Trimestral,Pontual,
TUA20220922002189,T000022,L002661.2018.RH3,Saída,Azoto total (mg/L N),Trimestral,Pontual,
TUA20220922002189,T000023,L002661.2018.RH3,Saída,Fósforo total (mg/L P),Trimestral,Pontual,
TUA20220922002190,T000017,L002662.2018.RH3,Saída,Carência Bioquímica de Oxigénio (mg/L O2),Trimestral,Composta (i),
TUA20220922002190,T000019,L002662.2018.RH3,Saída,Carência Química de Oxigénio (mg/L O2),Trimestral,Composta (i),
TUA20220922002190,T000021,L002662.2018.RH3,Saída,Sólidos Suspensos Totais (mg/L),Trimestral,Composta (i),
TUA20220922002190,T000022,L002662.2018.RH3,Saída,Azoto total (mg/L N),Trimestral,Composta (i),
TUA20220922002190,T000024,L002662.2018.RH3,Saída,Fósforo total (mg/L P),Trimestral,Composta (i),
TUA20220927002236,T000017,L003469.2017.RH3,Saída,Carência Bioquímica de Oxigénio (mg/L O2),Mensal,Composta (i),
TUA20220927002236,T000019,L003469.2017.RH3,Saída,Carência Química de Oxigénio (mg/L O2),Mensal,Composta (i),
TUA20220927002236,T000021,L003469.2017.RH3,Saída,Sólidos Suspensos Totais (mg/L),Mensal,Composta (i),
TUA20220927002236,T000022,L003469.2017.RH3,Saída,Azoto total (mg/L N),Trimestral,Composta (i),
TUA20220927002236,T000023,L003469.2017.RH3,Saída,Fósforo total (mg/L P),Trimestral,Composta (i),
TUA20220930002259,T000017,L002663.2018.RH3,Saída,Carência Bioquímica de Oxigénio (mg/L O2),Trimestral,Composta (i),
TUA20220930002259,T000019,L002663.2018.RH3,Saída,Carência Química de Oxigénio (mg/L O2),Trimestral,Composta (i),
TUA20220930002259,T000021,L002663.2018.RH3,Saída,Sólidos Suspensos Totais (mg/L),Trimestral,Composta (i),
TUA20220930002259,T000022,L002663.2018.RH3,Saída,Azoto total (mg/L N),Trimestral,Composta (i),
TUA20220930002259,T000023,L002663.2018.RH3,Saída,Fósforo total (mg/L P),Trimestral,Composta (i),
TUA20221010002354,T000017,L017862.2017.RH5A,Saída,pH (Escala de Sörensen),Mensal,Composta (iii),
TUA20221010002354,T000019,L017862.2017.RH5A,Saída,Carência Bioquímica de Oxigénio (mg/L O2),Mensal,Composta (iii),
TUA20221010002354,T000021,L017862.2017.RH5A,Saída,Carência Química de Oxigénio (mg/L O2),Mensal,Composta (iii),
TUA20221010002354,T000023,L017862.2017.RH5A,Saída,Sólidos Suspensos Totais (mg/L),Mensal,Composta (iii),
TUA20221010002354,T000024,L017862.2017.RH5A,Saída,Azoto total (mg/L N),Trimestral,Composta (iii),
TUA20221010002354,T000025,L017862.2017.RH5A,Saída,Fósforo total (mg/L P),Trimestral,Composta (iii),
TUA20221010002355,T000017,L017689.2017.RH5A,Saída,pH (Escala de Sörensen),Mensal,Composta (iii),
TUA20221010002355,T000019,L017689.2017.RH5A,Saída,Carência Bioquímica de Oxigénio (mg/L O2),Mensal,Composta (iii),
TUA20221010002355,T000021,L017689.2017.RH5A,Saída,Carência Química de Oxigénio (mg/L O2),Mensal,Composta (iii),
TUA20221010002355,T000023,L017689.2017.RH5A,Saída,Sólidos Suspensos Totais (mg/L),Mensal,Composta (iii),
TUA20221010002355,T000024,L017689.2017.RH5A,Saída,Azoto total (mg/L N),Mensal,Composta (iii),
TUA20221010002355,T000025,L017689.2017.RH5A,Saída,Fósforo total (mg/L P),Mensal,Composta (iii),
TUA20221010002355,T000026,L017689.2017.RH5A,Entrada,pH (Escala de Sörensen),Mensal,Composta (iii),
TUA20221010002355,T000027,L017689.2017.RH5A,Entrada,Carência Bioquímica de Oxigénio (mg/L O2),Mensal,Composta (iii),
TUA20221010002355,T000028,L017689.2017.RH5A,Entrada,Carência Química de Oxigénio (mg/L O2),Mensal,Composta (iii),
TUA20221010002355,T000029,L017689.2017.RH5A,Entrada,Sólidos Suspensos Totais (mg/L),Mensal,Composta (iii),
TUA20221010002356,T000024,L017985.2022.RH5A,Saída,pH (Escala de Sörensen),Mensal,Composta (iii),
TUA20221010002356,T000025,L017985.2022.RH5A,Saída,Carência Bioquímica de Oxigénio (mg/L O2),Mensal,Composta (iii),
TUA20221010002356,T000026,L017985.2022.RH5A,Saída,Carência Química de Oxigénio (mg/L O2),Mensal,Composta (iii),
TUA20221010002356,T000027,L017985.2022.RH5A,Saída,Sólidos Suspensos Totais (mg/L),Mensal,Composta (iii),
TUA20221010002356,T000028,L017985.2022.RH5A,Saída,Azoto total (mg/L N),Trimestral,Composta (iii),
TUA20221010002356,T000029,L017985.2022.RH5A,Saída,Fósforo total (mg/L P),Trimestral,Composta (iii),
TUA20221010002358,T000017,L017897.2017.RH5A,Saída,pH (Escala de Sörensen),Quinzenal,Composta (ii),
TUA20221010002358,T000019,L017897.2017.RH5A,Saída,Carência Bioquímica de Oxigénio (mg/L O2),Quinzenal,Composta (ii),
TUA20221010002358,T000021,L017897.2017.RH5A,Saída,Carência Química de Oxigénio (mg/L O2),Quinzenal,Composta (ii),
TUA20221010002358,T000023,L017897.2017.RH5A,Saída,Sólidos Suspensos Totais (mg/L),Quinzenal,Composta (ii),
TUA20221010002358,T000024,L017897.2017.RH5A,Saída,Azoto total (mg/L N),Trimestral,Composta (ii),
TUA20221010002358,T000025,L017897.2017.RH5A,Saída,Fósforo total (mg/L P),Trimestral,Composta (ii),
TUA20221010002358,T000026,L017897.2017.RH5A,Entrada,pH (Escala de Sörensen),Quinzenal,Composta (ii),
TUA20221010002358,T000027,L017897.2017.RH5A,Entrada,Carência Bioquímica de Oxigénio (mg/L O2),Quinzenal,Composta (ii),
TUA20221010002358,T000028,L017897.2017.RH5A,Entrada,Carência Química de Oxigénio (mg/L O2),Quinzenal,Composta (ii),
TUA20221010002358,T000029,L017897.2017.RH5A,Entrada,Sólidos Suspensos Totais (mg/L),Quinzenal,Composta (ii),
TUA20221010002359,T000018,L016800.2022.RH5A,Saída,pH (Escala de Sörensen),Mensal,Composta (iii),
TUA20221010002359,T000020,L016800.2022.RH5A,Saída,Carência Bioquímica de Oxigénio (mg/L O2),Mensal,Composta (iii),
TUA20221010002359,T000022,L016800.2022.RH5A,Saída,Carência Química de Oxigénio (mg/L O2),Mensal,Composta (iii),
TUA20221010002359,T000024,L016800.2022.RH5A,Saída,Sólidos Suspensos Totais (mg/L),Mensal,Composta (iii),
TUA20221010002359,T000044,L016800.2022.RH5A,Saída,Azoto total (mg/L N),Trimestral,Composta (iii),
TUA20221010002359,T000045,L016800.2022.RH5A,Saída,Fósforo total (mg/L P),Trimestral,Composta (iii),
TUA20221017002426,T000017,L018800.2022.RH5A,Saída,pH (Escala de Sörensen),Mensal,Composta (iii),
TUA20221017002426,T000019,L018800.2022.RH5A,Saída,Carência Bioquímica de Oxigénio (mg/L O2),Mensal,Composta (iii),
TUA20221017002426,T000021,L018800.2022.RH5A,Saída,Carência Química de Oxigénio (mg/L O2),Mensal,Composta (iii),
TUA20221017002426,T000023,L018800.2022.RH5A,Saída,Sólidos Suspensos Totais (mg/L),Mensal,Composta (iii),
TUA20221017002426,T000024,L018800.2022.RH5A,Saída,Azoto total (mg/L N),Mensal,Composta (iii),
TUA20221017002426,T000025,L018800.2022.RH5A,Saída,Fósforo total (mg/L P),Mensal,Composta (iii),
TUA20221017002426,T000026,L018800.2022.RH5A,Entrada,pH (Escala de Sörensen),Mensal,Composta (iii),
TUA20221017002426,T000028,L018800.2022.RH5A,Entrada,Carência Bioquímica de Oxigénio (mg/L O2),Mensal,Composta (iii),
TUA20221017002426,T000029,L018800.2022.RH5A,Entrada,Carência Química de Oxigénio (mg/L O2),Mensal,Composta (iii),
TUA20221017002426,T000030,L018800.2022.RH5A,Entrada,Sólidos Suspensos Totais (mg/L),Mensal,Composta (iii),
TUA20221017002427,T000021,L017875.2017.RH5A,Saída,pH (Escala de Sörensen),Mensal,Composta (iii),
TUA20221017002427,T000022,L017875.2017.RH5A,Entrada,pH (Escala de Sörensen),Mensal,Composta (iii),
TUA20221017002427,T000023,L017875.2017.RH5A,Saída,Carência Bioquímica de Oxigénio (mg/L O2),Mensal,Composta (iii),
TUA20221017002427,T000024,L017875.2017.RH5A,Entrada,Carência Bioquímica de Oxigénio (mg/L O2),Mensal,Composta (iii),
TUA20221017002427,T000025,L017875.2017.RH5A,Saída,Carência Química de Oxigénio (mg/L O2),Mensal,Composta (iii),
TUA20221017002427,T000026,L017875.2017.RH5A,Entrada,Carência Química de Oxigénio (mg/L O2),Mensal,Composta (iii),
TUA20221017002427,T000027,L017875.2017.RH5A,Saída,Sólidos Suspensos Totais (mg/L),Mensal,Composta (iii),
TUA20221017002427,T000028,L017875.2017.RH5A,Entrada,Sólidos Suspensos Totais (mg/L),Mensal,Composta (iii),
TUA20221017002427,T000029,L017875.2017.RH5A,Saída,Azoto total (mg/L N),Mensal,Composta (iii),
TUA20221017002427,T000030,L017875.2017.RH5A,Saída,Fósforo total (mg/L P),Mensal,Composta (iii),
TUA20230116000179,T000009,L025479.2023.RH5A.V1,Saída,pH (Escala de Sörensen),Trimestral,Composta (i),
TUA20230116000179,T000011,L025479.2023.RH5A.V1,Saída,Carência Química de Oxigénio (mg/L O2),Trimestral,Composta (i),
TUA20230116000179,T000013,L025479.2023.RH5A.V1,Saída,Carência Bioquímica de Oxigénio (mg/L O2),Trimestral,Composta (i),
TUA20230116000179,T000015,L025479.2023.RH5A.V1,Saída,Sólidos Suspensos Totais (mg/L),Trimestral,Composta (i),
TUA20230116000179,T000017,L025479.2023.RH5A.V1,Saída,Óleos e Gorduras (mg/L),Trimestral,Pontual,
TUA20230116000179,T000018,L025479.2023.RH5A.V1,Saída,Azoto total (mg/L N),Trimestral,Composta (i),
TUA20230116000179,T000019,L025479.2023.RH5A.V1,Saída,Fósforo total (mg/L P),Trimestral,Composta (i),
TUA20230116000180,T000017,L025473.2023.RH5A.V1,Saída,pH (Escala de Sörensen),Trimestral,Composta (i),
TUA20230116000180,T000019,L025473.2023.RH5A.V1,Saída,Carência Química de Oxigénio (mg/L O2),Trimestral,Composta (i),
TUA20230116000180,T000021,L025473.2023.RH5A.V1,Saída,Carência Bioquímica de Oxigénio (mg/L O2),Trimestral,Composta (i),
TUA20230116000180,T000023,L025473.2023.RH5A.V1,Saída,Sólidos Suspensos Totais (mg/L),Trimestral,Composta (i),
TUA20230116000180,T000025,L025473.2023.RH5A.V1,Saída,Óleos e Gorduras (mg/L),Trimestral,Pontual,
TUA20230116000180,T000076,L025473.2023.RH5A.V1,Saída,Azoto total (mg/L N),Trimestral,Composta (i),
TUA20230116000180,T000077,L025473.2023.RH5A.V1,Saída,Fósforo total (mg/L P),Trimestral,Composta (i),
TUA20230117000197,T000030,L001739.2013.RH5-T1.V1,Saída,Carência Bioquímica de Oxigénio (mg/L O2),Trimestral,Composta (iv),
TUA20230117000197,T000032,L001739.2013.RH5-T1.V1,Saída,Carência Química de Oxigénio (mg/L O2),Trimestral,Composta (iv),
TUA20230117000197,T000034,L001739.2013.RH5-T1.V1,Saída,Sólidos Suspensos Totais (mg/L),Trimestral,Composta (iv),
TUA20230117000197,T000036,L001739.2013.RH5-,Saída,pH (Escala de Sörensen),Trimestral,Composta (iv),
TUA20230117000197,T000085,L001739.2013.RH5-T1.V1,Saída,Azoto total (mg/L N),Trimestral,Composta (iv),
TUA20230117000197,T000086,L001739.2013.RH5-T1.V1,Saída,Fósforo total (mg/L P),Trimestral,Composta (iv),
TUA20230125000254,T000017,L009134.2018.RH3.V1,Saída,pH (Escala de Sörensen),Mensal,Composta (i),
TUA20230125000254,T000019,L009134.2018.RH3.V1,Saída,Carência Bioquímica de Oxigénio (mg/L O2),Mensal,Composta (i),
TUA20230125000254,T000021,L009134.2018.RH3.V1,Saída,Carência Química de Oxigénio (mg/L O2),Mensal,Composta (i),
TUA20230125000254,T000023,L009134.2018.RH3.V1,Saída,Sólidos Suspensos Totais (mg/L),Mensal,Composta (i),
TUA20230125000254,T000024,L009134.2018.RH3.V1,Saída,Azoto total (mg/L N),Trimestral,Composta (i),
TUA20230125000254,T000026,L009134.2018.RH3.V1,Saída,Fósforo total (mg/L P),Trimestral,Composta (i),
TUA20230125000271,T000030,L009128.2018.RH3.V1,Saída,pH (Escala de Sörensen),Trimestral,Pontual,
TUA20230125000271,T000032,L009128.2018.RH3.V1,Saída,Carência Bioquímica de Oxigénio (mg/L O2),Trimestral,Pontual,
TUA20230125000271,T000034,L009128.2018.RH3.V1,Saída,Carência Química de Oxigénio (mg/L O2),Trimestral,Pontual,
TUA20230125000271,T000036,L009128.2018.RH3.V1,Saída,Sólidos Suspensos Totais (mg/L),Trimestral,Pontual,
TUA20230125000272,T000016,L009112.2018.RH3.V1,Saída,pH (Escala de Sörensen),Trimestral,Pontual,
TUA20230125000272,T000018,L009112.2018.RH3.V1,Saída,Carência Bioquímica de Oxigénio (mg/L O2),Trimestral,Pontual,
TUA20230125000272,T000020,L009112.2018.RH3.V1,Saída,Carência Química de Oxigénio (mg/L O2),Trimestral,Pontual,
TUA20230125000272,T000022,L009112.2018.RH3.V1,Saída,Sólidos Suspensos Totais (mg/L),Trimestral,Pontual,
TUA20230125000272,T000023,L009112.2018.RH3.V1,Saída,Azoto total (mg/L N),Trimestral,Pontual,
TUA20230125000272,T000024,L009112.2018.RH3.V1,Saída,Fósforo total (mg/L P),Trimestral,Pontual,
TUA20230130000331,T000017,L026674.2023.RH5A.V1,Saída,pH (Escala de Sörensen),Trimestral,Composta (i),
TUA20230130000331,T000019,L026674.2023.RH5A.V1,Saída,Carência Química de Oxigénio (mg/L O2),Trimestral,Composta (i),
TUA20230130000331,T000021,L026674.2023.RH5A.V1,Saída,Carência Bioquímica de Oxigénio (mg/L O2),Trimestral,Composta (i),
TUA20230130000331,T000023,L026674.2023.RH5A.V1,Saída,Sólidos Suspensos Totais (mg/L),Trimestral,Composta (i),
TUA20230130000331,T000025,L026674.2023.RH5A.V1,Saída,Óleos e Gorduras (mg/L),Trimestral,Pontual,
TUA20230130000331,T000026,L026674.2023.RH5A.V1,Saída,Azoto total (mg/L N),Trimestral,Composta (i),
TUA20230130000331,T000027,L026674.2023.RH5A.V1,Saída,Fósforo total (mg/L P),Trimestral,Composta (i),
TUA20230130000332,T000017,L026655.2023.RH5A.V1,Saída,pH (Escala de Sörensen),Trimestral,Composta (i),
TUA20230130000332,T000019,L026655.2023.RH5A.V1,Saída,Carência Química de Oxigénio (mg/L O2),Trimestral,Composta (i),
TUA20230130000332,T000021,L026655.2023.RH5A.V1,Saída,Carência Bioquímica de Oxigénio (mg/L O2),Trimestral,Composta (i),
TUA20230130000332,T000023,L026655.2023.RH5A.V1,Saída,Sólidos Suspensos Totais (mg/L),Trimestral,Composta (i),
TUA20230130000332,T000025,L026655.2023.RH5A.V1,Saída,Óleos e Gorduras (mg/L),Trimestral,Pontual,
TUA20230130000332,T000026,L026655.2023.RH5A.V1,Saída,Azoto total (mg/L N),Trimestral,Composta (i),
TUA20230130000332,T000027,L026655.2023.RH5A.V1,Saída,Fósforo total (mg/L P),Trimestral,Composta (i),
TUA20230130000333,T000017,L026342.2023.RH5A.V1,Saída,pH (Escala de Sörensen),Trimestral,Composta (i),
TUA20230130000333,T000019,L026342.2023.RH5A.V1,Saída,Carência Química de Oxigénio (mg/L O2),Trimestral,Composta (i),
TUA20230130000333,T000021,L026342.2023.RH5A.V1,Saída,Carência Bioquímica de Oxigénio (mg/L O2),Trimestral,Composta (i),
TUA20230130000333,T000023,L026342.2023.RH5A.V1,Saída,Sólidos Suspensos Totais (mg/L),Trimestral,Composta (i),
TUA20230130000333,T000025,L026342.2023.RH5A.V1,Saída,Óleos e Gorduras (mg/L),Trimestral,Pontual,
TUA20230130000333,T000026,L026342.2023.RH5A.V1,Saída,Azoto total (mg/L N),Trimestral,Composta (i),
TUA20230130000333,T000027,L026342.2023.RH5A.V1,Saída,Fósforo total (mg/L P),Trimestral,Composta (i),
TUA20230130000335,T000017,L026309.2023.RH5A.V1,Saída,pH (Escala de Sörensen),Trimestral,Composta (i),
TUA20230130000335,T000019,L026309.2023.RH5A.V1,Saída,Carência Bioquímica de Oxigénio (mg/L O2),Trimestral,Composta (i),
TUA20230130000335,T000021,L026309.2023.RH5A.V1,Saída,Carência Química de Oxigénio (mg/L O2),Trimestral,Composta (i),
TUA20230130000335,T000023,L026309.2023.RH5A.V1,Saída,Sólidos Suspensos Totais (mg/L),Trimestral,Composta (i),
TUA20230130000335,T000025,L026309.2023.RH5A.V1,Saída,Óleos e Gorduras (mg/L),Trimestral,Pontual,
TUA20230130000335,T000078,L026309.2023.RH5A.V1,Saída,Azoto total (mg/L N),Trimestral,Composta (i),
TUA20230130000335,T000079,L026309.2023.RH5A.V1,Saída,Fósforo total (mg/L P),Trimestral,Composta (i),
TUA20230130000336,T000017,L026283.2023.RH5A.V1,Saída,pH (Escala de Sörensen),Mensal,Composta (i),
TUA20230130000336,T000019,L026283.2023.RH5A.V1,Saída,Carência Química de Oxigénio (mg/L O2),Mensal,Composta (i),
TUA20230130000336,T000021,L026283.2023.RH5A.V1,Saída,Carência Bioquímica de Oxigénio (mg/L O2),Mensal,Composta (i),
TUA20230130000336,T000023,L026283.2023.RH5A.V1,Saída,Sólidos Suspensos Totais (mg/L),Mensal,Composta (i),
TUA20230130000336,T000025,L026283.2023.RH5A.V1,Saída,Óleos e Gorduras (mg/L),Trimestral,Pontual,
TUA20230130000336,T000026,L026283.2023.RH5A.V1,Saída,Azoto total (mg/L N),Trimestral,Composta (i),
TUA20230130000336,T000027,L026283.2023.RH5A.V1,Saída,Fósforo total (mg/L P),Trimestral,Composta (i),
TUA20230202000373,T000017,L009125.2018.RH3.V1,Saída,Carência Bioquímica de Oxigénio (mg/L O2),Mensal,Composta (i),
TUA20230202000373,T000019,L009125.2018.RH3.V1,Saída,Carência Química de Oxigénio (mg/L O2),Mensal,Composta (i),
TUA20230202000373,T000021,L009125.2018.RH3.V1,Saída,Total de Partículas Sólidas em Suspensão (mg/L),Mensal,Composta (i),
TUA20230202000373,T000022,L009125.2018.RH3.V1,Saída,pH (Escala de Sörensen),Mensal,Composta (i),
TUA20230202000373,T000023,L009125.2018.RH3.V1,Saída,Azoto total (mg/L N),Trimestral,Composta (i),
TUA20230202000373,T000024,L009125.2018.RH3.V1,Saída,Fósforo total (mg/L P),Trimestral,Composta (i),
TUA20230202000374,T000017,L009126.2018.RH3.V1,Saída,pH (Escala de Sörensen),Trimestral,Pontual,
TUA20230202000374,T000019,L009126.2018.RH3.V1,Saída,Carência Bioquímica de Oxigénio (mg/L O2),Trimestral,Pontual,
TUA20230202000374,T000021,L009126.2018.RH3.V1,Saída,Carência Química de Oxigénio (mg/L O2),Trimestral,Pontual,
TUA20230202000374,T000023,L009126.2018.RH3.V1,Saída,Sólidos Suspensos Totais (mg/L),Trimestral,Pontual,
TUA20230202000374,T000024,L009126.2018.RH3.V1,Saída,Azoto total (mg/L N),Trimestral,Pontual,
TUA20230202000374,T000025,L009126.2018.RH3.V1,Saída,Fósforo total (mg/L P),Trimestral,Pontual,
TUA20230202000375,T000017,L009113.2018.RH3.V1,Saída,pH (Escala de Sörensen),Trimestral,Pontual,
TUA20230202000375,T000019,L009113.2018.RH3.V1,Saída,Carência Bioquímica de Oxigénio (mg/L O2),Trimestral,Pontual,
TUA20230202000375,T000021,L009113.2018.RH3.V1,Saída,Carência Química de Oxigénio (mg/L O2),Trimestral,Pontual,
TUA20230202000375,T000023,L009113.2018.RH3.V1,Saída,Sólidos Suspensos Totais (mg/L),Trimestral,Pontual,
TUA20230202000375,T000024,L009113.2018.RH3.V1,Saída,Azoto total (mg/L N),Trimestral,Pontual,
TUA20230202000375,T000025,L009113.2018.RH3.V1,Saída,Fósforo total (mg/L P),Trimestral,Pontual,
TUA20230202000376,T000022,L009132.2018.RH3.V1,Saída,pH (Escala de Sörensen),Mensal,Composta (i),
TUA20230202000376,T000024,L009132.2018.RH3.V1,Saída,Carência Bioquímica de Oxigénio (mg/L O2),Mensal,Composta (i),
TUA20230202000376,T000026,L009132.2018.RH3.V1,Saída,Carência Química de Oxigénio (mg/L O2),Mensal,Composta (i),
TUA20230202000376,T000028,L009132.2018.RH3.V1,Saída,Sólidos Suspensos Totais (mg/L),Mensal,Composta (i),
TUA20230202000376,T000029,L009132.2018.RH3.V1,Saída,Azoto total (mg/L N),Trimestral,Composta (i),
TUA20230202000376,T000030,L009132.2018.RH3.V1,Saída,Fósforo total (mg/L P),Trimestral,Composta (i),
TUA20230202000377,T000011,L009127.2018.RH3.V1,Saída,pH (Escala de Sörensen),Trimestral,Pontual,
TUA20230202000377,T000013,L009127.2018.RH3.V1,Saída,Carência Bioquímica de Oxigénio (mg/L O2),Trimestral,Pontual,
TUA20230202000377,T000015,L009127.2018.RH3.V1,Saída,Carência Química de Oxigénio (mg/L O2),Trimestral,Pontual,
TUA20230202000377,T000017,L009127.2018.RH3.V1,Saída,Sólidos Suspensos Totais (mg/L),Trimestral,Pontual,
TUA20230202000377,T000018,L009127.2018.RH3.V1,Saída,Azoto total (mg/L N),Trimestral,Pontual,
TUA20230202000377,T000019,L009127.2018.RH3.V1,Saída,Fósforo total (mg/L P),Trimestral,Pontual,
TUA20230202000378,T000017,L009139.2018.RH3.V1,Saída,pH (Escala de Sörensen),Trimestral,Pontual,
TUA20230202000378,T000019,L009139.2018.RH3.V1,Saída,Carência Bioquímica de Oxigénio (mg/L O2),Trimestral,Pontual,
TUA20230202000378,T000021,L009139.2018.RH3.V1,Saída,Carência Química de Oxigénio (mg/L O2),Trimestral,Pontual,
TUA20230202000378,T000023,L009139.2018.RH3.V1,Saída,Sólidos Suspensos Totais (mg/L),Trimestral,Pontual,
TUA20230202000378,T000024,L009139.2018.RH3.V1,Saída,Azoto total (mg/L N),Semestral,Pontual,
TUA20230202000378,T000025,L009139.2018.RH3.V1,Saída,Fósforo total (mg/L P),Semestral,Pontual,
TUA20230208000443,T000017,L026778.2023.RH3.V1,Saída,pH (Escala de Sörensen),Trimestral,Pontual,
TUA20230208000443,T000019,L026778.2023.RH3.V1,Saída,Carência Bioquímica de Oxigénio (mg/L O2),Trimestral,Pontual,
TUA20230208000443,T000021,L026778.2023.RH3.V1,Saída,Carência Química de Oxigénio (mg/L O2),Trimestral,Pontual,
TUA20230208000443,T000023,L026778.2023.RH3.V1,Saída,Sólidos Suspensos Totais (mg/L),Trimestral,Pontual,
TUA20230213000471,T000017,L004520.2018.RH3.V1,Saída,pH (Escala de Sörensen),Trimestral,Pontual,
TUA20230213000471,T000019,L004520.2018.RH3.V1,Saída,Carência Bioquímica de Oxigénio (mg/L O2),Trimestral,Pontual,
TUA20230213000471,T000021,L004520.2018.RH3.V1,Saída,Carência Química de Oxigénio (mg/L O2),Trimestral,Pontual,
TUA20230213000471,T000023,L004520.2018.RH3.V1,Saída,Sólidos Suspensos Totais (mg/L),Trimestral,Pontual,
TUA20230213000497,T000017,L001767.2013.RH5-T1.V1,Entrada,Carência Bioquímica de Oxigénio (mg/L O2),Mensal,Composta (iv),
TUA20230213000497,T000019,L001767.2013.RH5-T1.V1,Entrada,Carência Química de Oxigénio (mg/L O2),Mensal,Composta (iv),
TUA20230213000497,T000021,L001767.2013.RH5-T1.V1,Entrada,Sólidos Suspensos Totais (mg/L),Mensal,Composta (iv),
TUA20230213000497,T000023,L001767.2013.RH5-T1.V1,Entrada,pH (Escala de Sörensen),Mensal,Composta (iv),
TUA20230213000497,T000024,L001767.2013.RH5-T1.V1,Saída,Carência Bioquímica de Oxigénio (mg/L O2),Mensal,Composta (iv),
TUA20230213000497,T000025,L001767.2013.RH5-T1.V1,Saída,Carência Química de Oxigénio (mg/L O2),Mensal,Composta (iv),
TUA20230213000497,T000026,L001767.2013.RH5-T1.V1,Saída,Sólidos Suspensos Totais (mg/L),Mensal,Composta (iv),
TUA20230213000497,T000027,L001767.2013.RH5-T1.V1,Saída,pH (Escala de Sörensen),Mensal,Composta (iv),
TUA20230213000497,T000028,L001767.2013.RH5-T1.V1,Entrada,Azoto total (mg/L N),Mensal,Composta (iv),
TUA20230213000497,T000029,L001767.2013.RH5-T1.V1,Saída,Azoto total (mg/L N),Mensal,Composta (iv),
TUA20230213000497,T000030,L001767.2013.RH5-T1.V1,Entrada,Fósforo total (mg/L P),Mensal,Composta (iv),
TUA20230213000497,T000031,L001767.2013.RH5-T1.V1,Saída,Fósforo total (mg/L P),Mensal,Composta (iv),
TUA20230213000497,T000081,L001767.2013.RH5-T1.V1,Saída,Caudal (m3/mês),Mensal,Pontual,
TUA20230216000512,T000017,L010055.2018.RH3.V1,Saída,pH (Escala de Sörensen),Trimestral,Composta (i),
TUA20230216000512,T000019,L010055.2018.RH3.V1,Saída,Carência Bioquímica de Oxigénio (mg/L O2),Trimestral,Composta (i),
TUA20230216000512,T000021,L010055.2018.RH3.V1,Saída,Carência Química de Oxigénio (mg/L O2),Trimestral,Composta (i),
TUA20230216000512,T000023,L010055.2018.RH3.V1,Saída,Sólidos Suspensos Totais (mg/L),Trimestral,Composta (i),
TUA20230216000513,T000017,L004518.2018.RH3.V1,Saída,pH (Escala de Sörensen),Mensal,Pontual,
TUA20230216000513,T000019,L004518.2018.RH3.V1,Saída,Carência Bioquímica de Oxigénio (mg/L O2),Mensal,Pontual,
TUA20230216000513,T000021,L004518.2018.RH3.V1,Saída,Carência Química de Oxigénio (mg/L O2),Mensal,Pontual,
TUA20230216000513,T000023,L004518.2018.RH3.V1,Saída,Sólidos Suspensos Totais (mg/L),Mensal,Pontual,
TUA20230216000513,T000024,L004518.2018.RH3.V1,Saída,Azoto total (mg/L N),Mensal,Pontual,
TUA20230216000513,T000025,L004518.2018.RH3.V1,Saída,Fósforo total (mg/L P),Mensal,Pontual,
TUA20230220000545,T000017,L004518.2018.RH3.V2,Saída,pH (Escala de Sörensen),Trimestral,Pontual,
TUA20230220000545,T000019,L004518.2018.RH3.V2,Saída,Carência Bioquímica de Oxigénio (mg/L O2),Trimestral,Pontual,
TUA20230220000545,T000021,L004518.2018.RH3.V2,Saída,Carência Química de Oxigénio (mg/L O2),Trimestral,Pontual,
TUA20230220000545,T000023,L004518.2018.RH3.V2,Saída,Sólidos Suspensos Totais (mg/L),Trimestral,Pontual,
TUA20230220000545,T000062,L004518.2018.RH3.V2,Saída,Azoto total (mg/L N),Trimestral,Pontual,
TUA20230220000545,T000063,L004518.2018.RH3.V2,Saída,Fósforo total (mg/L P),Trimestral,Pontual,
TUA20230228000613,T000017,L001772.2020.RH5A.V1,Entrada,Carência Bioquímica de Oxigénio (mg/L O2),Quinzenal,Composta (ii),
TUA20230228000613,T000019,L001772.2020.RH5A.V1,Entrada,Carência Química de Oxigénio (mg/L O2),Quinzenal,Composta (ii),
TUA20230228000613,T000021,L001772.2020.RH5A.V1,Entrada,Sólidos Suspensos Totais (mg/L),Quinzenal,Composta (ii),
TUA20230228000613,T000023,L001772.2020.RH5A.V1,Entrada,pH (Escala de Sörensen),Quinzenal,Composta (ii),
TUA20230228000613,T000024,L001772.2020.RH5A.V1,Saída,Carência Bioquímica de Oxigénio (mg/L O2),Quinzenal,Composta (ii),
TUA20230228000613,T000025,L001772.2020.RH5A.V1,Saída,Carência Química de Oxigénio (mg/L O2),Quinzenal,Composta (ii),
TUA20230228000613,T000026,L001772.2020.RH5A.V1,Saída,Sólidos Suspensos Totais (mg/L),Quinzenal,Composta (ii),
TUA20230228000613,T000028,L001772.2020.RH5A.V1,Saída,pH (Escala de Sörensen),Quinzenal,Composta (ii),
TUA20230228000613,T000029,L001772.2020.RH5A.V1,Entrada,Azoto amoniacal (mg/L NH4),Quinzenal,Composta (ii),
TUA20230228000613,T000030,L001772.2020.RH5A.V1,Saída,Azoto amoniacal (mg/L NH4),Quinzenal,Composta (ii),
TUA20230228000613,T000031,L001772.2020.RH5A.V1,Entrada,Azoto total (mg/L N),Quinzenal,Composta (ii),
TUA20230228000613,T000032,L001772.2020.RH5A.V1,Saída,Azoto total (mg/L N),Quinzenal,Composta (ii),
TUA20230228000613,T000033,L001772.2020.RH5A.V1,Entrada,Fósforo total (mg/L P),Quinzenal,Composta (ii),
TUA20230228000613,T000034,L001772.2020.RH5A.V1,Saída,Fósforo total (mg/L P),Quinzenal,Composta (ii),
TUA20230228000613,T000035,L001772.2020.RH5A.V1,Entrada,Caudal (m3/dia),Quinzenal,Pontual,
TUA20230228000613,T000037,L001772.2020.RH5A.V1,Entrada,Caudal (m3/mês),Mensal,Pontual,
TUA20230228000614,T000030,L007117.2022.RH5A.V1,Saída,Carência Bioquímica de Oxigénio (mg/L O2),Quinzenal,Composta (ii),
TUA20230228000614,T000035,RH5A.V1,Saída,Oxigénio (mg/L O2) Carência Química de Oxigénio (mg/L O2),Quinzenal,Composta (ii),
TUA20230228000614,T000032,L007117.2022.RH5A.V1,Entrada,Carência Bioquímica de Oxigénio (mg/L O2),Quinzenal,Composta (ii),
TUA20230228000614,T000033,L007117.2022.RH5A.V1,Entrada,Carência Química de Oxigénio (mg/L O2),Quinzenal,Composta (ii),
TUA20230228000614,T000038,L007117.2022.RH5A.V1,Saída,Sólidos Suspensos Totais (mg/L),Quinzenal,Composta (ii),
TUA20230228000614,T000042,L007117.2022.RH5A.V1,Saída,pH (Escala de Sörensen),Quinzenal,Composta (ii),
TUA20230228000614,T000039,L007117.2022.RH5A.V1,Entrada,Sólidos Suspensos Totais (mg/L),Quinzenal,Composta (ii),
TUA20230228000614,T000040,L007117.2022.RH5A.V1,Entrada,pH (Escala de Sörensen),Quinzenal,Composta (ii),
TUA20230228000614,T000045,L007117.2022.RH5A.V1,Saída,Azoto total (mg/L N),Trimestral,Composta (ii),
TUA20230228000614,T000046,L007117.2022.RH5A.V1,Saída,Fósforo total (mg/L P),Trimestral,Composta (ii),
TUA20230228000614,T000047,L007117.2022.RH5A.V1,Saída,Caudal (m3/mês),Mensal,Pontual,
TUA20230228000614,T000048,L007117.2022.RH5A.V1,Entrada,Caudal (m3/mês),Mensal,Pontual,
TUA20230328000995,T000017,L009129.2018.RH3.V1,Saída,pH (Escala de Sörensen),Trimestral,Pontual,
TUA20230328000995,T000019,L009129.2018.RH3.V1,Saída,Carência Bioquímica de Oxigénio (mg/L O2),Trimestral,Pontual,
TUA20230328000995,T000021,L009129.2018.RH3.V1,Saída,Carência Química de Oxigénio (mg/L O2),Trimestral,Pontual,
TUA20230328000995,T000023,L009129.2018.RH3.V1,Saída,Sólidos Suspensos Totais (mg/L),Trimestral,Pontual,
TUA20230328000996,T000017,L009136.2018.RH3.V1,Saída,pH (Escala de Sörensen),Trimestral,Composta (i),
TUA20230328000996,T000019,L009136.2018.RH3.V1,Saída,Carência Bioquímica de Oxigénio (mg/L O2),Trimestral,Composta (i),
TUA20230328000996,T000021,L009136.2018.RH3.V1,Saída,Carência Química de Oxigénio (mg/L O2),Trimestral,Composta (i),
TUA20230328000996,T000023,L009136.2018.RH3.V1,Saída,Sólidos Suspensos Totais (mg/L),Trimestral,Composta (i),
TUA20230328000996,T000024,L009136.2018.RH3.V1,Saída,Azoto total (mg/L N),Trimestral,Composta (i),
TUA20230328000996,T000025,L009136.2018.RH3.V1,Saída,Fósforo total (mg/L P),Trimestral,Composta (i),
TUA20230421001258,T000017,L010060.2018.RH3.V1,Saída,pH (Escala de Sörensen),Trimestral,Pontual,
TUA20230421001258,T000019,L010060.2018.RH3.V1,Saída,Carência Bioquímica de Oxigénio (mg/L O2),Trimestral,Pontual,
TUA20230421001258,T000021,L010060.2018.RH3.V1,Saída,Carência Química de Oxigénio (mg/L O2),Trimestral,Pontual,
TUA20230421001258,T000023,L010060.2018.RH3.V1,Saída,Sólidos Suspensos Totais (mg/L),Trimestral,Pontual,
TUA20230421001258,T000024,L010060.2018.RH3.V1,Saída,Azoto total (mg/L N),Trimestral,Pontual,
TUA20230421001258,T000025,L010060.2018.RH3.V1,Saída,Fósforo total (mg/L P),Trimestral,Pontual,
TUA20230421001259,T000016,L010061.2018.RH3.V1,Saída,pH (Escala de Sörensen),Trimestral,Composta (i),
TUA20230421001259,T000018,L010061.2018.RH3.V1,Saída,Carência Bioquímica de Oxigénio (mg/L O2),Trimestral,Composta (i),
TUA20230421001259,T000020,L010061.2018.RH3.V1,Saída,Carência Química de Oxigénio (mg/L O2),Trimestral,Composta (i),
TUA20230421001259,T000022,L010061.2018.RH3.V1,Saída,Sólidos Suspensos Totais (mg/L),Trimestral,Composta (i),
TUA20230421001260,T000017,L011919.2018.RH3.V1,Saída,pH (Escala de Sörensen),Trimestral,Pontual,
TUA20230421001260,T000019,L011919.2018.RH3.V1,Saída,Carência Bioquímica de Oxigénio (mg/L O2),Trimestral,Pontual,
TUA20230421001260,T000021,L011919.2018.RH3.V1,Saída,Carência Química de Oxigénio (mg/L O2),Trimestral,Pontual,
TUA20230421001260,T000023,L011919.2018.RH3.V1,Saída,Sólidos Suspensos Totais (mg/L),Trimestral,Pontual,
TUA20230421001260,T000024,L011919.2018.RH3.V1,Saída,Azoto total (mg/L N),Trimestral,Pontual,
TUA20230421001260,T000025,L011919.2018.RH3.V1,Saída,Fósforo total (mg/L P),Trimestral,Pontual,
TUA20230421001263,T000017,L010047.2018.RH3.V1,Saída,pH (Escala de Sörensen),Trimestral,Pontual,
TUA20230421001263,T000019,L010047.2018.RH3.V1,Saída,Carência Bioquímica de Oxigénio (mg/L O2),Trimestral,Pontual,
TUA20230421001263,T000021,L010047.2018.RH3.V1,Saída,Carência Química de Oxigénio (mg/L O2),Trimestral,Pontual,
TUA20230421001263,T000023,L010047.2018.RH3.V1,Saída,Sólidos Suspensos Totais (mg/L),Trimestral,Pontual,
TUA20230421001263,T000024,L010047.2018.RH3.V1,Saída,Azoto total (mg/L N),Trimestral,Pontual,
TUA20230421001263,T000025,L010047.2018.RH3.V1,Saída,Fósforo total (mg/L P),Trimestral,Pontual,
TUA20230423001281,T000021,L004998.2016.RH7.V1,Saída,Caudal (m3/dia),Mensal,Composta (i),
TUA20230423001281,T000022,L004998.2016.RH7.V1,Saída,pH (Escala de Sörensen),Mensal,Composta (ii),
TUA20230423001281,T000023,L004998.2016.RH7.V1,Saída,Carência Bioquímica de Oxigénio (mg/L O2),Mensal,Composta (ii),
TUA20230423001281,T000024,L004998.2016.RH7.V1,Saída,Carência Química de Oxigénio (mg/L O2),Mensal,Composta (ii),
TUA20230423001281,T000025,L004998.2016.RH7.V1,Saída,Sólidos Suspensos Totais (mg/L),Mensal,Composta (ii),
TUA20230423001281,T000026,L004998.2016.RH7.V1,Saída,Óleos e Gorduras (mg/L),Mensal,Composta (ii),
TUA20230423001281,T000027,L004998.2016.RH7.V1,Saída,Azoto total (mg/L N),Mensal,Composta (ii),
TUA20230423001281,T000028,L004998.2016.RH7.V1,Saída,Fósforo total (mg/L P),Mensal,Composta (ii),
TUA20230510001393,T000008,L008277.2018.,Saída,pH (Escala de Sörensen),Quinzenal,Composta (ii),
TUA20230510001393,T000008,L008277.2018.RH5A.V1,Saída,pH (Escala de Sörensen),Quinzenal,Composta (ii),
TUA20230510001393,T000041,L008277.2018.RH5A.V1,Saída,Carência Bioquímica de Oxigénio (mg/L O2),Quinzenal,Composta (ii),
TUA20230510001393,T000043,L008277.2018.RH5A.V1,Saída,Carência Química de Oxigénio (mg/L O2),Quinzenal,Composta (ii),
TUA20230510001393,T000045,L008277.2018.RH5A.V1,Saída,Sólidos Suspensos Totais (mg/L),Quinzenal,Composta (ii),
TUA20230510001393,T000047,L008277.2018.RH5A.V1,Saída,Fósforo total (mg/L P),Quinzenal,Composta (ii),
TUA20230510001393,T000049,L008277.2018.RH5A.V1,Saída,Óleos e Gorduras (mg/L),Quinzenal,Composta (ii),
TUA20230510001393,T000051,L008277.2018.RH5A.V1,Saída,Fenóis (mg/L C6H5OH),Quinzenal,Composta (ii),
TUA20230510001393,T000052,L008277.2018.RH5A.V1,Saída,Caudal (m3/mês),Mensal,Pontual,
TUA20230510001393,T000053,L008277.2018.RH5A.V1,Entrada,Caudal (m3/mês),Mensal,Pontual,
TUA20230510001393,T000054,L008277.2018.RH5A.V1,Entrada,pH (Escala de Sörensen),Quinzenal,Composta (ii),
TUA20230510001393,T000055,L008277.2018.RH5A.V1,Entrada,Carência Bioquímica de Oxigénio (mg/L O2),Quinzenal,Composta (ii),
TUA20230510001393,T000056,L008277.2018.RH5A.V1,Entrada,Carência Química de Oxigénio (mg/L O2),Quinzenal,Composta (ii),
TUA20230510001393,T000057,L008277.2018.RH5A.V1,Entrada,Sólidos Suspensos Totais (mg/L),Quinzenal,Composta (ii),
TUA20230510001393,T000058,L008277.2018.RH5A.V1,Entrada,Óleos e Gorduras (mg/L),Quinzenal,Composta (ii),
TUA20230510001393,T000059,L008277.2018.RH5A.V1,Entrada,Fenóis (mg/L C6H5OH),Quinzenal,Composta (ii),
TUA20230510001399,T000017,L033073.2023.RH3.V1,Saída,pH (Escala de Sörensen),Trimestral,Pontual,
TUA20230510001399,T000019,L033073.2023.RH3.V1,Saída,Carência Bioquímica de Oxigénio (mg/L O2),Trimestral,Pontual,
TUA20230510001399,T000021,L033073.2023.RH3.V1,Saída,Carência Química de Oxigénio (mg/L O2),Trimestral,Pontual,
TUA20230510001399,T000023,L033073.2023.RH3.V1,Saída,Sólidos Suspensos Totais (mg/L),Trimestral,Pontual,
TUA20230510001399,T000024,L033073.2023.RH3.V1,Saída,Azoto total (mg/L N),Trimestral,Pontual,
TUA20230510001399,T000025,L033073.2023.RH3.V1,Saída,Fósforo total (mg/L P),Trimestral,Pontual,
TUA20230602001636,T000017,L034412.2023.RH3.V1,Saída,pH (Escala de Sörensen),Mensal,Pontual,
TUA20230602001636,T000019,L034412.2023.RH3.V1,Saída,Carência Bioquímica de Oxigénio (mg/L O2),Mensal,Pontual,
TUA20230602001636,T000021,L034412.2023.RH3.V1,Saída,Carência Química de Oxigénio (mg/L O2),Mensal,Pontual,
TUA20230602001636,T000023,L034412.2023.RH3.V1,Saída,Sólidos Suspensos Totais (mg/L),Mensal,Pontual,
TUA20230602001636,T000024,L034412.2023.RH3.V1,Saída,Azoto total (mg/L N),Mensal,Pontual,
TUA20230602001636,T000025,L034412.2023.RH3.V1,Saída,Fósforo total (mg/L P),Mensal,Pontual,
TUA20230602001637,T000017,L034331.2023.RH3.V1,Saída,pH (Escala de Sörensen),Mensal,Composta (i),
TUA20230602001637,T000019,L034331.2023.RH3.V1,Saída,Carência Bioquímica de Oxigénio (mg/L O2),Mensal,Composta (i),
TUA20230602001637,T000021,L034331.2023.RH3.V1,Saída,Carência Química de Oxigénio (mg/L O2),Mensal,Composta (i),
TUA20230602001637,T000023,L034331.2023.RH3.V1,Saída,Sólidos Suspensos Totais (mg/L),Mensal,Composta (i),
TUA20230602001637,T000024,L034331.2023.RH3.V1,Saída,Azoto total (mg/L N),Trimestral,Composta (i),
TUA20230602001637,T000025,L034331.2023.RH3.V1,Saída,Fósforo total (mg/L P),Trimestral,Composta (i),
TUA20230707002024,T000017,L034219.2023.RH5A.V1,Saída,pH (Escala de Sörensen),Mensal,Composta (iii),
TUA20230707002024,T000019,L034219.2023.RH5A.V1,Saída,Carência Química de Oxigénio (mg/L O2),Mensal,Composta (iii),
TUA20230707002024,T000021,L034219.2023.RH5A.V1,Saída,Carência Bioquímica de Oxigénio (mg/L O2),Mensal,Composta (iii),
TUA20230707002024,T000023,L034219.2023.RH5A.V1,Saída,Sólidos Suspensos Totais (mg/L),Mensal,Composta (iii),
TUA20230707002024,T000027,L034219.2023.RH5A.V1,Saída,Azoto total (mg/L N),Trimestral,Composta (iii),
TUA20230707002024,T000028,L034219.2023.RH5A.V1,Saída,Fósforo total (mg/L P),Trimestral,Composta (iii),
TUA20230707002024,T000029,L034219.2023.RH5A.V1,Entrada,pH (Escala de Sörensen),Mensal,Composta (iii),
TUA20230707002024,T000030,L034219.2023.RH5A.V1,Entrada,Carência Química de Oxigénio (mg/L O2),Mensal,Composta (iii),
TUA20230707002024,T000031,L034219.2023.RH5A.V1,Entrada,Carência Bioquímica de Oxigénio (mg/L O2),Mensal,Composta (iii),
TUA20230707002024,T000032,L034219.2023.RH5A.V1,Entrada,Sólidos Suspensos Totais (mg/L),Mensal,Composta (iii),
TUA20230717002123,T000017,L010057.2018.RH3.V1,Saída,pH (Escala de Sörensen),Trimestral,Pontual,
TUA20230717002123,T000019,L010057.2018.RH3.V1,Saída,Carência Bioquímica de Oxigénio (mg/L O2),Trimestral,Pontual,
TUA20230717002123,T000021,L010057.2018.RH3.V1,Saída,Carência Química de Oxigénio (mg/L O2),Trimestral,Pontual,
TUA20230717002123,T000023,L010057.2018.RH3.V1,Saída,Sólidos Suspensos Totais (mg/L),Trimestral,Pontual,
TUA20230717002153,T000017,L037792.2023.RH5A.V1,Saída,pH (Escala de Sörensen),Mensal,Composta (iii),
TUA20230717002153,T000019,L037792.2023.RH5A.V1,Saída,Carência Química de Oxigénio (mg/L O2),Mensal,Composta (iii),
TUA20230717002153,T000021,L037792.2023.RH5A.V1,Saída,Carência Bioquímica de Oxigénio (mg/L O2),Mensal,Composta (iii),
TUA20230717002153,T000023,L037792.2023.RH5A.V1,Saída,Sólidos Suspensos Totais (mg/L),Mensal,Composta (iii),
TUA20230801002309,T000017,L034885.2023.RH4A.V1,Saída,pH (Escala de Sörensen),Trimestral,Composta (i),
TUA20230801002309,T000019,L034885.2023.RH4A.V1,Saída,Carência Bioquímica de Oxigénio (mg/L O2),Trimestral,Composta (i),
TUA20230801002309,T000021,L034885.2023.RH4A.V1,Saída,Carência Química de Oxigénio (mg/L O2),Trimestral,Composta (i),
TUA20230801002309,T000023,RH4A.V1,Saída,Oxigénio (mg/L O2) Sólidos Suspensos Totais (mg/L),Trimestral,Composta (i),
TUA20230801002309,T000024,L034885.2023.RH4A.V1,Saída,Azoto amoniacal (mg/L NH4),Trimestral,Composta (i),"Deve ser efetuada monitorização do parâmetro Azoto amoniacal face à localização da rejeição em área de influência de zona classificada como sensível, nos termos do Decreto-Lei n.º 152/97, de 19 de junho e Portaria n.º 188/2021 de 8 de setembro."
TUA20230801002309,T000025,L034885.2023.RH4A.V1,Saída,Azoto total (mg/L N),Trimestral,Composta (i),"Deve ser efetuada monitorização dos parâmetros Azoto total e Fósforo total para efeitos do cálculo da TRH nos termos do Decreto-Lei n.º 97/2008, de 11 de junho (na sua redação atual)."
TUA20230801002309,T000026,L034885.2023.RH4A.V1,Saída,Fósforo total (mg/L P),Trimestral,Composta (i),"Deve ser efetuada monitorização dos parâmetros Azoto total e Fósforo total para efeitos do cálculo da TRH nos termos do Decreto-Lei n.º 97/2008, de 11 de junho (na sua redação atual)."
TUA20230808002363,T000017,L037599.2023.RH5A.V1,Saída,pH (Escala de Sörensen),Mensal,Composta (iii),
TUA20230808002363,T000019,L037599.2023.RH5A.V1,Saída,Carência Química de Oxigénio (mg/L O2),Mensal,Composta (iii),
TUA20230808002363,T000021,L037599.2023.RH5A.V1,Saída,Carência Bioquímica de Oxigénio (mg/L O2),Mensal,Composta (iii),
TUA20230808002363,T000023,L037599.2023.RH5A.V1,Saída,Sólidos Suspensos Totais (mg/L),Mensal,Composta (iii),
TUA20230808002363,T000024,L037599.2023.RH5A.V1,Saída,Azoto total (mg/L N),Trimestral,Composta (iii),
TUA20230808002363,T000025,L037599.2023.RH5A.V1,Saída,Fósforo total (mg/L P),Trimestral,Composta (iii),
TUA20230808002363,T000026,L037599.2023.RH5A.V1,Entrada,pH (Escala de Sörensen),Mensal,Composta (iii),
TUA20230808002363,T000027,L037599.2023.RH5A.V1,Entrada,Carência Química de Oxigénio (mg/L O2),Mensal,Composta (iii),
TUA20230808002363,T000028,L037599.2023.RH5A.V1,Entrada,Carência Bioquímica de Oxigénio (mg/L O2),Mensal,Composta (iii),
TUA20230808002363,T000029,L037599.2023.RH5A.V1,Entrada,Sólidos Suspensos Totais (mg/L),Mensal,Composta (iii),
TUA20230816002415,T000017,L010038.2018.RH3.V1,Saída,pH (Escala de Sörensen),Trimestral,Pontual,
TUA20230816002415,T000019,L010038.2018.RH3.V1,Saída,Carência Bioquímica de Oxigénio (mg/L O2),Trimestral,Pontual,
TUA20230816002415,T000021,L010038.2018.RH3.V1,Saída,Carência Química de Oxigénio (mg/L O2),Trimestral,Pontual,
TUA20230816002415,T000023,L010038.2018.RH3.V1,Saída,Sólidos Suspensos Totais (mg/L),Trimestral,Pontual,
TUA20230816002415,T000024,L010038.2018.RH3.V1,Saída,Azoto total (mg/L N),Trimestral,Pontual,
TUA20230816002415,T000025,L010038.2018.RH3.V1,Saída,Fósforo total (mg/L P),Trimestral,Pontual,
TUA20230824002503,T000017,L000819.2019.RH3.V1,Saída,pH (Escala de Sörensen),Trimestral,Pontual,
TUA20230824002503,T000019,L000819.2019.RH3.V1,Saída,Carência Bioquímica de Oxigénio (mg/L O2),Trimestral,Pontual,
TUA20230824002503,T000021,L000819.2019.RH3.V1,Saída,Carência Química de Oxigénio (mg/L O2),Trimestral,Pontual,
TUA20230824002503,T000023,L000819.2019.RH3.V1,Saída,Sólidos Suspensos Totais (mg/L),Trimestral,Pontual,
TUA20230824002503,T000024,L000819.2019.RH3.V1,Saída,Azoto total (mg/L N),Trimestral,Pontual,
TUA20230824002503,T000025,L000819.2019.RH3.V1,Saída,Fósforo total (mg/L P),Trimestral,Pontual,
TUA20230831002551,T000017,L000813.2019.RH3.V1,Saída,pH (Escala de Sörensen),Trimestral,Pontual,
TUA20230831002551,T000019,L000813.2019.RH3.V1,Saída,Carência Bioquímica de Oxigénio (mg/L O2),Trimestral,Pontual,
TUA20230831002551,T000021,L000813.2019.RH3.V1,Saída,Carência Química de Oxigénio (mg/L O2),Trimestral,Pontual,
TUA20230831002551,T000023,L000813.2019.RH3.V1,Saída,Sólidos Suspensos Totais (mg/L),Trimestral,Pontual,
TUA20230831002551,T000024,L000813.2019.RH3.V1,Saída,Azoto total (mg/L N),Trimestral,Pontual,
TUA20230831002551,T000025,L000813.2019.RH3.,Saída,Fósforo total (mg/L P),Trimestral,Pontual,
TUA20230831002551,T000025,L000813.2019.RH3.V1,Saída,Fósforo total (mg/L P),Trimestral,Pontual,
TUA20230905002577,T000017,L000814.2019.RH3.V1,Saída,pH (Escala de Sörensen),Trimestral,Pontual,
TUA20230905002577,T000019,L000814.2019.RH3.V1,Saída,Carência Bioquímica de Oxigénio (mg/L O2),Trimestral,Pontual,
TUA20230905002577,T000021,L000814.2019.RH3.V1,Saída,Carência Química de Oxigénio (mg/L O2),Trimestral,Pontual,
TUA20230905002577,T000023,L000814.2019.RH3.V1,Saída,Sólidos Suspensos Totais (mg/L),Trimestral,Pontual,
TUA20230905002577,T000024,L000814.2019.RH3.V1,Saída,Azoto total (mg/L N),Trimestral,Pontual,
TUA20230905002577,T000025,L000814.2019.RH3.V1,Saída,Fósforo total (mg/L P),Trimestral,Pontual,
TUA20230905002578,T000017,L000818.2019.RH3.V1,Saída,pH (Escala de Sörensen),Trimestral,Pontual,
TUA20230905002578,T000019,L000818.2019.RH3.V1,Saída,Carência Bioquímica de Oxigénio (mg/L O2),Trimestral,Pontual,
TUA20230905002578,T000021,L000818.2019.RH3.V1,Saída,Carência Química de Oxigénio (mg/L O2),Trimestral,Pontual,
TUA20230905002578,T000023,L000818.2019.RH3.V1,Saída,Sólidos Suspensos Totais (mg/L),Trimestral,Pontual,
TUA20230905002578,T000024,L000818.2019.RH3.V1,Saída,Azoto total (mg/L N),Trimestral,Pontual,
TUA20230905002578,T000025,L000818.2019.RH3.V1,Saída,Fósforo total (mg/L P),Trimestral,Pontual,
TUA20230905002579,T000011,L000816.2019.RH3.V1,Saída,pH (Escala de Sörensen),Mensal,Composta (i),
TUA20230905002579,T000013,L000816.2019.RH3.V1,Saída,Carência Bioquímica de Oxigénio (mg/L O2),Mensal,Composta (i),
TUA20230905002579,T000015,L000816.2019.RH3.V1,Saída,Carência Química de Oxigénio (mg/L O2),Mensal,Composta (i),
TUA20230905002579,T000017,L000816.2019.RH3.V1,Saída,Total de Partículas Sólidas em Suspensão (mg/L),Mensal,Composta (i),
TUA20230905002579,T000018,L000816.2019.RH3.V1,Saída,Azoto total (mg/L N),Mensal,Composta (i),
TUA20230905002579,T000019,L000816.2019.RH3.V1,Saída,Fósforo total (mg/L P),Mensal,Composta (i),
TUA20230912002642,T000017,L000805.2019.RH3.V1,Saída,pH (Escala de Sörensen),Trimestral,Pontual,
TUA20230912002642,T000019,L000805.2019.RH3.V1,Saída,Carência Bioquímica de Oxigénio (mg/L O2),Trimestral,Pontual,
TUA20230912002642,T000021,L000805.2019.RH3.V1,Saída,Carência Química de Oxigénio (mg/L O2),Trimestral,Pontual,
TUA20230912002642,T000023,L000805.2019.RH3.V1,Saída,Sólidos Suspensos Totais (mg/L),Trimestral,Pontual,
TUA20230912002642,T000024,L000805.2019.RH3.V1,Saída,Azoto total (mg/L N),Trimestral,Pontual,
TUA20230912002642,T000025,L000805.2019.RH3.V1,Saída,Fósforo total (mg/L P),Trimestral,Pontual,
TUA20230912002643,T000017,L000810.2019.RH3.V1,Saída,pH (Escala de Sörensen),Trimestral,Composta (i),
TUA20230912002643,T000019,L000810.2019.RH3.V1,Saída,Carência Bioquímica de Oxigénio (mg/L O2),Trimestral,Composta (i),
TUA20230912002643,T000021,L000810.2019.RH3.V1,Saída,Carência Química de Oxigénio (mg/L O2),Trimestral,Composta (i),
TUA20230912002643,T000023,L000810.2019.RH3.V1,Saída,Sólidos Suspensos Totais (mg/L),Trimestral,Composta (i),
TUA20230912002643,T000024,L000810.2019.RH3.V1,Saída,Azoto total (mg/L N),Trimestral,Composta (i),
TUA20230912002643,T000025,L000810.2019.RH3.V1,Saída,Fósforo total (mg/L P),Trimestral,Composta (i),
TUA20230915002702,T000017,L000820.2019.RH3.V1,Saída,pH (Escala de Sörensen),Trimestral,Pontual,
TUA20230915002702,T000019,L000820.2019.RH3.V1,Saída,Carência Bioquímica de Oxigénio (mg/L O2),Trimestral,Pontual,
TUA20230915002702,T000021,L000820.2019.RH3.V1,Saída,Carência Química de Oxigénio (mg/L O2),Trimestral,Pontual,
TUA20230915002702,T000023,L000820.2019.RH3.V1,Saída,Sólidos Suspensos Totais (mg/L),Trimestral,Pontual,
TUA20230915002702,T000024,L000820.2019.RH3.V1,Saída,Azoto total (mg/L N),Trimestral,Pontual,
TUA20230915002702,T000025,L000820.2019.RH3.V1,Saída,Fósforo total (mg/L P),Trimestral,Pontual,
TUA20230918002712,T000017,L000815.2019.RH3.V1,Saída,pH (Escala de Sörensen),Trimestral,Pontual,
TUA20230918002712,T000019,L000815.2019.RH3.V1,Saída,Carência Bioquímica de Oxigénio (mg/L O2),Trimestral,Pontual,
TUA20230918002712,T000021,L000815.2019.RH3.V1,Saída,Carência Química de Oxigénio (mg/L O2),Trimestral,Pontual,
TUA20230918002712,T000023,L000815.2019.RH3.V1,Saída,Sólidos Suspensos Totais (mg/L),Trimestral,Pontual,
TUA20230918002712,T000024,L000815.2019.RH3.V1,Saída,Azoto total (mg/L N),Trimestral,Pontual,
TUA20230918002712,T000025,L000815.2019.RH3.V1,Saída,Fósforo total (mg/L P),Trimestral,Pontual,
TUA20231010002912,T000017,L001021.2019.RH3.V1,Saída,pH (Escala de Sörensen),Trimestral,Composta (i),
TUA20231010002912,T000019,L001021.2019.RH3.V1,Saída,Carência Bioquímica de Oxigénio (mg/L O2),Trimestral,Composta (i),
TUA20231010002912,T000021,L001021.2019.RH3.V1,Saída,Carência Química de Oxigénio (mg/L O2),Trimestral,Composta (i),
TUA20231010002912,T000023,L001021.2019.RH3.V1,Saída,Sólidos Suspensos Totais (mg/L),Trimestral,Composta (i),
TUA20231010002912,T000024,L001021.2019.RH3.V1,Saída,Azoto total (mg/L N),Trimestral,Composta (i),
TUA20231010002912,T000025,L001021.2019.RH3.V1,Saída,Fósforo total (mg/L P),Trimestral,Composta (i),
TUA20231010002913,T000017,L000817.2019.RH3.V1,Saída,pH (Escala de Sörensen),Trimestral,Composta (i),
TUA20231010002913,T000019,L000817.2019.RH3.V1,Saída,Carência Bioquímica de Oxigénio (mg/L O2),Trimestral,Composta (i),
TUA20231010002913,T000021,L000817.2019.RH3.V1,Saída,Carência Química de Oxigénio (mg/L O2),Trimestral,Composta (i),
TUA20231010002913,T000023,L000817.2019.RH3.V1,Saída,Sólidos Suspensos Totais (mg/L),Trimestral,Composta (i),
TUA20231010002913,T000024,L000817.2019.RH3.V1,Saída,Azoto total (mg/L N),Trimestral,Composta (i),
TUA20231010002913,T000025,L000817.2019.RH3.V1,Saída,Fósforo total (mg/L P),Trimestral,Composta (i),
TUA20231012002959,T000017,L001020.2019.RH3.V1,Saída,pH (Escala de Sörensen),Trimestral,Pontual,
TUA20231012002959,T000019,L001020.2019.RH3.V1,Saída,Carência Bioquímica de Oxigénio (mg/L O2),Trimestral,Pontual,
TUA20231012002959,T000021,L001020.2019.RH3.V1,Saída,Carência Química de Oxigénio (mg/L O2),Trimestral,Pontual,
TUA20231012002959,T000023,L001020.2019.RH3.V1,Saída,Sólidos Suspensos Totais (mg/L),Trimestral,Pontual,
TUA20231012002959,T000024,L001020.2019.RH3.V1,Saída,Azoto total (mg/L N),Trimestral,Pontual,
TUA20231012002959,T000025,L001020.2019.RH3.V1,Saída,Fósforo total (mg/L P),Trimestral,Pontual,
TUA20231018003040,T000030,L009317.2013.RH5-T1.V1,Saída,pH (Escala de Sörensen),Mensal,Composta (ii),
TUA20231018003040,T000051,L009317.2013.RH5-T1.V1,Entrada,pH (Escala de Sörensen),Mensal,Composta (ii),
TUA20231018003040,T000055,L009317.2013.RH5-T1.V1,Entrada,Carência Bioquímica de Oxigénio (mg/L O2),Mensal,Composta (ii),
TUA20231018003040,T000056,L009317.2013.RH5-T1.V1,Saída,Carência Bioquímica de Oxigénio (mg/L O2),Mensal,Composta (ii),
TUA20231018003040,T000057,L009317.2013.RH5-T1.V1,Entrada,Carência Química de Oxigénio (mg/L O2),Mensal,Composta (ii),
TUA20231018003040,T000058,L009317.2013.RH5-T1.V1,Saída,Carência Química de Oxigénio (mg/L O2),Mensal,Composta (ii),
TUA20231018003040,T000059,L009317.2013.RH5-T1.V1,Entrada,Sólidos Suspensos Totais (mg/L),Mensal,Composta (ii),
TUA20231018003040,T000060,L009317.2013.RH5-T1.V1,Saída,Sólidos Suspensos Totais (mg/L),Mensal,Composta (ii),
TUA20231018003040,T000061,L009317.2013.RH5-T1.V1,Saída,Azoto total (mg/L N),Trimestral,Composta (ii),
TUA20231018003040,T000062,L009317.2013.RH5-T1.V1,Saída,Fósforo total (mg/L P),Trimestral,Composta (ii),
TUA20231018003040,T000063,L009317.2013.RH5-T1.V1,Saída,Caudal (m3/mês),Mensal,Pontual,
TUA20231109003280,T000017,L005585.2019.RH3.V1,Saída,pH (Escala de Sörensen),Trimestral,Pontual,
TUA20231109003280,T000019,L005585.2019.RH3.V1,Saída,Carência Bioquímica de Oxigénio (mg/L O2),Trimestral,Pontual,
TUA20231109003280,T000021,L005585.2019.RH3.V1,Saída,Carência Química de Oxigénio (mg/L O2),Trimestral,Pontual,
TUA20231109003280,T000023,L005585.2019.RH3.V1,Saída,Sólidos Suspensos Totais (mg/L),Trimestral,Pontual,
TUA20231109003280,T000024,L005585.2019.RH3.V1,Saída,Azoto total (mg/L N),Trimestral,Pontual,
TUA20231109003280,T000025,L005585.2019.RH3.V1,Saída,Fósforo total (mg/L P),Trimestral,Pontual,
TUA20231128003520,T000017,L007490.2019.RH3,Saída,pH (Escala de Sörensen),Mensal,Pontual,
TUA20231128003520,T000019,L007490.2019.RH3,Saída,Carência Bioquímica de Oxigénio (mg/L O2),Mensal,Pontual,
TUA20231128003520,T000021,L007490.2019.RH3,Saída,Carência Química de Oxigénio (mg/L O2),Mensal,Pontual,
TUA20231128003520,T000023,L007490.2019.RH3,Saída,Sólidos Suspensos Totais (mg/L),Mensal,Pontual,
TUA20231128003520,T000024,L007490.2019.RH3,Saída,Azoto total (mg/L N),Trimestral,Pontual,
TUA20231128003520,T000025,L007490.2019.RH3,Saída,Fósforo total (mg/L P),Trimestral,Pontual,
TUA20231128003521,T000017,L007487.2019.RH3,Saída,pH (Escala de Sörensen),Trimestral,Composta (i),
TUA20231128003521,T000019,L007487.2019.RH3,Saída,Carência Bioquímica de Oxigénio (mg/L O2),Trimestral,Composta (i),
TUA20231128003521,T000021,L007487.2019.RH3,Saída,Carência Química de Oxigénio (mg/L O2),Trimestral,Composta (i),
TUA20231128003521,T000023,L007487.2019.RH3,Saída,Sólidos Suspensos Totais (mg/L),Trimestral,Composta (i),
TUA20231128003521,T000024,L007487.2019.RH3,Saída,Azoto total (mg/L N),Trimestral,Composta (i),
TUA20231128003521,T000025,L007487.2019.RH3,Saída,Fósforo total (mg/L P),Trimestral,Composta (i),
TUA20231205003587,T000017,L007491.2019.RH3.V1,Saída,pH (Escala de Sörensen),Trimestral,Pontual,
TUA20231205003587,T000019,L007491.2019.RH3.V1,Saída,Carência Bioquímica de Oxigénio (mg/L O2),Trimestral,Pontual,
TUA20231205003587,T000021,L007491.2019.RH3.V1,Saída,Carência Química de Oxigénio (mg/L O2),Trimestral,Pontual,
TUA20231205003587,T000023,L007491.2019.RH3.V1,Saída,Sólidos Suspensos Totais (mg/L),Trimestral,Pontual,
TUA20231206003600,T000017,L007489.2019.RH3.V1,Saída,pH (Escala de Sörensen),Mensal,Pontual,
TUA20231206003600,T000019,L007489.2019.RH3.V1,Saída,Carência Bioquímica de Oxigénio (mg/L O2),Mensal,Pontual,
TUA20231206003600,T000021,L007489.2019.RH3.V1,Saída,Carência Química de Oxigénio (mg/L O2),Mensal,Pontual,
TUA20231206003600,T000025,L007489.2019.RH3.V1,Saída,Sólidos Suspensos Totais (mg/L),Trimestral,Pontual,
TUA20231206003600,T000026,L007489.2019.RH3.V1,Saída,Azoto total (mg/L N),Trimestral,Pontual,
TUA20231206003600,T000027,L007489.2019.RH3.V1,Saída,Fósforo total (mg/L P),Trimestral,Pontual,
TUA20231206003602,T000017,L007488.2019.RH3.V1,Saída,pH (Escala de Sörensen),Mensal,Pontual,
TUA20231206003602,T000019,L007488.2019.RH3.V1,Saída,Carência Bioquímica de Oxigénio (mg/L O2),Mensal,Pontual,
TUA20231206003602,T000021,L007488.2019.RH3.V1,Saída,Carência Química de Oxigénio (mg/L O2),Mensal,Pontual,
TUA20231206003602,T000023,L007488.2019.RH3.V1,Saída,Sólidos Suspensos Totais (mg/L),Mensal,Pontual,
TUA20231206003602,T000024,L007488.2019.RH3.V1,Saída,Azoto total (mg/L N),Trimestral,Pontual,
TUA20231206003602,T000025,L007488.2019.RH3.V1,Saída,Fósforo total (mg/L P),Trimestral,Pontual,
TUA20231211003636,T000017,L005712.2019.RH3.V1,Saída,pH (Escala de Sörensen),Trimestral,Pontual,
TUA20231211003636,T000019,L005712.2019.RH3.V1,Saída,Carência Bioquímica de Oxigénio (mg/L O2),Trimestral,Pontual,
TUA20231211003636,T000021,L005712.2019.RH3.V1,Saída,Carência Química de Oxigénio (mg/L O2),Trimestral,Pontual,
TUA20231211003636,T000023,L005712.2019.RH3.V1,Saída,Sólidos Suspensos Totais (mg/L),Trimestral,Pontual,
TUA20231211003636,T000024,L005712.2019.RH3.V1,Saída,Azoto total (mg/L N),Trimestral,Pontual,
TUA20231211003636,T000025,L005712.2019.RH3.V1,Saída,Fósforo total (mg/L P),Trimestral,Pontual,
TUA20231212003641,T000017,L047135.2023.RH5A.V1,Saída,pH (Escala de Sörensen),Trimestral,Composta (iii),
TUA20231212003641,T000019,L047135.2023.RH5A.V1,Saída,Carência Química de Oxigénio (mg/L O2),Trimestral,Composta (iii),
TUA20231212003641,T000021,L047135.2023.RH5A.V1,Saída,Carência Bioquímica de Oxigénio (mg/L O2),Trimestral,Composta (iii),
TUA20231212003641,T000023,RH5A.V1,Saída,Oxigénio (mg/L O2) Sólidos Suspensos Totais (mg/L),Trimestral,Composta (iii),
TUA20231212003641,T000069,L047135.2023.RH5A.V1,Saída,Azoto total (mg/L N),Trimestral,Composta (iii),
TUA20231212003641,T000070,L047135.2023.RH5A.V1,Saída,Fósforo total (mg/L P),Trimestral,Composta (iii),
TUA20231228003808,T000017,L007492.2019.RH3.V1,Saída,pH (Escala de Sörensen),Mensal,Pontual,
TUA20231228003808,T000019,L007492.2019.RH3.V1,Saída,Carência Bioquímica de Oxigénio (mg/L O2),Mensal,Pontual,
TUA20231228003808,T000021,L007492.2019.RH3.V1,Saída,Carência Química de Oxigénio (mg/L O2),Mensal,Pontual,
TUA20231228003808,T000023,L007492.2019.RH3.V1,Saída,Sólidos Suspensos Totais (mg/L),Mensal,Pontual,
TUA20231228003808,T000024,L007492.2019.RH3.V1,Saída,Azoto total (mg/L N),Trimestral,Pontual,
TUA20231228003808,T000025,L007492.2019.RH3.V1,Saída,Fósforo total (mg/L P),Trimestral,Pontual,
TUA20240131000275,T000021,L015762.2013.RH5-T1.V1,Entrada,pH (Escala de Sörensen),Quinzenal,Composta (ii),
TUA20240131000275,T000022,L015762.2013.RH5-T1.V1,Saída,pH (Escala de Sörensen),Quinzenal,Composta (ii),
TUA20240131000275,T000023,L015762.2013.RH5-T1.V1,Entrada,Carência Bioquímica de Oxigénio (mg/L O2),Quinzenal,Composta (ii),
TUA20240131000275,T000024,L015762.2013.RH5-T1.V1,Saída,Carência Bioquímica de Oxigénio (mg/L O2),Quinzenal,Composta (ii),
TUA20240131000275,T000025,L015762.2013.RH5-T1.V1,Entrada,Carência Química de Oxigénio (mg/L O2),Quinzenal,Composta (ii),
TUA20240131000275,T000026,L015762.2013.RH5-T1.V1,Saída,Carência Química de Oxigénio (mg/L O2),Quinzenal,Composta (ii),
TUA20240131000275,T000027,L015762.2013.RH5-T1.V1,Entrada,Sólidos Suspensos Totais (mg/L),Quinzenal,Composta (ii),
TUA20240131000275,T000028,L015762.2013.RH5-T1.V1,Saída,Sólidos Suspensos Totais (mg/L),Quinzenal,Composta (ii),
TUA20240131000275,T000029,L015762.2013.RH5-T1.V1,Saída,Azoto total (mg/L N),Trimestral,Composta (ii),
TUA20240131000275,T000030,L015762.2013.RH5-T1.V1,Saída,Fósforo total (mg/L P),Trimestral,Composta (ii),
TUA20240131000275,T000031,L015762.2013.RH5-T1.V1,Saída,Caudal (m3/mês),Mensal,Pontual,
TUA20240131000275,T000032,L015762.2013.RH5-T1.V1,Entrada,Caudal (m3/mês),Mensal,Pontual,
TUA20240131000276,T000019,L010891.2013.RH5-T1.V1,Saída,Carência Bioquímica de Oxigénio (mg/L O2),Mensal,Composta (ii),
TUA20240131000276,T000020,L010891.2013.RH5-T1.V1,Saída,pH (Escala de Sörensen),Mensal,Composta (ii),
TUA20240131000276,T000022,L010891.2013.RH5-T1.V1,Saída,Carência Química de Oxigénio (mg/L O2),Mensal,Composta (ii),
TUA20240131000276,T000024,L010891.2013.RH5-T1.V1,Saída,Sólidos Suspensos Totais (mg/L),Mensal,Composta (ii),
TUA20240131000276,T000026,L010891.2013.RH5-T1.V1,Saída,Azoto total (mg/L N),Composta (ii),,
TUA20240131000276,T000027,L010891.2013.RH5-T1.V1,Saída,Fósforo total (mg/L P),Composta (ii),,
TUA20240131000276,T000028,L010891.2013.RH5-T1.V1,Saída,Caudal (m3/mês),Pontual,,
TUA20240216000439,T000018,L047225.2023.RH5A.V1,Saída,pH (Escala de Sörensen),Mensal,Pontual,
TUA20240216000439,T000020,L047225.2023.RH5A.V1,Saída,Carência Bioquímica de Oxigénio (mg/L O2),Mensal,Pontual,
TUA20240216000439,T000022,L047225.2023.RH5A.V1,Saída,Carência Química de Oxigénio (mg/L O2),Mensal,Pontual,
TUA20240216000439,T000023,L047225.2023.RH5A.V1,Saída,Azoto total (mg/L N),Trimestral,Pontual,
TUA20240216000439,T000024,L047225.2023.RH5A.V1,Saída,Fósforo total (mg/L P),Trimestral,Pontual,
TUA20240216000439,T000025,L047225.2023.RH5A.V1,Saída,Caudal (m3/mês),Mensal,Pontual,
TUA20240216000439,T000026,L047225.2023.RH5A.V1,Saída,Sólidos Suspensos Totais (mg/L),Pontual,,
TUA20240216000440,T000055,L008275.2018.RH5A.V1,Saída,pH (Escala de Sörensen),Quinzenal,Pontual,
TUA20240216000440,T000056,L008275.2018.RH5A.V1,Entrada,pH (Escala de Sörensen),Quinzenal,Pontual,
TUA20240216000440,T000057,L008275.2018.,Saída,Carência Bioquímica de,Quinzenal,Pontual,
TUA20240216000440,T000057,L008275.2018.RH5A.V1,Saída,Carência Bioquímica de Oxigénio (mg/L O2),Quinzenal,Pontual,
TUA20240216000440,T000058,L008275.2018.RH5A.V1,Entrada,Carência Bioquímica de Oxigénio (mg/L O2),Quinzenal,Pontual,
TUA20240216000440,T000059,L008275.2018.RH5A.V1,Saída,Carência Química de Oxigénio (mg/L O2),Quinzenal,Pontual,
TUA20240216000440,T000060,L008275.2018.RH5A.V1,Entrada,Carência Química de Oxigénio (mg/L O2),Quinzenal,Pontual,
TUA20240216000440,T000061,L008275.2018.RH5A.V1,Saída,Sólidos Suspensos Totais (mg/L),Quinzenal,Pontual,
TUA20240216000440,T000062,L008275.2018.RH5A.V1,Entrada,Sólidos Suspensos Totais (mg/L),Quinzenal,Pontual,
TUA20240216000440,T000063,L008275.2018.RH5A.V1,Saída,Óleos e Gorduras (mg/L),Quinzenal,Pontual,
TUA20240216000440,T000064,L008275.2018.RH5A.V1,Entrada,Óleos e Gorduras (mg/L),Quinzenal,Pontual,
TUA20240216000440,T000065,L008275.2018.RH5A.V1,Saída,Fósforo total (mg/L P),Quinzenal,Pontual,
TUA20240216000440,T000066,L008275.2018.RH5A.V1,Entrada,Fósforo total (mg/L P),Quinzenal,Pontual,
TUA20240216000440,T000067,L008275.2018.RH5A.V1,Saída,Azoto total (mg/L N),Quinzenal,Pontual,
TUA20240216000440,T000068,L008275.2018.RH5A.V1,Entrada,Azoto total (mg/L N),Quinzenal,Pontual,
TUA20240216000440,T000069,L008275.2018.RH5A.V1,Saída,Caudal (m3/dia),Quinzenal,Pontual,
TUA20240216000440,T000070,L008275.2018.RH5A.V1,Entrada,Caudal (m3/dia),Quinzenal,Pontual,
TUA20240216000440,T000071,L008275.2018.RH5A.V1,Saída,Caudal (m3/mês),Mensal,Pontual,
TUA20240216000440,T000072,L008275.2018.RH5A.V1,Entrada,Caudal (m3/mês),Mensal,Pontual,
TUA20240216000462,T000017,L006005.2021.RH5A.V1,Saída,pH (Escala de Sörensen),Mensal,Composta (iii),
TUA20240216000462,T000019,RH5A.V1,Saída,Carência Química de Oxigénio (mg/L O2),Mensal,Composta (iii),
TUA20240216000462,T000021,L006005.2021.RH5A.V1,Saída,Carência Bioquímica de Oxigénio (mg/L O2),Mensal,Composta (iii),
TUA20240216000462,T000023,L006005.2021.RH5A.V1,Saída,Sólidos Suspensos Totais (mg/L),Mensal,Composta (iii),
TUA20240216000462,T000044,L006005.2021.RH5A.V1,Saída,Óleos e Gorduras (mg/L),Trimestral,Pontual,
TUA20240216000462,T000075,L006005.2021.RH5A.V1,Saída,Azoto total (mg/L N),Trimestral,Composta (iii),
TUA20240216000462,T000076,L006005.2021.RH5A.V1,Saída,Fósforo total (mg/L P),Trimestral,Composta (iii),
TUA20240223000530,T000062,L031504.2023.RH5A.V1,Saída,pH (Escala de Sörensen),Mensal,Pontual,
TUA20240223000530,T000063,L031504.2023.RH5A.V1,Entrada,pH (Escala de Sörensen),Mensal,Pontual,
TUA20240223000530,T000065,L031504.2023.RH5A.V1,Saída,Carência Bioquímica de Oxigénio (mg/L O2),Mensal,Pontual,
TUA20240223000530,T000066,L031504.2023.RH5A.V1,Entrada,Carência Bioquímica de Oxigénio (mg/L O2),Mensal,Pontual,
TUA20240223000530,T000067,L031504.2023.RH5A.V1,Saída,Carência Química de Oxigénio (mg/L O2),Mensal,Pontual,
TUA20240223000530,T000068,L031504.2023.RH5A.V1,Entrada,Carência Química de Oxigénio (mg/L O2),Pontual,,
TUA20240223000530,T000069,L031504.2023.RH5A.V1,Saída,Óleos e Gorduras (mg/L),Pontual,,
TUA20240223000530,T000070,L031504.2023.RH5A.V1,Entrada,Óleos e Gorduras (mg/L),Pontual,,
TUA20240223000530,T000071,L031504.2023.RH5A.V1,Saída,Sólidos Suspensos Totais (mg/L),Pontual,,
TUA20240223000530,T000072,L031504.2023.RH5A.V1,Entrada,Sólidos Suspensos Totais (mg/L),Pontual,,
TUA20240223000530,T000073,L031504.2023.RH5A.V1,Saída,Azoto total (mg/L N),Pontual,,
TUA20240223000530,T000074,L031504.2023.RH5A.V1,Saída,Fósforo total (mg/L P),Pontual,,
TUA20240223000530,T000075,L031504.2023.RH5A.V1,Saída,Caudal (m3/mês),Pontual,,
TUA20240229000598,T000022,L047273.2023.RH5A.V1,Saída,pH (Escala de Sörensen),Quinzenal,Composta (iv),
TUA20240229000598,T000023,L047273.2023.RH5A.V1,Entrada,pH (Escala de Sörensen),Quinzenal,Composta (iv),
TUA20240229000598,T000024,L047273.2023.RH5A.V1,Saída,Carência Química de Oxigénio (mg/L O2),Quinzenal,Composta (iv),
TUA20240229000598,T000025,L047273.2023.,Entrada,Carência Química de,Quinzenal,Composta (iv),
TUA20240229000598,T000025,L047273.2023.RH5A.V1,Entrada,Carência Química de Oxigénio (mg/L O2),Quinzenal,Composta (iv),
TUA20240229000598,T000026,L047273.2023.RH5A.V1,Saída,Carência Bioquímica de Oxigénio (mg/L O2),Quinzenal,Composta (iv),
TUA20240229000598,T000027,L047273.2023.RH5A.V1,Entrada,Carência Bioquímica de Oxigénio (mg/L O2),Quinzenal,Composta (iv),
TUA20240229000598,T000028,L047273.2023.RH5A.V1,Saída,Sólidos Suspensos Totais (mg/L),Quinzenal,Composta (iv),
TUA20240229000598,T000029,L047273.2023.RH5A.V1,Entrada,Sólidos Suspensos Totais (mg/L),Quinzenal,Composta (iv),
TUA20240229000598,T000030,L047273.2023.RH5A.V1,Saída,Azoto total (mg/L N),Trimestral,Composta (iv),
TUA20240229000598,T000031,L047273.2023.RH5A.V1,Saída,Fósforo total (mg/L P),Trimestral,Composta (iv),
TUA20240229000598,T000032,L047273.2023.RH5A.V1,Saída,Caudal (m3/dia),Quinzenal,Pontual,
TUA20240229000598,T000033,L047273.2023.RH5A.V1,Entrada,Caudal (m3/dia),Quinzenal,Pontual,
TUA20240229000598,T000034,L047273.2023.RH5A.V1,Saída,Caudal (m3/mês),Mensal,Pontual,
TUA20240229000598,T000035,L047273.2023.RH5A.V1,Entrada,Caudal (m3/mês),Mensal,Pontual,
TUA20240901002617,T000017,L060851.2024.RH7.V1,Saída,Carência Bioquímica de Oxigénio (mg/L O2),Trimestral,Pontual,
TUA20240901002617,T000019,L060851.2024.RH7.V1,Saída,Carência Química de Oxigénio (mg/L O2),Trimestral,Pontual,
TUA20240901002617,T000021,L060851.2024.RH7.V1,Saída,Sólidos Suspensos Totais (mg/L),Trimestral,Pontual,
TUA20240901002617,T000024,L060851.2024.RH7.V1,Saída,Azoto total (mg/L N),Trimestral,Pontual,
TUA20240901002617,T000025,L060851.2024.RH7.V1,Saída,Fósforo total (mg/L P),Trimestral,Pontual,
TUA20241030003256,T000030,L064067.2024.RH7.V1,Saída,Carência Bioquímica de Oxigénio (mg/L O2),Semestral,Pontual,
TUA20241030003256,T000032,L064067.2024.RH7.V1,Saída,Carência Química de Oxigénio (mg/L O2),Semestral,Pontual,
TUA20241030003256,T000034,L064067.2024.RH7.V1,Saída,Sólidos Suspensos Totais (mg/L),Semestral,Pontual,
TUA20241030003256,T000037,L064067.2024.RH7.V1,Saída,Azoto total (mg/L N),Semestral,Pontual,
TUA20241030003256,T000038,L064067.2024.RH7.V1,Saída,Fósforo total (mg/L P),Semestral,Pontual,
TUA20230530001578,T000048,,Saída,pH (Escala de Sörensen),Trimestral,Composta (i),
TUA20230530001578,T000050,,Saída,Carência Bioquímica de Oxigénio (mg/L O2),Trimestral,Composta (i),
TUA20230530001578,T000052,,Saída,Carência Química de Oxigénio (mg/L O2),Trimestral,Composta (i),
TUA20230530001578,T000054,,Saída,Sólidos Suspensos Totais (mg/L),Trimestral,Composta (i),
TUA20230530001578,T000055,,Saída,Azoto amoniacal (mg/L NH4),Trimestral,Composta (i),"amoniacal face à localização da rejeição em área de influência de zona classificada como sensível, nos termos do Decreto-Lei n.º 152/97, de 19 de junho e Portaria n.º 188/2021 de 8 de setembro."
TUA20230530001578,T000056,,Saída,Azoto total (mg/L N),Trimestral,Composta (i),"Deve ser efetuada monitorização dos parâmetros Azoto total e Fósforo total para efeitos do cálculo da TRH nos termos do Decreto-Lei n.º 97/2008, de 11 de junho (na sua redação atual)."
TUA20230530001578,T000057,,Saída,Fósforo total (mg/L P),Trimestral,Composta (i),"Deve ser efetuada monitorização dos parâmetros Azoto total e Fósforo total para efeitos do cálculo da TRH nos termos do Decreto-Lei n.º 97/2008, de 11 de junho (na sua redação atual)."
TUA20240105000038,T000019,,Saída,pH (Escala de Sörensen),Mensal,Pontual,
TUA20240105000038,T000021,,Saída,Carência Bioquímica de Oxigénio (mg/L O2),Mensal,Pontual,
TUA20240105000038,T000023,,Saída,Carência Química de,Mensal,Pontual,
TUA20240105000038,T000025,,Saída,Oxigénio (mg/L O2) Sólidos Suspensos Totais (mg/L),Mensal,Pontual,
TUA20240105000038,T000026,,Saída,Azoto total (mg/L N),Trimestral,Pontual,
TUA20240105000038,T000027,,Saída,Fósforo total (mg/L P),Trimestral,Pontual,
TUA20240110000102,T000018,,Saída,pH (Escala de Sörensen),Mensal,Pontual,
TUA20240110000102,T000020,,Saída,Carência Bioquímica de Oxigénio (mg/L O2),Mensal,Pontual,
TUA20240110000102,T000022,,Saída,Carência Química de,Mensal,Pontual,
TUA20240110000102,T000024,,Saída,Oxigénio (mg/L O2) Sólidos Suspensos Totais (mg/L),Mensal,Pontual,
TUA20240123000210,T000018,,Saída,pH (Escala de Sörensen),Trimestral,Pontual,
TUA20240123000210,T000020,,Saída,Carência Bioquímica de Oxigénio (mg/L O2),Trimestral,Pontual,
TUA20240123000210,T000022,,Saída,Carência Química de Oxigénio (mg/L O2),Trimestral,Pontual,
TUA20240123000210,T000024,,Saída,Sólidos Suspensos Totais (mg/L),Trimestral,Pontual,
TUA20240227000550,T000020,,Saída,pH (Escala de Sörensen),Mensal,Pontual,
TUA20240227000550,T000022,,Saída,Carência Bioquímica de Oxigénio (mg/L O2),Mensal,Pontual,
TUA20240227000550,T000024,,Saída,Carência Química de Oxigénio (mg/L O2),Mensal,Pontual,
TUA20240227000550,T000026,,Saída,Sólidos Suspensos Totais (mg/L),Mensal,Pontual,
TUA20240227000550,T000027,,Saída,Azoto total (mg/L N),Trimestral,Pontual,
TUA20240227000550,T000028,,Saída,Fósforo total (mg/L P),Trimestral,Pontual,
TUA20240308000724,T000019,,Saída,pH (Escala de Sörensen),Mensal,Pontual,
TUA20240308000724,T000021,,Saída,Carência Bioquímica de Oxigénio (mg/L O2),Mensal,Pontual,
TUA20240308000724,T000023,,Saída,Carência Química de Oxigénio (mg/L O2),Mensal,Pontual,
TUA20240308000724,T000025,,Saída,Sólidos Suspensos Totais (mg/L),Mensal,Pontual,
TUA20240416001180,T000019,,Saída,Carência Bioquímica de Oxigénio (mg/L O2),Mensal,Composta (i),
TUA20240416001180,T000021,,Saída,Carência Química de Oxigénio (mg/L O2),Mensal,Composta (i),
TUA20240416001180,T000023,,Saída,Total de Partículas Sólidas em Suspensão (mg/L),Mensal,Composta (i),
TUA20240416001180,T000024,,Saída,Azoto total (mg/L N),Mensal,Composta (i),
TUA20240416001180,T000025,,Saída,Fósforo total (mg/L P),Mensal,Composta (i),
TUA20240506001395,T000019,,Saída,pH (Escala de Sörensen),Mensal,Pontual,
TUA20240506001395,T000021,,Saída,Carência Bioquímica de Oxigénio (mg/L O2),Mensal,Pontual,
TUA20240506001395,T000023,,Saída,Carência Química de Oxigénio (mg/L O2),Mensal,Pontual,
TUA20240506001395,T000025,,Saída,Sólidos Suspensos Totais (mg/L),Mensal,Pontual,
TUA20240506001401,T000021,,Saída,pH (Escala de Sörensen),Mensal,Pontual,
TUA20240506001401,T000023,,Saída,Carência Bioquímica de Oxigénio (mg/L O2),Mensal,Pontual,
TUA20240506001401,T000025,,Saída,Carência Química de Oxigénio (mg/L O2),Mensal,Pontual,
TUA20240506001401,T000027,,Saída,Sólidos Suspensos Totais (mg/L),Mensal,Pontual,
TUA20240506001401,T000028,,Saída,Azoto total (mg/L N),Trimestral,Pontual,
TUA20240506001401,T000029,,Saída,Fósforo total (mg/L P),Trimestral,Pontual,
TUA20240521001568,T000016,,Saída,pH (Escala de Sörensen),Trimestral,Composta (i),
TUA20240521001568,T000018,,Saída,Carência Bioquímica de Oxigénio (mg/L O2),Trimestral,Composta (i),
TUA20240521001568,T000020,,Saída,Carência Química de Oxigénio (mg/L O2),Trimestral,Composta (i),
TUA20240521001568,T000022,,Saída,Sólidos Suspensos Totais (mg/L),Trimestral,Composta (i),
TUA20240521001568,T000023,,Saída,(mg/L) Azoto amoniacal (mg/L NH4),Trimestral,Composta (i),"monitorização do parâmetro Azoto amoniacal face à localização da rejeição em área de influência da zona classificada como sensível, nos termos do Decreto-Lei n.º 152/97, de 19 de junho e Portaria n.º 188/2021 de 8 de setembro."
TUA20240521001568,T000024,,Saída,Azoto total (mg/L N),Trimestral,Composta (i),"Deve ser efetuada monitorização do parâmetro Azoto total para efeitos do cálculo da TRH nos termos do Decreto-Lei n.º 97/2008, de 11 de junho (na sua redação atual)."
TUA20240521001568,T000025,,Saída,Fósforo total (mg/L P),Trimestral,Composta (i),"Deve ser efetuada monitorização do parâmetro Fósforo total para efeitos do cálculo da TRH nos termos do Decreto-Lei n.º 97/2008, de 11 de junho (na sua redação atual)."
TUA20240521001569,T000016,,Saída,pH (Escala de Sörensen),Trimestral,Composta (i),
TUA20240521001569,T000018,,Saída,Carência Bioquímica de Oxigénio (mg/L O2),Trimestral,Composta (i),
TUA20240521001569,T000020,,Saída,Carência Química de Oxigénio (mg/L O2),Trimestral,Composta (i),
TUA20240521001569,T000022,,Saída,Sólidos Suspensos Totais (mg/L),Trimestral,Composta (i),
TUA20240521001569,T000023,,Saída,(mg/L) Azoto amoniacal (mg/L NH4),Trimestral,Composta (i),"monitorização do parâmetro Azoto amoniacal face à localização da rejeição em área de influência da zona classificada como sensível, nos termos do Decreto-Lei n.º 152/97, de 19 de junho e Portaria n.º 188/2021 de 8 de setembro."
TUA20240521001569,T000024,,Saída,Azoto total (mg/L N),Trimestral,Composta (i),"Deve ser efetuada monitorização do parâmetro Azoto total para efeitos do cálculo da TRH nos termos do Decreto-Lei n.º 97/2008, de 11 de junho (na sua redação atual)."
TUA20240521001569,T000025,,Saída,Fósforo total (mg/L P),Trimestral,Composta (i),"Deve ser efetuada monitorização do parâmetro Fósforo total para efeitos do cálculo da TRH nos termos do Decreto-Lei n.º 97/2008, de 11 de junho (na sua redação atual)."
TUA20240521001573,T000017,,Saída,pH (Escala de Sörensen),Trimestral,Composta (i),
TUA20240521001573,T000020,,Saída,Carência Química de Oxigénio (mg/L O2),Trimestral,Composta (i),
TUA20240521001573,T000022,,Saída,Sólidos Suspensos Totais (mg/L),Trimestral,Composta (i),
TUA20240521001573,T000023,,Saída,Carência Bioquímica de Oxigénio (mg/L O2),Trimestral,Composta (i),
TUA20240521001573,T000024,,Saída,Azoto total (mg/L N),Trimestral,Composta (i),"Para efeitos do cálculo da TRH nos termos do Decreto-Lei n.º 97/2008, de 11 de junho (na sua redação atual)."
TUA20240521001573,T000025,,Saída,Fósforo total (mg/L P),Trimestral,Composta (i),"TRH nos termos do Decreto-Lei n.º 97/2008, de 11 de junho (na sua redação atual)."
TUA20240521001573,T000064,,Saída,Escherichia coli (época balnear) (ufc/100 mL),Quinzenal,Pontual,Monitorização para efeitos de avaliação das características do efluente tratado.
TUA20240521001573,T000065,,Saída,Enterecocos intestinais (época balnear) (ufc/100 mL),Quinzenal,Pontual,Monitorização para efeitos de avaliação das características do efluente tratado.
TUA20240521001575,T000017,,Saída,pH (Escala de Sörensen),Trimestral,Composta (i),
TUA20240521001575,T000019,,Saída,Carência Bioquímica de Oxigénio (mg/L O2),Trimestral,Composta (i),
TUA20240521001575,T000021,,Saída,Carência Química de Oxigénio (mg/L O2),Trimestral,Composta (i),
TUA20240521001575,T000023,,Saída,Sólidos Suspensos Totais (mg/L),Trimestral,Composta (i),
TUA20240521001575,T000024,,Saída,Azoto total (mg/L N),Trimestral,Composta (i),"Decreto-Lei n.º 97/2008, de 11 de junho (na sua redação atual)."
TUA20240521001575,T000025,,Saída,Fósforo total (mg/L P),Trimestral,Composta (i),"Deve ser efetuada monitorização do parâmetro Fósforo total para efeitos do cálculo da TRH nos termos do Decreto-Lei n.º 97/2008, de 11 de junho (na sua redação atual)."
TUA20240521001575,T000026,,Saída,Azoto amoniacal (mg/L NH4),Trimestral,Composta (i),"Deve ser efetuada monitorização do parâmetro Azoto amoniacal face à localização da rejeição em área de influência da zona classificada como sensível, nos termos do Decreto-Lei n.º 152/97, de 19 de junho e Portaria n.º 188/2021 de 8 de setembro."
TUA20240521001577,T000017,,Saída,pH (Escala de Sörensen),Trimestral,Composta (i),
TUA20240521001577,T000019,,Saída,Carência Bioquímica de Oxigénio (mg/L O2),Trimestral,Composta (i),
TUA20240521001577,T000021,,Saída,Carência Química de Oxigénio (mg/L O2),Trimestral,Composta (i),
TUA20240521001577,T000023,,Saída,Sólidos Suspensos Totais (mg/L),Trimestral,Composta (i),
TUA20240521001577,T000024,,Saída,Azoto amoniacal (mg/L NH4),Trimestral,Composta (i),"sensível, nos termos do Decreto-Lei n.º 152/97, de 19 de junho e Portaria n.º 188/2021 de 8 de setembro."
TUA20240521001577,T000025,,Saída,Azoto total (mg/L N),Trimestral,Composta (i),"Deve ser efetuada monitorização do parâmetro Azoto total para efeitos do cálculo da TRH nos termos do Decreto-Lei n.º 97/2008, de 11 de junho (na sua redação atual)."
TUA20240521001577,T000026,,Saída,Fósforo total (mg/L P),Trimestral,Composta (i),"Deve ser efetuada monitorização do parâmetro Fósforo total para efeitos do cálculo da TRH nos termos do Decreto-Lei n.º 97/2008, de 11 de junho (na sua redação atual)."
TUA20240522001588,T000017,,Saída,pH (Escala de Sörensen),Trimestral,Composta (i),
TUA20240522001588,T000019,,Saída,Carência Bioquímica de,Trimestral,Composta (i),
TUA20240522001588,T000019,,Saída,Carência Bioquímica de Oxigénio (mg/L O2),Trimestral,Composta (i),
TUA20240522001588,T000021,,Saída,Carência Química de Oxigénio (mg/L O2),Trimestral,Composta (i),
TUA20240522001588,T000023,,Saída,Sólidos Suspensos Totais (mg/L),Trimestral,Composta (i),
TUA20240522001588,T000025,,Saída,Escherichia coli (ufc/100 mL),Trimestral,Pontual,
TUA20240522001588,T000026,,Saída,Azoto amoniacal (mg/L NH4),Trimestral,Composta (i),"Deve ser efetuada monitorização do parâmetro Azoto amoniacal face à localização da rejeição em área de influência da zona classificada como sensível, nos termos do Decreto-Lei n.º 152/97, de 19 de junho e Portaria n.º 188/2021 de 8 de setembro."
TUA20240522001588,T000027,,Saída,Azoto total (mg/L N),Trimestral,Composta (i),"Deve ser efetuada monitorização do parâmetro Azoto total para efeitos do cálculo da TRH nos termos do Decreto-Lei n.º 97/2008, de 11 de junho (na sua redação atual)."
TUA20240522001588,T000028,,Saída,Fósforo total (mg/L P),Trimestral,Composta (i),"Deve ser efetuada monitorização do parâmetro Fósforo total para efeitos do cálculo da TRH nos termos do Decreto-Lei n.º 97/2008, de 11 de junho (na sua redação atual)."
TUA20240604001677,T000030,,Saída,pH (Escala de Sörensen),Trimestral,Composta (i),"Metodologia aplicável em conformidade com o disposto na legislação em vigor e de acordo com a Diretiva 2009/90/CE, transposta para direito interno pelo Decreto-¬Lei n.º 83/2011, de 20 de junho."
TUA20240604001677,T000032,,Saída,Carência Bioquímica de Oxigénio (mg/L O2),Trimestral,Composta (i),"transposta para direito interno pelo Decreto-Lei n.º 83/2011, de 20 de junho."
TUA20240604001677,T000034,,Saída,Carência Química de Oxigénio (mg/L O2),Trimestral,Composta (i),"Metodologia aplicável em conformidade com o disposto na legislação em vigor e de acordo com a Diretiva 2009/90/CE, transposta para direito interno pelo Decreto-Lei n.º 83/2011, de 20 de junho."
TUA20240604001677,T000036,,Saída,Sólidos Suspensos Totais (mg/L),Trimestral,Composta (i),"Metodologia aplicável em conformidade com o disposto na legislação em vigor e de acordo com a Diretiva 2009/90/CE, transposta para direito interno pelo Decreto-Lei n.º 83/2011, de 20 de junho."
TUA20240604001677,T000056,,Saída,Azoto total (mg/L N),Trimestral,Composta (i),"Metodologia aplicável em conformidade com o disposto na legislação em vigor e de acordo com a Diretiva 2009/90/CE, transposta para direito interno pelo Decreto¬Lei n.º 83/2011, de 20 de junho. Deve ser efetuada monitorização do parâmetro Azoto total para efeitos do cálculo da TRH nos termos do Decreto-Lei n.º 97/2008, de 11 de junho (na sua redação atual)."
TUA20240604001677,T000057,,Saída,Fósforo total (mg/L P),Trimestral,Composta (i),"Metodologia aplicável em conformidade com o disposto na legislação em vigor e de acordo com a Diretiva 2009/90/CE, transposta para direito interno pelo Decreto¬Lei n.º 83/2011, de 20 de junho. Deve ser efetuada monitorização do parâmetro Fósforo total para efeitos do cálculo da TRH nos termos do Decreto-Lei n.º 97/2008, de 11 de junho (na sua redação atual)."
TUA20240604001677,T000058,,Saída,Azoto amoniacal (mg/L NH4),Trimestral,Composta (i),"Metodologia aplicável em conformidade com o disposto na legislação em vigor e de acordo com a Diretiva 2009/90/CE, transposta para direito interno pelo Decreto¬Lei n.º 83/2011, de 20 de junho. Deve ser efetuada monitorização do parâmetro Azoto amoniacal face à localização da rejeição em área de influência da zona classificada como sensível, nos termos do Decreto-Lei n.º 152/97, de 19 de junho e Portaria n.º 188/2021 de 8 de setembro."
TUA20240719002219,T000030,,Saída,pH (Escala de Sörensen),Trimestral,Composta (i),
TUA20240719002219,T000032,,Saída,Carência Bioquímica de Oxigénio (mg/L O2),Trimestral,Composta (i),
TUA20240719002219,T000034,,Saída,Carência Química de Oxigénio (mg/L O2),Trimestral,Composta (i),
TUA20240719002219,T000036,,Saída,Sólidos Suspensos Totais (mg/L),Trimestral,Composta (i),
TUA20240719002219,T000037,,Saída,Azoto total (mg/L N),Trimestral,Composta (i),"Deve ser efetuada monitorização do parâmetro Azoto total para efeitos do cálculo da TRH nos termos do Decreto-Lei n.º 97/2008, de 11 de junho (na sua"
TUA20240719002219,T000038,,Saída,Fósforo total (mg/L P),Trimestral,Composta (i),"Deve ser efetuada monitorização do parâmetro Fósforo total para efeitos do cálculo da TRH nos termos do Decreto-Lei n.º 97/2008, de 11 de junho (na sua redação atual)."
TUA20240719002219,T000039,,Saída,Azoto amoniacal (mg/L NH4),Trimestral,Composta (i),"Deve ser efetuada monitorização do parâmetro Azoto amoniacal face à localização da rejeição em área de influência da zona classificada como sensível, nos termos do Decreto-Lei n.º 152/97, de 19 de junho e Portaria n.º 188/2021 de 8 de setembro."
TUA20240719002220,T000021,,Saída,pH (Escala de Sörensen),Trimestral,Composta (i),
TUA20240719002220,T000023,,Saída,Carência Bioquímica de Oxigénio (mg/L O2),Trimestral,Composta (i),
TUA20240719002220,T000025,,Saída,Carência Química de Oxigénio (mg/L O2),Trimestral,Composta (i),
TUA20240719002220,T000027,,Saída,Sólidos Suspensos Totais (mg/L),Trimestral,Composta (i),
TUA20240719002220,T000028,,Saída,Azoto total (mg/L N),Trimestral,Composta (i),"Deve ser efetuada monitorização do parâmetro Azoto total para efeitos do cálculo da TRH nos termos do Decreto-Lei n.º 97/2008, de 11 de junho (na sua"
TUA20240719002220,T000029,,Saída,Fósforo total (mg/L P),Trimestral,Composta (i),"Deve ser efetuada monitorização do parâmetro Fósforo total para efeitos do cálculo da TRH nos termos do Decreto-Lei n.º 97/2008, de 11 de junho (na sua redação atual)."
TUA20240719002220,T000030,,Saída,Azoto amoniacal (mg/L NH4),Trimestral,Composta (i),"Deve ser efetuada monitorização do parâmetro Azoto amoniacal face à localização da rejeição em área de influência da zona classificada como sensível, nos termos do Decreto-Lei n.º 152/97, de 19 de junho e Portaria n.º 188/2021 de 8 de setembro."
TUA20240725002275,T000018,,Saída,Carência Bioquímica de Oxigénio (mg/L O2),Mensal,Pontual,
TUA20240725002275,T000020,,Saída,Carência Química de Oxigénio (mg/L O2),Mensal,Pontual,
TUA20240725002275,T000022,,Saída,Sólidos Suspensos Totais (mg/L),Mensal,Pontual,
TUA20240731002345,T000018,,Saída,Carência Bioquímica de Oxigénio (mg/L O2),Mensal,Pontual,
TUA20240731002345,T000020,,Saída,Carência Química de Oxigénio (mg/L O2),Mensal,Pontual,
TUA20240731002345,T000022,,Saída,Sólidos Suspensos Totais (mg/L),Mensal,Pontual,
TUA20240731002347,T000018,,Saída,Carência Bioquímica de Oxigénio (mg/L O2),Mensal,Composta (i),
TUA20240731002347,T000020,,Saída,Carência Química de Oxigénio (mg/L O2),Mensal,Composta (i),
TUA20240731002347,T000022,,Saída,Sólidos Suspensos Totais (mg/L),Mensal,Composta (i),
TUA20240731002347,T000023,,Saída,Azoto total (mg/L N),Trimestral,Composta (i),
TUA20240731002347,T000024,,Saída,Fósforo total (mg/L P),Trimestral,Composta (i),
TUA20240808002408,T000017,,Saída,pH (Escala de Sörensen),Trimestral,Composta (i),
TUA20240808002408,T000019,,Saída,Carência Bioquímica de Oxigénio (mg/L O2),Trimestral,Composta (i),
TUA20240808002408,T000021,,Saída,Carência Química de Oxigénio (mg/L O2),Trimestral,Composta (i),
TUA20240808002408,T000023,,Saída,Sólidos Suspensos Totais (mg/L),Trimestral,Composta (i),
TUA20240808002408,T000024,,Saída,(mg/L) Azoto amoniacal (mg/L NH4),Trimestral,Composta (i),"rejeição em área de influência da zona classificada como sensível, nos termos do Decreto-Lei n.º 152/97, de 19 de junho e Portaria n.º 188/2021 de 8 de setembro."
TUA20240808002408,T000025,,Saída,Azoto total (mg/L N),Trimestral,Composta (i),"Para efeitos do cálculo da TRH nos termos do Decreto-Lei n.º 97/2008, de 11 de junho (na sua redação atual)."
TUA20240808002408,T000026,,Saída,Fósforo total (mg/L P),Trimestral,Composta (i),"Para efeitos do cálculo da TRH nos termos do Decreto-Lei n.º 97/2008, de 11 de junho (na sua redação atual)."
TUA20240904002654,T000017,,Saída,pH (Escala de Sörensen),Trimestral,Composta (i),
TUA20240904002654,T000019,,Saída,Carência Bioquímica de Oxigénio (mg/L O2),Trimestral,Composta (i),
TUA20240904002654,T000021,,Saída,Carência Química de Oxigénio (mg/L O2),Trimestral,Composta (i),
TUA20240904002654,T000023,,Saída,Sólidos Suspensos Totais (mg/L),Trimestral,Composta (i),
TUA20240904002654,T000025,,Saída,Azoto total (mg/L N),Trimestral,Composta (i),"Para efeitos do cálculo da TRH nos termos do Decreto-Lei n.º 97/2008, de 11 de junho (na sua redação atual)."
TUA20240904002654,T000026,,Saída,Fósforo total (mg/L P),Trimestral,Composta (i),de 11 de junho (na sua redação atual).
TUA20240904002654,T000027,,Saída,Escherichia coli (época balnear) (ufc/100 mL),Quinzenal,Pontual,Monitorização para efeitos de avaliação das características do efluente tratado.
TUA20240904002654,T000028,,Saída,Enterecocos intestinais (época balnear) (ufc/100 mL),Quinzenal,Pontual,Monitorização para efeitos de avaliação das características do efluente tratado.
TUA20240916002772,T000017,,Saída,pH (Escala de Sörensen),Mensal,Pontual,
TUA20240916002772,T000019,,Saída,Carência Química de Oxigénio (mg/L O2),Mensal,Pontual,
TUA20240916002772,T000021,,Saída,Carência Bioquímica de Oxigénio (mg/L O2),Mensal,Pontual,
TUA20240916002772,T000023,,Saída,Sólidos Suspensos Totais (mg/L),Mensal,Pontual,
TUA20241003002946,T000017,,Saída,pH (Escala de Sörensen),Mensal,Pontual,
TUA20241003002946,T000019,,Saída,Carência Química de Oxigénio (mg/L O2),Mensal,Pontual,
TUA20241003002946,T000023,,Saída,Carência Bioquímica de Oxigénio (mg/L O2),Mensal,Pontual,
TUA20241003002946,T000021,,Saída,Oxigénio (mg/L O2) Sólidos Suspensos Totais (mg/L),Mensal,Pontual,
TUA20241003002946,T000025,,Saída,Sólidos Suspensos Totais (mg/L),Mensal,Pontual,
TUA20241003002946,T000026,,Saída,Azoto total (mg/L N),Trimestral,Pontual,
TUA20241003002946,T000027,,Saída,Fósforo total (mg/L P),Mensal,Pontual,
TUA20241014003042,T000017,,Saída,Carência Bioquímica de Oxigénio (mg/L O2),Mensal,Composta (i),
TUA20241014003042,T000019,,Saída,Carência Química de Oxigénio (mg/L O2),Mensal,Composta (i),
TUA20241014003042,T000022,,Saída,Azoto total (mg/L N),Trimestral,Composta (i),
TUA20241014003042,T000023,,Saída,Fósforo total (mg/L P),Trimestral,Composta (i),
TUA20241014003042,T000069,,Saída,Sólidos Suspensos Totais (mg/L),Mensal,Composta (i),
TUA20241022003142,T000017,,Entrada,pH (Escala de Sörensen),Mensal,Composta (i),
TUA20241022003142,T000019,,Entrada,Carência Bioquímica de Oxigénio (mg/L O2),Mensal,Composta (i),
TUA20241022003142,T000021,,Entrada,Carência Química de Oxigénio (mg/L O2),Mensal,Composta (i),
TUA20241022003142,T000023,,Entrada,Sólidos Suspensos Totais (mg/L),Mensal,Composta (i),
TUA20241022003142,T000024,,Entrada,(mg/L) Azoto amoniacal (mg/L NH4),Mensal,Composta (i),
TUA20241022003142,T000025,,Entrada,Azoto total (mg/L N),Mensal,Composta (i),
TUA20241022003142,T000026,,Entrada,Fósforo total (mg/L P),Mensal,Composta (i),
TUA20241022003142,T000027,,Saída,pH (Escala de Sörensen),Mensal,Composta (i),
TUA20241022003142,T000028,,Saída,Carência Bioquímica de Oxigénio (mg/L O2),Mensal,Composta (i),
TUA20241022003142,T000029,,Saída,Carência Química de Oxigénio (mg/L O2),Mensal,Composta (i),
TUA20241022003142,T000030,,Saída,Sólidos Suspensos Totais (mg/L),Mensal,Composta (i),
TUA20241022003142,T000031,,Saída,Azoto amoniacal (mg/L NH4),Mensal,Composta (i),
TUA20241022003142,T000032,,Saída,Azoto total (mg/L N),Mensal,Composta (i),
TUA20241022003142,T000033,,Saída,Fósforo total (mg/L P),Mensal,Composta (i),
TUA20241122003491,T000017,,Entrada,pH (Escala de Sörensen),Mensal,Composta (i),
TUA20241122003491,T000019,,Entrada,Carência Bioquímica de Oxigénio (mg/L O2),Mensal,Composta (i),
TUA20241122003491,T000021,,Entrada,Oxigénio (mg/L O2) Carência Química de Oxigénio (mg/L O2),Mensal,Composta (i),
TUA20241122003491,T000023,,Entrada,Sólidos Suspensos Totais (mg/L),Mensal,Composta (i),
TUA20241122003491,T000025,,Entrada,Óleos e Gorduras (mg/L),Mensal,Pontual,
TUA20241122003491,T000026,,Entrada,Azoto amoniacal (mg/L NH4),Mensal,Composta (i),
TUA20241122003491,T000027,,Entrada,Azoto total (mg/L N),Mensal,Composta (i),
TUA20241122003491,T000028,,Entrada,Fósforo total (mg/L P),Mensal,Composta (i),
TUA20241122003491,T000029,,Saída,pH (Escala de Sörensen),Mensal,Composta (i),
TUA20241122003491,T000030,,Saída,Carência Bioquímica de Oxigénio (mg/L O2),Mensal,Composta (i),
TUA20241122003491,T000031,,Saída,Carência Química de Oxigénio (mg/L O2),Mensal,Composta (i),
TUA20241122003491,T000032,,Saída,Sólidos Suspensos Totais (mg/L),Mensal,Composta (i),
TUA20241122003491,T000033,,Saída,Óleos e Gorduras (mg/L),Mensal,Pontual,
TUA20241122003491,T000034,,Saída,Azoto amoniacal (mg/L NH4),Mensal,Composta (i),
TUA20241122003491,T000035,,Saída,Azoto total (mg/L N),Mensal,Composta (i),
TUA20241122003491,T000036,,Saída,Fósforo total (mg/L P),Mensal,Composta (i),
TUA20241122003491,T000037,,Saída,Escherichia coli (época balnear) (ufc/100 mL),Quinzenal,Pontual,Monitorização para efeitos de avaliação das características do efluente tratado.
TUA20241122003491,T000038,,Saída,Enterecocos intestinais (época balnear) (ufc/100 mL),Quinzenal,Pontual,Monitorização para efeitos de avaliação das características do efluente tratado.
TUA20241122003495,T000018,,Entrada,pH (Escala de Sörensen),Mensal,Composta (i),
TUA20241122003495,T000020,,Entrada,Carência Bioquímica de Oxigénio (mg/L O2),Mensal,Composta (i),
TUA20241122003495,T000022,,Entrada,Carência Química de Oxigénio (mg/L O2),Mensal,Composta (i),
TUA20241122003495,T000024,,Entrada,Sólidos Suspensos Totais (mg/L),Mensal,Composta (i),
TUA20241122003495,T000026,,Entrada,Óleos e Gorduras (mg/L),Mensal,Pontual,
TUA20241122003495,T000027,,Entrada,Azoto total (mg/L N),Mensal,Composta (i),
TUA20241122003495,T000028,,Entrada,Fósforo total (mg/L P),Mensal,Composta (i),
TUA20241122003495,T000036,,Entrada,Azoto amoniacal (mg/L NH4),Mensal,Composta (i),
TUA20241122003495,T000029,,Saída,pH (Escala de Sörensen),Mensal,Composta (i),
TUA20241122003495,T000030,,Saída,Carência Bioquímica de Oxigénio (mg/L O2),Mensal,Composta (i),
TUA20241122003495,T000031,,Saída,Carência Química de Oxigénio (mg/L O2),Mensal,Composta (i),
TUA20241122003495,T000032,,Saída,Sólidos Suspensos Totais (mg/L),Mensal,Composta (i),
TUA20241122003495,T000033,,Saída,Óleos e Gorduras (mg/L),Mensal,Pontual,
TUA20241122003495,T000034,,Saída,Fósforo total (mg/L P),Mensal,Composta (i),"Para efeitos do cálculo da TRH nos termos do Decreto-Lei n.º 97/2008, de 11 de junho (na sua redação atual)."
TUA20241122003495,T000035,,Saída,Azoto amoniacal (mg/L NH4),Mensal,Composta (i),"Face à localização da rejeição em área de influência da zona classificada como sensível, nos termos do Decreto-Lei n.º 152/97, de 19 de junho e Portaria n.º 188/2021 de 8 de setembro."
TUA20241122003495,T000037,,Saída,Azoto total (mg/L N),Mensal,Composta (i),"Para efeitos do cálculo da TRH nos termos do Decreto-Lei n.º 97/2008, de 11 de junho (na sua redação atual)."
TUA20241210003651,T000017,,Entrada,pH (Escala de Sörensen),Mensal,Composta (i),
TUA20241210003651,T000019,,Entrada,Carência Bioquímica de Oxigénio (mg/L O2),Mensal,Composta (i),
TUA20241210003651,T000021,,Entrada,Carência Química de Oxigénio (mg/L O2),Mensal,Composta (i),
TUA20241210003651,T000021,,Entrada,Oxigénio (mg/L O2),Mensal,Composta (i),
TUA20241210003651,T000023,,Entrada,Sólidos Suspensos Totais (mg/L),Mensal,Composta (i),
TUA20241210003651,T000024,,Entrada,Azoto amoniacal (mg/L NH4),Mensal,Composta (i),
TUA20241210003651,T000025,,Entrada,Azoto total (mg/L N),Mensal,Composta (i),
TUA20241210003651,T000026,,Entrada,Fósforo total (mg/L P),Mensal,Composta (i),
TUA20241210003651,T000027,,Saída,pH (Escala de Sörensen),Mensal,Composta (i),
TUA20241210003651,T000028,,Saída,Carência Bioquímica de Oxigénio (mg/L O2),Mensal,Composta (i),
TUA20241210003651,T000029,,Saída,Carência Química de Oxigénio (mg/L O2),Mensal,Composta (i),
TUA20241210003651,T000030,,Saída,Sólidos Suspensos Totais (mg/L),Mensal,Composta (i),
TUA20241210003651,T000031,,Saída,Azoto amoniacal (mg/L NH4),Mensal,Composta (i),"Face à localização da rejeição em área de influência da zona classificada como sensível, nos termos do Decreto-Lei n.º 152/97, de 19 de junho e Portaria n.º 188/2021 de 8 de setembro."
TUA20241210003651,T000032,,Saída,Azoto total (mg/L N),Mensal,Composta (i),"Para efeitos do cálculo da TRH nos termos do Decreto-Lei n.º 97/2008, de 11 de junho (na sua redação atual)."
TUA20241210003651,T000033,,Saída,Fósforo total (mg/L P),Mensal,Composta (i),"Para efeitos do cálculo da TRH nos termos do Decreto-Lei n.º 97/2008, de 11 de junho (na sua redação atual)."
TUA20250226000655,T000021,,Saída,Caudal (m3/dia),Mensal,Composta (i),
TUA20250226000655,T000022,,Saída,pH (Escala de Sörensen),Trimestral,Composta (iii),
TUA20250226000655,T000023,,Saída,Carência Bioquímica de Oxigénio (mg/L O2),Trimestral,Composta (iii),
TUA20250226000655,T000024,,Saída,Oxigénio (mg/L O2) Carência Química de Oxigénio (mg/L O2),Trimestral,Composta (iii),
TUA20250226000655,T000025,,Saída,Sólidos Suspensos Totais (mg/L),Trimestral,Composta (iii),
TUA20250226000655,T000026,,Saída,Óleos e Gorduras (mg/L),Semestral,Composta (iii),
TUA20250226000655,T000027,,Saída,Azoto total (mg/L N),Trimestral,Composta (iii),
TUA20250226000655,T000028,,Saída,Fósforo total (mg/L P),Trimestral,Composta (iii),
TUA20250317000834,T000017,,Entrada,pH (Escala de Sörensen),Mensal,Composta (i),
TUA20250317000834,T000019,,Entrada,Carência Bioquímica de Oxigénio (mg/L O2),Mensal,Composta (i),
TUA20250317000834,T000021,,Entrada,Carência Química de Oxigénio (mg/L O2),Mensal,Composta (i),
TUA20250317000834,T000023,,Entrada,Oxigénio (mg/L O2) Sólidos Suspensos Totais (mg/L),Mensal,Composta (i),
TUA20250317000834,T000024,,Entrada,Azoto total (mg/L N),Mensal,Composta (i),
TUA20250317000834,T000025,,Entrada,Fósforo total (mg/L P),Mensal,Composta (i),
TUA20250317000834,T000026,,Entrada,Azoto amoniacal (mg/L NH4),Mensal,Composta (i),
TUA20250317000834,T000027,,Saída,pH (Escala de Sörensen),Mensal,Composta (i),
TUA20250317000834,T000028,,Saída,Carência Bioquímica de Oxigénio (mg/L O2),Mensal,Composta (i),
TUA20250317000834,T000029,,Saída,Carência Química de Oxigénio (mg/L O2),Mensal,Composta (i),
TUA20250317000834,T000030,,Saída,Sólidos Suspensos Totais (mg/L),Mensal,Composta (i),
TUA20250317000834,T000031,,Saída,Azoto total (mg/L N),Mensal,Composta (i),"Para efeitos do cálculo da TRH nos termos do Decreto-Lei n.º 97/2008, de 11 de junho (na sua redação atual)."
TUA20250317000834,T000032,,Saída,Fósforo total (mg/L P),Mensal,Composta (i),"Para efeitos do cálculo da TRH nos termos do Decreto-Lei n.º 97/2008, de 11 de junho (na sua redação atual)."
TUA20250317000834,T000033,,Saída,Azoto amoniacal (mg/L NH4),Mensal,Composta (i),"Face à localização da rejeição em área de influência da zona classificada como sensível, nos termos do Decreto-Lei n.º 152/97, de 19 de junho e Portaria n.º 188/2021 de 8 de setembro."
TUA20250416001449,T000017,,Entrada,pH (Escala de Sörensen),Mensal,Composta (i),
TUA20250416001449,T000019,,Entrada,Carência Bioquímica de Oxigénio (mg/L O2),Mensal,Composta (i),
TUA20250416001449,T000021,,Entrada,Carência Química de Oxigénio (mg/L O2),Mensal,Composta (i),
TUA20250416001449,T000023,,Entrada,Sólidos Suspensos Totais (mg/L),Mensal,Composta (i),
TUA20250416001449,T000025,,Entrada,Azoto total (mg/L N),Mensal,Composta (i),
TUA20250416001449,T000027,,Entrada,Fósforo total (mg/L P),Mensal,Composta (i),
TUA20250416001449,T000029,,Entrada,Azoto amoniacal (mg/L NH4),Mensal,Composta (i),
TUA20250416001449,T000031,,Entrada,Óleos e Gorduras (mg/L),Mensal,Composta (i),
TUA20250416001449,T000043,,Entrada,Azoto Kjeldahl (mg/L N),Mensal,Composta (i),
TUA20250416001449,T000044,,Entrada,Nitratos (mg/L NO3),Mensal,Composta (i),
TUA20250416001449,T000045,,Entrada,Nitritos (mg/L NO2),Mensal,Composta (i),
TUA20250416001449,T000046,,Entrada,Fenóis (mg/L C total),Mensal,Composta (i),
TUA20250416001449,T000047,,Entrada,Fosfatos (mg/L PO4),Mensal,Composta (i),
TUA20250416001449,T000048,,Saída,pH (Escala de Sörensen),Mensal,Composta (i),
TUA20250416001449,T000049,,Saída,Carência Bioquímica de Oxigénio (mg/L O2),Mensal,Composta (i),
TUA20250416001449,T000050,,Saída,Carência Química de Oxigénio (mg/L O2),Mensal,Composta (i),
TUA20250416001449,T000051,,Saída,Sólidos Suspensos Totais (mg/L),Mensal,Composta (i),
TUA20250416001449,T000052,,Saída,Azoto total (mg/L N),Mensal,Composta (i),
TUA20250416001449,T000053,,Saída,Fósforo total (mg/L P),Mensal,Composta (i),
TUA20250416001449,T000054,,Saída,Azoto amoniacal (mg/L NH4),Mensal,Composta (i),
TUA20250416001449,T000055,,Saída,Óleos e Gorduras (mg/L),Mensal,Pontual,
TUA20250416001449,T000056,,Saída,Azoto Kjeldahl (mg/L N),Mensal,Composta (i),
TUA20250416001449,T000057,,Saída,Nitratos (mg/L NO3),Mensal,Composta (i),
TUA20250416001449,T000058,,Saída,Nitritos (mg/L NO2),Mensal,Composta (i),
TUA20250416001449,T000059,,Saída,Fenóis (mg/L C total),Mensal,Composta (i),
TUA20250416001449,T000060,,Saída,Fosfatos (mg/L PO4),Mensal,Composta (i),
TUA20250602001876,T000020,,Saída,pH (Escala de Sörensen),Trimestral,Pontual,
TUA20250602001876,T000021,,Saída,Carência Bioquímica de Oxigénio (mg/L O2),Trimestral,Pontual,
TUA20250602001876,T000022,,Saída,Carência Química de Oxigénio (mg/L O2),Trimestral,Pontual,
TUA20250602001876,T000023,,Saída,Sólidos Suspensos Totais (mg/L),Trimestral,Pontual,
TUA20250602001876,T000024,,Saída,(mg/L) Óleos e Gorduras (mg/L),Semestral,Pontual,
TUA20250602001876,T000025,,Saída,Azoto total (mg/L N),Trimestral,Pontual,
TUA20250602001876,T000026,,Saída,Fósforo total (mg/L P),Trimestral,Pontual,
TUA20250602001876,T000027,,Saída,Caudal (m3/mês),Mensal,Em contínuo,
TUA20250722002408,T000017,,Saída,pH (Escala de Sörensen),Trimestral,Composta (i),
TUA20250722002408,T000019,,Saída,Carência Bioquímica de Oxigénio (mg/L O2),Trimestral,Composta (i),
TUA20250722002408,T000021,,Saída,Carência Química de Oxigénio (mg/L O2),Trimestral,Composta (i),
TUA20250722002408,T000023,,Saída,Sólidos Suspensos Totais (mg/L),Trimestral,Composta (i),
TUA20250722002408,T000024,,Saída,Azoto total (mg/L N),Trimestral,Composta (i),"Para efeitos do cálculo da TRH nos termos do Decreto-Lei n.º 97/2008, de 11 de junho (na sua redação atual)."
TUA20250722002408,T000025,,Saída,Fósforo total (mg/L P),Trimestral,Composta (i),"TRH nos termos do Decreto-Lei n.º 97/2008, de 11 de junho (na sua redação atual)."
TUA20250722002408,T000026,,Saída,Azoto amoniacal (mg/L NH4),Trimestral,Composta (i),
TUA20250722002408,T000041,,Saída,Escherichia coli (época balnear) (NMP/100 mL),Quinzenal,Pontual,O método analítico utilizado para a determinação do parâmetro em apreço tem de ser acreditado para a matriz águas residuais.
TUA20250722002408,T000042,,Saída,Enterococos intestinais (época balnear) (NMP/100 mL),Quinzenal,Pontual,O método analítico utilizado para a determinação do parâmetro em apreço tem de ser acreditado para a matriz águas residuais.
TUA20260202000317,T000066,,Saída,Carência Bioquímica de Oxigénio (mg/L O2),Mensal,Composta (ii),
TUA20260202000317,T000068,,Saída,Carência Química de Oxigénio (mg/L O2),Mensal,Composta (ii),
TUA20260202000317,T000070,,Saída,Sólidos Suspensos Totais (mg/L),Mensal,Composta (ii),
TUA20260202000317,T000072,,Saída,pH (Escala de Sörensen),Mensal,Composta (ii),
TUA20260202000317,T000073,,Saída,Azoto total (mg/L N),Trimestral,Composta (ii),
TUA20260202000317,T000074,,Saída,Fósforo total (mg/L P),Composta (ii),,
TUA20260202000317,T000075,,À entrada ou saída,Caudal (m3/dia),Pontual,,
TUA20260202000317,T000077,,Saída,Óleos e Gorduras (mg/L),Pontual,,
TUA20260202000317,T000066,,Saída,Carência Bioquímica de Oxigénio (mg/L O2),Mensal,Composta (ii),
TUA20260202000317,T000068,,Saída,Carência Química de Oxigénio (mg/L O2),Mensal,Composta (ii),
TUA20260202000317,T000070,,Saída,Sólidos Suspensos Totais (mg/L),Mensal,Composta (ii),
TUA20260202000317,T000072,,Saída,pH (Escala de Sörensen),Mensal,Composta (ii),
TUA20260202000317,T000073,,Saída,Azoto total (mg/L N),Trimestral,Composta (ii),
TUA20260202000317,T000074,,Saída,Fósforo total (mg/L P),Composta (ii),,
TUA20260202000317,T000075,,À entrada ou saída,Caudal (m3/dia),Pontual,,
TUA20260202000317,T000077,,Saída,Óleos e Gorduras (mg/L),Pontual,,
