Nº TUA,Código,Avaliação da conformidade
TUA20220411000574,1,"Considera-se que as águas residuais tratadas estão conformes com os parâmetros estabelecidos se, para cada um dos parâmetros aplicáveis, individualmente considerados, as amostras revelarem que as águas obedecem à norma de qualidade descrita nesta licença, nos seguintes termos:a) Nenhuma amostra excede o valor paramétrico em mais de 100%; e b) O número máximo anual de amostras não conformes será obtido através de relação estatística similar à aplicável às águas residuais urbanas, descrita no quadro n.º 3 do Anexo I do Decreto-Lei n.º 152/97, de 19 de junho, na sua redação atual."
TUA20220411000574,2,"Para os parâmetros microbiológicos, o valor máximo observado, em amostras não conformes, durante o ano em análise não ultrapassa uma ordem de grandeza do valor limite que lhe corresponde nos casos em que o VLE seja igual ou superior a 1000 ufc/100mL ou NMP/100mL. Nas situações em que o VLE é inferior a 1000 ufc/100mL ou NMP/100mL, o valor máximo observado não ultrapassa o dobro do VLE que lhe corresponde. O número máximo anual de amostras não conformes será obtido através de relação estatística similar à aplicável às águas residuais urbanas, descrita no quadro n.º 3, do Anexo I, do Decreto-Lei n.º 152/97, de 19 de junho, na sua redação atual."
TUA20220411000574,3,"A verificação da conformidade dos parâmetros CBO5, CQO e SST com Valor Limite de Emissão (VLE) estabelecido de acordo com Decreto-Lei n.º 152/97, de 19 de junho, na sua redação atual, é realizada de acordo com o definido na alínea D) do Anexo I do mesmo diploma."
TUA20220411000574,4,"A verificação da conformidade dos parâmetros N e P com Valor Limite de Emissão (VLE) estabelecido de acordo com Decreto-Lei n.º 152/97, de 19 de junho, na sua redação atual, é realizada de acordo com o definido na alínea D) do Anexo I do mesmo diploma."
TUA20220411000574,5,"Considera-se que as águas residuais tratadas estão conformes com os parâmetros estabelecidos se, para cada um dos parâmetros aplicáveis, individualmente considerados, as amostras revelarem que as águas obedecem cumulativamente à norma de qualidade descrita nesta licença, nos seguintes termos:a) Nenhuma amostra excede o valor paramétrico em mais de 100%;b) O número máximo anual de amostras não conformes será obtido através de relação estatística similar à aplicável às águas residuais urbanas, descrita no quadro n.º 3 do Anexo I do Decreto-Lei n.º 152/97, de 19 de junho, na sua redação atual; no quadro n.º 3 do Anexo I do Decreto-Lei n.º 152/97, de 19 de junho, na sua redação atual;c) Cumpre as condições específicas no BREF () aplicável.Best Available Techniques REFerence documents"
TUA20220411000574,T000082,"(1) Considera-se que as águas residuais tratadas estão conformes com os parâmetros estabelecidos se, para cada um dos parâmetros aplicáveis, individualmente considerados, as amostras revelarem que as águas obedecem à norma de qualidade descrita nesta licença, nos seguintes termos:a) Nenhuma amostra excede o valor paramétrico em mais de 100%; e b) O número máximo anual de amostras não conformes será obtido através de relação estatística similar à aplicável às águas residuais urbanas, descrita no quadro n.º 3 do Anexo I do Decreto-Lei n.º 152/97, de 19 de junho, na sua redação atual."
TUA20220411000574,T000083,"(2) Para os parâmetros microbiológicos, o valor máximo observado, em amostras não conformes, durante o ano em análise não ultrapassa uma ordem de grandeza do valor limite que lhe corresponde nos casos em que o VLE seja igual ou superior a 1000 ufc/100mL ou NMP/100mL. Nas situações em que o VLE é inferior a 1000 ufc/100mL ou NMP/100mL, o valor máximo observado não ultrapassa o dobro do VLE que lhe corresponde. O número máximo anual de amostras não conformes será obtido através de relação estatística similar à aplicável às águas residuais urbanas, descrita no quadro n.º 3, do Anexo I, do Decreto-Lei n.º 152/97, de 19 de junho, na sua redação atual."
TUA20220411000574,T000084,"(3) A verificação da conformidade dos parâmetros CBO5, CQO e SST com Valor Limite de Emissão (VLE) estabelecido de acordo com Decreto-Lei n.º 152/97, de 19 de junho, na sua redação atual, é realizada de acordo com o definido na alínea D) do Anexo I do mesmo diploma."
TUA20220411000574,T000085,"(4) A verificação da conformidade dos parâmetros N e P com Valor Limite de Emissão (VLE) estabelecido de acordo com Decreto-Lei n.º 152/97, de 19 de junho, na sua redação atual, é realizada de acordo com o definido na alínea D) do Anexo I do mesmo diploma."
TUA20220411000574,T000086,"(5) Considera-se que as águas residuais tratadas estão conformes com os parâmetros estabelecidos se, para cada um dos parâmetros aplicáveis, individualmente considerados, as amostras revelarem que as águas obedecem cumulativamente à norma de qualidade descrita nesta licença, nos seguintes termos:a) Nenhuma amostra excede o valor paramétrico em mais de 100%;b) O número máximo anual de amostras não conformes será obtido através de relação estatística similar à aplicável às águas residuais urbanas, descrita no quadro n.º 3 do Anexo I do Decreto-Lei n.º 152/97, de 19 de junho, na sua redação atual; no quadro n.º 3 do Anexo I do Decreto-Lei n.º 152/97, de 19 de junho, na sua redação atual;c) Cumpre as condições específicas no BREF () aplicável.Best Available Techniques REFerence documents"
TUA20220420000646,1,"Considera-se que as águas residuais tratadas estão conformes com os parâmetros estabelecidos se, para cada um dos parâmetros aplicáveis, individualmente considerados, as amostras revelarem que as águas obedecem à norma de qualidade descrita nesta licença, nos seguintes termos:a) Nenhuma amostra excede o valor paramétrico em mais de 100%; e b) O número máximo anual de amostras não conformes será obtido através de relação estatística similar à aplicável às águas residuais urbanas, descrita no quadro n.º 3 do Anexo I do Decreto-Lei n.º 152/97, de 19 de junho, na sua redação atual."
TUA20220420000646,2,"Para os parâmetros microbiológicos, o valor máximo observado, em amostras não conformes, durante o ano em análise não ultrapassa uma ordem de Para os parâmetros microbiológicos, o valor máximo observado, em amostras não conformes, durante o ano em análise não ultrapassa uma ordem de grandeza do valor limite que lhe corresponde nos casos em que o VLE seja igual ou superior a 1000 ufc/100mL ou NMP/100mL. Nas situações em que o VLE é inferior a 1000 ufc/100mL ou NMP/100mL, o valor máximo observado não ultrapassa o dobro do VLE que lhe corresponde. O número máximo anual de amostras não conformes será obtido através de relação estatística similar à aplicável às águas residuais urbanas, descrita no quadro n.º 3, do Anexo I, do Decreto-Lei n.º 152/97, de 19 de junho, na sua redação atual."
TUA20220420000646,3,"A verificação da conformidade dos parâmetros CBO5, CQO e SST com Valor Limite de Emissão (VLE) estabelecido de acordo com Decreto-Lei n.º 152/97, de 19 de junho, na sua redação atual, é realizada de acordo com o definido na alínea D) do Anexo I do mesmo diploma."
TUA20220420000646,4,"A verificação da conformidade dos parâmetros N e P com Valor Limite de Emissão (VLE) estabelecido de acordo com Decreto-Lei n.º 152/97, de 19 de junho, na sua redação atual, é realizada de acordo com o definido na alínea D) do Anexo I do mesmo diploma."
TUA20220420000646,5,"Considera-se que as águas residuais tratadas estão conformes com os parâmetros estabelecidos se, para cada um dos parâmetros aplicáveis, individualmente considerados, as amostras revelarem que as águas obedecem cumulativamente à norma de qualidade descrita nesta licença, nos seguintes termos:a) Nenhuma amostra excede o valor paramétrico em mais de 100%;b) O número máximo anual de amostras não conformes será obtido através de relação estatística similar à aplicável às águas residuais urbanas, descrita no quadro n.º 3 do Anexo I do Decreto-Lei n.º 152/97, de 19 de junho, na sua redação atual;c) Cumpre as condições específicas no BREF () aplicável.Best Available Techniques REFerence documents"
TUA20220420000646,T000085,"(1) Considera-se que as águas residuais tratadas estão conformes com os parâmetros estabelecidos se, para cada um dos parâmetros aplicáveis, individualmente considerados, as amostras revelarem que as águas obedecem à norma de qualidade descrita nesta licença, nos seguintes termos:a) Nenhuma amostra excede o valor paramétrico em mais de 100%; e b) O número máximo anual de amostras não conformes será obtido através de relação estatística similar à aplicável às águas residuais urbanas, descrita no quadro n.º 3 do Anexo I do Decreto-Lei n.º 152/97, de 19 de junho, na sua redação atual. (2) Para os parâmetros microbiológicos, o valor máximo observado, em amostras não conformes, durante o ano em análise não ultrapassa uma ordem de (2) Para os parâmetros microbiológicos, o valor máximo observado, em amostras não conformes, durante o ano em análise não ultrapassa uma ordem de grandeza do valor limite que lhe corresponde nos casos em que o VLE seja igual ou superior a 1000 ufc/100mL ou NMP/100mL. Nas situações em que o VLE é inferior a 1000 ufc/100mL ou NMP/100mL, o valor máximo observado não ultrapassa o dobro do VLE que lhe corresponde. O número máximo anual"
TUA20220420000646,T000086,"de amostras não conformes será obtido através de relação estatística similar à aplicável às águas residuais urbanas, descrita no quadro n.º 3, do Anexo I, do Decreto-Lei n.º 152/97, de 19 de junho, na sua redação atual."
TUA20220420000646,T000087,"(3) A verificação da conformidade dos parâmetros CBO5, CQO e SST com Valor Limite de Emissão (VLE) estabelecido de acordo com Decreto-Lei n.º 152/97, de 19 de junho, na sua redação atual, é realizada de acordo com o definido na alínea D) do Anexo I do mesmo diploma."
TUA20220420000646,T000088,"(4) A verificação da conformidade dos parâmetros N e P com Valor Limite de Emissão (VLE) estabelecido de acordo com Decreto-Lei n.º 152/97, de 19 de junho, na sua redação atual, é realizada de acordo com o definido na alínea D) do Anexo I do mesmo diploma."
TUA20220420000646,T000089,"(5) Considera-se que as águas residuais tratadas estão conformes com os parâmetros estabelecidos se, para cada um dos parâmetros aplicáveis, individualmente considerados, as amostras revelarem que as águas obedecem cumulativamente à norma de qualidade descrita nesta licença, nos seguintes termos:a) Nenhuma amostra excede o valor paramétrico em mais de 100%;b) O número máximo anual de amostras não conformes será obtido através de relação estatística similar à aplicável às águas residuais urbanas, descrita no quadro n.º 3 do Anexo I do Decreto-Lei n.º 152/97, de 19 de junho, na sua redação atual;c) Cumpre as condições específicas no BREF () aplicável.Best Available Techniques REFerence documents"
TUA20220511000842,1,"Decreto-Lei n.º 152/97, de 19 de junho, com as alterações introduzidas pelos Decretos-Leis n.os 348/98, de 9 de novembro, 149/2004, de 22 de junho e 198/2008, de 8 de outubro: Verificação do n.º mínimo anual de amostras e verificação do n.º máximo de amostras não conformes e verificação do desvio aos valores paramétricos."
TUA20220511000842,2,"De acordo com o nº6 do artigo 69o do Decreto-Lei nº 236/98, de 1 de Agosto."
TUA20220511000842,T000024,"(1) Decreto-Lei n.º 152/97, de 19 de junho, com as alterações introduzidas pelos Decretos-Leis n.os 348/98, de 9 de novembro, 149/2004, de 22 de junho e 198/2008, de 8 de outubro: Verificação do n.º mínimo anual de amostras e verificação do n.º máximo de amostras não conformes e verificação do desvio aos valores paramétricos."
TUA20220511000842,T000025,"(2) De acordo com o nº6 do artigo 69o do Decreto-Lei nº 236/98, de 1 de Agosto."
TUA20220511000844,1,"De acordo com o nº6 do artigo 69o do Decreto-Lei nº 236/98, de 1 de Agosto. Verificação do n.º mínimo anual de amostras e verificação do n.º máximo de amostras não conformes e verificação do desvio aos valores paramétricos."
TUA20220511000844,T000016,"(1) De acordo com o nº6 do artigo 69o do Decreto-Lei nº 236/98, de 1 de Agosto. Verificação do n.º mínimo anual de amostras e verificação do n.º máximo de amostras não conformes e verificação do desvio aos valores paramétricos."
TUA20220511000845,1,"De acordo com o nº6 do artigo 69o do Decreto-Lei nº 236/98, de 1 de Agosto. Verificação do n.º mínimo anual de amostras e verificação do n.º máximo de amostras não conformes e verificação do desvio aos valores paramétricos."
TUA20220511000845,T000025,"(1) De acordo com o nº6 do artigo 69o do Decreto-Lei nº 236/98, de 1 de Agosto. Verificação do n.º mínimo anual de amostras e verificação do n.º máximo de amostras não conformes e verificação do desvio aos valores paramétricos."
TUA20220718001522,1,"Considera-se que as águas residuais tratadas estão conformes com os parâmetros estabelecidos se, para cada um dos parâmetros aplicáveis, individualmente considerados, as amostras revelarem que as águas obedecem à norma de qualidade descrita nesta licença, nos seguintes termos:a) Nenhuma amostra excede o valor paramétrico em mais de 100%; e b) O número máximo anual de amostras não conformes será obtido através de relação estatística similar à aplicável às águas residuais urbanas, descrita no quadro n.º 3 do Anexo I do Decreto-Lei n.º 152/97, de 19 de junho, na sua redação atual."
TUA20220718001522,2,"Para os parâmetros microbiológicos, o valor máximo observado, em amostras não conformes, durante o ano em análise não ultrapassa uma ordem de grandeza do valor limite que lhe corresponde nos casos em que o VLE seja igual ou superior a 1000 ufc/100mL ou NMP/100mL. Nas situações em que o VLE é inferior a 1000 ufc/100mL ou NMP/100mL, o valor máximo observado não ultrapassa o dobro do VLE que lhe corresponde. O número máximo anual de amostras não conformes será obtido através de relação estatística similar à aplicável às águas residuais urbanas, descrita no quadro n.º 3, do Anexo I, do Decreto-Lei n.º 152/97, de 19 de junho, na sua redação atual."
TUA20220718001522,3,"A verificação da conformidade dos parâmetros CBO5, CQO e SST com Valor Limite de Emissão (VLE) estabelecido de acordo com Decreto-Lei n.º 152/97, de 19 de junho, na sua redação atual, é realizada de acordo com o definido na alínea D) do Anexo I do mesmo diploma."
TUA20220718001522,4,"A verificação da conformidade dos parâmetros N e P com Valor Limite de Emissão (VLE) estabelecido de acordo com Decreto-Lei n.º 152/97, de 19 de junho, na sua redação atual, é realizada de acordo com o definido na alínea D) do Anexo I do mesmo diploma."
TUA20220718001522,5,"Considera-se que as águas residuais tratadas estão conformes com os parâmetros estabelecidos se, para cada um dos parâmetros aplicáveis, individualmente considerados, as amostras revelarem que as águas obedecem cumulativamente à norma de qualidade descrita nesta licença, nos seguintes termos:a) Nenhuma amostra excede o valor paramétrico em mais de 100%;b) O número máximo anual de amostras não conformes será obtido através de relação estatística similar à aplicável às águas residuais urbanas, descrita no quadro n.º 3 do Anexo I do Decreto-Lei n.º 152/97, de 19 de junho, na sua redação atual;c) Cumpre as condições específicas no BREF () aplicável.Best Available Techniques REFerence documents"
TUA20220718001522,T000088,"(1) Considera-se que as águas residuais tratadas estão conformes com os parâmetros estabelecidos se, para cada um dos parâmetros aplicáveis, individualmente considerados, as amostras revelarem que as águas obedecem à norma de qualidade descrita nesta licença, nos seguintes termos:a) Nenhuma amostra excede o valor paramétrico em mais de 100%; e b) O número máximo anual de amostras não conformes será obtido através de relação estatística similar à aplicável às águas residuais urbanas, descrita no quadro n.º 3 do Anexo I do Decreto-Lei n.º 152/97, de 19 de junho, na sua redação atual."
TUA20220718001522,T000089,"(2) Para os parâmetros microbiológicos, o valor máximo observado, em amostras não conformes, durante o ano em análise não ultrapassa uma ordem de grandeza do valor limite que lhe corresponde nos casos em que o VLE seja igual ou superior a 1000 ufc/100mL ou NMP/100mL. Nas situações em que o VLE é inferior a 1000 ufc/100mL ou NMP/100mL, o valor máximo observado não ultrapassa o dobro do VLE que lhe corresponde. O número máximo anual de amostras não conformes será obtido através de relação estatística similar à aplicável às águas residuais urbanas, descrita no quadro n.º 3, do Anexo I, do Decreto-Lei n.º 152/97, de 19 de junho, na sua redação atual."
TUA20220718001522,T000090,"(3) A verificação da conformidade dos parâmetros CBO5, CQO e SST com Valor Limite de Emissão (VLE) estabelecido de acordo com Decreto-Lei n.º 152/97, de 19 de junho, na sua redação atual, é realizada de acordo com o definido na alínea D) do Anexo I do mesmo diploma."
TUA20220718001522,T000091,"(4) A verificação da conformidade dos parâmetros N e P com Valor Limite de Emissão (VLE) estabelecido de acordo com Decreto-Lei n.º 152/97, de 19 de junho, na sua redação atual, é realizada de acordo com o definido na alínea D) do Anexo I do mesmo diploma."
TUA20220718001522,T000092,"(5) Considera-se que as águas residuais tratadas estão conformes com os parâmetros estabelecidos se, para cada um dos parâmetros aplicáveis, individualmente considerados, as amostras revelarem que as águas obedecem cumulativamente à norma de qualidade descrita nesta licença, nos seguintes termos:a) Nenhuma amostra excede o valor paramétrico em mais de 100%;b) O número máximo anual de amostras não conformes será obtido através de relação estatística similar à aplicável às águas residuais urbanas, descrita no quadro n.º 3 do Anexo I do Decreto-Lei n.º 152/97, de 19 de junho, na sua redação atual;c) Cumpre as condições específicas no BREF () aplicável.Best Available Techniques REFerence documents"
TUA20220720001537,1,"Considera-se que as águas residuais tratadas estão conformes com os parâmetros estabelecidos se, para cada um dos parâmetros aplicáveis, individualmente considerados, as amostras revelarem que as águas obedecem à norma de qualidade descrita nesta licença, nos seguintes termos:a) Nenhuma amostra excede o valor paramétrico em mais de 100%; e b) O número máximo anual de amostras não conformes será obtido através de relação estatística similar à aplicável às águas residuais urbanas, descrita no quadro n.º 3 do Anexo I do Decreto-Lei n.º 152/97, de 19 de junho, na sua redação atual."
TUA20220720001537,2,"Para os parâmetros microbiológicos, o valor máximo observado, em amostras não conformes, durante o ano em análise não ultrapassa uma ordem de grandeza do valor limite que lhe corresponde nos casos em que o VLE seja igual ou superior a 1000 ufc/100mL ou NMP/100mL. Nas situações em que o VLE é inferior a 1000 ufc/100mL ou NMP/100mL, o valor máximo observado não ultrapassa o dobro do VLE que lhe corresponde. O número máximo anual de amostras não conformes será obtido através de relação estatística similar à aplicável às águas residuais urbanas, descrita no quadro n.º 3, do Anexo I, do Decreto-Lei n.º 152/97, de 19 de junho, na sua redação atual."
TUA20220720001537,3,"A verificação da conformidade dos parâmetros CBO5, CQO e SST com Valor Limite de Emissão (VLE) estabelecido de acordo com Decreto-Lei n.º 152/97, de 19 de junho, na sua redação atual, é realizada de acordo com o definido na alínea D) do Anexo I do mesmo diploma."
TUA20220720001537,4,"Considera-se que as águas residuais tratadas estão conformes para o parâmetro pH, se as amostras revelarem que as águas obedecem à norma de qualidade descrita nesta licença, nos seguintes termos: :a) Nenhuma amostra poderá se encontrar fora do intervalo 5,0 -10,0, eb) O número máximo anual de amostras não conformes será obtido através de relação estatística similar à aplicável às águas residuais urbanas, descrita b) O número máximo anual de amostras não conformes será obtido através de relação estatística similar à aplicável às águas residuais urbanas, descrita no quadro n.º 3 do Anexo I do Decreto-Lei n.º 152/97, de 19 de junho, na sua redação atual."
TUA20220720001537,T000011,"(1) Considera-se que as águas residuais tratadas estão conformes com os parâmetros estabelecidos se, para cada um dos parâmetros aplicáveis, individualmente considerados, as amostras revelarem que as águas obedecem à norma de qualidade descrita nesta licença, nos seguintes termos:a) Nenhuma amostra excede o valor paramétrico em mais de 100%; e b) O número máximo anual de amostras não conformes será obtido através de relação estatística similar à aplicável às águas residuais urbanas, descrita no quadro n.º 3 do Anexo I do Decreto-Lei n.º 152/97, de 19 de junho, na sua redação atual."
TUA20220720001537,T000092,"(2) Para os parâmetros microbiológicos, o valor máximo observado, em amostras não conformes, durante o ano em análise não ultrapassa uma ordem de grandeza do valor limite que lhe corresponde nos casos em que o VLE seja igual ou superior a 1000 ufc/100mL ou NMP/100mL. Nas situações em que o VLE é inferior a 1000 ufc/100mL ou NMP/100mL, o valor máximo observado não ultrapassa o dobro do VLE que lhe corresponde. O número máximo anual de amostras não conformes será obtido através de relação estatística similar à aplicável às águas residuais urbanas, descrita no quadro n.º 3, do Anexo I, do Decreto-Lei n.º 152/97, de 19 de junho, na sua redação atual."
TUA20220720001537,T000093,"(3) A verificação da conformidade dos parâmetros CBO5, CQO e SST com Valor Limite de Emissão (VLE) estabelecido de acordo com Decreto-Lei n.º 152/97, de 19 de junho, na sua redação atual, é realizada de acordo com o definido na alínea D) do Anexo I do mesmo diploma."
TUA20220720001537,T000094,"(4) Considera-se que as águas residuais tratadas estão conformes para o parâmetro pH, se as amostras revelarem que as águas obedecem à norma de qualidade descrita nesta licença, nos seguintes termos: :a) Nenhuma amostra poderá se encontrar fora do intervalo 5,0 -10,0, eb) O número máximo anual de amostras não conformes será obtido através de relação estatística similar à aplicável às águas residuais urbanas, descrita b) O número máximo anual de amostras não conformes será obtido através de relação estatística similar à aplicável às águas residuais urbanas, descrita no quadro n.º 3 do Anexo I do Decreto-Lei n.º 152/97, de 19 de junho, na sua redação atual."
TUA20220720001538,1,"Considera-se que as águas residuais tratadas estão conformes com os parâmetros estabelecidos se, para cada um dos parâmetros aplicáveis, individualmente considerados, as amostras revelarem que as águas obedecem à norma de qualidade descrita nesta licença, nos seguintes termos:a) Nenhuma amostra excede o valor paramétrico em mais de 100%; e b) O número máximo anual de amostras não conformes será obtido através de relação estatística similar à aplicável às águas residuais urbanas, descrita no quadro n.º 3 do Anexo I do Decreto-Lei n.º 152/97, de 19 de junho, na sua redação atual."
TUA20220720001538,3,"Para os parâmetros microbiológicos, o valor máximo observado, em amostras não conformes, durante o ano em análise não ultrapassa uma ordem de grandeza do valor limite que lhe corresponde nos casos em que o VLE seja igual ou superior a 1000 ufc/100mL ou NMP/100mL. Nas situações em que o VLE é inferior a 1000 ufc/100mL ou NMP/100mL, o valor máximo observado não ultrapassa o dobro do VLE que lhe corresponde. O número máximo anual de amostras não conformes será obtido através de relação estatística similar à aplicável às águas residuais urbanas, descrita no quadro n.º 3, do Anexo I, do Decreto-Lei n.º 152/97, de 19 de junho, na sua redação atual."
TUA20220720001538,2,"Considera-se que as águas residuais tratadas estão conformes para o parâmetro pH, se as amostras revelarem que as águas obedecem à norma de qualidade descrita nesta licença, nos seguintes termos: :a) Nenhuma amostra poderá se encontrar fora do intervalo 5,0 -10,0, eb) O número máximo anual de amostras não conformes será obtido através de relação estatística similar à aplicável às águas residuais urbanas, descrita no quadro n.º 3 do Anexo I do Decreto-Lei n.º 152/97, de 19 de junho, na sua redação atual."
TUA20220720001538,T000011,"(1) Considera-se que as águas residuais tratadas estão conformes com os parâmetros estabelecidos se, para cada um dos parâmetros aplicáveis, individualmente considerados, as amostras revelarem que as águas obedecem à norma de qualidade descrita nesta licença, nos seguintes termos:a) Nenhuma amostra excede o valor paramétrico em mais de 100%; e b) O número máximo anual de amostras não conformes será obtido através de relação estatística similar à aplicável às águas residuais urbanas, descrita no quadro n.º 3 do Anexo I do Decreto-Lei n.º 152/97, de 19 de junho, na sua redação atual."
TUA20220720001538,T000079,"(3) Para os parâmetros microbiológicos, o valor máximo observado, em amostras não conformes, durante o ano em análise não ultrapassa uma ordem de grandeza do valor limite que lhe corresponde nos casos em que o VLE seja igual ou superior a 1000 ufc/100mL ou NMP/100mL. Nas situações em que o VLE é inferior a 1000 ufc/100mL ou NMP/100mL, o valor máximo observado não ultrapassa o dobro do VLE que lhe corresponde. O número máximo anual de amostras não conformes será obtido através de relação estatística similar à aplicável às águas residuais urbanas, descrita no quadro n.º 3, do Anexo I, do Decreto-Lei n.º 152/97, de 19 de junho, na sua redação atual."
TUA20220720001538,T000081,"(2) Considera-se que as águas residuais tratadas estão conformes para o parâmetro pH, se as amostras revelarem que as águas obedecem à norma de qualidade descrita nesta licença, nos seguintes termos: :a) Nenhuma amostra poderá se encontrar fora do intervalo 5,0 -10,0, eb) O número máximo anual de amostras não conformes será obtido através de relação estatística similar à aplicável às águas residuais urbanas, descrita no quadro n.º 3 do Anexo I do Decreto-Lei n.º 152/97, de 19 de junho, na sua redação atual."
TUA20220919002148,1,"Considera-se que as águas residuais tratadas estão conformes com os parâmetros estabelecidos se, para cada um dos parâmetros aplicáveis, individualmente considerados, as amostras revelarem que as águas obedecem à norma de qualidade descrita nesta licença, nos seguintes termos:a) Nenhuma amostra excede o valor paramétrico em mais de 100%; e b) O número máximo anual de amostras não conformes será obtido através de relação estatística similar à aplicável às águas residuais urbanas, descrita no quadro n.º 3 do Anexo I do Decreto-Lei n.º 152/97, de 19 de junho, na sua redação atual."
TUA20220919002148,T000011,"(1) Considera-se que as águas residuais tratadas estão conformes com os parâmetros estabelecidos se, para cada um dos parâmetros aplicáveis, individualmente considerados, as amostras revelarem que as águas obedecem à norma de qualidade descrita nesta licença, nos seguintes termos:a) Nenhuma amostra excede o valor paramétrico em mais de 100%; e b) O número máximo anual de amostras não conformes será obtido através de relação estatística similar à aplicável às águas residuais urbanas, descrita no quadro n.º 3 do Anexo I do Decreto-Lei n.º 152/97, de 19 de junho, na sua redação atual."
TUA20220922002189,T000011,"De acordo com o nº6 do artigo 69o do Decreto-Lei nº 236/98, de 1 de Agosto."
TUA20220922002190,T000010,"De acordo com o nº6 do artigo 69o do Decreto-Lei nº 236/98, de 1 de Agosto."
TUA20220927002236,T000011,"De acordo com o nº6 do artigo 69o do Decreto-Lei nº 236/98, de 1 de Agosto."
TUA20220930002259,T000011,"De acordo com o nº6 do artigo 69o do Decreto-Lei nº 236/98, de 1 de Agosto."
TUA20221010002354,1,"Considera-se que as águas residuais tratadas estão conformes com os parâmetros estabelecidos se, para cada um dos parâmetros aplicáveis, individualmente considerados, as amostras revelarem que as águas obedecem à norma de qualidade descrita nesta licença, nos seguintes termos:a) Nenhuma amostra excede o valor paramétrico em mais de 100%; e b) O número máximo anual de amostras não conformes será obtido através de relação estatística similar à aplicável às águas residuais urbanas, descrita no quadro n.º 3 do Anexo I do Decreto-Lei n.º 152/97, de 19 de junho, na sua redação atual."
TUA20221010002354,T000010,"(1) Considera-se que as águas residuais tratadas estão conformes com os parâmetros estabelecidos se, para cada um dos parâmetros aplicáveis, individualmente considerados, as amostras revelarem que as águas obedecem à norma de qualidade descrita nesta licença, nos seguintes termos:a) Nenhuma amostra excede o valor paramétrico em mais de 100%; e b) O número máximo anual de amostras não conformes será obtido através de relação estatística similar à aplicável às águas residuais urbanas, descrita no quadro n.º 3 do Anexo I do Decreto-Lei n.º 152/97, de 19 de junho, na sua redação atual."
TUA20221010002355,1,"Considera-se que as águas residuais tratadas estão conformes com os parâmetros estabelecidos se, para cada um dos parâmetros aplicáveis, individualmente considerados, as amostras revelarem que as águas obedecem à norma de qualidade descrita nesta licença, nos seguintes termos:a) Nenhuma amostra excede o valor paramétrico em mais de 100%; e b) O número máximo anual de amostras não conformes será obtido através de relação estatística similar à aplicável às águas residuais urbanas, descrita no quadro n.º 3 do Anexo I do Decreto-Lei n.º 152/97, de 19 de junho, na sua redação atual."
TUA20221010002355,2,"A verificação da conformidade dos parâmetros CBO5, CQO e SST com Valor Limite de Emissão (VLE) estabelecido de acordo com Decreto-Lei n.º 152/97, de 19 de junho, na sua redação atual, é realizada de acordo com o definido na alínea D) do Anexo I do mesmo diploma."
TUA20221010002355,T000010,"(1) Considera-se que as águas residuais tratadas estão conformes com os parâmetros estabelecidos se, para cada um dos parâmetros aplicáveis, individualmente considerados, as amostras revelarem que as águas obedecem à norma de qualidade descrita nesta licença, nos seguintes termos:a) Nenhuma amostra excede o valor paramétrico em mais de 100%; e b) O número máximo anual de amostras não conformes será obtido através de relação estatística similar à aplicável às águas residuais urbanas, descrita no quadro n.º 3 do Anexo I do Decreto-Lei n.º 152/97, de 19 de junho, na sua redação atual."
TUA20221010002355,T000012,"(2) A verificação da conformidade dos parâmetros CBO5, CQO e SST com Valor Limite de Emissão (VLE) estabelecido de acordo com Decreto-Lei n.º 152/97, de 19 de junho, na sua redação atual, é realizada de acordo com o definido na alínea D) do Anexo I do mesmo diploma."
TUA20221010002356,1,"Considera-se que as águas residuais tratadas estão conformes com os parâmetros estabelecidos se, para cada um dos parâmetros aplicáveis, individualmente considerados, as amostras revelarem que as águas obedecem à norma de qualidade descrita nesta licença, nos seguintes termos:a) Nenhuma amostra excede o valor paramétrico em mais de 100%; e b) O número máximo anual de amostras não conformes será obtido através de relação estatística similar à aplicável às águas residuais urbanas, descrita no quadro n.º 3 do Anexo I do Decreto-Lei n.º 152/97, de 19 de junho, na sua redação atual."
TUA20221010002356,T000010,"(1) Considera-se que as águas residuais tratadas estão conformes com os parâmetros estabelecidos se, para cada um dos parâmetros aplicáveis, individualmente considerados, as amostras revelarem que as águas obedecem à norma de qualidade descrita nesta licença, nos seguintes termos:a) Nenhuma amostra excede o valor paramétrico em mais de 100%; e b) O número máximo anual de amostras não conformes será obtido através de relação estatística similar à aplicável às águas residuais urbanas, descrita no quadro n.º 3 do Anexo I do Decreto-Lei n.º 152/97, de 19 de junho, na sua redação atual."
TUA20221010002358,1,"Considera-se que as águas residuais tratadas estão conformes com os parâmetros estabelecidos se, para cada um dos parâmetros aplicáveis, individualmente considerados, as amostras revelarem que as águas obedecem à norma de qualidade descrita nesta licença, nos seguintes termos:a) Nenhuma amostra excede o valor paramétrico em mais de 100%; e b) O número máximo anual de amostras não conformes será obtido através de relação estatística similar à aplicável às águas residuais urbanas, descrita no quadro n.º 3 do Anexo I do Decreto-Lei n.º 152/97, de 19 de junho, na sua redação atual."
TUA20221010002358,2,"A verificação da conformidade dos parâmetros CBO5, CQO e SST com Valor Limite de Emissão (VLE) estabelecido de acordo com Decreto-Lei n.º 152/97, de 19 de junho, na sua redação atual, é realizada de acordo com o definido na alínea D) do Anexo I do mesmo diploma."
TUA20221010002358,T000011,"(1) Considera-se que as águas residuais tratadas estão conformes com os parâmetros estabelecidos se, para cada um dos parâmetros aplicáveis, individualmente considerados, as amostras revelarem que as águas obedecem à norma de qualidade descrita nesta licença, nos seguintes termos:a) Nenhuma amostra excede o valor paramétrico em mais de 100%; e b) O número máximo anual de amostras não conformes será obtido através de relação estatística similar à aplicável às águas residuais urbanas, descrita no quadro n.º 3 do Anexo I do Decreto-Lei n.º 152/97, de 19 de junho, na sua redação atual."
TUA20221010002358,T000013,"(2) A verificação da conformidade dos parâmetros CBO5, CQO e SST com Valor Limite de Emissão (VLE) estabelecido de acordo com Decreto-Lei n.º 152/97, de 19 de junho, na sua redação atual, é realizada de acordo com o definido na alínea D) do Anexo I do mesmo diploma."
TUA20221010002359,1,"Considera-se que as águas residuais tratadas estão conformes com os parâmetros estabelecidos se, para cada um dos parâmetros aplicáveis, individualmente considerados, as amostras revelarem que as águas obedecem à norma de qualidade descrita nesta licença, nos seguintes termos:a) Nenhuma amostra excede o valor paramétrico em mais de 100%; e b) O número máximo anual de amostras não conformes será obtido através de relação estatística similar à aplicável às águas residuais urbanas, descrita no quadro n.º 3 do Anexo I do Decreto-Lei n.º 152/97, de 19 de junho, na sua redação atual."
TUA20221010002359,T000011,"(1) Considera-se que as águas residuais tratadas estão conformes com os parâmetros estabelecidos se, para cada um dos parâmetros aplicáveis, individualmente considerados, as amostras revelarem que as águas obedecem à norma de qualidade descrita nesta licença, nos seguintes termos:a) Nenhuma amostra excede o valor paramétrico em mais de 100%; e b) O número máximo anual de amostras não conformes será obtido através de relação estatística similar à aplicável às águas residuais urbanas, descrita no quadro n.º 3 do Anexo I do Decreto-Lei n.º 152/97, de 19 de junho, na sua redação atual."
TUA20221017002426,1,"Considera-se que as águas residuais tratadas estão conformes com os parâmetros estabelecidos se, para cada um dos parâmetros aplicáveis, individualmente considerados, as amostras revelarem que as águas obedecem à norma de qualidade descrita nesta licença, nos seguintes termos:a) Nenhuma amostra excede o valor paramétrico em mais de 100%; e b) O número máximo anual de amostras não conformes será obtido através de relação estatística similar à aplicável às águas residuais urbanas, descrita no quadro n.º 3 do Anexo I do Decreto-Lei n.º 152/97, de 19 de junho, na sua redação atual."
TUA20221017002426,T000011,"(1) Considera-se que as águas residuais tratadas estão conformes com os parâmetros estabelecidos se, para cada um dos parâmetros aplicáveis, individualmente considerados, as amostras revelarem que as águas obedecem à norma de qualidade descrita nesta licença, nos seguintes termos:a) Nenhuma amostra excede o valor paramétrico em mais de 100%; e b) O número máximo anual de amostras não conformes será obtido através de relação estatística similar à aplicável às águas residuais urbanas, descrita no quadro n.º 3 do Anexo I do Decreto-Lei n.º 152/97, de 19 de junho, na sua redação atual."
TUA20221017002427,1,"Considera-se que as águas residuais tratadas estão conformes com os parâmetros estabelecidos se, para cada um dos parâmetros aplicáveis, individualmente considerados, as amostras revelarem que as águas obedecem à norma de qualidade descrita nesta licença, nos seguintes termos:a) Nenhuma amostra excede o valor paramétrico em mais de 100%; e b) O número máximo anual de amostras não conformes será obtido através de relação estatística similar à aplicável às águas residuais urbanas, descrita no quadro n.º 3 do Anexo I do Decreto-Lei n.º 152/97, de 19 de junho, na sua redação atual."
TUA20221017002427,T000010,"(1) Considera-se que as águas residuais tratadas estão conformes com os parâmetros estabelecidos se, para cada um dos parâmetros aplicáveis, individualmente considerados, as amostras revelarem que as águas obedecem à norma de qualidade descrita nesta licença, nos seguintes termos:a) Nenhuma amostra excede o valor paramétrico em mais de 100%; e b) O número máximo anual de amostras não conformes será obtido através de relação estatística similar à aplicável às águas residuais urbanas, descrita no quadro n.º 3 do Anexo I do Decreto-Lei n.º 152/97, de 19 de junho, na sua redação atual."
TUA20230116000180,1,"Considera-se que as águas residuais tratadas estão conformes com os parâmetros estabelecidos se, para cada um dos parâmetros aplicáveis, individualmente considerados, as amostras revelarem que as águas obedecem à norma de qualidade descrita nesta licença, nos seguintes termos:a) Nenhuma amostra excede o valor paramétrico em mais de 100%; e b) O número máximo anual de amostras não conformes será obtido através de relação estatística similar à aplicável às águas residuais urbanas, descrita no quadro n.º 3 do Anexo I do Decreto-Lei n.º 152/97, de 19 de junho, na sua redação atual."
TUA20230116000180,T000011,"(1) Considera-se que as águas residuais tratadas estão conformes com os parâmetros estabelecidos se, para cada um dos parâmetros aplicáveis, individualmente considerados, as amostras revelarem que as águas obedecem à norma de qualidade descrita nesta licença, nos seguintes termos:a) Nenhuma amostra excede o valor paramétrico em mais de 100%; e b) O número máximo anual de amostras não conformes será obtido através de relação estatística similar à aplicável às águas residuais urbanas, descrita no quadro n.º 3 do Anexo I do Decreto-Lei n.º 152/97, de 19 de junho, na sua redação atual."
TUA20230117000197,1,"Considera-se que as águas residuais tratadas estão conformes com os parâmetros estabelecidos se, para cada um dos parâmetros aplicáveis, individualmente considerados, as amostras revelarem que as águas obedecem à norma de qualidade descrita nesta licença, nos seguintes termos:a) Nenhuma amostra excede o valor paramétrico em mais de 100%; e b) O número máximo anual de amostras não conformes será obtido através de relação estatística similar à aplicável às águas residuais urbanas, descrita no quadro n.º 3 do Anexo I do Decreto-Lei n.º 152/97, de 19 de junho, na sua redação atual."
TUA20230117000197,T000024,"(1) Considera-se que as águas residuais tratadas estão conformes com os parâmetros estabelecidos se, para cada um dos parâmetros aplicáveis, individualmente considerados, as amostras revelarem que as águas obedecem à norma de qualidade descrita nesta licença, nos seguintes termos:a) Nenhuma amostra excede o valor paramétrico em mais de 100%; e b) O número máximo anual de amostras não conformes será obtido através de relação estatística similar à aplicável às águas residuais urbanas, descrita no quadro n.º 3 do Anexo I do Decreto-Lei n.º 152/97, de 19 de junho, na sua redação atual."
TUA20230125000254,T000011,"De acordo com o nº6 do artigo 69o do Decreto-Lei nº 236/98, de 1 de Agosto."
TUA20230125000271,T000024,"De acordo com o nº6 do artigo 69o do Decreto-Lei nº 236/98, de 1 de Agosto."
TUA20230125000272,T000010,"De acordo com o nº6 do artigo 69o do Decreto-Lei nº 236/98, de 1 de Agosto."
TUA20230130000331,1,"Considera-se que as águas residuais tratadas estão conformes com os parâmetros estabelecidos se, para cada um dos parâmetros aplicáveis, individualmente considerados, as amostras revelarem que as águas obedecem à norma de qualidade descrita nesta licença, nos seguintes termos:a) Nenhuma amostra excede o valor paramétrico em mais de 100%; e b) O número máximo anual de amostras não conformes será obtido através de relação estatística similar à aplicável às águas residuais urbanas, descrita no quadro n.º 3 do Anexo I do Decreto-Lei n.º 152/97, de 19 de junho, na sua redação atual."
TUA20230130000331,T000010,"(1) Considera-se que as águas residuais tratadas estão conformes com os parâmetros estabelecidos se, para cada um dos parâmetros aplicáveis, individualmente considerados, as amostras revelarem que as águas obedecem à norma de qualidade descrita nesta licença, nos seguintes termos:a) Nenhuma amostra excede o valor paramétrico em mais de 100%; e b) O número máximo anual de amostras não conformes será obtido através de relação estatística similar à aplicável às águas residuais urbanas, descrita no quadro n.º 3 do Anexo I do Decreto-Lei n.º 152/97, de 19 de junho, na sua redação atual."
TUA20230130000332,1,"Considera-se que as águas residuais tratadas estão conformes com os parâmetros estabelecidos se, para cada um dos parâmetros aplicáveis, individualmente considerados, as amostras revelarem que as águas obedecem à norma de qualidade descrita nesta licença, nos seguintes termos:a) Nenhuma amostra excede o valor paramétrico em mais de 100%; e b) O número máximo anual de amostras não conformes será obtido através de relação estatística similar à aplicável às águas residuais urbanas, descrita no quadro n.º 3 do Anexo I do Decreto-Lei n.º 152/97, de 19 de junho, na sua redação atual."
TUA20230130000332,T000010,"(1) Considera-se que as águas residuais tratadas estão conformes com os parâmetros estabelecidos se, para cada um dos parâmetros aplicáveis, individualmente considerados, as amostras revelarem que as águas obedecem à norma de qualidade descrita nesta licença, nos seguintes termos:a) Nenhuma amostra excede o valor paramétrico em mais de 100%; e b) O número máximo anual de amostras não conformes será obtido através de relação estatística similar à aplicável às águas residuais urbanas, descrita no quadro n.º 3 do Anexo I do Decreto-Lei n.º 152/97, de 19 de junho, na sua redação atual."
TUA20230130000333,1,"Considera-se que as águas residuais tratadas estão conformes com os parâmetros estabelecidos se, para cada um dos parâmetros aplicáveis, individualmente considerados, as amostras revelarem que as águas obedecem à norma de qualidade descrita nesta licença, nos seguintes termos:a) Nenhuma amostra excede o valor paramétrico em mais de 100%; e b) O número máximo anual de amostras não conformes será obtido através de relação estatística similar à aplicável às águas residuais urbanas, descrita no quadro n.º 3 do Anexo I do Decreto-Lei n.º 152/97, de 19 de junho, na sua redação atual."
TUA20230130000333,T000010,"(1) Considera-se que as águas residuais tratadas estão conformes com os parâmetros estabelecidos se, para cada um dos parâmetros aplicáveis, individualmente considerados, as amostras revelarem que as águas obedecem à norma de qualidade descrita nesta licença, nos seguintes termos:a) Nenhuma amostra excede o valor paramétrico em mais de 100%; e b) O número máximo anual de amostras não conformes será obtido através de relação estatística similar à aplicável às águas residuais urbanas, descrita no quadro n.º 3 do Anexo I do Decreto-Lei n.º 152/97, de 19 de junho, na sua redação atual."
TUA20230130000335,1,"Considera-se que as águas residuais tratadas estão conformes com os parâmetros estabelecidos se, para cada um dos parâmetros aplicáveis, individualmente considerados, as amostras revelarem que as águas obedecem à norma de qualidade descrita nesta licença, nos seguintes termos:a) Nenhuma amostra excede o valor paramétrico em mais de 100%; e b) O número máximo anual de amostras não conformes será obtido através de relação estatística similar à aplicável às águas residuais urbanas, descrita no quadro n.º 3 do Anexo I do Decreto-Lei n.º 152/97, de 19 de junho, na sua redação atual."
TUA20230130000335,T000011,"(1) Considera-se que as águas residuais tratadas estão conformes com os parâmetros estabelecidos se, para cada um dos parâmetros aplicáveis, individualmente considerados, as amostras revelarem que as águas obedecem à norma de qualidade descrita nesta licença, nos seguintes termos:a) Nenhuma amostra excede o valor paramétrico em mais de 100%; e b) O número máximo anual de amostras não conformes será obtido através de relação estatística similar à aplicável às águas residuais urbanas, descrita no quadro n.º 3 do Anexo I do Decreto-Lei n.º 152/97, de 19 de junho, na sua redação atual."
TUA20230130000336,1,"Considera-se que as águas residuais tratadas estão conformes com os parâmetros estabelecidos se, para cada um dos parâmetros aplicáveis, individualmente considerados, as amostras revelarem que as águas obedecem à norma de qualidade descrita nesta licença, nos seguintes termos:a) Nenhuma amostra excede o valor paramétrico em mais de 100%; e b) O número máximo anual de amostras não conformes será obtido através de relação estatística similar à aplicável às águas residuais urbanas, descrita no quadro n.º 3 do Anexo I do Decreto-Lei n.º 152/97, de 19 de junho, na sua redação atual."
TUA20230130000336,T000011,"(1) Considera-se que as águas residuais tratadas estão conformes com os parâmetros estabelecidos se, para cada um dos parâmetros aplicáveis, individualmente considerados, as amostras revelarem que as águas obedecem à norma de qualidade descrita nesta licença, nos seguintes termos:a) Nenhuma amostra excede o valor paramétrico em mais de 100%; e b) O número máximo anual de amostras não conformes será obtido através de relação estatística similar à aplicável às águas residuais urbanas, descrita no quadro n.º 3 do Anexo I do Decreto-Lei n.º 152/97, de 19 de junho, na sua redação atual."
TUA20230202000373,T000010,"De acordo com o Anexo I do Decreto-Lei n.º 152/97, de 19 de junho, com as alterações introduzidas pelos Decretos-Leis n.os 348/98, de 9 de novembro, 149/2004, de 22 de junho e 198/2008, de 8 de outubro: Verificação do n.º mínimo anual de amostras e verificação do n.º máximo de amostras não conformes e verificação do desvio aos valores paramétricos."
TUA20230202000374,T000010,"De acordo com o nº6 do artigo 69o do Decreto-Lei nº 236/98, de 1 de Agosto."
TUA20230202000375,T000010,"De acordo com o nº6 do artigo 69o do Decreto-Lei nº 236/98, de 1 de Agosto."
TUA20230202000376,T000016,"De acordo com o nº6 do artigo 69o do Decreto-Lei nº 236/98, de 1 de Agosto."
TUA20230202000377,T000009,"De acordo com o nº6 do artigo 69o do Decreto-Lei nº 236/98, de 1 de Agosto."
TUA20230202000378,T000011,"De acordo com o nº6 do artigo 69o do Decreto-Lei nº 236/98, de 1 de Agosto."
TUA20230208000443,T000010,"De acordo com o nº6 do artigo 69o do Decreto-Lei nº 236/98, de 1 de Agosto."
TUA20230213000471,T000010,"De acordo com o nº6 do artigo 69o do Decreto-Lei nº 236/98, de 1 de Agosto."
TUA20230213000497,1,"Considera-se que as águas residuais tratadas estão conformes com os parâmetros estabelecidos se, para cada um dos parâmetros aplicáveis, individualmente considerados, as amostras revelarem que as águas obedecem à norma de qualidade descrita nesta licença, nos seguintes termos:a) Nenhuma amostra excede o valor paramétrico em mais de 100%; e b) O número máximo anual de amostras não conformes será obtido através de relação estatística similar à aplicável às águas residuais urbanas, descrita no quadro n.º 3 do Anexo I do Decreto-Lei n.º 152/97, de 19 de junho, na sua redação atual."
TUA20230213000497,T000011,"(1) Considera-se que as águas residuais tratadas estão conformes com os parâmetros estabelecidos se, para cada um dos parâmetros aplicáveis, individualmente considerados, as amostras revelarem que as águas obedecem à norma de qualidade descrita nesta licença, nos seguintes termos:a) Nenhuma amostra excede o valor paramétrico em mais de 100%; e b) O número máximo anual de amostras não conformes será obtido através de relação estatística similar à aplicável às águas residuais urbanas, descrita no quadro n.º 3 do Anexo I do Decreto-Lei n.º 152/97, de 19 de junho, na sua redação atual."
TUA20230216000512,T000010,"De acordo com o nº6 do artigo 69o do Decreto-Lei nº 236/98, de 1 de Agosto."
TUA20230216000513,T000010,"De acordo com o nº6 do artigo 69o do Decreto-Lei nº 236/98, de 1 de Agosto."
TUA20230220000545,T000010,"Anexo XVIII do Decreto-Lei nº 236/98, de 1 de agosto."
TUA20230228000613,1,"Considera-se que as águas residuais tratadas estão conformes com os parâmetros estabelecidos se, para cada um dos parâmetros aplicáveis, individualmente considerados, as amostras revelarem que as águas obedecem à norma de qualidade descrita nesta licença, nos seguintes termos:a) Nenhuma amostra excede o valor paramétrico em mais de 100%; e b) O número máximo anual de amostras não conformes será obtido através de relação estatística similar à aplicável às águas residuais urbanas, descrita no quadro n.º 3 do Anexo I do Decreto-Lei n.º 152/97, de 19 de junho, na sua redação atual."
TUA20230228000613,2,"A verificação da conformidade dos parâmetros CBO5, CQO e SST com Valor Limite de Emissão (VLE) estabelecido de acordo com Decreto-Lei n.º 152/97, de 19 de junho, na sua redação atual, é realizada de acordo com o definido na alínea D) do Anexo I do mesmo diploma."
TUA20230228000613,T000011,"(1) Considera-se que as águas residuais tratadas estão conformes com os parâmetros estabelecidos se, para cada um dos parâmetros aplicáveis, individualmente considerados, as amostras revelarem que as águas obedecem à norma de qualidade descrita nesta licença, nos seguintes termos:a) Nenhuma amostra excede o valor paramétrico em mais de 100%; e b) O número máximo anual de amostras não conformes será obtido através de relação estatística similar à aplicável às águas residuais urbanas, descrita no quadro n.º 3 do Anexo I do Decreto-Lei n.º 152/97, de 19 de junho, na sua redação atual."
TUA20230228000613,T000013,"(2) A verificação da conformidade dos parâmetros CBO5, CQO e SST com Valor Limite de Emissão (VLE) estabelecido de acordo com Decreto-Lei n.º 152/97, de 19 de junho, na sua redação atual, é realizada de acordo com o definido na alínea D) do Anexo I do mesmo diploma."
TUA20230228000614,1,"De acordo com o Anexo I do Decreto-Lei n.º 152/97, de 19 de junho, com as alterações introduzidas pelos Decretos-Leis n.os 348/98, de 9 de novembro, 149/2004, de 22 de junho e 198/2008, de 8 de outubro: Verificação do n.º mínimo anual de amostras e verificação do n.º máximo de amostras não conformes e verificação do desvio aos valores paramétricos."
TUA20230228000614,2,"De acordo com o nº6 do artigo 69o do Decreto-Lei nº 236/98, de 1 de Agosto. Verificação do n.º mínimo anual de amostras e verificação do n.º máximo de amostras não conformes e verificação do desvio aos valores paramétricos."
TUA20230228000614,T000031,"(1) De acordo com o Anexo I do Decreto-Lei n.º 152/97, de 19 de junho, com as alterações introduzidas pelos Decretos-Leis n.os 348/98, de 9 de novembro, 149/2004, de 22 de junho e 198/2008, de 8 de outubro: Verificação do n.º mínimo anual de amostras e verificação do n.º máximo de amostras não conformes e verificação do desvio aos valores paramétricos."
TUA20230228000614,T000044,"(2) De acordo com o nº6 do artigo 69o do Decreto-Lei nº 236/98, de 1 de Agosto. Verificação do n.º mínimo anual de amostras e verificação do n.º máximo de amostras não conformes e verificação do desvio aos valores paramétricos."
TUA20230328000995,T000009,"De acordo com o nº6 do artigo 69o do Decreto-Lei nº 236/98, de 1 de Agosto."
TUA20230328000996,T000009,"De acordo com o nº6 do artigo 69o do Decreto-Lei nº 236/98, de 1 de Agosto."
TUA20230421001258,T000009,"De acordo com o nº6 do artigo 69o do Decreto-Lei nº 236/98, de 1 de Agosto."
TUA20230421001259,T000009,"De acordo com o nº6 do artigo 69o do Decreto-Lei nº 236/98, de 1 de Agosto."
TUA20230421001260,T000010,"De acordo com o nº6 do artigo 69o do Decreto-Lei nº 236/98, de 1 de Agosto."
TUA20230421001263,T000009,"De acordo com o nº6 do artigo 69o do Decreto-Lei nº 236/98, de 1 de Agosto."
TUA20230423001281,1,"De acordo com a alínea D) do Anexo I do Decreto-Lei n.º 152/97, de 19 de junho, com as alterações introduzidas pelos Decretos-Leis n.os 348/98, de 9 de novembro, 149/2004, de 22 de junho, 198/2008, de 8 de outubro, 133/2015, de 13 de julho e 77/2021, de 27 de agosto, e o artigo 69.º do Decreto-Lei n.º 236/98, de 1 de agosto. Atendendo à origem das águas residuais e aos objetivos de qualidade definidos para a massa de água recetora, para os parâmetros cujo V.L.E. é definido com base no Decreto-Lei n.º 236/98, de 1 de agosto, o número máximo anual de amostras que podem não ser conformes não pode exceder 2 (duas)."
TUA20230423001281,T000010,"(1) De acordo com a alínea D) do Anexo I do Decreto-Lei n.º 152/97, de 19 de junho, com as alterações introduzidas pelos Decretos-Leis n.os 348/98, de 9 de novembro, 149/2004, de 22 de junho, 198/2008, de 8 de outubro, 133/2015, de 13 de julho e 77/2021, de 27 de agosto, e o artigo 69.º do Decreto-Lei n.º 236/98, de 1 de agosto. Atendendo à origem das águas residuais e aos objetivos de qualidade definidos para a massa de água recetora, para os parâmetros cujo V.L.E. é definido com base no Decreto-Lei n.º 236/98, de 1 de agosto, o número máximo anual de amostras que podem não ser conformes não pode exceder 2 (duas)."
TUA20230510001393,1,"Considera-se que as águas residuais tratadas estão conformes com os parâmetros estabelecidos se, para cada um dos parâmetros aplicáveis, individualmente considerados, as amostras revelarem que as águas obedecem à norma de qualidade descrita nesta licença, nos seguintes termos: a) Nenhuma amostra excede o valor paramétrico em mais de 100%; e b) O número máximo anual de amostras não conformes será obtido através de relação estatística similar à aplicável às águas residuais urbanas, descrita no quadro n.º 3 do Anexo I do Decreto-Lei n.º 152/97, de 19 de junho, na sua redação atual."
TUA20230510001393,2,"Considera-se que as águas residuais tratadas estão conformes para o parâmetro pH, se as amostras revelarem que as águas obedecem à norma de qualidade descrita nesta licença, nos seguintes termos: a) Nenhuma amostra poderá se encontrar fora do intervalo 5,0 -10,0, e b) O número máximo anual de amostras não conformes será obtido através de relação estatística similar à aplicável às águas residuais urbanas, descrita no quadro n.º 3 do Anexo I do Decreto-Lei n.º 152/97, de 19 de junho, na sua redação atual."
TUA20230510001393,T000038,"(1) Considera-se que as águas residuais tratadas estão conformes com os parâmetros estabelecidos se, para cada um dos parâmetros aplicáveis, individualmente considerados, as amostras revelarem que as águas obedecem à norma de qualidade descrita nesta licença, nos seguintes termos: a) Nenhuma amostra excede o valor paramétrico em mais de 100%; e b) O número máximo anual de amostras não conformes será obtido através de relação estatística similar à aplicável às águas residuais urbanas, descrita no quadro n.º 3 do Anexo I do Decreto-Lei n.º 152/97, de 19 de junho, na sua redação atual."
TUA20230510001393,T000039,"(2) Considera-se que as águas residuais tratadas estão conformes para o parâmetro pH, se as amostras revelarem que as águas obedecem à norma de qualidade descrita nesta licença, nos seguintes termos: a) Nenhuma amostra poderá se encontrar fora do intervalo 5,0 -10,0, e b) O número máximo anual de amostras não conformes será obtido através de relação estatística similar à aplicável às águas residuais urbanas, descrita no quadro n.º 3 do Anexo I do Decreto-Lei n.º 152/97, de 19 de junho, na sua redação atual."
TUA20230510001399,T000009,"De acordo com o nº6 do artigo 69o do Decreto-Lei nº 236/98, de 1 de Agosto."
TUA20230602001636,T000009,"De acordo com o nº6 do artigo 69o do Decreto-Lei nº 236/98, de 1 de Agosto."
TUA20230602001637,T000009,"De acordo com o nº6 do artigo 69o do Decreto-Lei nº 236/98, de 1 de Agosto."
TUA20230707002024,1,"Considera-se que as águas residuais tratadas estão conformes com os parâmetros estabelecidos se, para cada um dos parâmetros aplicáveis, individualmente considerados, as amostras revelarem que as águas obedecem à norma de qualidade descrita nesta licença, nos seguintes termos:a) Nenhuma amostra excede o valor paramétrico em mais de 100%; e b) O número máximo anual de amostras não conformes será obtido através de relação estatística similar à aplicável às águas residuais urbanas, descrita no quadro n.º 3 do Anexo I do Decreto-Lei n.º 152/97, de 19 de junho, na sua redação atual."
TUA20230707002024,2,"Considera-se que as águas residuais tratadas estão conformes para o parâmetro pH, se as amostras revelarem que as águas obedecem à norma de qualidade descrita nesta licença, nos seguintes termos: :a) Nenhuma amostra poderá se encontrar fora do intervalo 5,0 -10,0, eb) O número máximo anual de amostras não conformes será obtido através de relação estatística similar à aplicável às águas residuais urbanas, descrita no quadro n.º 3 do Anexo I do Decreto-Lei n.º 152/97, de 19 de junho, na sua redação atual."
TUA20230707002024,T000009,"(1) Considera-se que as águas residuais tratadas estão conformes com os parâmetros estabelecidos se, para cada um dos parâmetros aplicáveis, individualmente considerados, as amostras revelarem que as águas obedecem à norma de qualidade descrita nesta licença, nos seguintes termos:a) Nenhuma amostra excede o valor paramétrico em mais de 100%; e b) O número máximo anual de amostras não conformes será obtido através de relação estatística similar à aplicável às águas residuais urbanas, descrita no quadro n.º 3 do Anexo I do Decreto-Lei n.º 152/97, de 19 de junho, na sua redação atual."
TUA20230707002024,T000026,"(2) Considera-se que as águas residuais tratadas estão conformes para o parâmetro pH, se as amostras revelarem que as águas obedecem à norma de qualidade descrita nesta licença, nos seguintes termos: :a) Nenhuma amostra poderá se encontrar fora do intervalo 5,0 -10,0, eb) O número máximo anual de amostras não conformes será obtido através de relação estatística similar à aplicável às águas residuais urbanas, descrita no quadro n.º 3 do Anexo I do Decreto-Lei n.º 152/97, de 19 de junho, na sua redação atual."
TUA20230717002123,T000010,"De acordo com o nº6 do artigo 69o do Decreto-Lei nº 236/98, de 1 de Agosto."
TUA20230717002153,1,"Considera-se que as águas residuais tratadas estão conformes com os parâmetros estabelecidos se, para cada um dos parâmetros aplicáveis, individualmente considerados, as amostras revelarem que as águas obedecem à norma de qualidade descrita nesta licença, nos seguintes termos:a) Nenhuma amostra excede o valor paramétrico em mais de 100%; e b) O número máximo anual de amostras não conformes será obtido através de relação estatística similar à aplicável às águas residuais urbanas, descrita no quadro n.º 3 do Anexo I do Decreto-Lei n.º 152/97, de 19 de junho, na sua redação atual."
TUA20230717002153,2,"Considera-se que as águas residuais tratadas estão conformes para o parâmetro pH, se as amostras revelarem que as águas obedecem à norma de qualidade descrita nesta licença, nos seguintes termos: :a) Nenhuma amostra poderá se encontrar fora do intervalo 5,0 -10,0, eb) O número máximo anual de amostras não conformes será obtido através de relação estatística similar à aplicável às águas residuais urbanas, descrita no quadro n.º 3 do Anexo I do Decreto-Lei n.º 152/97, de 19 de junho, na sua redação atual."
TUA20230717002153,T000011,"(1) Considera-se que as águas residuais tratadas estão conformes com os parâmetros estabelecidos se, para cada um dos parâmetros aplicáveis, individualmente considerados, as amostras revelarem que as águas obedecem à norma de qualidade descrita nesta licença, nos seguintes termos:a) Nenhuma amostra excede o valor paramétrico em mais de 100%; e b) O número máximo anual de amostras não conformes será obtido através de relação estatística similar à aplicável às águas residuais urbanas, descrita no quadro n.º 3 do Anexo I do Decreto-Lei n.º 152/97, de 19 de junho, na sua redação atual."
TUA20230717002153,T000012,"(2) Considera-se que as águas residuais tratadas estão conformes para o parâmetro pH, se as amostras revelarem que as águas obedecem à norma de qualidade descrita nesta licença, nos seguintes termos: :a) Nenhuma amostra poderá se encontrar fora do intervalo 5,0 -10,0, eb) O número máximo anual de amostras não conformes será obtido através de relação estatística similar à aplicável às águas residuais urbanas, descrita no quadro n.º 3 do Anexo I do Decreto-Lei n.º 152/97, de 19 de junho, na sua redação atual."
TUA20230801002309,1,"De acordo com o nº6 do artigo 69º do Decreto-Lei nº 236/98, de 1 de agosto e de acordo com o Anexo I do Decreto-Lei n.º 152/97, de 19 de junho, com as alterações introduzidas pelos Decretos-Lei n.º 348/98, de 9 de novembro, n.º 149/2004, de 22 de junho e n.º 198/2008, de 8 de outubro: verificação do n.º mínimo anual de amostras, verificação do n.º máximo de amostras não conformes e verificação do desvio aos valores paramétricos."
TUA20230801002309,T000010,"(1) De acordo com o nº6 do artigo 69º do Decreto-Lei nº 236/98, de 1 de agosto e de acordo com o Anexo I do Decreto-Lei n.º 152/97, de 19 de junho, com as alterações introduzidas pelos Decretos-Lei n.º 348/98, de 9 de novembro, n.º 149/2004, de 22 de junho e n.º 198/2008, de 8 de outubro: verificação do n.º mínimo anual de amostras, verificação do n.º máximo de amostras não conformes e verificação do desvio aos valores paramétricos."
TUA20230808002363,1,"Considera-se que as águas residuais tratadas estão conformes com os parâmetros estabelecidos se, para cada um dos parâmetros aplicáveis, individualmente considerados, as amostras revelarem que as águas obedecem à norma de qualidade descrita nesta licença, nos seguintes termos:a) Nenhuma amostra excede o valor paramétrico em mais de 100%; e b) O número máximo anual de amostras não conformes será obtido através de relação estatística similar à aplicável às águas residuais urbanas, descrita no quadro n.º 3 do Anexo I do Decreto-Lei n.º 152/97, de 19 de junho, na sua redação atual."
TUA20230808002363,2,"Considera-se que as águas residuais tratadas estão conformes para o parâmetro pH, se as amostras revelarem que as águas obedecem à norma de qualidade descrita nesta licença, nos seguintes termos: :a) Nenhuma amostra poderá se encontrar fora do intervalo 5,0 -10,0, eb) O número máximo anual de amostras não conformes será obtido através de relação estatística similar à aplicável às águas residuais urbanas, descrita no quadro n.º 3 do Anexo I do Decreto-Lei n.º 152/97, de 19 de junho, na sua redação atual."
TUA20230808002363,T000011,"(1) Considera-se que as águas residuais tratadas estão conformes com os parâmetros estabelecidos se, para cada um dos parâmetros aplicáveis, individualmente considerados, as amostras revelarem que as águas obedecem à norma de qualidade descrita nesta licença, nos seguintes termos:a) Nenhuma amostra excede o valor paramétrico em mais de 100%; e b) O número máximo anual de amostras não conformes será obtido através de relação estatística similar à aplicável às águas residuais urbanas, descrita no quadro n.º 3 do Anexo I do Decreto-Lei n.º 152/97, de 19 de junho, na sua redação atual."
TUA20230808002363,T000012,"(2) Considera-se que as águas residuais tratadas estão conformes para o parâmetro pH, se as amostras revelarem que as águas obedecem à norma de qualidade descrita nesta licença, nos seguintes termos: :a) Nenhuma amostra poderá se encontrar fora do intervalo 5,0 -10,0, eb) O número máximo anual de amostras não conformes será obtido através de relação estatística similar à aplicável às águas residuais urbanas, descrita no quadro n.º 3 do Anexo I do Decreto-Lei n.º 152/97, de 19 de junho, na sua redação atual."
TUA20230816002415,T000010,"De acordo com o nº6 do artigo 69o do Decreto-Lei nº 236/98, de 1 de Agosto."
TUA20230824002503,T000010,"De acordo com o nº6 do artigo 69o do Decreto-Lei nº 236/98, de 1 de Agosto."
TUA20230831002551,T000010,"De acordo com o nº6 do artigo 69o do Decreto-Lei nº 236/98, de 1 de Agosto."
TUA20230905002577,T000010,"De acordo com o nº6 do artigo 69o do Decreto-Lei nº 236/98, de 1 de Agosto."
TUA20230905002578,T000010,"De acordo com o nº6 do artigo 69o do Decreto-Lei nº 236/98, de 1 de Agosto."
TUA20230905002579,T000009,"De acordo com o Anexo I do Decreto-Lei n.º 152/97, de 19 de junho, com as alterações introduzidas pelos Decretos-Leis n.os 348/98, de 9 de novembro, 149/2004, de 22 de junho e 198/2008, de 8 de outubro: Verificação do n.º mínimo anual de amostras e verificação do n.º máximo de amostras não conformes e verificação do desvio aos valores paramétricos."
TUA20230912002642,T000011,"De acordo com o nº6 do artigo 69o do Decreto-Lei nº 236/98, de 1 de Agosto."
TUA20230912002643,T000011,"De acordo com o nº6 do artigo 69o do Decreto-Lei nº 236/98, de 1 de Agosto."
TUA20230915002702,T000010,"De acordo com o nº6 do artigo 69o do Decreto-Lei nº 236/98, de 1 de Agosto."
TUA20230918002712,T000010,"De acordo com o nº6 do artigo 69o do Decreto-Lei nº 236/98, de 1 de Agosto."
TUA20231010002912,T000010,"De acordo com o nº6 do artigo 69o do Decreto-Lei nº 236/98, de 1 de Agosto."
TUA20231010002913,T000010,"De acordo com o nº6 do artigo 69o do Decreto-Lei nº 236/98, de 1 de Agosto."
TUA20231012002959,T000010,"De acordo com o nº6 do artigo 69o do Decreto-Lei nº 236/98, de 1 de Agosto."
TUA20231018003040,1,"Considera-se que as águas residuais tratadas estão conformes com os parâmetros estabelecidos se, para cada um dos parâmetros aplicáveis, individualmente considerados, as amostras revelarem que as águas obedecem à norma de qualidade descrita nesta licença, nos seguintes termos:a) Nenhuma amostra excede o valor paramétrico em mais de 100%; e b) O número máximo anual de amostras não conformes será obtido através de relação estatística similar à aplicável às águas residuais urbanas, descrita no quadro n.º 3 do Anexo I do Decreto-Lei n.º 152/97, de 19 de junho, na sua redação atual."
TUA20231018003040,2,"Considera-se que as águas residuais tratadas estão conformes para o parâmetro pH, se as amostras revelarem que as águas obedecem à norma de qualidade descrita nesta licença, nos seguintes termos: a) Nenhuma amostra poderá se encontrar fora do intervalo 5,0 -10,0, e b) O número máximo anual de amostras não conformes será obtido através de relação estatística similar à aplicável às águas residuais urbanas, descrita no quadro n.º 3 do Anexo I do Decreto-Lei n.º 152/97, de 19 de junho, na sua redação atual."
TUA20231018003040,T000024,"(1) Considera-se que as águas residuais tratadas estão conformes com os parâmetros estabelecidos se, para cada um dos parâmetros aplicáveis, individualmente considerados, as amostras revelarem que as águas obedecem à norma de qualidade descrita nesta licença, nos seguintes termos:a) Nenhuma amostra excede o valor paramétrico em mais de 100%; e b) O número máximo anual de amostras não conformes será obtido através de relação estatística similar à aplicável às águas residuais urbanas, descrita no quadro n.º 3 do Anexo I do Decreto-Lei n.º 152/97, de 19 de junho, na sua redação atual."
TUA20231018003040,T000050,"(2) Considera-se que as águas residuais tratadas estão conformes para o parâmetro pH, se as amostras revelarem que as águas obedecem à norma de qualidade descrita nesta licença, nos seguintes termos: a) Nenhuma amostra poderá se encontrar fora do intervalo 5,0 -10,0, e b) O número máximo anual de amostras não conformes será obtido através de relação estatística similar à aplicável às águas residuais urbanas, descrita no quadro n.º 3 do Anexo I do Decreto-Lei n.º 152/97, de 19 de junho, na sua redação atual."
TUA20231109003280,T000010,"De acordo com o nº6 do artigo 69o do Decreto-Lei nº 236/98, de 1 de Agosto."
TUA20231128003520,T000010,"De acordo com o nº6 do artigo 69o do Decreto-Lei nº 236/98, de 1 de Agosto."
TUA20231128003521,T000010,"Anexo XVIII do Decreto-Lei nº 236/98, de 1 de agosto."
TUA20231205003587,T000010,"De acordo com o nº6 do artigo 69o do Decreto-Lei nº 236/98, de 1 de Agosto."
TUA20231206003600,T000010,"De acordo com o nº6 do artigo 69o do Decreto-Lei nº 236/98, de 1 de Agosto."
TUA20231206003602,T000010,"De acordo com o nº6 do artigo 69o do Decreto-Lei nº 236/98, de 1 de Agosto."
TUA20231211003636,T000010,"De acordo com o nº6 do artigo 69o do Decreto-Lei nº 236/98, de 1 de Agosto."
TUA20231212003641,1,"Considera-se que as águas residuais tratadas estão conformes com os parâmetros estabelecidos se, para cada um dos parâmetros aplicáveis, individualmente considerados, as amostras revelarem que as águas obedecem à norma de qualidade descrita nesta licença, nos seguintes termos:a) Nenhuma amostra excede o valor paramétrico em mais de 100%; e b) O número máximo anual de amostras não conformes será obtido através de relação estatística similar à aplicável às águas residuais urbanas, descrita no quadro n.º 3 do Anexo I do Decreto-Lei n.º 152/97, de 19 de junho, na sua redação atual."
TUA20231212003641,2,"Considera-se que as águas residuais tratadas estão conformes para o parâmetro pH, se as amostras revelarem que as águas obedecem à norma de qualidade descrita nesta licença, nos seguintes termos: :a) Nenhuma amostra poderá se encontrar fora do intervalo 5,0 -10,0, eb) O número máximo anual de amostras não conformes será obtido através de relação estatística similar à aplicável às águas residuais urbanas, descrita no quadro n.º 3 do Anexo I do Decreto-Lei n.º 152/97, de 19 de junho, na sua redação atual."
TUA20231212003641,T000011,"(1) Considera-se que as águas residuais tratadas estão conformes com os parâmetros estabelecidos se, para cada um dos parâmetros aplicáveis, individualmente considerados, as amostras revelarem que as águas obedecem à norma de qualidade descrita nesta licença, nos seguintes termos:a) Nenhuma amostra excede o valor paramétrico em mais de 100%; e b) O número máximo anual de amostras não conformes será obtido através de relação estatística similar à aplicável às águas residuais urbanas, descrita no quadro n.º 3 do Anexo I do Decreto-Lei n.º 152/97, de 19 de junho, na sua redação atual."
TUA20231212003641,T000012,"(2) Considera-se que as águas residuais tratadas estão conformes para o parâmetro pH, se as amostras revelarem que as águas obedecem à norma de qualidade descrita nesta licença, nos seguintes termos: :a) Nenhuma amostra poderá se encontrar fora do intervalo 5,0 -10,0, eb) O número máximo anual de amostras não conformes será obtido através de relação estatística similar à aplicável às águas residuais urbanas, descrita no quadro n.º 3 do Anexo I do Decreto-Lei n.º 152/97, de 19 de junho, na sua redação atual."
TUA20231228003808,T000010,"De acordo com o nº6 do artigo 69o do Decreto-Lei nº 236/98, de 1 de Agosto."
TUA20240131000275,1,"Considera-se que as águas residuais tratadas estão conformes com os parâmetros estabelecidos se, para cada um dos parâmetros aplicáveis, individualmente considerados, as amostras revelarem que as águas obedecem à norma de qualidade descrita nesta licença, nos seguintes termos:a) Nenhuma amostra excede o valor paramétrico em mais de 100%; e b) O número máximo anual de amostras não conformes será obtido através de relação estatística similar à aplicável às águas residuais urbanas, descrita no quadro n.º 3 do Anexo I do Decreto-Lei n.º 152/97, de 19 de junho, na sua redação atual."
TUA20240131000275,2,"Considera-se que as águas residuais tratadas estão conformes para o parâmetro pH, se as amostras revelarem que as águas obedecem à norma de qualidade descrita nesta licença, nos seguintes termos: a) Nenhuma amostra poderá se encontrar fora do intervalo 5,0 -10,0, e b) O número máximo anual de amostras não conformes será obtido através de relação estatística similar à aplicável às águas residuais urbanas, descrita no quadro n.º 3 do Anexo I do Decreto-Lei n.º 152/97, de 19 de junho, na sua redação atual."
TUA20240131000275,T000010,"(1) Considera-se que as águas residuais tratadas estão conformes com os parâmetros estabelecidos se, para cada um dos parâmetros aplicáveis, individualmente considerados, as amostras revelarem que as águas obedecem à norma de qualidade descrita nesta licença, nos seguintes termos:a) Nenhuma amostra excede o valor paramétrico em mais de 100%; e b) O número máximo anual de amostras não conformes será obtido através de relação estatística similar à aplicável às águas residuais urbanas, descrita no quadro n.º 3 do Anexo I do Decreto-Lei n.º 152/97, de 19 de junho, na sua redação atual."
TUA20240131000275,T000020,"(2) Considera-se que as águas residuais tratadas estão conformes para o parâmetro pH, se as amostras revelarem que as águas obedecem à norma de qualidade descrita nesta licença, nos seguintes termos: a) Nenhuma amostra poderá se encontrar fora do intervalo 5,0 -10,0, e b) O número máximo anual de amostras não conformes será obtido através de relação estatística similar à aplicável às águas residuais urbanas, descrita no quadro n.º 3 do Anexo I do Decreto-Lei n.º 152/97, de 19 de junho, na sua redação atual."
TUA20240131000276,1,"Considera-se que as águas residuais tratadas estão conformes com os parâmetros estabelecidos se, para cada um dos parâmetros aplicáveis, individualmente considerados, as amostras revelarem que as águas obedecem à norma de qualidade descrita nesta licença, nos seguintes termos:a) Nenhuma amostra excede o valor paramétrico em mais de 100%; e b) O número máximo anual de amostras não conformes será obtido através de relação estatística similar à aplicável às águas residuais urbanas, descrita no quadro n.º 3 do Anexo I do Decreto-Lei n.º 152/97, de 19 de junho, na sua redação atual."
TUA20240131000276,2,"Considera-se que as águas residuais tratadas estão conformes para o parâmetro pH, se as amostras revelarem que as águas obedecem à norma de qualidade descrita nesta licença, nos seguintes termos: a) Nenhuma amostra poderá se encontrar fora do intervalo 5,0 -10,0, e b) O número máximo anual de amostras não conformes será obtido através de relação estatística similar à aplicável às águas residuais urbanas, descrita no quadro n.º 3 do Anexo I do Decreto-Lei n.º 152/97, de 19 de junho, na sua redação atual."
TUA20240131000276,T000010,"(1) Considera-se que as águas residuais tratadas estão conformes com os parâmetros estabelecidos se, para cada um dos parâmetros aplicáveis, individualmente considerados, as amostras revelarem que as águas obedecem à norma de qualidade descrita nesta licença, nos seguintes termos:a) Nenhuma amostra excede o valor paramétrico em mais de 100%; e b) O número máximo anual de amostras não conformes será obtido através de relação estatística similar à aplicável às águas residuais urbanas, descrita no quadro n.º 3 do Anexo I do Decreto-Lei n.º 152/97, de 19 de junho, na sua redação atual."
TUA20240131000276,T000025,"(2) Considera-se que as águas residuais tratadas estão conformes para o parâmetro pH, se as amostras revelarem que as águas obedecem à norma de qualidade descrita nesta licença, nos seguintes termos: a) Nenhuma amostra poderá se encontrar fora do intervalo 5,0 -10,0, e b) O número máximo anual de amostras não conformes será obtido através de relação estatística similar à aplicável às águas residuais urbanas, descrita no quadro n.º 3 do Anexo I do Decreto-Lei n.º 152/97, de 19 de junho, na sua redação atual."
TUA20240216000439,1,"Considera-se que as águas residuais tratadas estão conformes com os parâmetros estabelecidos se, para cada um dos parâmetros aplicáveis, individualmente considerados, as amostras revelarem que as águas obedecem à norma de qualidade descrita nesta licença, nos seguintes termos:a) Nenhuma amostra excede o valor paramétrico em mais de 100%; e b) O número máximo anual de amostras não conformes será obtido através de relação estatística similar à aplicável às águas residuais urbanas, descrita no quadro n.º 3 do Anexo I do Decreto-Lei n.º 152/97, de 19 de junho, na sua redação atual."
TUA20240216000439,2,"Considera-se que as águas residuais tratadas estão conformes para o parâmetro pH, se as amostras revelarem que as águas obedecem à norma de qualidade descrita nesta licença, nos seguintes termos: a) Nenhuma amostra poderá se encontrar fora do intervalo 5,0 -10,0, e b) O número máximo anual de amostras não conformes será obtido através de relação estatística similar à aplicável às águas residuais urbanas, descrita no quadro n.º 3 do Anexo I do Decreto-Lei n.º 152/97, de 19 de junho, na sua redação atual."
TUA20240216000439,T000010,"(1) Considera-se que as águas residuais tratadas estão conformes com os parâmetros estabelecidos se, para cada um dos parâmetros aplicáveis, individualmente considerados, as amostras revelarem que as águas obedecem à norma de qualidade descrita nesta licença, nos seguintes termos:a) Nenhuma amostra excede o valor paramétrico em mais de 100%; e b) O número máximo anual de amostras não conformes será obtido através de relação estatística similar à aplicável às águas residuais urbanas, descrita no quadro n.º 3 do Anexo I do Decreto-Lei n.º 152/97, de 19 de junho, na sua redação atual."
TUA20240216000439,T000016,"(2) Considera-se que as águas residuais tratadas estão conformes para o parâmetro pH, se as amostras revelarem que as águas obedecem à norma de qualidade descrita nesta licença, nos seguintes termos: a) Nenhuma amostra poderá se encontrar fora do intervalo 5,0 -10,0, e b) O número máximo anual de amostras não conformes será obtido através de relação estatística similar à aplicável às águas residuais urbanas, descrita no quadro n.º 3 do Anexo I do Decreto-Lei n.º 152/97, de 19 de junho, na sua redação atual."
TUA20240216000440,1,"Considera-se que as águas residuais tratadas estão conformes com os parâmetros estabelecidos se, para cada um dos parâmetros aplicáveis, individualmente considerados, as amostras revelarem que as águas obedecem à norma de qualidade descrita nesta licença, nos seguintes termos:a) Nenhuma amostra excede o valor paramétrico em mais de 100%; e b) O número máximo anual de amostras não conformes será obtido através de relação estatística similar à aplicável às águas residuais urbanas, descrita no quadro n.º 3 do Anexo I do Decreto-Lei n.º 152/97, de 19 de junho, na sua redação atual."
TUA20240216000440,2,"Considera-se que as águas residuais tratadas estão conformes para o parâmetro pH, se as amostras revelarem que as águas obedecem à norma de qualidade descrita nesta licença, nos seguintes termos: a) Nenhuma amostra poderá se encontrar fora do intervalo 5,0 -10,0, e b) O número máximo anual de amostras não conformes será obtido através de relação estatística similar à aplicável às águas residuais urbanas, descrita no quadro n.º 3 do Anexo I do Decreto-Lei n.º 152/97, de 19 de junho, na sua redação atual."
TUA20240216000440,T000024,"(1) Considera-se que as águas residuais tratadas estão conformes com os parâmetros estabelecidos se, para cada um dos parâmetros aplicáveis, individualmente considerados, as amostras revelarem que as águas obedecem à norma de qualidade descrita nesta licença, nos seguintes termos:a) Nenhuma amostra excede o valor paramétrico em mais de 100%; e b) O número máximo anual de amostras não conformes será obtido através de relação estatística similar à aplicável às águas residuais urbanas, descrita no quadro n.º 3 do Anexo I do Decreto-Lei n.º 152/97, de 19 de junho, na sua redação atual."
TUA20240216000440,T000050,"(2) Considera-se que as águas residuais tratadas estão conformes para o parâmetro pH, se as amostras revelarem que as águas obedecem à norma de qualidade descrita nesta licença, nos seguintes termos: a) Nenhuma amostra poderá se encontrar fora do intervalo 5,0 -10,0, e b) O número máximo anual de amostras não conformes será obtido através de relação estatística similar à aplicável às águas residuais urbanas, descrita no quadro n.º 3 do Anexo I do Decreto-Lei n.º 152/97, de 19 de junho, na sua redação atual."
TUA20240216000462,1,"Considera-se que as águas residuais tratadas estão conformes com os parâmetros estabelecidos se, para cada um dos parâmetros aplicáveis, individualmente considerados, as amostras revelarem que as águas obedecem à norma de qualidade descrita nesta licença, nos seguintes termos:a) Nenhuma amostra excede o valor paramétrico em mais de 100%; e b) O número máximo anual de amostras não conformes será obtido através de relação estatística similar à aplicável às águas residuais urbanas, descrita no quadro n.º 3 do Anexo I do Decreto-Lei n.º 152/97, de 19 de junho, na sua redação atual."
TUA20240216000462,2,"Considera-se que as águas residuais tratadas estão conformes para o parâmetro pH, se as amostras revelarem que as águas obedecem à norma de qualidade descrita nesta licença, nos seguintes termos: :a) Nenhuma amostra poderá se encontrar fora do intervalo 5,0 -10,0, eb) O número máximo anual de amostras não conformes será obtido através de relação estatística similar à aplicável às águas residuais urbanas, descrita no quadro n.º 3 do Anexo I do Decreto-Lei n.º 152/97, de 19 de junho, na sua redação atual."
TUA20240216000462,T000011,"(1) Considera-se que as águas residuais tratadas estão conformes com os parâmetros estabelecidos se, para cada um dos parâmetros aplicáveis, individualmente considerados, as amostras revelarem que as águas obedecem à norma de qualidade descrita nesta licença, nos seguintes termos:a) Nenhuma amostra excede o valor paramétrico em mais de 100%; e b) O número máximo anual de amostras não conformes será obtido através de relação estatística similar à aplicável às águas residuais urbanas, descrita no quadro n.º 3 do Anexo I do Decreto-Lei n.º 152/97, de 19 de junho, na sua redação atual."
TUA20240216000462,T000012,"(2) Considera-se que as águas residuais tratadas estão conformes para o parâmetro pH, se as amostras revelarem que as águas obedecem à norma de qualidade descrita nesta licença, nos seguintes termos: :a) Nenhuma amostra poderá se encontrar fora do intervalo 5,0 -10,0, eb) O número máximo anual de amostras não conformes será obtido através de relação estatística similar à aplicável às águas residuais urbanas, descrita no quadro n.º 3 do Anexo I do Decreto-Lei n.º 152/97, de 19 de junho, na sua redação atual."
TUA20240223000530,1,"Considera-se que as águas residuais tratadas estão conformes com os parâmetros estabelecidos se, para cada um dos parâmetros aplicáveis, individualmente considerados, as amostras revelarem que as águas obedecem à norma de qualidade descrita nesta licença, nos seguintes termos:a) Nenhuma amostra excede o valor paramétrico em mais de 100%; e b) O número máximo anual de amostras não conformes será obtido através de relação estatística similar à aplicável às águas residuais urbanas, descrita no quadro n.º 3 do Anexo I do Decreto-Lei n.º 152/97, de 19 de junho, na sua redação atual."
TUA20240223000530,2,"Considera-se que as águas residuais tratadas estão conformes para o parâmetro pH, se as amostras revelarem que as águas obedecem à norma de qualidade descrita nesta licença, nos seguintes termos: a) Nenhuma amostra poderá se encontrar fora do intervalo 5,0 -10,0, e b) O número máximo anual de amostras não conformes será obtido através de relação estatística similar à aplicável às águas residuais urbanas, descrita no quadro n.º 3 do Anexo I do Decreto-Lei n.º 152/97, de 19 de junho, na sua redação atual."
TUA20240223000530,T000050,"(1) Considera-se que as águas residuais tratadas estão conformes com os parâmetros estabelecidos se, para cada um dos parâmetros aplicáveis, individualmente considerados, as amostras revelarem que as águas obedecem à norma de qualidade descrita nesta licença, nos seguintes termos:a) Nenhuma amostra excede o valor paramétrico em mais de 100%; e b) O número máximo anual de amostras não conformes será obtido através de relação estatística similar à aplicável às águas residuais urbanas, descrita no quadro n.º 3 do Anexo I do Decreto-Lei n.º 152/97, de 19 de junho, na sua redação atual."
TUA20240223000530,T000061,"(2) Considera-se que as águas residuais tratadas estão conformes para o parâmetro pH, se as amostras revelarem que as águas obedecem à norma de qualidade descrita nesta licença, nos seguintes termos: a) Nenhuma amostra poderá se encontrar fora do intervalo 5,0 -10,0, e b) O número máximo anual de amostras não conformes será obtido através de relação estatística similar à aplicável às águas residuais urbanas, descrita no quadro n.º 3 do Anexo I do Decreto-Lei n.º 152/97, de 19 de junho, na sua redação atual."
TUA20240229000598,1,"Considera-se que as águas residuais tratadas estão conformes com os parâmetros estabelecidos se, para cada um dos parâmetros aplicáveis, individualmente considerados, as amostras revelarem que as águas obedecem à norma de qualidade descrita nesta licença, nos seguintes termos:a) Nenhuma amostra excede o valor paramétrico em mais de 100%; e b) O número máximo anual de amostras não conformes será obtido através de relação estatística similar à aplicável às águas residuais urbanas, descrita no quadro n.º 3 do Anexo I do Decreto-Lei n.º 152/97, de 19 de junho, na sua redação atual."
TUA20240229000598,2,"Considera-se que as águas residuais tratadas estão conformes para o parâmetro pH, se as amostras revelarem que as águas obedecem à norma de qualidade descrita nesta licença, nos seguintes termos: a) Nenhuma amostra poderá se encontrar fora do intervalo 5,0 -10,0, e b) O número máximo anual de amostras não conformes será obtido através de relação estatística similar à aplicável às águas residuais urbanas, descrita no quadro n.º 3 do Anexo I do Decreto-Lei n.º 152/97, de 19 de junho, na sua redação atual."
TUA20240229000598,T000010,"(1) Considera-se que as águas residuais tratadas estão conformes com os parâmetros estabelecidos se, para cada um dos parâmetros aplicáveis, individualmente considerados, as amostras revelarem que as águas obedecem à norma de qualidade descrita nesta licença, nos seguintes termos:a) Nenhuma amostra excede o valor paramétrico em mais de 100%; e b) O número máximo anual de amostras não conformes será obtido através de relação estatística similar à aplicável às águas residuais urbanas, descrita no quadro n.º 3 do Anexo I do Decreto-Lei n.º 152/97, de 19 de junho, na sua redação atual."
TUA20240229000598,T000021,"(2) Considera-se que as águas residuais tratadas estão conformes para o parâmetro pH, se as amostras revelarem que as águas obedecem à norma de qualidade descrita nesta licença, nos seguintes termos: a) Nenhuma amostra poderá se encontrar fora do intervalo 5,0 -10,0, e b) O número máximo anual de amostras não conformes será obtido através de relação estatística similar à aplicável às águas residuais urbanas, descrita no quadro n.º 3 do Anexo I do Decreto-Lei n.º 152/97, de 19 de junho, na sua redação atual."
TUA20240901002617,T000023,"Decreto-Lei nº. 236/98, 1 de agosto"
TUA20241030003256,T000036,"Decreto-Lei nº. 236/98, 1 de agosto"
TUA20230530001578,1,"De acordo com o nº6 do artigo n.º 69 do Decreto-Lei nº 236/98, de 1 de agosto e de acordo com o Anexo I do Decreto-Lei n.º 152/97, de 19 de junho, com as alterações introduzidas pelos Decretos-Lei n.º 348/98, de 9 de novembro, n.º 149/2004, de 22 de junho e n.º 198/2008, de 8 de outubro: verificação do n.º mínimo anual de amostras, verificação do n.º máximo de amostras não conformes e verificação do desvio aos valores paramétricos."
TUA20230530001578,T000041,"(1) De acordo com o nº6 do artigo n.º 69 do Decreto-Lei nº 236/98, de 1 de agosto e de acordo com o Anexo I do Decreto-Lei n.º 152/97, de 19 de junho, com as alterações introduzidas pelos Decretos-Lei n.º 348/98, de 9 de novembro, n.º 149/2004, de 22 de junho e n.º 198/2008, de 8 de outubro: verificação do n.º mínimo anual de amostras, verificação do n.º máximo de amostras não conformes e verificação do desvio aos valores paramétricos."
TUA20240105000038,1,"Considera-se que as águas residuais tratadas estão conformes com os parâmetros estabelecidos se, para cada um dos parâmetros aplicáveis, individualmente considerados, as amostras revelarem que as águas obedecem à norma de qualidade descrita nesta licença, nos seguintes termos:a) Nenhuma amostra excede o valor paramétrico em mais de 100%; e b) O número máximo anual de amostras não conformes será obtido através de relação estatística similar à aplicável às águas residuais urbanas, descrita no quadro n.º 3 do Anexo I do Decreto-Lei n.º 152/97, de 19 de junho, na sua redação atual."
TUA20240105000038,2,"Para os parâmetros microbiológicos, o valor máximo observado, em amostras não conformes, durante o ano em análise não ultrapassa uma ordem de grandeza do valor limite que lhe corresponde nos casos em que o VLE seja igual ou superior a 1000 ufc/100mL ou NMP/100mL. Nas situações em que o VLE é inferior a 1000 ufc/100mL ou NMP/100mL, o valor máximo observado não ultrapassa o dobro do VLE que lhe corresponde. O número máximo anual de amostras não conformes será obtido através de relação estatística similar à aplicável às águas residuais urbanas, descrita no quadro n.º 3, do Anexo I, do Decreto-Lei n.º 152/97, de 19 de junho, na sua redação atual."
TUA20240105000038,3,"A verificação da conformidade dos parâmetros CBO5, CQO e SST com Valor Limite de Emissão (VLE) estabelecido de acordo com Decreto-Lei n.º 152/97, de 19 de junho, na sua redação atual, é realizada de acordo com o definido na alínea D) do Anexo I do mesmo diploma."
TUA20240105000038,4,"A verificação da conformidade dos parâmetros N e P com Valor Limite de Emissão (VLE) estabelecido de acordo com Decreto-Lei n.º 152/97, de 19 de junho, na sua redação atual, é realizada de acordo com o definido na alínea D) do Anexo I do mesmo diploma."
TUA20240105000038,5,"Considera-se que as águas residuais tratadas estão conformes com os parâmetros estabelecidos se, para cada um dos parâmetros aplicáveis, individualmente considerados, as amostras revelarem que as águas obedecem cumulativamente à norma de qualidade descrita nesta licença, nos seguintes termos:a) Nenhuma amostra excede o valor paramétrico em mais de 100%;b) O número máximo anual de amostras não conformes será obtido através de relação estatística similar à aplicável às águas residuais urbanas, descrita no quadro n.º 3 do Anexo I do Decreto-Lei n.º 152/97, de 19 de junho, na sua redação atual;c) Cumpre as condições específicas no BREF () aplicável.Best Available Techniques REFerence documents De acordo com o nº6 do artigo 69o do Decreto-Lei nº 236/98, de 1 de Agosto."
TUA20240105000038,T000009,"(1) Considera-se que as águas residuais tratadas estão conformes com os parâmetros estabelecidos se, para cada um dos parâmetros aplicáveis, individualmente considerados, as amostras revelarem que as águas obedecem à norma de qualidade descrita nesta licença, nos seguintes termos:a) Nenhuma amostra excede o valor paramétrico em mais de 100%; e b) O número máximo anual de amostras não conformes será obtido através de relação estatística similar à aplicável às águas residuais urbanas, descrita no quadro n.º 3 do Anexo I do Decreto-Lei n.º 152/97, de 19 de junho, na sua redação atual."
TUA20240105000038,T000010,"(2) Para os parâmetros microbiológicos, o valor máximo observado, em amostras não conformes, durante o ano em análise não ultrapassa uma ordem de grandeza do valor limite que lhe corresponde nos casos em que o VLE seja igual ou superior a 1000 ufc/100mL ou NMP/100mL. Nas situações em que o VLE é inferior a 1000 ufc/100mL ou NMP/100mL, o valor máximo observado não ultrapassa o dobro do VLE que lhe corresponde. O número máximo anual de amostras não conformes será obtido através de relação estatística similar à aplicável às águas residuais urbanas, descrita no quadro n.º 3, do Anexo I, do Decreto-Lei n.º 152/97, de 19 de junho, na sua redação atual."
TUA20240105000038,T000011,"(3) A verificação da conformidade dos parâmetros CBO5, CQO e SST com Valor Limite de Emissão (VLE) estabelecido de acordo com Decreto-Lei n.º 152/97, de 19 de junho, na sua redação atual, é realizada de acordo com o definido na alínea D) do Anexo I do mesmo diploma."
TUA20240105000038,T000012,"(4) A verificação da conformidade dos parâmetros N e P com Valor Limite de Emissão (VLE) estabelecido de acordo com Decreto-Lei n.º 152/97, de 19 de junho, na sua redação atual, é realizada de acordo com o definido na alínea D) do Anexo I do mesmo diploma."
TUA20240105000038,T000013,"(5) Considera-se que as águas residuais tratadas estão conformes com os parâmetros estabelecidos se, para cada um dos parâmetros aplicáveis, individualmente considerados, as amostras revelarem que as águas obedecem cumulativamente à norma de qualidade descrita nesta licença, nos seguintes termos:a) Nenhuma amostra excede o valor paramétrico em mais de 100%;b) O número máximo anual de amostras não conformes será obtido através de relação estatística similar à aplicável às águas residuais urbanas, descrita no quadro n.º 3 do Anexo I do Decreto-Lei n.º 152/97, de 19 de junho, na sua redação atual;c) Cumpre as condições específicas no BREF () aplicável.Best Available Techniques REFerence documents"
TUA20240105000038,T000017,"De acordo com o nº6 do artigo 69o do Decreto-Lei nº 236/98, de 1 de Agosto."
TUA20240110000102,1,"Considera-se que as águas residuais tratadas estão conformes com os parâmetros estabelecidos se, para cada um dos parâmetros aplicáveis, individualmente considerados, as amostras revelarem que as águas obedecem à norma de qualidade descrita nesta licença, nos seguintes termos:a) Nenhuma amostra excede o valor paramétrico em mais de 100%; e b) O número máximo anual de amostras não conformes será obtido através de relação estatística similar à aplicável às águas residuais urbanas, descrita no quadro n.º 3 do Anexo I do Decreto-Lei n.º 152/97, de 19 de junho, na sua redação atual."
TUA20240110000102,2,"Para os parâmetros microbiológicos, o valor máximo observado, em amostras não conformes, durante o ano em análise não ultrapassa uma ordem de grandeza do valor limite que lhe corresponde nos casos em que o VLE seja igual ou superior a 1000 ufc/100mL ou NMP/100mL. Nas situações em que o VLE é inferior a 1000 ufc/100mL ou NMP/100mL, o valor máximo observado não ultrapassa o dobro do VLE que lhe corresponde. O número máximo anual de amostras não conformes será obtido através de relação estatística similar à aplicável às águas residuais urbanas, descrita no quadro n.º 3, do Anexo I, do Decreto-Lei n.º 152/97, de 19 de junho, na sua redação atual."
TUA20240110000102,3,"A verificação da conformidade dos parâmetros CBO5, CQO e SST com Valor Limite de Emissão (VLE) estabelecido de acordo com Decreto-Lei n.º 152/97, de 19 de junho, na sua redação atual, é realizada de acordo com o definido na alínea D) do Anexo I do mesmo diploma."
TUA20240110000102,4,"A verificação da conformidade dos parâmetros N e P com Valor Limite de Emissão (VLE) estabelecido de acordo com Decreto-Lei n.º 152/97, de 19 de junho, na sua redação atual, é realizada de acordo com o definido na alínea D) do Anexo I do mesmo diploma."
TUA20240110000102,5,"Considera-se que as águas residuais tratadas estão conformes com os parâmetros estabelecidos se, para cada um dos parâmetros aplicáveis, individualmente considerados, as amostras revelarem que as águas obedecem cumulativamente à norma de qualidade descrita nesta licença, nos seguintes termos:a) Nenhuma amostra excede o valor paramétrico em mais de 100%;b) O número máximo anual de amostras não conformes será obtido através de relação estatística similar à aplicável às águas residuais urbanas, descrita no quadro n.º 3 do Anexo I do Decreto-Lei n.º 152/97, de 19 de junho, na sua redação atual;c) Cumpre as condições específicas no BREF () aplicável.Best Available Techniques REFerence documents De acordo com o nº6 do artigo 69o do Decreto-Lei nº 236/98, de 1 de Agosto."
TUA20240110000102,T000009,"(1) Considera-se que as águas residuais tratadas estão conformes com os parâmetros estabelecidos se, para cada um dos parâmetros aplicáveis, individualmente considerados, as amostras revelarem que as águas obedecem à norma de qualidade descrita nesta licença, nos seguintes termos:a) Nenhuma amostra excede o valor paramétrico em mais de 100%; e b) O número máximo anual de amostras não conformes será obtido através de relação estatística similar à aplicável às águas residuais urbanas, descrita no quadro n.º 3 do Anexo I do Decreto-Lei n.º 152/97, de 19 de junho, na sua redação atual."
TUA20240110000102,T000010,"(2) Para os parâmetros microbiológicos, o valor máximo observado, em amostras não conformes, durante o ano em análise não ultrapassa uma ordem de grandeza do valor limite que lhe corresponde nos casos em que o VLE seja igual ou superior a 1000 ufc/100mL ou NMP/100mL. Nas situações em que o VLE é inferior a 1000 ufc/100mL ou NMP/100mL, o valor máximo observado não ultrapassa o dobro do VLE que lhe corresponde. O número máximo anual de amostras não conformes será obtido através de relação estatística similar à aplicável às águas residuais urbanas, descrita no quadro n.º 3, do Anexo I, do Decreto-Lei n.º 152/97, de 19 de junho, na sua redação atual."
TUA20240110000102,T000011,"(3) A verificação da conformidade dos parâmetros CBO5, CQO e SST com Valor Limite de Emissão (VLE) estabelecido de acordo com Decreto-Lei n.º 152/97, de 19 de junho, na sua redação atual, é realizada de acordo com o definido na alínea D) do Anexo I do mesmo diploma."
TUA20240110000102,T000012,"(4) A verificação da conformidade dos parâmetros N e P com Valor Limite de Emissão (VLE) estabelecido de acordo com Decreto-Lei n.º 152/97, de 19 de junho, na sua redação atual, é realizada de acordo com o definido na alínea D) do Anexo I do mesmo diploma."
TUA20240110000102,T000013,"(5) Considera-se que as águas residuais tratadas estão conformes com os parâmetros estabelecidos se, para cada um dos parâmetros aplicáveis, individualmente considerados, as amostras revelarem que as águas obedecem cumulativamente à norma de qualidade descrita nesta licença, nos seguintes termos:a) Nenhuma amostra excede o valor paramétrico em mais de 100%;b) O número máximo anual de amostras não conformes será obtido através de relação estatística similar à aplicável às águas residuais urbanas, descrita no quadro n.º 3 do Anexo I do Decreto-Lei n.º 152/97, de 19 de junho, na sua redação atual;c) Cumpre as condições específicas no BREF () aplicável.Best Available Techniques REFerence documents"
TUA20240110000102,T000016,"De acordo com o nº6 do artigo 69o do Decreto-Lei nº 236/98, de 1 de Agosto."
TUA20240123000210,T000016,"De acordo com o nº6 do artigo 69o do Decreto-Lei nº 236/98, de 1 de Agosto."
TUA20240227000550,T000018,"De acordo com o nº6 do artigo 69o do Decreto-Lei nº 236/98, de 1 de Agosto."
TUA20240308000724,T000017,"De acordo com o nº6 do artigo 69o do Decreto-Lei nº 236/98, de 1 de Agosto."
TUA20240416001180,T000017,"De acordo com o Anexo I do Decreto-Lei n.º 152/97, de 19 de junho, com as alterações introduzidas pelos Decretos-Leis n.os 348/98, de 9 de novembro, 149/2004, de 22 de junho e 198/2008, de 8 de outubro: Verificação do n.º mínimo anual de amostras e verificação do n.º máximo de amostras não conformes e verificação do desvio aos valores paramétricos."
TUA20240506001395,T000017,"De acordo com o nº6 do artigo 69o do Decreto-Lei nº 236/98, de 1 de Agosto."
TUA20240506001401,T000019,"De acordo com o nº6 do artigo 69o do Decreto-Lei nº 236/98, de 1 de Agosto."
TUA20240521001568,1,"De acordo com o n.º6 do artigo n.º 69 do Decreto-Lei nº 236/98, de 1 de agosto e de acordo com o Anexo I do Decreto-Lei n.º 152/97, de 19 de junho, com as alterações introduzidas pelos Decretos-Lei n.º 348/98, de 9 de novembro, n.º 149/2004, de 22 de junho e n.º 198/2008, de 8 de outubro: verificação do n.º mínimo anual de amostras, verificação do n.º máximo de amostras não conformes e verificação do desvio aos valores paramétricos."
TUA20240521001568,T000010,"(1) De acordo com o n.º6 do artigo n.º 69 do Decreto-Lei nº 236/98, de 1 de agosto e de acordo com o Anexo I do Decreto-Lei n.º 152/97, de 19 de junho, com as alterações introduzidas pelos Decretos-Lei n.º 348/98, de 9 de novembro, n.º 149/2004, de 22 de junho e n.º 198/2008, de 8 de outubro: verificação do n.º mínimo anual de amostras, verificação do n.º máximo de amostras não conformes e verificação do desvio aos valores paramétricos."
TUA20240521001569,1,"De acordo com o n.º6 do artigo n.º 69 do Decreto-Lei nº 236/98, de 1 de agosto e de acordo com o Anexo I do Decreto-Lei n.º 152/97, de 19 de junho, com as alterações introduzidas pelos Decretos-Lei n.º 348/98, de 9 de novembro, n.º 149/2004, de 22 de junho e n.º 198/2008, de 8 de outubro: verificação do n.º mínimo anual de amostras, verificação do n.º máximo de amostras não conformes e verificação do desvio aos valores paramétricos."
TUA20240521001569,T000010,"(1) De acordo com o n.º6 do artigo n.º 69 do Decreto-Lei nº 236/98, de 1 de agosto e de acordo com o Anexo I do Decreto-Lei n.º 152/97, de 19 de junho, com as alterações introduzidas pelos Decretos-Lei n.º 348/98, de 9 de novembro, n.º 149/2004, de 22 de junho e n.º 198/2008, de 8 de outubro: verificação do n.º mínimo anual de amostras, verificação do n.º máximo de amostras não conformes e verificação do desvio aos valores paramétricos."
TUA20240521001573,1,"De acordo com o n.º6 do artigo n.º 69 do Decreto-Lei nº 236/98, de 1 de agosto e de acordo com o Anexo I do Decreto-Lei n.º 152/97, de 19 de junho, com as alterações introduzidas pelos Decretos-Lei n.º 348/98, de 9 de novembro, n.º 149/2004, de 22 de junho e n.º 198/2008, de 8 de outubro: verificação do n.º mínimo anual de amostras, verificação do n.º máximo de amostras não conformes e verificação do desvio aos valores paramétricos."
TUA20240521001573,T000010,"(1) De acordo com o n.º6 do artigo n.º 69 do Decreto-Lei nº 236/98, de 1 de agosto e de acordo com o Anexo I do Decreto-Lei n.º 152/97, de 19 de junho, com as alterações introduzidas pelos Decretos-Lei n.º 348/98, de 9 de novembro, n.º 149/2004, de 22 de junho e n.º 198/2008, de 8 de outubro: verificação do n.º mínimo anual de amostras, verificação do n.º máximo de amostras não conformes e verificação do desvio aos valores paramétricos."
TUA20240521001575,1,"De acordo com o n.º6 do artigo n.º 69 do Decreto-Lei nº 236/98, de 1 de agosto e de acordo com o Anexo I do Decreto-Lei n.º 152/97, de 19 de junho, com as alterações introduzidas pelos Decretos-Lei n.º 348/98, de 9 de novembro, n.º 149/2004, de 22 de junho e n.º 198/2008, de 8 de outubro: verificação do n.º mínimo anual de amostras, verificação do n.º máximo de amostras não conformes e verificação do desvio aos valores paramétricos."
TUA20240521001575,T000010,"(1) De acordo com o n.º6 do artigo n.º 69 do Decreto-Lei nº 236/98, de 1 de agosto e de acordo com o Anexo I do Decreto-Lei n.º 152/97, de 19 de junho, com as alterações introduzidas pelos Decretos-Lei n.º 348/98, de 9 de novembro, n.º 149/2004, de 22 de junho e n.º 198/2008, de 8 de outubro: verificação do n.º mínimo anual de amostras, verificação do n.º máximo de amostras não conformes e verificação do desvio aos valores paramétricos."
TUA20240521001577,1,"De acordo com o n.º6 do artigo n.º 69 do Decreto-Lei nº 236/98, de 1 de agosto e de acordo com o Anexo I do Decreto-Lei n.º 152/97, de 19 de junho, com as alterações introduzidas pelos Decretos-Lei n.º 348/98, de 9 de novembro, n.º 149/2004, de 22 de junho e n.º 198/2008, de 8 de outubro: verificação do n.º mínimo anual de amostras, verificação do n.º máximo de amostras não conformes e verificação do desvio aos valores paramétricos."
TUA20240521001577,T000010,"(1) De acordo com o n.º6 do artigo n.º 69 do Decreto-Lei nº 236/98, de 1 de agosto e de acordo com o Anexo I do Decreto-Lei n.º 152/97, de 19 de junho, com as alterações introduzidas pelos Decretos-Lei n.º 348/98, de 9 de novembro, n.º 149/2004, de 22 de junho e n.º 198/2008, de 8 de outubro: verificação do n.º mínimo anual de amostras, verificação do n.º máximo de amostras não conformes e verificação do desvio aos valores paramétricos."
TUA20240522001588,1,"De acordo com o n.º6 do artigo n.º 69 do Decreto-Lei nº 236/98, de 1 de agosto e de acordo com o Anexo I do Decreto-Lei n.º 152/97, de 19 de junho, com as alterações introduzidas pelos Decretos-Lei n.º 348/98, de 9 de novembro, n.º 149/2004, de 22 de junho e n.º 198/2008, de 8 de outubro: verificação do n.º mínimo anual de amostras, verificação do n.º máximo de amostras não conformes e verificação do desvio aos valores paramétricos."
TUA20240522001588,T000010,"(1) De acordo com o n.º6 do artigo n.º 69 do Decreto-Lei nº 236/98, de 1 de agosto e de acordo com o Anexo I do Decreto-Lei n.º 152/97, de 19 de junho, com as alterações introduzidas pelos Decretos-Lei n.º 348/98, de 9 de novembro, n.º 149/2004, de 22 de junho e n.º 198/2008, de 8 de outubro: verificação do n.º mínimo anual de amostras, verificação do n.º máximo de amostras não conformes e verificação do desvio aos valores paramétricos."
TUA20240604001677,1,"De acordo com o n.º6 do artigo n.º 69 do Decreto-Lei nº 236/98, de 1 de agosto e de acordo com o Anexo I do Decreto-Lei n.º 152/97, de 19 de junho, com as alterações introduzidas pelos Decretos-Lei n.º 348/98, de 9 de novembro, n.º 149/2004, de 22 de junho e n.º 198/2008, de 8 de outubro: verificação do n.º mínimo anual de amostras, verificação do n.º máximo de amostras não conformes e verificação do desvio aos valores paramétricos."
TUA20240604001677,T000023,"(1) De acordo com o n.º6 do artigo n.º 69 do Decreto-Lei nº 236/98, de 1 de agosto e de acordo com o Anexo I do Decreto-Lei n.º 152/97, de 19 de junho, com as alterações introduzidas pelos Decretos-Lei n.º 348/98, de 9 de novembro, n.º 149/2004, de 22 de junho e n.º 198/2008, de 8 de outubro: verificação do n.º mínimo anual de amostras, verificação do n.º máximo de amostras não conformes e verificação do desvio aos valores paramétricos."
TUA20240719002219,1,"De acordo com o n.º6 do artigo n.º 69 do Decreto-Lei nº 236/98, de 1 de agosto e de acordo com o Anexo I do Decreto-Lei n.º 152/97, de 19 de junho, com as alterações introduzidas pelos Decretos-Lei n.º 348/98, de 9 de novembro, n.º 149/2004, de 22 de junho e n.º 198/2008, de 8 de outubro: verificação do n.º mínimo anual de amostras, verificação do n.º máximo de amostras não conformes e verificação do desvio aos valores paramétricos."
TUA20240719002219,T000024,"(1) De acordo com o n.º6 do artigo n.º 69 do Decreto-Lei nº 236/98, de 1 de agosto e de acordo com o Anexo I do Decreto-Lei n.º 152/97, de 19 de junho, com as alterações introduzidas pelos Decretos-Lei n.º 348/98, de 9 de novembro, n.º 149/2004, de 22 de junho e n.º 198/2008, de 8 de outubro: verificação do n.º mínimo anual de amostras, verificação do n.º máximo de amostras não conformes e verificação do desvio aos valores paramétricos."
TUA20240719002220,1,"De acordo com o n.º6 do artigo n.º 69 do Decreto-Lei nº 236/98, de 1 de agosto e de acordo com o Anexo I do Decreto-Lei n.º 152/97, de 19 de junho, com as alterações introduzidas pelos Decretos-Lei n.º 348/98, de 9 de novembro, n.º 149/2004, de 22 de junho e n.º 198/2008, de 8 de outubro: verificação do n.º mínimo anual de amostras, verificação do n.º máximo de amostras não conformes e verificação do desvio aos valores paramétricos."
TUA20240719002220,T000010,"(1) De acordo com o n.º6 do artigo n.º 69 do Decreto-Lei nº 236/98, de 1 de agosto e de acordo com o Anexo I do Decreto-Lei n.º 152/97, de 19 de junho, com as alterações introduzidas pelos Decretos-Lei n.º 348/98, de 9 de novembro, n.º 149/2004, de 22 de junho e n.º 198/2008, de 8 de outubro: verificação do n.º mínimo anual de amostras, verificação do n.º máximo de amostras não conformes e verificação do desvio aos valores paramétricos."
TUA20240725002275,1,"Considera-se que as águas residuais tratadas estão conformes com os parâmetros estabelecidos se, para cada um dos parâmetros aplicáveis, individualmente considerados, as amostras revelarem que as águas obedecem à norma de qualidade descrita nesta licença, nos seguintes termos:a) Nenhuma amostra excede o valor paramétrico em mais de 100%; e b) O número máximo anual de amostras não conformes será obtido através de relação estatística similar à aplicável às águas residuais urbanas, descrita no quadro n.º 3 do Anexo I do Decreto-Lei n.º 152/97, de 19 de junho, na sua redação atual."
TUA20240725002275,T000010,"(1) Considera-se que as águas residuais tratadas estão conformes com os parâmetros estabelecidos se, para cada um dos parâmetros aplicáveis, individualmente considerados, as amostras revelarem que as águas obedecem à norma de qualidade descrita nesta licença, nos seguintes termos:a) Nenhuma amostra excede o valor paramétrico em mais de 100%; e b) O número máximo anual de amostras não conformes será obtido através de relação estatística similar à aplicável às águas residuais urbanas, descrita no quadro n.º 3 do Anexo I do Decreto-Lei n.º 152/97, de 19 de junho, na sua redação atual."
TUA20240731002345,1,"Considera-se que as águas residuais tratadas estão conformes com os parâmetros estabelecidos se, para cada um dos parâmetros aplicáveis, individualmente considerados, as amostras revelarem que as águas obedecem à norma de qualidade descrita nesta licença, nos seguintes termos:a) Nenhuma amostra excede o valor paramétrico em mais de 100%; e b) O número máximo anual de amostras não conformes será obtido através de relação estatística similar à aplicável às águas residuais urbanas, descrita no quadro n.º 3 do Anexo I do Decreto-Lei n.º 152/97, de 19 de junho, na sua redação atual."
TUA20240731002345,T000010,"(1) Considera-se que as águas residuais tratadas estão conformes com os parâmetros estabelecidos se, para cada um dos parâmetros aplicáveis, individualmente considerados, as amostras revelarem que as águas obedecem à norma de qualidade descrita nesta licença, nos seguintes termos:a) Nenhuma amostra excede o valor paramétrico em mais de 100%; e b) O número máximo anual de amostras não conformes será obtido através de relação estatística similar à aplicável às águas residuais urbanas, descrita no quadro n.º 3 do Anexo I do Decreto-Lei n.º 152/97, de 19 de junho, na sua redação atual."
TUA20240731002347,1,"Considera-se que as águas residuais tratadas estão conformes com os parâmetros estabelecidos se, para cada um dos parâmetros aplicáveis, individualmente considerados, as amostras revelarem que as águas obedecem à norma de qualidade descrita nesta licença, nos seguintes termos:a) Nenhuma amostra excede o valor paramétrico em mais de 100%; e b) O número máximo anual de amostras não conformes será obtido através de relação estatística similar à aplicável às águas residuais urbanas, descrita no quadro n.º 3 do Anexo I do Decreto-Lei n.º 152/97, de 19 de junho, na sua redação atual."
TUA20240731002347,T000010,"(1) Considera-se que as águas residuais tratadas estão conformes com os parâmetros estabelecidos se, para cada um dos parâmetros aplicáveis, individualmente considerados, as amostras revelarem que as águas obedecem à norma de qualidade descrita nesta licença, nos seguintes termos:a) Nenhuma amostra excede o valor paramétrico em mais de 100%; e b) O número máximo anual de amostras não conformes será obtido através de relação estatística similar à aplicável às águas residuais urbanas, descrita no quadro n.º 3 do Anexo I do Decreto-Lei n.º 152/97, de 19 de junho, na sua redação atual."
TUA20240808002408,1,"De acordo com o n.º6 do artigo 69º do Decreto-Lei nº 236/98, de 1 de agosto e de acordo com o Anexo I do Decreto-Lei n.º 152/97, de 19 de junho, com as alterações introduzidas pelos Decretos-Lei n.º 348/98, de 9 de novembro, n.º 149/2004, de 22 de junho e n.º 198/2008, de 8 de outubro: verificação do n.º mínimo anual de amostras, verificação do n.º máximo de amostras não conformes e verificação do desvio aos valores paramétricos."
TUA20240808002408,T000010,"(1) De acordo com o n.º6 do artigo 69º do Decreto-Lei nº 236/98, de 1 de agosto e de acordo com o Anexo I do Decreto-Lei n.º 152/97, de 19 de junho, com as alterações introduzidas pelos Decretos-Lei n.º 348/98, de 9 de novembro, n.º 149/2004, de 22 de junho e n.º 198/2008, de 8 de outubro: verificação do n.º mínimo anual de amostras, verificação do n.º máximo de amostras não conformes e verificação do desvio aos valores paramétricos."
TUA20240904002654,1,"De acordo com o n.º6 do artigo 69º do Decreto-Lei nº 236/98, de 1 de agosto e de acordo com o Anexo I do Decreto-Lei n.º 152/97, de 19 de junho, com as alterações introduzidas pelos Decretos-Lei n.º 348/98, de 9 de novembro, n.º 149/2004, de 22 de junho e n.º 198/2008, de 8 de outubro: verificação do n.º mínimo anual de amostras, verificação do n.º máximo de amostras não conformes e verificação do desvio aos valores paramétricos."
TUA20240904002654,T000010,"(1) De acordo com o n.º6 do artigo 69º do Decreto-Lei nº 236/98, de 1 de agosto e de acordo com o Anexo I do Decreto-Lei n.º 152/97, de 19 de junho, com as alterações introduzidas pelos Decretos-Lei n.º 348/98, de 9 de novembro, n.º 149/2004, de 22 de junho e n.º 198/2008, de 8 de outubro: verificação do n.º mínimo anual de amostras, verificação do n.º máximo de amostras não conformes e verificação do desvio aos valores paramétricos."
TUA20240916002772,1,"Considera-se que as águas residuais tratadas estão conformes com os parâmetros estabelecidos se, para cada um dos parâmetros aplicáveis, individualmente considerados, as amostras revelarem que as águas obedecem à norma de qualidade descrita nesta licença, nos seguintes termos:a) Nenhuma amostra excede o valor paramétrico em mais de 100%; e b) O número máximo anual de amostras não conformes será obtido através de relação estatística similar à aplicável às águas residuais urbanas, descrita no quadro n.º 3 do Anexo I do Decreto-Lei n.º 152/97, de 19 de junho, na sua redação atual."
TUA20240916002772,2,"Considera-se que as águas residuais tratadas estão conformes para o parâmetro pH, se as amostras revelarem que as águas obedecem à norma de qualidade descrita nesta licença, nos seguintes termos: :a) Nenhuma amostra poderá se encontrar fora do intervalo 5,0 -10,0, eb) O número máximo anual de amostras não conformes será obtido através de relação estatística similar à aplicável às águas residuais urbanas, descrita no quadro n.º 3 do Anexo I do Decreto-Lei n.º 152/97, de 19 de junho, na sua redação atual."
TUA20240916002772,T000011,"(1) Considera-se que as águas residuais tratadas estão conformes com os parâmetros estabelecidos se, para cada um dos parâmetros aplicáveis, individualmente considerados, as amostras revelarem que as águas obedecem à norma de qualidade descrita nesta licença, nos seguintes termos:a) Nenhuma amostra excede o valor paramétrico em mais de 100%; e b) O número máximo anual de amostras não conformes será obtido através de relação estatística similar à aplicável às águas residuais urbanas, descrita no quadro n.º 3 do Anexo I do Decreto-Lei n.º 152/97, de 19 de junho, na sua redação atual."
TUA20240916002772,T000012,"(2) Considera-se que as águas residuais tratadas estão conformes para o parâmetro pH, se as amostras revelarem que as águas obedecem à norma de qualidade descrita nesta licença, nos seguintes termos: :a) Nenhuma amostra poderá se encontrar fora do intervalo 5,0 -10,0, eb) O número máximo anual de amostras não conformes será obtido através de relação estatística similar à aplicável às águas residuais urbanas, descrita no quadro n.º 3 do Anexo I do Decreto-Lei n.º 152/97, de 19 de junho, na sua redação atual."
TUA20241003002946,1,"Considera-se que as águas residuais tratadas estão conformes com os parâmetros estabelecidos se, para cada um dos parâmetros aplicáveis, individualmente considerados, as amostras revelarem que as águas obedecem à norma de qualidade descrita nesta licença, nos seguintes termos:a) Nenhuma amostra excede o valor paramétrico em mais de 100%; e b) O número máximo anual de amostras não conformes será obtido através de relação estatística similar à aplicável às águas residuais urbanas, descrita no quadro n.º 3 do Anexo I do Decreto-Lei n.º 152/97, de 19 de junho, na sua redação atual."
TUA20241003002946,2,"Considera-se que as águas residuais tratadas estão conformes para o parâmetro pH, se as amostras revelarem que as águas obedecem à norma de qualidade descrita nesta licença, nos seguintes termos: :a) Nenhuma amostra poderá se encontrar fora do intervalo 5,0 -10,0, eb) O número máximo anual de amostras não conformes será obtido através de relação estatística similar à aplicável às águas residuais urbanas, descrita no quadro n.º 3 do Anexo I do Decreto-Lei n.º 152/97, de 19 de junho, na sua redação atual."
TUA20241003002946,T000011,"(1) Considera-se que as águas residuais tratadas estão conformes com os parâmetros estabelecidos se, para cada um dos parâmetros aplicáveis, individualmente considerados, as amostras revelarem que as águas obedecem à norma de qualidade descrita nesta licença, nos seguintes termos:a) Nenhuma amostra excede o valor paramétrico em mais de 100%; e b) O número máximo anual de amostras não conformes será obtido através de relação estatística similar à aplicável às águas residuais urbanas, descrita no quadro n.º 3 do Anexo I do Decreto-Lei n.º 152/97, de 19 de junho, na sua redação atual."
TUA20241003002946,T000012,"(2) Considera-se que as águas residuais tratadas estão conformes para o parâmetro pH, se as amostras revelarem que as águas obedecem à norma de qualidade descrita nesta licença, nos seguintes termos: :a) Nenhuma amostra poderá se encontrar fora do intervalo 5,0 -10,0, eb) O número máximo anual de amostras não conformes será obtido através de relação estatística similar à aplicável às águas residuais urbanas, descrita no quadro n.º 3 do Anexo I do Decreto-Lei n.º 152/97, de 19 de junho, na sua redação atual."
TUA20241014003042,1,"Considera-se que as águas residuais tratadas estão conformes com os parâmetros estabelecidos se, para cada um dos parâmetros aplicáveis, individualmente considerados, as amostras revelarem que as águas obedecem à norma de qualidade descrita nesta licença, nos seguintes termos:a) Nenhuma amostra excede o valor paramétrico em mais de 100%; e b) O número máximo anual de amostras não conformes será obtido através de relação estatística similar à aplicável às águas residuais urbanas, descrita no quadro n.º 3 do Anexo I do Decreto-Lei n.º 152/97, de 19 de junho, na sua redação atual."
TUA20241014003042,T000010,"(1) Considera-se que as águas residuais tratadas estão conformes com os parâmetros estabelecidos se, para cada um dos parâmetros aplicáveis, individualmente considerados, as amostras revelarem que as águas obedecem à norma de qualidade descrita nesta licença, nos seguintes termos:a) Nenhuma amostra excede o valor paramétrico em mais de 100%; e b) O número máximo anual de amostras não conformes será obtido através de relação estatística similar à aplicável às águas residuais urbanas, descrita no quadro n.º 3 do Anexo I do Decreto-Lei n.º 152/97, de 19 de junho, na sua redação atual."
TUA20241022003142,1,"De acordo com o n.º6 do artigo 69º do Decreto-Lei nº 236/98, de 1 de agosto e de acordo com o Anexo I do Decreto-Lei n.º 152/97, de 19 de junho, com as alterações introduzidas pelos Decretos-Lei n.º 348/98, de 9 de novembro, n.º 149/2004, de 22 de junho e n.º 198/2008, de 8 de outubro: verificação do n.º mínimo anual de amostras, verificação do n.º máximo de amostras não conformes e verificação do desvio aos valores paramétricos."
TUA20241022003142,T000010,"(1) De acordo com o n.º6 do artigo 69º do Decreto-Lei nº 236/98, de 1 de agosto e de acordo com o Anexo I do Decreto-Lei n.º 152/97, de 19 de junho, com as alterações introduzidas pelos Decretos-Lei n.º 348/98, de 9 de novembro, n.º 149/2004, de 22 de junho e n.º 198/2008, de 8 de outubro: verificação do n.º mínimo anual de amostras, verificação do n.º máximo de amostras não conformes e verificação do desvio aos valores paramétricos."
TUA20241122003491,1,"De acordo com o n.º6 do artigo 69º do Decreto-Lei nº 236/98, de 1 de agosto e de acordo com o Anexo I do Decreto-Lei n.º 152/97, de 19 de junho, com as alterações introduzidas pelos Decretos-Lei n.º 348/98, de 9 de novembro, n.º 149/2004, de 22 de junho e n.º 198/2008, de 8 de outubro: verificação do n.º mínimo anual de amostras, verificação do n.º máximo de amostras não conformes e verificação do desvio aos valores paramétricos."
TUA20241122003491,T000010,"(1) De acordo com o n.º6 do artigo 69º do Decreto-Lei nº 236/98, de 1 de agosto e de acordo com o Anexo I do Decreto-Lei n.º 152/97, de 19 de junho, com as alterações introduzidas pelos Decretos-Lei n.º 348/98, de 9 de novembro, n.º 149/2004, de 22 de junho e n.º 198/2008, de 8 de outubro: verificação do n.º mínimo anual de amostras, verificação do n.º máximo de amostras não conformes e verificação do desvio aos valores paramétricos."
TUA20241122003495,1,"De acordo com o n.º6 do artigo 69º do Decreto-Lei nº 236/98, de 1 de agosto e de acordo com o Anexo I do Decreto-Lei n.º 152/97, de 19 de junho, com as alterações introduzidas pelos Decretos-Lei n.º 348/98, de 9 de novembro, n.º 149/2004, de 22 de junho e n.º 198/2008, de 8 de outubro: verificação do n.º mínimo anual de amostras, verificação do n.º máximo de amostras não conformes e verificação do desvio aos valores paramétricos."
TUA20241122003495,T000010,"(1) De acordo com o n.º6 do artigo 69º do Decreto-Lei nº 236/98, de 1 de agosto e de acordo com o Anexo I do Decreto-Lei n.º 152/97, de 19 de junho, com as alterações introduzidas pelos Decretos-Lei n.º 348/98, de 9 de novembro, n.º 149/2004, de 22 de junho e n.º 198/2008, de 8 de outubro: verificação do n.º mínimo anual de amostras, verificação do n.º máximo de amostras não conformes e verificação do desvio aos valores paramétricos."
TUA20241210003651,1,"De acordo com o n.º6 do artigo 69º do Decreto-Lei nº 236/98, de 1 de agosto e de acordo com o Anexo I do Decreto-Lei n.º 152/97, de 19 de junho, com as alterações introduzidas pelos Decretos-Lei n.º 348/98, de 9 de novembro, n.º 149/2004, de 22 de junho e n.º 198/2008, de 8 de outubro: verificação do n.º mínimo anual de amostras, verificação do n.º máximo de amostras não conformes e verificação do desvio aos valores paramétricos."
TUA20241210003651,T000010,"(1) De acordo com o n.º6 do artigo 69º do Decreto-Lei nº 236/98, de 1 de agosto e de acordo com o Anexo I do Decreto-Lei n.º 152/97, de 19 de junho, com as alterações introduzidas pelos Decretos-Lei n.º 348/98, de 9 de novembro, n.º 149/2004, de 22 de junho e n.º 198/2008, de 8 de outubro: verificação do n.º mínimo anual de amostras, verificação do n.º máximo de amostras não conformes e verificação do desvio aos valores paramétricos."
TUA20250226000655,1,"De acordo com o artigo 69.º do Decreto-Lei n.º 236/98, de 1 de agosto. Atendendo à origem das águas residuais e aos objetivos de qualidade definidos para a massa de água recetora, o número máximo anual de amostras que podem não ser conformes não pode exceder 1 (uma) para os parâmetros pH, CBO5, CQO e SST; para o parâmetro Óleos e gorduras todas as amostras têm de ser conformes."
TUA20250226000655,T000010,"(1) De acordo com o artigo 69.º do Decreto-Lei n.º 236/98, de 1 de agosto. Atendendo à origem das águas residuais e aos objetivos de qualidade definidos para a massa de água recetora, o número máximo anual de amostras que podem não ser conformes não pode exceder 1 (uma) para os parâmetros pH, CBO5, CQO e SST; para o parâmetro Óleos e gorduras todas as amostras têm de ser conformes."
TUA20250317000834,1,"De acordo com o n.º6 do artigo 69º do Decreto-Lei nº 236/98, de 1 de agosto e de acordo com o Anexo I do Decreto-Lei n.º 152/97, de 19 de junho, com as alterações introduzidas pelos Decretos-Lei n.º 348/98, de 9 de novembro, n.º 149/2004, de 22 de junho e n.º 198/2008, de 8 de outubro: verificação do n.º mínimo anual de amostras, verificação do n.º máximo de amostras não conformes e verificação do desvio aos valores paramétricos."
TUA20250317000834,T000010,"(1) De acordo com o n.º6 do artigo 69º do Decreto-Lei nº 236/98, de 1 de agosto e de acordo com o Anexo I do Decreto-Lei n.º 152/97, de 19 de junho, com as alterações introduzidas pelos Decretos-Lei n.º 348/98, de 9 de novembro, n.º 149/2004, de 22 de junho e n.º 198/2008, de 8 de outubro: verificação do n.º mínimo anual de amostras, verificação do n.º máximo de amostras não conformes e verificação do desvio aos valores paramétricos."
TUA20250416001449,1,"De acordo com o n.º6 do artigo 69º do Decreto-Lei nº 236/98, de 1 de agosto e de acordo com o Anexo I do Decreto-Lei n.º 152/97, de 19 de junho, com as alterações introduzidas pelos Decretos-Lei n.º 348/98, de 9 de novembro, n.º 149/2004, de 22 de junho e n.º 198/2008, de 8 de outubro: verificação do n.º mínimo anual de amostras, verificação do n.º máximo de amostras não conformes e verificação do desvio aos valores paramétricos."
TUA20250416001449,T000010,"(1) De acordo com o n.º6 do artigo 69º do Decreto-Lei nº 236/98, de 1 de agosto e de acordo com o Anexo I do Decreto-Lei n.º 152/97, de 19 de junho, com as alterações introduzidas pelos Decretos-Lei n.º 348/98, de 9 de novembro, n.º 149/2004, de 22 de junho e n.º 198/2008, de 8 de outubro: verificação do n.º mínimo anual de amostras, verificação do n.º máximo de amostras não conformes e verificação do desvio aos valores paramétricos."
TUA20250602001876,1,"De acordo com o artigo 69.º do Decreto-Lei n.º 236/98, de 1 de agosto. Atendendo à origem das águas residuais e aos objetivos de qualidade definidos para a massa de água recetora, o número máximo anual de amostras que podem não ser conformes não pode exceder 1 (uma) para os parâmetros pH, CBO5 e CQO; para o parâmetro Óleos e Gorduras todas as amostras têm de ser conformes."
TUA20250602001876,T000010,"(1) De acordo com o artigo 69.º do Decreto-Lei n.º 236/98, de 1 de agosto. Atendendo à origem das águas residuais e aos objetivos de qualidade definidos para a massa de água recetora, o número máximo anual de amostras que podem não ser conformes não pode exceder 1 (uma) para os parâmetros pH, CBO5 e CQO; para o parâmetro Óleos e Gorduras todas as amostras têm de ser conformes."
TUA20250722002408,1,"De acordo com o n.º6 do artigo 69º do Decreto-Lei nº 236/98, de 1 de agosto e de acordo com o Anexo I do Decreto-Lei n.º 152/97, de 19 de junho, com as alterações introduzidas pelos Decretos-Lei n.º 348/98, de 9 de novembro, n.º 149/2004, de 22 de junho e n.º 198/2008, de 8 de outubro: verificação do n.º mínimo anual de amostras, verificação do n.º máximo de amostras não conformes e verificação do desvio aos valores paramétricos."
TUA20250722002408,T000036,"(1) De acordo com o n.º6 do artigo 69º do Decreto-Lei nº 236/98, de 1 de agosto e de acordo com o Anexo I do Decreto-Lei n.º 152/97, de 19 de junho, com as alterações introduzidas pelos Decretos-Lei n.º 348/98, de 9 de novembro, n.º 149/2004, de 22 de junho e n.º 198/2008, de 8 de outubro: verificação do n.º mínimo anual de amostras, verificação do n.º máximo de amostras não conformes e verificação do desvio aos valores paramétricos."
TUA20260202000317,1,"Considera-se que as águas residuais tratadas estão conformes com os parâmetros estabelecidos se, para cada um dos parâmetros aplicáveis, individualmente considerados, as amostras revelarem que as águas obedecem à norma de qualidade descrita nesta licença, nos seguintes termos:a) Nenhuma amostra excede o valor paramétrico em mais de 100%; e b) O número máximo anual de amostras não conformes será obtido através de relação estatística similar à aplicável às águas residuais urbanas, descrita no quadro n.º 3 do Anexo I do Decreto-Lei n.º 152/97, de 19 de junho, na sua redação atual."
TUA20260202000317,2,"Considera-se que as águas residuais tratadas estão conformes para o parâmetro pH, se as amostras revelarem que as águas obedecem à norma de qualidade descrita nesta licença, nos seguintes termos: a) Nenhuma amostra poderá se encontrar fora do intervalo 5,0 -10,0; e b) O número máximo anual de amostras não conformes será obtido através de relação estatística similar à aplicável às águas residuais urbanas, descrita no quadro n.º 3 do Anexo I do Decreto-Lei n.º 152/97, de 19 de junho, na sua redação atual."
TUA20260202000317,T000010,"(1) Considera-se que as águas residuais tratadas estão conformes com os parâmetros estabelecidos se, para cada um dos parâmetros aplicáveis, individualmente considerados, as amostras revelarem que as águas obedecem à norma de qualidade descrita nesta licença, nos seguintes termos:a) Nenhuma amostra excede o valor paramétrico em mais de 100%; e b) O número máximo anual de amostras não conformes será obtido através de relação estatística similar à aplicável às águas residuais urbanas, descrita no quadro n.º 3 do Anexo I do Decreto-Lei n.º 152/97, de 19 de junho, na sua redação atual."
TUA20260202000317,T000020,"(2) Considera-se que as águas residuais tratadas estão conformes para o parâmetro pH, se as amostras revelarem que as águas obedecem à norma de qualidade descrita nesta licença, nos seguintes termos: a) Nenhuma amostra poderá se encontrar fora do intervalo 5,0 -10,0; e b) O número máximo anual de amostras não conformes será obtido através de relação estatística similar à aplicável às águas residuais urbanas, descrita no quadro n.º 3 do Anexo I do Decreto-Lei n.º 152/97, de 19 de junho, na sua redação atual."
