Nº TUA,Código,Código TURH,Condição,Código Utilização
TUA20220411000574,T000047,L006681.2022.RH5A,As intervenções na faixa marginal afeta ao domínio hídrico só deverão ser efetuadas após a autorização dos proprietários dos terrenos marginais.,
TUA20220411000574,T000048,L006681.2022.RH5A,O titular obriga-se a implementar as medidas de prevenção de acidentes e de emergência descritas no projeto.,
TUA20220411000574,T000049,L006681.2022.RH5A,Impende sobre o titular desta licença a responsabilidade de verificar o cumprimento das normas constantes na autorização de descarga supra mencionada.,
TUA20220411000574,T000050,L006681.2022.RH5A,"O titular obriga-se a observar todos os preceitos legais no que concerne a segurança, gestão de resíduos e conservação da natureza e também a legislação e os regulamentos específicos das atividades complementares que simultaneamente venham a ser desenvolvidas no local.",
TUA20220411000574,T000051,L006681.2022.RH5A,O titular obriga-se a manter o sistema de tratamento adotado em bom estado de funcionamento e conservação.,
TUA20220411000574,T000052,L006681.2022.RH5A,"O titular obriga-se a manter um registo atualizado dos valores do autocontrolo, para efeitos de inspeção ou fiscalização por parte das Entidades Competentes.",
TUA20220411000574,T000053,L006681.2022.RH5A,O titular obriga-se a implementar o programa de autocontrolo descrito no respetivo Anexo e a enviar à Entidade Licenciadora os dados obtidos com o formato e periodicidade definidos no mesmo.,
TUA20220411000574,T000054,L006681.2022.RH5A,"Sempre que forem autorizadas descargas de águas residuais de indústrias localizadas fora da malha urbana, a autorização de descarga, prevista na cláusula anterior, fica sujeita à aprovação da Entidade Licenciadora.",
TUA20220411000574,T000055,L006681.2022.RH5A,"O titular da licença deve respeitar as condições de descarga indicadas no respetivo Anexo, não podendo efetuar qualquer operação deliberada de diluição das águas residuais. A avaliação de conformidade é determinada com base nos parâmetros definidos e de acordo com o mencionado no Anexo.",
TUA20220411000574,T000056,L006681.2022.RH5A,"Sempre que se verifique a necessidade de proceder a uma rejeição de emergência da(s) Estação(ões) Elevatória(s), o titular deverá de imediato tomar todas as medidas com vista a minimizar os efeitos daí decorrentes e comunicar a ocorrência à Entidade Licenciadora num prazo máximo de 24 horas seguintes à mesma.",
TUA20220411000574,T000057,L006681.2022.RH5A,"A ligação, às redes de drenagem da ETAR geridas pelo titular desta licença, das águas residuais de atividades económicas ou serviços localizados dentro da malha urbana ou diretamente na ETAR que produzam ou utilizem substâncias classificadas como poluentes específicos e/ou substâncias prioritárias/perigosas prioritárias para os meios aquáticos ou que sejam suscetíveis de comprometer o cumprimento das condições impostas nesta licença, nos termos do regulamento previsto no artigo 9º, do Decreto-Lei n.º 152/97, de 19 de junho, com as alterações introduzidas pelos Decretos-Leis n.os 348/98, de 9 de novembro, e 149/2004, de 22 de junho e 198/2008, de 8 de outubro, deve ser encarada com precaução, não podendo, em quaisquer circunstâncias, comprometer o cumprimento das condições impostas nesta licença.",
TUA20220411000574,T000058,L006681.2022.RH5A,"Para efeitos de fiscalização ou inspeção poderão ser recolhidas amostras compostas num dado período temporal, inferior a 24 horas, em função do caudal. Caso o sistema não disponha de medidor de caudal com registo automático, será utilizado o caudal máximo previsto no título para efeitos de avaliação da respetiva conformidade das amostras.",
TUA20220411000574,T000059,L006681.2022.RH5A,As condições de descarga poderão vir a ser alteradas em função dos resultados do autocontrolo e da evolução da qualidade do meio recetor ou de outras restrições de utilização local que o justifiquem.,
TUA20220411000574,T000060,L006681.2022.RH5A,"Qualquer alteração no funcionamento do sistema de produção e/ou de tratamento, mesmo que não prejudique as condições impostas nesta licença, deve ser comunicada à Entidade Licenciadora no prazo máximo de cinco dias.",
TUA20220411000574,T000061,L006681.2022.RH5A,"Qualquer descarga de águas residuais urbanas e/ou industriais, bem como de outras atividades económicas ou serviços, nas redes de drenagem ou diretamente na ETAR, só poderá ocorrer mediante autorização do titular da presente licença e ficará sujeita às disposições constantes dessa autorização não podendo, em qualquer caso, comprometer o cumprimento das condições impostas nesta licença. Qualquer nova situação desta natureza deverá ser comunicada à Entidade Licenciadora.",
TUA20220411000574,T000062,L006681.2022.RH5A,"Não deverá ocorrer obstrução da linha de água, promovendo o titular a limpeza de todos os materiais que eventualmente caiam para a mesma. As intervenções deverão ser executadas de forma a evitar que as escorrências e/ou detritos sejam lançados na linha de água ou colocados nas suas margens.",
TUA20220411000574,T000063,L006681.2022.RH5A,"A descarga das águas residuais na água não deve provocar alteração da sua qualidade, nem colocar em risco os seus usos, sendo efetuada de modo a não prejudicar o escoamento natural da corrente e a não contribuir para o aumento dos riscos de erosão no local, ficando o titular responsável pela tomada das medidas consideradas necessárias para a correção das situações que possam ocorrer.",
TUA20220411000574,T000064,L006681.2022.RH5A,"O titular obriga-se a efetuar as ações de manutenção, preventivas e corretivas, necessárias ao bom funcionamento da ETAR, incluindo a limpeza dos respetivos órgãos de tratamento devendo guardar os registos detalhados da sua realização, com indicação do destino final das lamas ou outros resíduos produzidos, para efeitos de inspeção ou fiscalização por parte das Entidades Competentes.",
TUA20220411000574,T000065,L006681.2022.RH5A,O titular assume a responsabilidade pela eficiência e eficácia dos processos de tratamento e dos procedimentos a adotar com vista a minimizar os efeitos decorrentes da rejeição de águas residuais e a cumprir os objetivos de qualidade definidos para a massa de água recetora.,
TUA20220420000646,T000047,L006976.2022.RH5A,O titular obriga-se a implementar as medidas de prevenção de acidentes e de emergência descritas no projeto.,
TUA20220420000646,T000048,L006976.2022.RH5A,Impende sobre o titular desta licença a responsabilidade de verificar o cumprimento das normas constantes na autorização de descarga supra mencionada.,
TUA20220420000646,T000049,L006976.2022.,"O titular obriga-se a observar todos os preceitos legais no que concerne a segurança, gestão de resíduos e conservação da natureza e também a",
TUA20220420000646,,RH5A,legislação e os regulamentos específicos das atividades complementares que simultaneamente venham a ser desenvolvidas no local.,
TUA20220420000646,T000050,L006976.2022.RH5A,O titular obriga-se a manter o sistema de tratamento adotado em bom estado de funcionamento e conservação.,
TUA20220420000646,T000051,L006976.2022.RH5A,"O titular obriga-se a manter um registo atualizado dos valores do autocontrolo, para efeitos de inspeção ou fiscalização por parte das Entidades Competentes.",
TUA20220420000646,T000052,L006976.2022.RH5A,O titular obriga-se a implementar o programa de autocontrolo descrito no respetivo Anexo e a enviar à Entidade Licenciadora os dados obtidos com o formato e periodicidade definidos no mesmo.,
TUA20220420000646,T000053,L006976.2022.RH5A,"Sempre que forem autorizadas descargas de águas residuais de indústrias localizadas fora da malha urbana, a autorização de descarga, prevista na cláusula anterior, fica sujeita à aprovação da Entidade Licenciadora.",
TUA20220420000646,T000054,L006976.2022.RH5A,"O titular da licença deve respeitar as condições de descarga indicadas no respetivo Anexo, não podendo efetuar qualquer operação deliberada de diluição das águas residuais. A avaliação de conformidade é determinada com base nos parâmetros definidos e de acordo com o mencionado no Anexo.",
TUA20220420000646,T000055,L006976.2022.RH5A,"Sempre que se verifique a necessidade de proceder a uma rejeição de emergência da(s) Estação(ões) Elevatória(s), o titular deverá de imediato tomar todas as medidas com vista a minimizar os efeitos daí decorrentes e comunicar a ocorrência à Entidade Licenciadora num prazo máximo de 24 horas seguintes à mesma.",
TUA20220420000646,T000056,L006976.2022.RH5A,Fazem parte integrante do presente título todos os anexos autenticados que o acompanham.,
TUA20220420000646,T000057,L006976.2022.RH5A,"Como medida preventiva e minimizadora das consequências inerentes a uma rejeição de emergência no domínio hídrico, o titular deverá diligenciar no sentido de dotar a(s) Estação(ões) Elevatória(s) de um gerador de emergência.",
TUA20220420000646,T000058,L006976.2022.RH5A,"A ligação, às redes de drenagem da ETAR geridas pelo titular desta licença, das águas residuais de atividades económicas ou serviços localizados dentro da malha urbana ou diretamente na ETAR que produzam ou utilizem substâncias classificadas como poluentes específicos e/ou substâncias prioritárias/perigosas prioritárias para os meios aquáticos ou que sejam suscetíveis de comprometer o cumprimento das condições impostas nesta licença, nos termos do regulamento previsto no artigo 9º, do Decreto-Lei n.º 152/97, de 19 de junho, com as alterações introduzidas pelos Decretos-Leis n.os 348/98, de 9 de novembro, e 149/2004, de 22 de junho e 198/2008, de 8 de outubro, deve ser encarada com precaução, não podendo, em quaisquer circunstâncias, comprometer o cumprimento das condições impostas nesta licença.",
TUA20220420000646,T000059,L006976.2022.RH5A,"Para efeitos de fiscalização ou inspeção poderão ser recolhidas amostras compostas num dado período temporal, inferior a 24 horas, em função do caudal. Caso o sistema não disponha de medidor de caudal com registo automático, será utilizado o caudal máximo previsto no título para efeitos de avaliação da respetiva conformidade das amostras.",
TUA20220420000646,T000060,L006976.2022.RH5A,As condições de descarga poderão vir a ser alteradas em função dos resultados do autocontrolo e da evolução da qualidade do meio recetor ou de outras restrições de utilização local que o justifiquem.,
TUA20220420000646,T000061,L006976.2022.RH5A,"Qualquer alteração no funcionamento do sistema de produção e/ou de tratamento, mesmo que não prejudique as condições impostas nesta licença, deve ser comunicada à Entidade Licenciadora no prazo máximo de cinco dias.",
TUA20220420000646,T000062,L006976.2022.RH5A,"Qualquer descarga de águas residuais urbanas e/ou industriais, bem como de outras atividades económicas ou serviços, nas redes de drenagem ou diretamente na ETAR, só poderá ocorrer mediante autorização do titular da presente licença e ficará sujeita às disposições constantes dessa autorização não podendo, em qualquer caso, comprometer o cumprimento das condições impostas nesta licença. Qualquer nova situação desta natureza deverá ser comunicada à Entidade Licenciadora.",
TUA20220420000646,T000063,L006976.2022.RH5A,"Não deverá ocorrer obstrução da linha de água, promovendo o titular a limpeza de todos os materiais que eventualmente caiam para a mesma. As intervenções deverão ser executadas de forma a evitar que as escorrências e/ou detritos sejam lançados na linha de água ou colocados nas suas margens.",
TUA20220420000646,T000064,L006976.2022.RH5A,"A descarga das águas residuais na água não deve provocar alteração da sua qualidade, nem colocar em risco os seus usos, sendo efetuada de modo a não prejudicar o escoamento natural da corrente e a não contribuir para o aumento dos riscos de erosão no local, ficando o titular responsável pela tomada das medidas consideradas necessárias para a correção das situações que possam ocorrer.",
TUA20220420000646,T000065,L006976.2022.RH5A,"O titular obriga-se a efetuar as ações de manutenção, preventivas e corretivas, necessárias ao bom funcionamento da ETAR, incluindo a limpeza dos respetivos órgãos de tratamento devendo guardar os registos detalhados da sua realização, com indicação do destino final das lamas ou outros resíduos produzidos, para efeitos de inspeção ou fiscalização por parte das Entidades Competentes.",
TUA20220420000646,T000066,L006976.2022.RH5A,O titular assume a responsabilidade pela eficiência e eficácia dos processos de tratamento e dos procedimentos a adotar com vista a minimizar os efeitos decorrentes da rejeição de águas residuais e a cumprir os objetivos de qualidade definidos para a massa de água recetora.,
TUA20220511000842,T000056,L008397.2022.RH5A,As intervenções na faixa marginal afeta ao domínio hídrico só deverão ser efetuadas após a autorização dos proprietários dos terrenos marginais.,
TUA20220511000842,T000057,L008397.2022.RH5A,O titular obriga-se a implementar as medidas de prevenção de acidentes e de emergência descritas no projeto.,
TUA20220511000842,T000058,L008397.2022.RH5A,"Não poderão ser ocupadas áreas do Domínio Hídrico (leito e margens do curso de água), para instalação de estaleiros e depósitos de materiais.",
TUA20220511000842,T000059,L008397.2022.RH5A,"O titular obriga-se a garantir que os órgãos de tratamento, à exceção dos de infiltração no solo, são completamente estanques.",
TUA20220511000842,T000060,L008397.2022.RH5A,Impende sobre o titular desta licença a responsabilidade de verificar o cumprimento das normas constantes na autorização de descarga supra mencionada.,
TUA20220511000842,T000061,L008397.2022.RH5A,"O titular obriga-se a observar todos os preceitos legais no que concerne a segurança, gestão de resíduos e conservação da natureza e também a legislação e os regulamentos específicos das atividades complementares que simultaneamente venham a ser desenvolvidas no local.",
TUA20220511000842,T000062,L008397.2022.RH5A,O titular obriga-se a manter o sistema de tratamento adotado em bom estado de funcionamento e conservação.,
TUA20220511000842,T000063,L008397.2022.RH5A,"Os atravessamentos de linhas de água devem ser perpendiculares às mesmas, não poderão diminuir as secções de vazão, devendo as condutas serem revestidas e implantadas a cota tal que permita futuros trabalhos de limpeza e desobstrução das linhas de água, evitando-se, assim, a ocorrência de eventuais acidentes.",
TUA20220511000842,T000064,L008397.2022.,"O titular obriga-se a manter um registo atualizado dos valores do autocontrolo, para efeitos de inspeção ou fiscalização por parte das Entidades",
TUA20220511000842,,RH5A,Competentes.,
TUA20220511000842,T000065,L008397.2022.RH5A,O titular obriga-se a implementar o programa de autocontrolo descrito no respetivo Anexo e a enviar à Entidade Licenciadora os dados obtidos com o formato e periodicidade definidos no mesmo.,
TUA20220511000842,T000066,L008397.2022.RH5A,"Sempre que forem autorizadas descargas de águas residuais de indústrias localizadas fora da malha urbana, a autorização de descarga, prevista na cláusula anterior, fica sujeita à aprovação da Entidade Licenciadora.",
TUA20220511000842,T000067,L008397.2022.RH5A,"O titular da licença deve respeitar as condições de descarga indicadas no respetivo Anexo, não podendo efetuar qualquer operação deliberada de diluição das águas residuais. A avaliação de conformidade é determinada com base nos parâmetros definidos e de acordo com o mencionado no Anexo.",
TUA20220511000842,T000068,L008397.2022.RH5A,Fazem parte integrante do presente título todos os anexos autenticados que o acompanham.,
TUA20220511000842,T000069,L008397.2022.RH5A,"Como medida preventiva e minimizadora das consequências inerentes a uma rejeição de emergência no domínio hídrico, o titular deverá diligenciar no sentido de dotar a(s) Estação(ões) Elevatória(s) de um gerador de emergência.",
TUA20220511000842,T000070,L008397.2022.RH5A,"A ligação, às redes de drenagem da ETAR geridas pelo titular desta licença, das águas residuais de atividades económicas ou serviços localizados dentro da malha urbana ou diretamente na ETAR que produzam ou utilizem substâncias classificadas como poluentes específicos e/ou substâncias prioritárias/perigosas prioritárias para os meios aquáticos ou que sejam suscetíveis de comprometer o cumprimento das condições impostas nesta licença, nos termos do regulamento previsto no artigo 9º, do Decreto-Lei n.º 152/97, de 19 de junho, com as alterações introduzidas pelos Decretos-Leis n.os 348/98, de 9 de novembro, e 149/2004, de 22 de junho e 198/2008, de 8 de outubro, deve ser encarada com precaução, não podendo, em quaisquer circunstâncias, comprometer o cumprimento das condições impostas nesta licença.",
TUA20220511000842,T000071,L008397.2022.RH5A,"Todas as intervenções a efetuar na margem da linha de água deverão culminar com a reposição da situação inicial. No final da obra deverão ser retirados todos os materiais de construção que eventualmente se encontrem no leito e margens da linha de água, devendo os mesmos ficar devidamente regularizados e compactados de modo a que sejam repostas as condições verificadas antes da obra.",
TUA20220511000842,T000072,L008397.2022.RH5A,"Para efeitos de fiscalização ou inspeção poderão ser recolhidas amostras compostas num dado período temporal, inferior a 24 horas, em função do caudal. Caso o sistema não disponha de medidor de caudal com registo automático, será utilizado o caudal máximo previsto no título para efeitos de avaliação da respetiva conformidade das amostras.",
TUA20220511000842,T000073,L008397.2022.RH5A,As condições de descarga poderão vir a ser alteradas em função dos resultados do autocontrolo e da evolução da qualidade do meio recetor ou de outras restrições de utilização local que o justifiquem.,
TUA20220511000842,T000074,L008397.2022.RH5A,"Qualquer alteração no funcionamento do sistema de produção e/ou de tratamento, mesmo que não prejudique as condições impostas nesta licença, deve ser comunicada à Entidade Licenciadora no prazo máximo de cinco dias.",
TUA20220511000842,T000075,L008397.2022.RH5A,"Qualquer descarga de águas residuais urbanas e/ou industriais, bem como de outras atividades económicas ou serviços, nas redes de drenagem ou diretamente na ETAR, só poderá ocorrer mediante autorização do titular da presente licença e ficará sujeita às disposições constantes dessa autorização não podendo, em qualquer caso, comprometer o cumprimento das condições impostas nesta licença. Qualquer nova situação desta natureza deverá ser comunicada à Entidade Licenciadora.",
TUA20220511000842,T000076,L008397.2022.RH5A,"Não deverá ocorrer obstrução da linha de água, promovendo o titular a limpeza de todos os materiais que eventualmente caiam para a mesma. As intervenções deverão ser executadas de forma a evitar que as escorrências e/ou detritos sejam lançados na linha de água ou colocados nas suas margens.",
TUA20220511000842,T000077,L008397.2022.RH5A,"A descarga das águas residuais na água não deve provocar alteração da sua qualidade, nem colocar em risco os seus usos, sendo efetuada de modo a não prejudicar o escoamento natural da corrente e a não contribuir para o aumento dos riscos de erosão no local, ficando o titular responsável pela tomada das medidas consideradas necessárias para a correção das situações que possam ocorrer.",
TUA20220511000842,T000078,L008397.2022.RH5A,"O titular obriga-se a efetuar as ações de manutenção, preventivas e corretivas, necessárias ao bom funcionamento da ETAR, incluindo a limpeza dos respetivos órgãos de tratamento devendo guardar os registos detalhados da sua realização, com indicação do destino final das lamas ou outros resíduos produzidos, para efeitos de inspeção ou fiscalização por parte das Entidades Competentes.",
TUA20220511000842,T000079,L008397.2022.RH5A,O titular assume a responsabilidade pela eficiência e eficácia dos processos de tratamento e dos procedimentos a adotar com vista a minimizar os efeitos decorrentes da rejeição de águas residuais e a cumprir os objetivos de qualidade definidos para a massa de água recetora.,
TUA20220511000844,T000046,L007123.2022.RH5A,As intervenções na faixa marginal afeta ao domínio hídrico só deverão ser efetuadas após a autorização dos proprietários dos terrenos marginais.,
TUA20220511000844,T000047,L007123.2022.RH5A,O titular obriga-se a implementar as medidas de prevenção de acidentes e de emergência descritas no projeto.,
TUA20220511000844,T000048,L007123.2022.RH5A,"Não poderão ser ocupadas áreas do Domínio Hídrico (leito e margens do curso de água), para instalação de estaleiros e depósitos de materiais.",
TUA20220511000844,T000049,L007123.2022.RH5A,"O titular obriga-se a garantir que os órgãos de tratamento, à exceção dos de infiltração no solo, são completamente estanques.",
TUA20220511000844,T000050,L007123.2022.RH5A,Impende sobre o titular desta licença a responsabilidade de verificar o cumprimento das normas constantes na autorização de descarga supra mencionada.,
TUA20220511000844,T000051,L007123.2022.RH5A,"O titular obriga-se a observar todos os preceitos legais no que concerne a segurança, gestão de resíduos e conservação da natureza e também a legislação e os regulamentos específicos das atividades complementares que simultaneamente venham a ser desenvolvidas no local.",
TUA20220511000844,T000052,L007123.2022.RH5A,O titular obriga-se a manter o sistema de tratamento adotado em bom estado de funcionamento e conservação.,
TUA20220511000844,T000053,L007123.2022.RH5A,"Os atravessamentos de linhas de água devem ser perpendiculares às mesmas, não poderão diminuir as secções de vazão, devendo as condutas serem revestidas e implantadas a cota tal que permita futuros trabalhos de limpeza e desobstrução das linhas de água, evitando-se, assim, a ocorrência de eventuais acidentes.",
TUA20220511000844,T000054,L007123.2022.RH5A,"O titular obriga-se a manter um registo atualizado dos valores do autocontrolo, para efeitos de inspeção ou fiscalização por parte das Entidades Competentes.",
TUA20220511000844,T000055,L007123.2022.RH5A,O titular obriga-se a implementar o programa de autocontrolo descrito no respetivo Anexo e a enviar à Entidade Licenciadora os dados obtidos com o formato e periodicidade definidos no mesmo.,
TUA20220511000844,T000056,L007123.2022.RH5A,"Sempre que forem autorizadas descargas de águas residuais de indústrias localizadas fora da malha urbana, a autorização de descarga, prevista na cláusula anterior, fica sujeita à aprovação da Entidade Licenciadora.",
TUA20220511000844,T000057,L007123.2022.RH5A,"O titular da licença deve respeitar as condições de descarga indicadas no respetivo Anexo, não podendo efetuar qualquer operação deliberada de diluição das águas residuais. A avaliação de conformidade é determinada com base nos parâmetros definidos e de acordo com o mencionado no Anexo.",
TUA20220511000844,T000058,L007123.2022.RH5A,Fazem parte integrante do presente título todos os anexos autenticados que o acompanham.,
TUA20220511000844,T000059,L007123.2022.RH5A,"Como medida preventiva e minimizadora das consequências inerentes a uma rejeição de emergência no domínio hídrico, o titular deverá diligenciar no sentido de dotar a(s) Estação(ões) Elevatória(s) de um gerador de emergência.",
TUA20220511000844,T000060,L007123.2022.RH5A,"A ligação, às redes de drenagem da ETAR geridas pelo titular desta licença, das águas residuais de atividades económicas ou serviços localizados dentro da malha urbana ou diretamente na ETAR que produzam ou utilizem substâncias classificadas como poluentes específicos e/ou substâncias prioritárias/perigosas prioritárias para os meios aquáticos ou que sejam suscetíveis de comprometer o cumprimento das condições impostas nesta licença, nos termos do regulamento previsto no artigo 9º, do Decreto-Lei n.º 152/97, de 19 de junho, com as alterações introduzidas pelos Decretos-Leis n.os 348/98, de 9 de novembro, e 149/2004, de 22 de junho e 198/2008, de 8 de outubro, deve ser encarada com precaução, não podendo, em quaisquer circunstâncias, comprometer o cumprimento das condições impostas nesta licença.",
TUA20220511000844,,,Todas as intervenções a efetuar na margem da linha de água deverão culminar com a reposição da situação inicial. No final da obra deverão ser retirados,
TUA20220511000844,T000061,L007123.2022.RH5A,"todos os materiais de construção que eventualmente se encontrem no leito e margens da linha de água, devendo os mesmos ficar devidamente regularizados e compactados de modo a que sejam repostas as condições verificadas antes da obra.",
TUA20220511000844,T000062,L007123.2022.RH5A,"Para efeitos de fiscalização ou inspeção poderão ser recolhidas amostras compostas num dado período temporal, inferior a 24 horas, em função do caudal. Caso o sistema não disponha de medidor de caudal com registo automático, será utilizado o caudal máximo previsto no título para efeitos de avaliação da respetiva conformidade das amostras.",
TUA20220511000844,T000063,L007123.2022.RH5A,As condições de descarga poderão vir a ser alteradas em função dos resultados do autocontrolo e da evolução da qualidade do meio recetor ou de outras restrições de utilização local que o justifiquem.,
TUA20220511000844,T000064,L007123.2022.RH5A,"Qualquer alteração no funcionamento do sistema de produção e/ou de tratamento, mesmo que não prejudique as condições impostas nesta licença, deve ser comunicada à Entidade Licenciadora no prazo máximo de cinco dias.",
TUA20220511000844,T000065,L007123.2022.RH5A,"Qualquer descarga de águas residuais urbanas e/ou industriais, bem como de outras atividades económicas ou serviços, nas redes de drenagem ou diretamente na ETAR, só poderá ocorrer mediante autorização do titular da presente licença e ficará sujeita às disposições constantes dessa autorização não podendo, em qualquer caso, comprometer o cumprimento das condições impostas nesta licença. Qualquer nova situação desta natureza deverá ser comunicada à Entidade Licenciadora.",
TUA20220511000844,T000066,L007123.2022.RH5A,"Não deverá ocorrer obstrução da linha de água, promovendo o titular a limpeza de todos os materiais que eventualmente caiam para a mesma. As intervenções deverão ser executadas de forma a evitar que as escorrências e/ou detritos sejam lançados na linha de água ou colocados nas suas margens.",
TUA20220511000844,T000067,L007123.2022.RH5A,"A descarga das águas residuais na água não deve provocar alteração da sua qualidade, nem colocar em risco os seus usos, sendo efetuada de modo a não prejudicar o escoamento natural da corrente e a não contribuir para o aumento dos riscos de erosão no local, ficando o titular responsável pela tomada das medidas consideradas necessárias para a correção das situações que possam ocorrer.",
TUA20220511000844,T000068,L007123.2022.RH5A,"O titular obriga-se a efetuar as ações de manutenção, preventivas e corretivas, necessárias ao bom funcionamento da ETAR, incluindo a limpeza dos respetivos órgãos de tratamento devendo guardar os registos detalhados da sua realização, com indicação do destino final das lamas ou outros resíduos produzidos, para efeitos de inspeção ou fiscalização por parte das Entidades Competentes.",
TUA20220511000844,T000069,L007123.2022.RH5A,O titular assume a responsabilidade pela eficiência e eficácia dos processos de tratamento e dos procedimentos a adotar com vista a minimizar os efeitos decorrentes da rejeição de águas residuais e a cumprir os objetivos de qualidade definidos para a massa de água recetora.,
TUA20220511000845,T000047,L006972.2022.RH5A,As intervenções na faixa marginal afeta ao domínio hídrico só deverão ser efetuadas após a autorização dos proprietários dos terrenos marginais.,
TUA20220511000845,T000048,L006972.2022.RH5A,O titular obriga-se a implementar as medidas de prevenção de acidentes e de emergência descritas no projeto.,
TUA20220511000845,T000049,L006972.2022.RH5A,"Não poderão ser ocupadas áreas do Domínio Hídrico (leito e margens do curso de água), para instalação de estaleiros e depósitos de materiais.",
TUA20220511000845,T000050,L006972.2022.RH5A,"O titular obriga-se a garantir que os órgãos de tratamento, à exceção dos de infiltração no solo, são completamente estanques.",
TUA20220511000845,T000051,L006972.2022.RH5A,Impende sobre o titular desta licença a responsabilidade de verificar o cumprimento das normas constantes na autorização de descarga supra mencionada.,
TUA20220511000845,T000052,L006972.2022.RH5A,"O titular obriga-se a observar todos os preceitos legais no que concerne a segurança, gestão de resíduos e conservação da natureza e também a legislação e os regulamentos específicos das atividades complementares que simultaneamente venham a ser desenvolvidas no local.",
TUA20220511000845,T000053,L006972.2022.RH5A,O titular obriga-se a manter o sistema de tratamento adotado em bom estado de funcionamento e conservação.,
TUA20220511000845,T000054,L006972.2022.RH5A,"Os atravessamentos de linhas de água devem ser perpendiculares às mesmas, não poderão diminuir as secções de vazão, devendo as condutas serem revestidas e implantadas a cota tal que permita futuros trabalhos de limpeza e desobstrução das linhas de água, evitando-se, assim, a ocorrência de eventuais acidentes.",
TUA20220511000845,T000055,L006972.2022.RH5A,"O titular obriga-se a manter um registo atualizado dos valores do autocontrolo, para efeitos de inspeção ou fiscalização por parte das Entidades Competentes.",
TUA20220511000845,T000056,L006972.2022.RH5A,O titular obriga-se a implementar o programa de autocontrolo descrito no respetivo Anexo e a enviar à Entidade Licenciadora os dados obtidos com o formato e periodicidade definidos no mesmo.,
TUA20220511000845,T000057,L006972.2022.RH5A,"Sempre que forem autorizadas descargas de águas residuais de indústrias localizadas fora da malha urbana, a autorização de descarga, prevista na cláusula anterior, fica sujeita à aprovação da Entidade Licenciadora.",
TUA20220511000845,T000058,L006972.2022.RH5A,"O titular da licença deve respeitar as condições de descarga indicadas no respetivo Anexo, não podendo efetuar qualquer operação deliberada de diluição das águas residuais. A avaliação de conformidade é determinada com base nos parâmetros definidos e de acordo com o mencionado no Anexo.",
TUA20220511000845,T000059,L006972.2022.RH5A,Fazem parte integrante do presente título todos os anexos autenticados que o acompanham.,
TUA20220511000845,T000060,L006972.2022.RH5A,"Como medida preventiva e minimizadora das consequências inerentes a uma rejeição de emergência no domínio hídrico, o titular deverá diligenciar no sentido de dotar a(s) Estação(ões) Elevatória(s) de um gerador de emergência.",
TUA20220511000845,T000061,L006972.2022.RH5A,"A ligação, às redes de drenagem da ETAR geridas pelo titular desta licença, das águas residuais de atividades económicas ou serviços localizados dentro da malha urbana ou diretamente na ETAR que produzam ou utilizem substâncias classificadas como poluentes específicos e/ou substâncias prioritárias/perigosas prioritárias para os meios aquáticos ou que sejam suscetíveis de comprometer o cumprimento das condições impostas nesta licença, nos termos do regulamento previsto no artigo 9º, do Decreto-Lei n.º 152/97, de 19 de junho, com as alterações introduzidas pelos Decretos-Leis n.os 348/98, de 9 de novembro, e 149/2004, de 22 de junho e 198/2008, de 8 de outubro, deve ser encarada com precaução, não podendo, em quaisquer circunstâncias, comprometer o cumprimento das condições impostas nesta licença.",
TUA20220511000845,T000062,L006972.2022.RH5A,"Todas as intervenções a efetuar na margem da linha de água deverão culminar com a reposição da situação inicial. No final da obra deverão ser retirados todos os materiais de construção que eventualmente se encontrem no leito e margens da linha de água, devendo os mesmos ficar devidamente regularizados e compactados de modo a que sejam repostas as condições verificadas antes da obra.",
TUA20220511000845,,,"Para efeitos de fiscalização ou inspeção poderão ser recolhidas amostras compostas num dado período temporal, inferior a 24 horas, em função do caudal.",
TUA20220511000845,T000063,L006972.2022.RH5A,"Caso o sistema não disponha de medidor de caudal com registo automático, será utilizado o caudal máximo previsto no título para efeitos de avaliação da respetiva conformidade das amostras.",
TUA20220511000845,T000064,L006972.2022.RH5A,As condições de descarga poderão vir a ser alteradas em função dos resultados do autocontrolo e da evolução da qualidade do meio recetor ou de outras restrições de utilização local que o justifiquem.,
TUA20220511000845,T000065,L006972.2022.RH5A,"Qualquer alteração no funcionamento do sistema de produção e/ou de tratamento, mesmo que não prejudique as condições impostas nesta licença, deve ser comunicada à Entidade Licenciadora no prazo máximo de cinco dias.",
TUA20220511000845,T000066,L006972.2022.RH5A,"Qualquer descarga de águas residuais urbanas e/ou industriais, bem como de outras atividades económicas ou serviços, nas redes de drenagem ou diretamente na ETAR, só poderá ocorrer mediante autorização do titular da presente licença e ficará sujeita às disposições constantes dessa autorização não podendo, em qualquer caso, comprometer o cumprimento das condições impostas nesta licença. Qualquer nova situação desta natureza deverá ser comunicada à Entidade Licenciadora.",
TUA20220511000845,T000067,L006972.2022.RH5A,"Não deverá ocorrer obstrução da linha de água, promovendo o titular a limpeza de todos os materiais que eventualmente caiam para a mesma. As intervenções deverão ser executadas de forma a evitar que as escorrências e/ou detritos sejam lançados na linha de água ou colocados nas suas margens.",
TUA20220511000845,T000068,L006972.2022.RH5A,"A descarga das águas residuais na água não deve provocar alteração da sua qualidade, nem colocar em risco os seus usos, sendo efetuada de modo a não prejudicar o escoamento natural da corrente e a não contribuir para o aumento dos riscos de erosão no local, ficando o titular responsável pela tomada das medidas consideradas necessárias para a correção das situações que possam ocorrer.",
TUA20220511000845,T000069,L006972.2022.RH5A,"O titular obriga-se a efetuar as ações de manutenção, preventivas e corretivas, necessárias ao bom funcionamento da ETAR, incluindo a limpeza dos respetivos órgãos de tratamento devendo guardar os registos detalhados da sua realização, com indicação do destino final das lamas ou outros resíduos produzidos, para efeitos de inspeção ou fiscalização por parte das Entidades Competentes.",
TUA20220511000845,T000070,L006972.2022.RH5A,O titular assume a responsabilidade pela eficiência e eficácia dos processos de tratamento e dos procedimentos a adotar com vista a minimizar os efeitos decorrentes da rejeição de águas residuais e a cumprir os objetivos de qualidade definidos para a massa de água recetora.,
TUA20220718001522,T000051,L012980.2022.RH5A,O titular obriga-se a implementar as medidas de prevenção de acidentes e de emergência descritas no projeto.,
TUA20220718001522,T000052,L012980.2022.RH5A,Impende sobre o titular desta licença a responsabilidade de verificar o cumprimento das normas constantes na autorização de descarga supra mencionada.,
TUA20220718001522,T000053,L012980.2022.RH5A,"O titular obriga-se a observar todos os preceitos legais no que concerne a segurança, gestão de resíduos e conservação da natureza e também a legislação e os regulamentos específicos das atividades complementares que simultaneamente venham a ser desenvolvidas no local.",
TUA20220718001522,T000054,L012980.2022.RH5A,O titular obriga-se a manter o sistema de tratamento adotado em bom estado de funcionamento e conservação.,
TUA20220718001522,T000055,L012980.2022.,"O titular obriga-se a manter um registo atualizado dos valores do autocontrolo, para efeitos de inspeção ou fiscalização por parte das Entidades",
TUA20220718001522,,RH5A,Competentes.,
TUA20220718001522,T000056,L012980.2022.RH5A,O titular obriga-se a implementar o programa de autocontrolo descrito no respetivo Anexo e a enviar à Entidade Licenciadora os dados obtidos com o formato e periodicidade definidos no mesmo.,
TUA20220718001522,T000057,L012980.2022.RH5A,"Sempre que forem autorizadas descargas de águas residuais de indústrias localizadas fora da malha urbana, a autorização de descarga, prevista na cláusula anterior, fica sujeita à aprovação da Entidade Licenciadora.",
TUA20220718001522,T000058,L012980.2022.RH5A,"O titular da licença deve respeitar as condições de descarga indicadas no respetivo Anexo, não podendo efetuar qualquer operação deliberada de diluição das águas residuais. A avaliação de conformidade é determinada com base nos parâmetros definidos e de acordo com o mencionado no Anexo.",
TUA20220718001522,T000059,L012980.2022.RH5A,"Sempre que se verifique a necessidade de proceder a uma rejeição de emergência da(s) Estação(ões) Elevatória(s), o titular deverá de imediato tomar todas as medidas com vista a minimizar os efeitos daí decorrentes e comunicar a ocorrência à Entidade Licenciadora num prazo máximo de 24 horas seguintes à mesma.",
TUA20220718001522,T000060,L012980.2022.RH5A,Fazem parte integrante do presente título todos os anexos autenticados que o acompanham.,
TUA20220718001522,T000061,L012980.2022.RH5A,"A ligação, às redes de drenagem da ETAR geridas pelo titular desta licença, das águas residuais de atividades económicas ou serviços localizados dentro da malha urbana ou diretamente na ETAR que produzam ou utilizem substâncias classificadas como poluentes específicos e/ou substâncias prioritárias/perigosas prioritárias para os meios aquáticos ou que sejam suscetíveis de comprometer o cumprimento das condições impostas nesta licença, nos termos do regulamento previsto no artigo 9º, do Decreto-Lei n.º 152/97, de 19 de junho, com as alterações introduzidas pelos Decretos-Leis n.os 348/98, de 9 de novembro, e 149/2004, de 22 de junho e 198/2008, de 8 de outubro, deve ser encarada com precaução, não podendo, em quaisquer circunstâncias, comprometer o cumprimento das condições impostas nesta licença.",
TUA20220718001522,T000062,L012980.2022.RH5A,"Para efeitos de fiscalização ou inspeção poderão ser recolhidas amostras compostas num dado período temporal, inferior a 24 horas, em função do caudal. Caso o sistema não disponha de medidor de caudal com registo automático, será utilizado o caudal máximo previsto no título para efeitos de avaliação da respetiva conformidade das amostras.",
TUA20220718001522,T000063,L012980.2022.RH5A,As condições de descarga poderão vir a ser alteradas em função dos resultados do autocontrolo e da evolução da qualidade do meio recetor ou de outras restrições de utilização local que o justifiquem.,
TUA20220718001522,T000064,L012980.2022.RH5A,"Qualquer alteração no funcionamento do sistema de produção e/ou de tratamento, mesmo que não prejudique as condições impostas nesta licença, deve ser comunicada à Entidade Licenciadora no prazo máximo de cinco dias.",
TUA20220718001522,T000065,L012980.2022.RH5A,"Qualquer descarga de águas residuais urbanas e/ou industriais, bem como de outras atividades económicas ou serviços, nas redes de drenagem ou diretamente na ETAR, só poderá ocorrer mediante autorização do titular da presente licença e ficará sujeita às disposições constantes dessa autorização não podendo, em qualquer caso, comprometer o cumprimento das condições impostas nesta licença. Qualquer nova situação desta natureza deverá ser comunicada à Entidade Licenciadora.",
TUA20220718001522,T000066,L012980.2022.RH5A,"Não deverá ocorrer obstrução da linha de água, promovendo o titular a limpeza de todos os materiais que eventualmente caiam para a mesma. As intervenções deverão ser executadas de forma a evitar que as escorrências e/ou detritos sejam lançados na linha de água ou colocados nas suas margens.",
TUA20220718001522,T000067,L012980.2022.RH5A,"A descarga das águas residuais na água não deve provocar alteração da sua qualidade, nem colocar em risco os seus usos, sendo efetuada de modo a não prejudicar o escoamento natural da corrente e a não contribuir para o aumento dos riscos de erosão no local, ficando o titular responsável pela tomada das medidas consideradas necessárias para a correção das situações que possam ocorrer.",
TUA20220718001522,T000068,L012980.2022.RH5A,"O titular obriga-se a efetuar as ações de manutenção, preventivas e corretivas, necessárias ao bom funcionamento da ETAR, incluindo a limpeza dos respetivos órgãos de tratamento devendo guardar os registos detalhados da sua realização, com indicação do destino final das lamas ou outros resíduos produzidos, para efeitos de inspeção ou fiscalização por parte das Entidades Competentes.",
TUA20220718001522,T000069,L012980.2022.RH5A,O titular assume a responsabilidade pela eficiência e eficácia dos processos de tratamento e dos procedimentos a adotar com vista a minimizar os efeitos decorrentes da rejeição de águas residuais e a cumprir os objetivos de qualidade definidos para a massa de água recetora.,
TUA20220720001537,T000062,L013050.2022.RH5A,O titular obriga-se a implementar as medidas de prevenção de acidentes e de emergência descritas no projeto.,
TUA20220720001537,T000063,L013050.2022.RH5A,Impende sobre o titular desta licença a responsabilidade de verificar o cumprimento das normas constantes na autorização de descarga supra mencionada.,
TUA20220720001537,T000064,L013050.2022.RH5A,"O titular obriga-se a observar todos os preceitos legais no que concerne a segurança, gestão de resíduos e conservação da natureza e também a legislação e os regulamentos específicos das atividades complementares que simultaneamente venham a ser desenvolvidas no local.",
TUA20220720001537,T000065,L013050.2022.RH5A,O titular obriga-se a manter o sistema de tratamento adotado em bom estado de funcionamento e conservação.,
TUA20220720001537,T000066,L013050.2022.RH5A,"O titular obriga-se a manter um registo atualizado dos valores do autocontrolo, para efeitos de inspeção ou fiscalização por parte das Entidades Competentes.",
TUA20220720001537,T000067,L013050.2022.RH5A,O titular obriga-se a implementar o programa de autocontrolo descrito no respetivo Anexo e a enviar à Entidade Licenciadora os dados obtidos com o formato e periodicidade definidos no mesmo.,
TUA20220720001537,T000068,L013050.2022.RH5A,"Sempre que forem autorizadas descargas de águas residuais de indústrias localizadas fora da malha urbana, a autorização de descarga, prevista na cláusula anterior, fica sujeita à aprovação da Entidade Licenciadora.",
TUA20220720001537,T000069,L013050.2022.RH5A,"O titular da licença deve respeitar as condições de descarga indicadas no respetivo Anexo, não podendo efetuar qualquer operação deliberada de diluição das águas residuais. A avaliação de conformidade é determinada com base nos parâmetros definidos e de acordo com o mencionado no Anexo.",
TUA20220720001537,T000070,L013050.2022.RH5A,"Sempre que se verifique a necessidade de proceder a uma rejeição de emergência da(s) Estação(ões) Elevatória(s), o titular deverá de imediato tomar todas as medidas com vista a minimizar os efeitos daí decorrentes e comunicar a ocorrência à Entidade Licenciadora num prazo máximo de 24 horas seguintes à mesma.",
TUA20220720001537,T000071,L013050.2022.RH5A,Fazem parte integrante do presente título todos os anexos autenticados que o acompanham.,
TUA20220720001537,T000072,L013050.2022.RH5A,"A ligação, às redes de drenagem da ETAR geridas pelo titular desta licença, das águas residuais de atividades económicas ou serviços localizados dentro da malha urbana ou diretamente na ETAR que produzam ou utilizem substâncias classificadas como poluentes específicos e/ou substâncias prioritárias/perigosas prioritárias para os meios aquáticos ou que sejam suscetíveis de comprometer o cumprimento das condições impostas nesta licença, nos termos do regulamento previsto no artigo 9º, do Decreto-Lei n.º 152/97, de 19 de junho, com as alterações introduzidas pelos Decretos-Leis n.os 348/98, de 9 de novembro, e 149/2004, de 22 de junho e 198/2008, de 8 de outubro, deve ser encarada com precaução, não podendo, em quaisquer circunstâncias, comprometer o cumprimento das condições impostas nesta licença.",
TUA20220720001537,T000073,L013050.2022.RH5A,"Para efeitos de fiscalização ou inspeção poderão ser recolhidas amostras compostas num dado período temporal, inferior a 24 horas, em função do caudal. Caso o sistema não disponha de medidor de caudal com registo automático, será utilizado o caudal máximo previsto no título para efeitos de avaliação da respetiva conformidade das amostras.",
TUA20220720001537,T000074,L013050.2022.RH5A,As condições de descarga poderão vir a ser alteradas em função dos resultados do autocontrolo e da evolução da qualidade do meio recetor ou de outras restrições de utilização local que o justifiquem.,
TUA20220720001537,T000075,L013050.2022.RH5A,"Qualquer alteração no funcionamento do sistema de produção e/ou de tratamento, mesmo que não prejudique as condições impostas nesta licença, deve ser comunicada à Entidade Licenciadora no prazo máximo de cinco dias.",
TUA20220720001537,T000076,L013050.2022.RH5A,"Qualquer descarga de águas residuais urbanas e/ou industriais, bem como de outras atividades económicas ou serviços, nas redes de drenagem ou diretamente na ETAR, só poderá ocorrer mediante autorização do titular da presente licença e ficará sujeita às disposições constantes dessa autorização não podendo, em qualquer caso, comprometer o cumprimento das condições impostas nesta licença. Qualquer nova situação desta natureza deverá ser comunicada à Entidade Licenciadora.",
TUA20220720001537,T000077,L013050.2022.RH5A,"Não deverá ocorrer obstrução da linha de água, promovendo o titular a limpeza de todos os materiais que eventualmente caiam para a mesma. As intervenções deverão ser executadas de forma a evitar que as escorrências e/ou detritos sejam lançados na linha de água ou colocados nas suas margens.",
TUA20220720001537,T000078,L013050.2022.RH5A,"A descarga das águas residuais na água não deve provocar alteração da sua qualidade, nem colocar em risco os seus usos, sendo efetuada de modo a não prejudicar o escoamento natural da corrente e a não contribuir para o aumento dos riscos de erosão no local, ficando o titular responsável pela tomada das medidas consideradas necessárias para a correção das situações que possam ocorrer.",
TUA20220720001537,T000079,L013050.2022.RH5A,"O titular obriga-se a efetuar as ações de manutenção, preventivas e corretivas, necessárias ao bom funcionamento da ETAR, incluindo a limpeza dos respetivos órgãos de tratamento devendo guardar os registos detalhados da sua realização, com indicação do destino final das lamas ou outros resíduos produzidos, para efeitos de inspeção ou fiscalização por parte das Entidades Competentes.",
TUA20220720001537,T000080,L013050.2022.RH5A,O titular assume a responsabilidade pela eficiência e eficácia dos processos de tratamento e dos procedimentos a adotar com vista a minimizar os efeitos decorrentes da rejeição de águas residuais e a cumprir os objetivos de qualidade definidos para a massa de água recetora.,
TUA20220720001538,T000051,L012836.2022.RH5A,O titular obriga-se a implementar as medidas de prevenção de acidentes e de emergência descritas no projeto.,
TUA20220720001538,T000052,L012836.2022.RH5A,Impende sobre o titular desta licença a responsabilidade de verificar o cumprimento das normas constantes na autorização de descarga supra mencionada.,
TUA20220720001538,T000053,L012836.2022.RH5A,"O titular obriga-se a observar todos os preceitos legais no que concerne a segurança, gestão de resíduos e conservação da natureza e também a legislação e os regulamentos específicos das atividades complementares que simultaneamente venham a ser desenvolvidas no local.",
TUA20220720001538,T000054,L012836.2022.RH5A,O titular obriga-se a manter o sistema de tratamento adotado em bom estado de funcionamento e conservação.,
TUA20220720001538,T000055,L012836.2022.RH5A,"O titular obriga-se a manter um registo atualizado dos valores do autocontrolo, para efeitos de inspeção ou fiscalização por parte das Entidades Competentes.",
TUA20220720001538,T000056,L012836.2022.RH5A,O titular obriga-se a implementar o programa de autocontrolo descrito no respetivo Anexo e a enviar à Entidade Licenciadora os dados obtidos com o formato e periodicidade definidos no mesmo.,
TUA20220720001538,T000057,L012836.2022.RH5A,"Sempre que forem autorizadas descargas de águas residuais de indústrias localizadas fora da malha urbana, a autorização de descarga, prevista na cláusula anterior, fica sujeita à aprovação da Entidade Licenciadora.",
TUA20220720001538,T000058,L012836.2022.RH5A,"O titular da licença deve respeitar as condições de descarga indicadas no respetivo Anexo, não podendo efetuar qualquer operação deliberada de diluição das águas residuais. A avaliação de conformidade é determinada com base nos parâmetros definidos e de acordo com o mencionado no Anexo.",
TUA20220720001538,T000059,L012836.2022.RH5A,"Sempre que se verifique a necessidade de proceder a uma rejeição de emergência da(s) Estação(ões) Elevatória(s), o titular deverá de imediato tomar todas as medidas com vista a minimizar os efeitos daí decorrentes e comunicar a ocorrência à Entidade Licenciadora num prazo máximo de 24 horas seguintes à mesma.",
TUA20220720001538,T000060,L012836.2022.RH5A,Fazem parte integrante do presente título todos os anexos autenticados que o acompanham.,
TUA20220720001538,CódigoCódigo TURHCondição,,,
TUA20220720001538,T000061,L012836.2022.RH5A,"A ligação, às redes de drenagem da ETAR geridas pelo titular desta licença, das águas residuais de atividades económicas ou serviços localizados dentro da malha urbana ou diretamente na ETAR que produzam ou utilizem substâncias classificadas como poluentes específicos e/ou substâncias prioritárias/perigosas prioritárias para os meios aquáticos ou que sejam suscetíveis de comprometer o cumprimento das condições impostas nesta licença, nos termos do regulamento previsto no artigo 9º, do Decreto-Lei n.º 152/97, de 19 de junho, com as alterações introduzidas pelos Decretos-Leis n.os 348/98, de 9 de novembro, e 149/2004, de 22 de junho e 198/2008, de 8 de outubro, deve ser encarada com precaução, não podendo, em quaisquer circunstâncias, comprometer o cumprimento das condições impostas nesta licença.",
TUA20220720001538,T000062,L012836.2022.RH5A,"Para efeitos de fiscalização ou inspeção poderão ser recolhidas amostras compostas num dado período temporal, inferior a 24 horas, em função do caudal. Caso o sistema não disponha de medidor de caudal com registo automático, será utilizado o caudal máximo previsto no título para efeitos de avaliação da respetiva conformidade das amostras.",
TUA20220720001538,T000063,L012836.2022.RH5A,As condições de descarga poderão vir a ser alteradas em função dos resultados do autocontrolo e da evolução da qualidade do meio recetor ou de outras restrições de utilização local que o justifiquem.,
TUA20220720001538,T000064,L012836.2022.RH5A,"Qualquer alteração no funcionamento do sistema de produção e/ou de tratamento, mesmo que não prejudique as condições impostas nesta licença, deve ser comunicada à Entidade Licenciadora no prazo máximo de cinco dias.",
TUA20220720001538,T000065,L012836.2022.RH5A,"Qualquer descarga de águas residuais urbanas e/ou industriais, bem como de outras atividades económicas ou serviços, nas redes de drenagem ou diretamente na ETAR, só poderá ocorrer mediante autorização do titular da presente licença e ficará sujeita às disposições constantes dessa autorização não podendo, em qualquer caso, comprometer o cumprimento das condições impostas nesta licença. Qualquer nova situação desta natureza deverá ser comunicada à Entidade Licenciadora.",
TUA20220720001538,T000066,L012836.2022.RH5A,"Não deverá ocorrer obstrução da linha de água, promovendo o titular a limpeza de todos os materiais que eventualmente caiam para a mesma. As intervenções deverão ser executadas de forma a evitar que as escorrências e/ou detritos sejam lançados na linha de água ou colocados nas suas margens.",
TUA20220720001538,T000067,L012836.2022.RH5A,"A descarga das águas residuais na água não deve provocar alteração da sua qualidade, nem colocar em risco os seus usos, sendo efetuada de modo a não prejudicar o escoamento natural da corrente e a não contribuir para o aumento dos riscos de erosão no local, ficando o titular responsável pela tomada das medidas consideradas necessárias para a correção das situações que possam ocorrer.",
TUA20220720001538,T000068,L012836.2022.RH5A,"O titular obriga-se a efetuar as ações de manutenção, preventivas e corretivas, necessárias ao bom funcionamento da ETAR, incluindo a limpeza dos respetivos órgãos de tratamento devendo guardar os registos detalhados da sua realização, com indicação do destino final das lamas ou outros resíduos produzidos, para efeitos de inspeção ou fiscalização por parte das Entidades Competentes.",
TUA20220720001538,T000069,L012836.2022.RH5A,O titular assume a responsabilidade pela eficiência e eficácia dos processos de tratamento e dos procedimentos a adotar com vista a minimizar os efeitos decorrentes da rejeição de águas residuais e a cumprir os objetivos de qualidade definidos para a massa de água recetora.,
TUA20220919002148,T000045,L016764.2022.RH5A,O titular obriga-se a implementar as medidas de prevenção de acidentes e de emergência descritas no projeto.,
TUA20220919002148,T000046,L016764.2022.RH5A,Impende sobre o titular desta licença a responsabilidade de verificar o cumprimento das normas constantes na autorização de descarga supra mencionada.,
TUA20220919002148,T000047,L016764.2022.RH5A,"O titular obriga-se a observar todos os preceitos legais no que concerne a segurança, gestão de resíduos e conservação da natureza e também a legislação e os regulamentos específicos das atividades complementares que simultaneamente venham a ser desenvolvidas no local.",
TUA20220919002148,T000048,L016764.2022.RH5A,O titular obriga-se a manter o sistema de tratamento adotado em bom estado de funcionamento e conservação.,
TUA20220919002148,T000049,L016764.2022.RH5A,"O titular obriga-se a manter um registo atualizado dos valores do autocontrolo, para efeitos de inspeção ou fiscalização por parte das Entidades Competentes.",
TUA20220919002148,T000050,L016764.2022.RH5A,O titular obriga-se a implementar o programa de autocontrolo descrito no respetivo Anexo e a enviar à Entidade Licenciadora os dados obtidos com o formato e periodicidade definidos no mesmo.,
TUA20220919002148,T000051,L016764.2022.RH5A,"Sempre que forem autorizadas descargas de águas residuais de indústrias localizadas fora da malha urbana, a autorização de descarga, prevista na cláusula anterior, fica sujeita à aprovação da Entidade Licenciadora.",
TUA20220919002148,T000052,L016764.2022.RH5A,"O titular da licença deve respeitar as condições de descarga indicadas no respetivo Anexo, não podendo efetuar qualquer operação deliberada de diluição das águas residuais. A avaliação de conformidade é determinada com base nos parâmetros definidos e de acordo com o mencionado no Anexo.",
TUA20220919002148,T000053,L016764.2022.RH5A,"Sempre que se verifique a necessidade de proceder a uma rejeição de emergência da(s) Estação(ões) Elevatória(s), o titular deverá de imediato tomar todas as medidas com vista a minimizar os efeitos daí decorrentes e comunicar a ocorrência à Entidade Licenciadora num prazo máximo de 24 horas seguintes à mesma.",
TUA20220919002148,T000054,L016764.2022.RH5A,Fazem parte integrante do presente título todos os anexos autenticados que o acompanham.,
TUA20220919002148,T000055,L016764.2022.RH5A,"Como medida preventiva e minimizadora das consequências inerentes a uma rejeição de emergência no domínio hídrico, o titular deverá diligenciar no sentido de dotar a(s) Estação(ões) Elevatória(s) de um gerador de emergência.",
TUA20220919002148,T000056,L016764.2022.RH5A,"A ligação, às redes de drenagem da ETAR geridas pelo titular desta licença, das águas residuais de atividades económicas ou serviços localizados dentro da malha urbana ou diretamente na ETAR que produzam ou utilizem substâncias classificadas como poluentes específicos e/ou substâncias prioritárias/perigosas prioritárias para os meios aquáticos ou que sejam suscetíveis de comprometer o cumprimento das condições impostas nesta licença, nos termos do regulamento previsto no artigo 9º, do Decreto-Lei n.º 152/97, de 19 de junho, com as alterações introduzidas pelos Decretos-Leis n.os 348/98, de 9 de novembro, e 149/2004, de 22 de junho e 198/2008, de 8 de outubro, deve ser encarada com precaução, não podendo, em quaisquer circunstâncias, comprometer o cumprimento das condições impostas nesta licença.",
TUA20220919002148,T000057,L016764.2022.RH5A,As condições de descarga poderão vir a ser alteradas em função dos resultados do autocontrolo e da evolução da qualidade do meio recetor ou de outras restrições de utilização local que o justifiquem.,
TUA20220919002148,T000058,L016764.2022.RH5A,"Qualquer alteração no funcionamento do sistema de produção e/ou de tratamento, mesmo que não prejudique as condições impostas nesta licença, deve ser comunicada à Entidade Licenciadora no prazo máximo de cinco dias.",
TUA20220919002148,,,"Qualquer descarga de águas residuais urbanas e/ou industriais, bem como de outras atividades económicas ou serviços, nas redes de drenagem ou",
TUA20220919002148,T000059,L016764.2022.RH5A,"diretamente na ETAR, só poderá ocorrer mediante autorização do titular da presente licença e ficará sujeita às disposições constantes dessa autorização não podendo, em qualquer caso, comprometer o cumprimento das condições impostas nesta licença. Qualquer nova situação desta natureza deverá ser comunicada à Entidade Licenciadora.",
TUA20220919002148,T000060,L016764.2022.RH5A,"A descarga das águas residuais na água não deve provocar alteração da sua qualidade, nem colocar em risco os seus usos, sendo efetuada de modo a não prejudicar o escoamento natural da corrente e a não contribuir para o aumento dos riscos de erosão no local, ficando o titular responsável pela tomada das medidas consideradas necessárias para a correção das situações que possam ocorrer.",
TUA20220919002148,T000061,L016764.2022.RH5A,"O titular obriga-se a efetuar as ações de manutenção, preventivas e corretivas, necessárias ao bom funcionamento da ETAR, incluindo a limpeza dos respetivos órgãos de tratamento devendo guardar os registos detalhados da sua realização, com indicação do destino final das lamas ou outros resíduos produzidos, para efeitos de inspeção ou fiscalização por parte das Entidades Competentes.",
TUA20220919002148,T000062,L016764.2022.RH5A,O titular assume a responsabilidade pela eficiência e eficácia dos processos de tratamento e dos procedimentos a adotar com vista a minimizar os efeitos decorrentes da rejeição de águas residuais e a cumprir os objetivos de qualidade definidos para a massa de água recetora.,
TUA20220922002189,T000042,L002661.2018.RH3,O titular obriga-se a implementar as medidas de prevenção de acidentes e de emergência descritas no projeto.,
TUA20220922002189,T000043,L002661.2018.RH3,Impende sobre o titular desta licença a responsabilidade de verificar o cumprimento das normas constantes na autorização de descarga mencionada em T000052.,
TUA20220922002189,T000044,L002661.2018.RH3,"O titular obriga-se a observar todos os preceitos legais no que concerne a segurança, gestão de resíduos e conservação da natureza e também a legislação e os regulamentos específicos das atividades complementares que simultaneamente venham a ser desenvolvidas no local.",
TUA20220922002189,T000045,L002661.2018.RH3,O titular obriga-se a manter o sistema de tratamento adotado em bom estado de funcionamento e conservação.,
TUA20220922002189,T000046,L002661.2018.RH3,"O titular obriga-se a manter um registo atualizado dos valores do autocontrolo, para efeitos de inspeção ou fiscalização por parte das Entidades Competentes.",
TUA20220922002189,T000047,L002661.2018.RH3,"O titular obriga-se a implementar o programa de autocontrolo descrito em EXP8.3.16 e a reportar à Entidade Licenciadora os resultados obtidos, através da plataforma SILiAmb, com a frequência trimestral.",
TUA20220922002189,T000048,L002661.2018.RH3,"Sempre que forem autorizadas descargas de águas residuais de indústrias localizadas fora da malha urbana, a autorização de descarga, prevista em T000057, fica sujeita à aprovação da Entidade Licenciadora.",
TUA20220922002189,T000049,L002661.2018.RH3,"O titular da licença deve respeitar as condições de rejeição indicadas em EXP8.3.13, não podendo efetuar qualquer operação deliberada de diluição das águas residuais. A avaliação de conformidade é determinada com base nos parâmetros definidos e de acordo T000011.",
TUA20220922002189,T000050,L002661.2018.RH3,"Sempre que se verifique a necessidade de proceder a uma rejeição de emergência da(s) Estação(ões) Elevatória(s), o titular deverá de imediato tomar todas as medidas com vista a minimizar os efeitos daí decorrentes e comunicar a ocorrência à Entidade Licenciadora num prazo máximo de 24 horas seguintes à mesma.",
TUA20220922002189,T000051,L002661.2018.RH3,"Como medida preventiva e minimizadora das consequências inerentes a uma rejeição de emergência no domínio hídrico, o titular deverá diligenciar no sentido de dotar a(s) Estação(ões) Elevatória(s) de um gerador de emergência.",
TUA20220922002189,T000052,L002661.2018.RH3,"A ligação, às redes de drenagem da ETAR geridas pelo titular desta licença, das águas residuais de atividades económicas ou serviços localizados dentro da malha urbana ou diretamente na ETAR que produzam ou utilizem substâncias classificadas como poluentes específicos e/ou substâncias prioritárias/perigosas prioritárias para os meios aquáticos ou que sejam suscetíveis de comprometer o cumprimento das condições impostas nesta licença, nos termos do regulamento previsto no artigo 9º, do Decreto-Lei n.º 152/97, de 19 de junho, com as alterações introduzidas pelos Decretos-Leis n.os 348/98, de 9 de novembro, e 149/2004, de 22 de junho e 198/2008, de 8 de outubro, deve ser encarada com precaução, não podendo, em quaisquer circunstâncias, comprometer o cumprimento das condições impostas nesta licença.",
TUA20220922002189,T000053,L002661.2018.RH3,"Todas as intervenções a efetuar na margem da linha de água deverão culminar com a reposição da situação inicial. No final da obra deverão ser retirados todos os materiais de construção que eventualmente se encontrem no leito e margens da linha de água, devendo os mesmos ficar devidamente regularizados e compactados de modo a que sejam repostas as condições verificadas antes da obra.",
TUA20220922002189,T000054,L002661.2018.RH3,"Para efeitos de fiscalização ou inspeção poderão ser recolhidas amostras compostas num dado período temporal, inferior a 24 horas, em função do caudal. Caso o sistema não disponha de medidor de caudal com registo automático, será utilizado o caudal máximo previsto no título para efeitos de avaliação da respetiva conformidade das amostras.",
TUA20220922002189,T000055,L002661.2018.RH3,As condições de descarga poderão vir a ser alteradas em função dos resultados do autocontrolo e da evolução da qualidade do meio recetor ou de outras restrições de utilização local que o justifiquem.,
TUA20220922002189,T000056,L002661.2018.RH3,"Qualquer alteração no funcionamento do sistema de produção e/ou de tratamento, mesmo que não prejudique as condições impostas nesta licença, deve ser comunicada à Entidade Licenciadora no prazo máximo de cinco dias.",
TUA20220922002189,T000057,L002661.2018.RH3,"Qualquer descarga de águas residuais urbanas e/ou industriais, bem como de outras atividades económicas ou serviços, nas redes de drenagem ou diretamente na ETAR, só poderá ocorrer mediante autorização do titular da presente licença e ficará sujeita às disposições constantes dessa autorização não podendo, em qualquer caso, comprometer o cumprimento das condições impostas nesta licença. Qualquer nova situação desta natureza deverá ser comunicada à Entidade Licenciadora.",
TUA20220922002189,T000058,L002661.2018.RH3,"A descarga das águas residuais na água não deve provocar alteração da sua qualidade, nem colocar em risco os seus usos, sendo efetuada de modo a não prejudicar o escoamento natural da corrente e a não contribuir para o aumento dos riscos de erosão no local, ficando o titular responsável pela tomada das medidas consideradas necessárias para a correção das situações que possam ocorrer.",
TUA20220922002189,T000059,L002661.2018.RH3,"O titular obriga-se a efetuar as ações de manutenção, preventivas e corretivas, necessárias ao bom funcionamento da ETAR, incluindo a limpeza dos respetivos órgãos de tratamento devendo guardar os registos detalhados da sua realização, com indicação do destino final das lamas ou outros resíduos produzidos, para efeitos de inspeção ou fiscalização por parte das Entidades Competentes.",
TUA20220922002189,T000060,L002661.2018.RH3,O titular assume a responsabilidade pela eficiência e eficácia dos processos de tratamento e dos procedimentos a adotar com vista a minimizar os efeitos decorrentes da rejeição de águas residuais e a cumprir os objetivos de qualidade definidos para a massa de água recetora.,
TUA20220922002190,T000043,L002662.2018.RH3,O titular obriga-se a implementar as medidas de prevenção de acidentes e de emergência descritas no projeto.,
TUA20220922002190,T000044,L002662.2018.RH3,Impende sobre o titular desta licença a responsabilidade de verificar o cumprimento das normas constantes na autorização de descarga mencionada em T000053.,
TUA20220922002190,T000045,L002662.2018.RH3,"O titular obriga-se a observar todos os preceitos legais no que concerne a segurança, gestão de resíduos e conservação da natureza e também a legislação e os regulamentos específicos das atividades complementares que simultaneamente venham a ser desenvolvidas no local.",
TUA20220922002190,T000046,L002662.2018.RH3,O titular obriga-se a manter o sistema de tratamento adotado em bom estado de funcionamento e conservação.,
TUA20220922002190,T000047,L002662.2018.RH3,"O titular obriga-se a manter um registo atualizado dos valores do autocontrolo, para efeitos de inspeção ou fiscalização por parte das Entidades Competentes.",
TUA20220922002190,T000048,L002662.2018.RH3,"O titular obriga-se a implementar o programa de autocontrolo descrito em EXP8.3.16 e a reportar à Entidade Licenciadora os resultados obtidos, através da plataforma SILiAmb, com a frequência trimestral.",
TUA20220922002190,T000049,L002662.2018.RH3,"Sempre que forem autorizadas descargas de águas residuais de indústrias localizadas fora da malha urbana, a autorização de descarga, prevista em T000057, fica sujeita à aprovação da Entidade Licenciadora.",
TUA20220922002190,T000050,L002662.2018.RH3,"O titular da licença deve respeitar as condições de rejeição indicadas em EXP8.3.13, não podendo efetuar qualquer operação deliberada de diluição das águas residuais. A avaliação de conformidade é determinada com base nos parâmetros definidos e de acordo T000010.",
TUA20220922002190,T000051,L002662.2018.RH3,"Sempre que se verifique a necessidade de proceder a uma rejeição de emergência da(s) Estação(ões) Elevatória(s), o titular deverá de imediato tomar todas as medidas com vista a minimizar os efeitos daí decorrentes e comunicar a ocorrência à Entidade Licenciadora num prazo máximo de 24 horas seguintes à mesma.",
TUA20220922002190,T000052,L002662.2018.RH3,"Como medida preventiva e minimizadora das consequências inerentes a uma rejeição de emergência no domínio hídrico, o titular deverá diligenciar no sentido de dotar a(s) Estação(ões) Elevatória(s) de um gerador de emergência.",
TUA20220922002190,T000053,L002662.2018.RH3,"A ligação, às redes de drenagem da ETAR geridas pelo titular desta licença, das águas residuais de atividades económicas ou serviços localizados dentro da malha urbana ou diretamente na ETAR que produzam ou utilizem substâncias classificadas como poluentes específicos e/ou substâncias prioritárias/perigosas prioritárias para os meios aquáticos ou que sejam suscetíveis de comprometer o cumprimento das condições impostas nesta licença, nos termos do regulamento previsto no artigo 9º, do Decreto-Lei n.º 152/97, de 19 de junho, com as alterações introduzidas pelos Decretos-Leis n.os 348/98, de 9 de novembro, e 149/2004, de 22 de junho e 198/2008, de 8 de outubro, deve ser encarada com precaução, não podendo, em quaisquer circunstâncias, comprometer o cumprimento das condições impostas nesta licença.",
TUA20220922002190,T000054,L002662.2018.RH3,"Para efeitos de fiscalização ou inspeção poderão ser recolhidas amostras compostas num dado período temporal, inferior a 24 horas, em função do caudal. Caso o sistema não disponha de medidor de caudal com registo automático, será utilizado o caudal máximo previsto no título para efeitos de avaliação da respetiva conformidade das amostras.",
TUA20220922002190,T000055,L002662.2018.RH3,As condições de descarga poderão vir a ser alteradas em função dos resultados do autocontrolo e da evolução da qualidade do meio recetor ou de outras restrições de utilização local que o justifiquem.,
TUA20220922002190,T000056,L002662.2018.RH3,"Qualquer alteração no funcionamento do sistema de produção e/ou de tratamento, mesmo que não prejudique as condições impostas nesta licença, deve ser comunicada à Entidade Licenciadora no prazo máximo de cinco dias.",
TUA20220922002190,T000057,L002662.2018.RH3,"Qualquer descarga de águas residuais urbanas e/ou industriais, bem como de outras atividades económicas ou serviços, nas redes de drenagem ou diretamente na ETAR, só poderá ocorrer mediante autorização do titular da presente licença e ficará sujeita às disposições constantes dessa autorização não podendo, em qualquer caso, comprometer o cumprimento das condições impostas nesta licença. Qualquer nova situação desta natureza deverá ser comunicada à Entidade Licenciadora.",
TUA20220922002190,T000058,L002662.2018.RH3,"A descarga das águas residuais na água não deve provocar alteração da sua qualidade, nem colocar em risco os seus usos, sendo efetuada de modo a não prejudicar o escoamento natural da corrente e a não contribuir para o aumento dos riscos de erosão no local, ficando o titular responsável pela tomada das medidas consideradas necessárias para a correção das situações que possam ocorrer.",
TUA20220922002190,T000059,L002662.2018.RH3,"O titular obriga-se a efetuar as ações de manutenção, preventivas e corretivas, necessárias ao bom funcionamento da ETAR, incluindo a limpeza dos respetivos órgãos de tratamento devendo guardar os registos detalhados da sua realização, com indicação do destino final das lamas ou outros resíduos produzidos, para efeitos de inspeção ou fiscalização por parte das Entidades Competentes.",
TUA20220922002190,T000060,L002662.2018.RH3,O titular assume a responsabilidade pela eficiência e eficácia dos processos de tratamento e dos procedimentos a adotar com vista a minimizar os efeitos decorrentes da rejeição de águas residuais e a cumprir os objetivos de qualidade definidos para a massa de água recetora.,
TUA20220927002236,T000042,L003469.2017.RH3,O titular obriga-se a implementar as medidas de prevenção de acidentes e de emergência descritas no projeto.,
TUA20220927002236,T000043,L003469.2017.RH3,Impende sobre o titular desta licença a responsabilidade de verificar o cumprimento das normas constantes na autorização de descarga mencionada em T000052.,
TUA20220927002236,T000044,L003469.2017.RH3,"O titular obriga-se a observar todos os preceitos legais no que concerne a segurança, gestão de resíduos e conservação da natureza e também a legislação e os regulamentos específicos das atividades complementares que simultaneamente venham a ser desenvolvidas no local.",
TUA20220927002236,T000045,L003469.2017.RH3,O titular obriga-se a manter o sistema de tratamento adotado em bom estado de funcionamento e conservação.,
TUA20220927002236,T000046,L003469.2017.RH3,"O titular obriga-se a manter um registo atualizado dos valores do autocontrolo, para efeitos de inspeção ou fiscalização por parte das Entidades Competentes.",
TUA20220927002236,T000047,L003469.2017.RH3,"O titular obriga-se a implementar o programa de autocontrolo descrito em EXP8.3.16 e a reportar à Entidade Licenciadora os resultados obtidos, através da plataforma SILiAmb, com a frequência trimestral.",
TUA20220927002236,T000048,L003469.2017.RH3,"Sempre que forem autorizadas descargas de águas residuais de indústrias localizadas fora da malha urbana, a autorização de descarga, prevista em T000056, fica sujeita à aprovação da Entidade Licenciadora.",
TUA20220927002236,T000049,L003469.2017.RH3,"O titular da licença deve respeitar as condições de rejeição indicadas em EXP8.3.13, não podendo efetuar qualquer operação deliberada de diluição das águas residuais. A avaliação de conformidade é determinada com base nos parâmetros definidos e de acordo T000011.",
TUA20220927002236,T000050,L003469.2017.RH3,"Sempre que se verifique a necessidade de proceder a uma rejeição de emergência da(s) Estação(ões) Elevatória(s), o titular deverá de imediato tomar todas as medidas com vista a minimizar os efeitos daí decorrentes e comunicar a ocorrência à Entidade Licenciadora num prazo máximo de 24 horas seguintes à mesma.",
TUA20220927002236,T000051,L003469.2017.RH3,"Como medida preventiva e minimizadora das consequências inerentes a uma rejeição de emergência no domínio hídrico, o titular deverá diligenciar no sentido de dotar a(s) Estação(ões) Elevatória(s) de um gerador de emergência.",
TUA20220927002236,T000052,L003469.2017.RH3,"A ligação, às redes de drenagem da ETAR geridas pelo titular desta licença, das águas residuais de atividades económicas ou serviços localizados dentro da malha urbana ou diretamente na ETAR que produzam ou utilizem substâncias classificadas como poluentes específicos e/ou substâncias prioritárias/perigosas prioritárias para os meios aquáticos ou que sejam suscetíveis de comprometer o cumprimento das condições impostas nesta licença, nos termos do regulamento previsto no artigo 9º, do Decreto-Lei n.º 152/97, de 19 de junho, com as alterações introduzidas pelos Decretos-Leis n.os 348/98, de 9 de novembro, e 149/2004, de 22 de junho e 198/2008, de 8 de outubro, deve ser encarada com precaução, não podendo, em quaisquer circunstâncias, comprometer o cumprimento das condições impostas nesta licença.",
TUA20220927002236,T000053,L003469.2017.RH3,"Para efeitos de fiscalização ou inspeção poderão ser recolhidas amostras compostas num dado período temporal, inferior a 24 horas, em função do caudal. Caso o sistema não disponha de medidor de caudal com registo automático, será utilizado o caudal máximo previsto no título para efeitos de avaliação da respetiva conformidade das amostras.",
TUA20220927002236,T000054,L003469.2017.RH3,As condições de descarga poderão vir a ser alteradas em função dos resultados do autocontrolo e da evolução da qualidade do meio recetor ou de outras restrições de utilização local que o justifiquem.,
TUA20220927002236,T000055,L003469.2017.RH3,"Qualquer alteração no funcionamento do sistema de produção e/ou de tratamento, mesmo que não prejudique as condições impostas nesta licença, deve ser comunicada à Entidade Licenciadora no prazo máximo de cinco dias.",
TUA20220927002236,T000056,L003469.2017.RH3,"Qualquer descarga de águas residuais urbanas e/ou industriais, bem como de outras atividades económicas ou serviços, nas redes de drenagem ou diretamente na ETAR, só poderá ocorrer mediante autorização do titular da presente licença e ficará sujeita às disposições constantes dessa autorização não podendo, em qualquer caso, comprometer o cumprimento das condições impostas nesta licença. Qualquer nova situação desta natureza deverá ser comunicada à Entidade Licenciadora.",
TUA20220927002236,T000057,L003469.2017.RH3,"A descarga das águas residuais na água não deve provocar alteração da sua qualidade, nem colocar em risco os seus usos, sendo efetuada de modo a não prejudicar o escoamento natural da corrente e a não contribuir para o aumento dos riscos de erosão no local, ficando o titular responsável pela tomada das medidas consideradas necessárias para a correção das situações que possam ocorrer.",
TUA20220927002236,T000058,L003469.2017.RH3,"O titular obriga-se a efetuar as ações de manutenção, preventivas e corretivas, necessárias ao bom funcionamento da ETAR, incluindo a limpeza dos respetivos órgãos de tratamento devendo guardar os registos detalhados da sua realização, com indicação do destino final das lamas ou outros resíduos produzidos, para efeitos de inspeção ou fiscalização por parte das Entidades Competentes.",
TUA20220927002236,T000059,L003469.2017.RH3,O titular assume a responsabilidade pela eficiência e eficácia dos processos de tratamento e dos procedimentos a adotar com vista a minimizar os efeitos decorrentes da rejeição de águas residuais e a cumprir os objetivos de qualidade definidos para a massa de água recetora.,
TUA20220930002259,T000042,L002663.2018.RH3,O titular obriga-se a implementar as medidas de prevenção de acidentes e de emergência descritas no projeto.,
TUA20220930002259,T000043,L002663.2018.RH3,Impende sobre o titular desta licença a responsabilidade de verificar o cumprimento das normas constantes na autorização de descarga mencionada em T000052.,
TUA20220930002259,T000044,L002663.2018.RH3,"O titular obriga-se a observar todos os preceitos legais no que concerne a segurança, gestão de resíduos e conservação da natureza e também a legislação e os regulamentos específicos das atividades complementares que simultaneamente venham a ser desenvolvidas no local.",
TUA20220930002259,T000045,L002663.2018.RH3,O titular obriga-se a manter o sistema de tratamento adotado em bom estado de funcionamento e conservação.,
TUA20220930002259,T000046,L002663.2018.RH3,"O titular obriga-se a manter um registo atualizado dos valores do autocontrolo, para efeitos de inspeção ou fiscalização por parte das Entidades Competentes.",
TUA20220930002259,T000047,L002663.2018.RH3,"O titular obriga-se a implementar o programa de autocontrolo descrito em EXP8.3.16 e a reportar à Entidade Licenciadora os resultados obtidos, através da plataforma SILiAmb, com a frequência trimestral.",
TUA20220930002259,T000048,L002663.2018.RH3,"Sempre que forem autorizadas descargas de águas residuais de indústrias localizadas fora da malha urbana, a autorização de descarga, prevista em T000057, fica sujeita à aprovação da Entidade Licenciadora.",
TUA20220930002259,T000049,L002663.2018.RH3,"O titular da licença deve respeitar as condições de rejeição indicadas em EXP8.3.13, não podendo efetuar qualquer operação deliberada de diluição das águas residuais. A avaliação de conformidade é determinada com base nos parâmetros definidos e de acordo T000011.",
TUA20220930002259,T000050,L002663.2018.RH3,"Sempre que se verifique a necessidade de proceder a uma rejeição de emergência da(s) Estação(ões) Elevatória(s), o titular deverá de imediato tomar todas as medidas com vista a minimizar os efeitos daí decorrentes e comunicar a ocorrência à Entidade Licenciadora num prazo máximo de 24 horas seguintes à mesma.",
TUA20220930002259,T000051,L002663.2018.RH3,"Como medida preventiva e minimizadora das consequências inerentes a uma rejeição de emergência no domínio hídrico, o titular deverá diligenciar no sentido de dotar a(s) Estação(ões) Elevatória(s) de um gerador de emergência.",
TUA20220930002259,T000052,L002663.2018.RH3,"A ligação, às redes de drenagem da ETAR geridas pelo titular desta licença, das águas residuais de atividades económicas ou serviços localizados dentro da malha urbana ou diretamente na ETAR que produzam ou utilizem substâncias classificadas como poluentes específicos e/ou substâncias prioritárias/perigosas prioritárias para os meios aquáticos ou que sejam suscetíveis de comprometer o cumprimento das condições impostas nesta licença, nos termos do regulamento previsto no artigo 9º, do Decreto-Lei n.º 152/97, de 19 de junho, com as alterações introduzidas pelos Decretos-Leis n.os 348/98, de 9 de novembro, e 149/2004, de 22 de junho e 198/2008, de 8 de outubro, deve ser encarada com precaução, não podendo, em quaisquer circunstâncias, comprometer o cumprimento das condições impostas nesta licença.",
TUA20220930002259,T000053,L002663.2018.RH3,"Todas as intervenções a efetuar na margem da linha de água deverão culminar com a reposição da situação inicial. No final da obra deverão ser retirados todos os materiais de construção que eventualmente se encontrem no leito e margens da linha de água, devendo os mesmos ficar devidamente regularizados e compactados de modo a que sejam repostas as condições verificadas antes da obra.",
TUA20220930002259,T000054,L002663.2018.RH3,"Para efeitos de fiscalização ou inspeção poderão ser recolhidas amostras compostas num dado período temporal, inferior a 24 horas, em função do caudal. Caso o sistema não disponha de medidor de caudal com registo automático, será utilizado o caudal máximo previsto no título para efeitos de avaliação da respetiva conformidade das amostras.",
TUA20220930002259,T000055,L002663.2018.RH3,As condições de descarga poderão vir a ser alteradas em função dos resultados do autocontrolo e da evolução da qualidade do meio recetor ou de outras restrições de utilização local que o justifiquem.,
TUA20220930002259,T000056,L002663.2018.RH3,"Qualquer alteração no funcionamento do sistema de produção e/ou de tratamento, mesmo que não prejudique as condições impostas nesta licença, deve ser comunicada à Entidade Licenciadora no prazo máximo de cinco dias.",
TUA20220930002259,T000057,L002663.2018.RH3,"Qualquer descarga de águas residuais urbanas e/ou industriais, bem como de outras atividades económicas ou serviços, nas redes de drenagem ou diretamente na ETAR, só poderá ocorrer mediante autorização do titular da presente licença e ficará sujeita às disposições constantes dessa autorização não podendo, em qualquer caso, comprometer o cumprimento das condições impostas nesta licença. Qualquer nova situação desta natureza deverá ser comunicada à Entidade Licenciadora.",
TUA20220930002259,T000058,L002663.2018.RH3,"A descarga das águas residuais na água não deve provocar alteração da sua qualidade, nem colocar em risco os seus usos, sendo efetuada de modo a não prejudicar o escoamento natural da corrente e a não contribuir para o aumento dos riscos de erosão no local, ficando o titular responsável pela tomada das medidas consideradas necessárias para a correção das situações que possam ocorrer.",
TUA20220930002259,T000059,L002663.2018.RH3,"O titular obriga-se a efetuar as ações de manutenção, preventivas e corretivas, necessárias ao bom funcionamento da ETAR, incluindo a limpeza dos respetivos órgãos de tratamento devendo guardar os registos detalhados da sua realização, com indicação do destino final das lamas ou outros resíduos produzidos, para efeitos de inspeção ou fiscalização por parte das Entidades Competentes.",
TUA20220930002259,T000060,L002663.2018.RH3,O titular assume a responsabilidade pela eficiência e eficácia dos processos de tratamento e dos procedimentos a adotar com vista a minimizar os efeitos decorrentes da rejeição de águas residuais e a cumprir os objetivos de qualidade definidos para a massa de água recetora.,
TUA20221010002354,T000045,L017862.2017.RH5A,O titular obriga-se a implementar as medidas de prevenção de acidentes e de emergência descritas no projeto.,
TUA20221010002354,T000046,L017862.2017.RH5A,"O titular obriga-se a garantir que os órgãos de tratamento, à exceção dos de infiltração no solo, são completamente estanques.",
TUA20221010002354,T000047,L017862.2017.RH5A,Impende sobre o titular desta licença a responsabilidade de verificar o cumprimento das normas constantes na autorização de descarga supra mencionada.,
TUA20221010002354,T000048,L017862.2017.RH5A,"O titular obriga-se a observar todos os preceitos legais no que concerne a segurança, gestão de resíduos e conservação da natureza e também a legislação e os regulamentos específicos das atividades complementares que simultaneamente venham a ser desenvolvidas no local.",
TUA20221010002354,T000049,L017862.2017.RH5A,O titular obriga-se a manter o sistema de tratamento adotado em bom estado de funcionamento e conservação.,
TUA20221010002354,T000050,L017862.2017.RH5A,"O titular obriga-se a manter um registo atualizado dos valores do autocontrolo, para efeitos de inspeção ou fiscalização por parte das Entidades Competentes.",
TUA20221010002354,T000051,L017862.2017.RH5A,O titular obriga-se a implementar o programa de autocontrolo descrito no respetivo Anexo e a enviar à Entidade Licenciadora os dados obtidos com o formato e periodicidade definidos no mesmo.,
TUA20221010002354,T000053,L017862.2017.RH5A,"O titular da licença deve respeitar as condições de descarga indicadas no respetivo Anexo, não podendo efetuar qualquer operação deliberada de diluição das águas residuais. A avaliação de conformidade é determinada com base nos parâmetros definidos e de acordo com o mencionado no Anexo.",
TUA20221010002354,T000054,L017862.2017.RH5A,"Sempre que se verifique a necessidade de proceder a uma rejeição de emergência da(s) Estação(ões) Elevatória(s), o titular deverá de imediato tomar todas as medidas com vista a minimizar os efeitos daí decorrentes e comunicar a ocorrência à Entidade Licenciadora num prazo máximo de 24 horas seguintes à mesma.",
TUA20221010002354,T000060,L017862.2017.RH5A,"Qualquer descarga de águas residuais urbanas e/ou industriais, bem como de outras atividades económicas ou serviços, nas redes de drenagem ou diretamente na ETAR, só poderá ocorrer mediante autorização do titular da presente licença e ficará sujeita às disposições constantes dessa autorização não podendo, em qualquer caso, comprometer o cumprimento das condições impostas nesta licença. Qualquer nova situação desta natureza deverá ser comunicada à Entidade Licenciadora.",
TUA20221010002354,T000052,L017862.2017.RH5A,"Sempre que forem autorizadas descargas de águas residuais de indústrias localizadas fora da malha urbana, a autorização de descarga, prevista na cláusula anterior, fica sujeita à aprovação da Entidade Licenciadora.",
TUA20221010002354,T000056,L017862.2017.RH5A,"A ligação, às redes de drenagem da ETAR geridas pelo titular desta licença, das águas residuais de atividades económicas ou serviços localizados dentro da malha urbana ou diretamente na ETAR que produzam ou utilizem substâncias classificadas como poluentes específicos e/ou substâncias prioritárias/perigosas prioritárias para os meios aquáticos ou que sejam suscetíveis de comprometer o cumprimento das condições impostas nesta licença, nos termos do regulamento previsto no artigo 9º, do Decreto-Lei n.º 152/97, de 19 de junho, com as alterações introduzidas pelos Decretos-Leis n.os 348/98, de 9 de novembro, e 149/2004, de 22 de junho e 198/2008, de 8 de outubro, deve ser encarada com precaução, não podendo, em quaisquer circunstâncias, comprometer o cumprimento das condições impostas nesta licença.",
TUA20221010002354,T000057,L017862.2017.RH5A,"Todas as intervenções a efetuar na margem da linha de água deverão culminar com a reposição da situação inicial. No final da obra deverão ser retirados todos os materiais de construção que eventualmente se encontrem no leito e margens da linha de água, devendo os mesmos ficar devidamente regularizados e compactados de modo a que sejam repostas as condições verificadas antes da obra.",
TUA20221010002354,T000058,L017862.2017.RH5A,As condições de descarga poderão vir a ser alteradas em função dos resultados do autocontrolo e da evolução da qualidade do meio recetor ou de outras restrições de utilização local que o justifiquem.,
TUA20221010002354,T000059,L017862.2017.RH5A,"Qualquer alteração no funcionamento do sistema de produção e/ou de tratamento, mesmo que não prejudique as condições impostas nesta licença, deve ser comunicada à Entidade Licenciadora no prazo máximo de cinco dias.",
TUA20221010002354,T000061,L017862.2017.RH5A,"Não deverá ocorrer obstrução da linha de água, promovendo o titular a limpeza de todos os materiais que eventualmente caiam para a mesma. As intervenções deverão ser executadas de forma a evitar que as escorrências e/ou detritos sejam lançados na linha de água ou colocados nas suas margens.",
TUA20221010002354,T000062,L017862.2017.RH5A,"A descarga das águas residuais na água não deve provocar alteração da sua qualidade, nem colocar em risco os seus usos, sendo efetuada de modo a não prejudicar o escoamento natural da corrente e a não contribuir para o aumento dos riscos de erosão no local, ficando o titular responsável pela tomada das medidas consideradas necessárias para a correção das situações que possam ocorrer.",
TUA20221010002354,T000063,L017862.2017.RH5A,"O titular obriga-se a efetuar as ações de manutenção, preventivas e corretivas, necessárias ao bom funcionamento da ETAR, incluindo a limpeza dos respetivos órgãos de tratamento devendo guardar os registos detalhados da sua realização, com indicação do destino final das lamas ou outros resíduos produzidos, para efeitos de inspeção ou fiscalização por parte das Entidades Competentes.",
TUA20221010002354,T000064,L017862.2017.RH5A,O titular assume a responsabilidade pela eficiência e eficácia dos processos de tratamento e dos procedimentos a adotar com vista a minimizar os efeitos decorrentes da rejeição de águas residuais e a cumprir os objetivos de qualidade definidos para a massa de água recetora.,
TUA20221010002354,T000065,L017862.2017.RH5A,"O titular obriga-se a enviar e a manter um dossier organizado contendo as Fichas de Dados de Segurança de todas as substâncias e/ou preparações perigosas utilizadas, devidamente redigidas em língua portuguesa.",
TUA20221010002354,T000055,L017862.2017.RH5A,Fazem parte integrante do presente título todos os anexos autenticados que o acompanham.,
TUA20221010002355,T000049,L017689.2017.RH5A,O titular obriga-se a implementar as medidas de prevenção de acidentes e de emergência descritas no projeto.,
TUA20221010002355,T000050,L017689.2017.RH5A,"O titular obriga-se a garantir que os órgãos de tratamento, à exceção dos de infiltração no solo, são completamente estanques.",
TUA20221010002355,T000051,L017689.2017.RH5A,Impende sobre o titular desta licença a responsabilidade de verificar o cumprimento das normas constantes na autorização de descarga supra mencionada.,
TUA20221010002355,T000052,L017689.2017.RH5A,"O titular obriga-se a observar todos os preceitos legais no que concerne a segurança, gestão de resíduos e conservação da natureza e também a legislação e os regulamentos específicos das atividades complementares que simultaneamente venham a ser desenvolvidas no local.",
TUA20221010002355,T000053,L017689.2017.RH5A,O titular obriga-se a manter o sistema de tratamento adotado em bom estado de funcionamento e conservação.,
TUA20221010002355,T000054,L017689.2017.RH5A,"O titular obriga-se a manter um registo atualizado dos valores do autocontrolo, para efeitos de inspeção ou fiscalização por parte das Entidades Competentes.",
TUA20221010002355,T000055,L017689.2017.RH5A,O titular obriga-se a implementar o programa de autocontrolo descrito no respetivo Anexo e a enviar à Entidade Licenciadora os dados obtidos com o formato e periodicidade definidos no mesmo.,
TUA20221010002355,T000064,L017689.2017.RH5A,"Qualquer descarga de águas residuais urbanas e/ou industriais, bem como de outras atividades económicas ou serviços, nas redes de drenagem ou diretamente na ETAR, só poderá ocorrer mediante autorização do titular da presente licença e ficará sujeita às disposições constantes dessa autorização não podendo, em qualquer caso, comprometer o cumprimento das condições impostas nesta licença. Qualquer nova situação desta natureza deverá ser comunicada à Entidade Licenciadora.",
TUA20221010002355,T000056,L017689.2017.RH5A,"Sempre que forem autorizadas descargas de águas residuais de indústrias localizadas fora da malha urbana, a autorização de descarga, prevista na cláusula anterior, fica sujeita à aprovação da Entidade Licenciadora.",
TUA20221010002355,T000060,L017689.2017.RH5A,"A ligação, às redes de drenagem da ETAR geridas pelo titular desta licença, das águas residuais de atividades económicas ou serviços localizados dentro da malha urbana ou diretamente na ETAR que produzam ou utilizem substâncias classificadas como poluentes específicos e/ou substâncias prioritárias/perigosas prioritárias para os meios aquáticos ou que sejam suscetíveis de comprometer o cumprimento das condições impostas nesta licença, nos termos do regulamento previsto no artigo 9º, do Decreto-Lei n.º 152/97, de 19 de junho, com as alterações introduzidas pelos Decretos-Leis n.os 348/98, de 9 de novembro, e 149/2004, de 22 de junho e 198/2008, de 8 de outubro, deve ser encarada com precaução, não podendo, em quaisquer circunstâncias, comprometer o cumprimento das condições impostas nesta licença.",
TUA20221010002355,T000057,L017689.2017.RH5A,"O titular da licença deve respeitar as condições de descarga indicadas no respetivo Anexo, não podendo efetuar qualquer operação deliberada de diluição das águas residuais. A avaliação de conformidade é determinada com base nos parâmetros definidos e de acordo com o mencionado no Anexo.",
TUA20221010002355,T000058,L017689.2017.RH5A,"Sempre que se verifique a necessidade de proceder a uma rejeição de emergência da(s) Estação(ões) Elevatória(s), o titular deverá de imediato tomar todas as medidas com vista a minimizar os efeitos daí decorrentes e comunicar a ocorrência à Entidade Licenciadora num prazo máximo de 24 horas seguintes à mesma.",
TUA20221010002355,T000061,L017689.2017.RH5A,"Todas as intervenções a efetuar na margem da linha de água deverão culminar com a reposição da situação inicial. No final da obra deverão ser retirados todos os materiais de construção que eventualmente se encontrem no leito e margens da linha de água, devendo os mesmos ficar devidamente regularizados e compactados de modo a que sejam repostas as condições verificadas antes da obra.",
TUA20221010002355,T000062,L017689.2017.RH5A,As condições de descarga poderão vir a ser alteradas em função dos resultados do autocontrolo e da evolução da qualidade do meio recetor ou de outras restrições de utilização local que o justifiquem.,
TUA20221010002355,T000063,L017689.2017.RH5A,"Qualquer alteração no funcionamento do sistema de produção e/ou de tratamento, mesmo que não prejudique as condições impostas nesta licença, deve ser comunicada à Entidade Licenciadora no prazo máximo de cinco dias.",
TUA20221010002355,T000065,L017689.2017.RH5A,"Não deverá ocorrer obstrução da linha de água, promovendo o titular a limpeza de todos os materiais que eventualmente caiam para a mesma. As intervenções deverão ser executadas de forma a evitar que as escorrências e/ou detritos sejam lançados na linha de água ou colocados nas suas margens.",
TUA20221010002355,T000066,L017689.2017.RH5A,"A descarga das águas residuais na água não deve provocar alteração da sua qualidade, nem colocar em risco os seus usos, sendo efetuada de modo a não prejudicar o escoamento natural da corrente e a não contribuir para o aumento dos riscos de erosão no local, ficando o titular responsável pela tomada das medidas consideradas necessárias para a correção das situações que possam ocorrer.",
TUA20221010002355,T000067,L017689.2017.RH5A,"O titular obriga-se a efetuar as ações de manutenção, preventivas e corretivas, necessárias ao bom funcionamento da ETAR, incluindo a limpeza dos respetivos órgãos de tratamento devendo guardar os registos detalhados da sua realização, com indicação do destino final das lamas ou outros resíduos produzidos, para efeitos de inspeção ou fiscalização por parte das Entidades Competentes.",
TUA20221010002355,T000068,L017689.2017.RH5A,O titular assume a responsabilidade pela eficiência e eficácia dos processos de tratamento e dos procedimentos a adotar com vista a minimizar os efeitos decorrentes da rejeição de águas residuais e a cumprir os objetivos de qualidade definidos para a massa de água recetora.,
TUA20221010002355,T000069,L017689.2017.RH5A,"O titular obriga-se a manter um dossier organizado contendo as Fichas de Dados de Segurança de todas as substâncias e/ou preparações perigosas utilizadas, devidamente redigidas em língua portuguesa.",
TUA20221010002355,T000059,L017689.2017.RH5A,Fazem parte integrante do presente título todos os anexos autenticados que o acompanham.,
TUA20221010002356,T000049,L017985.2022.RH5A,O titular obriga-se a implementar as medidas de prevenção de acidentes e de emergência descritas no projeto.,
TUA20221010002356,T000050,L017985.2022.RH5A,"O titular obriga-se a garantir que os órgãos de tratamento, à exceção dos de infiltração no solo, são completamente estanques.",
TUA20221010002356,T000051,L017985.2022.RH5A,Impende sobre o titular desta licença a responsabilidade de verificar o cumprimento das normas constantes na autorização de descarga supra mencionada.,
TUA20221010002356,T000052,L017985.2022.RH5A,"O titular obriga-se a observar todos os preceitos legais no que concerne a segurança, gestão de resíduos e conservação da natureza e também a legislação e os regulamentos específicos das atividades complementares que simultaneamente venham a ser desenvolvidas no local.",
TUA20221010002356,T000053,L017985.2022.RH5A,O titular obriga-se a manter o sistema de tratamento adotado em bom estado de funcionamento e conservação.,
TUA20221010002356,T000054,L017985.2022.RH5A,"O titular obriga-se a manter um registo atualizado dos valores do autocontrolo, para efeitos de inspeção ou fiscalização por parte das Entidades Competentes.",
TUA20221010002356,T000055,L017985.2022.RH5A,O titular obriga-se a implementar o programa de autocontrolo descrito no respetivo Anexo e a enviar à Entidade Licenciadora os dados obtidos com o formato e periodicidade definidos no mesmo.,
TUA20221010002356,T000063,L017985.2022.RH5A,"Qualquer descarga de águas residuais urbanas e/ou industriais, bem como de outras atividades económicas ou serviços, nas redes de drenagem ou diretamente na ETAR, só poderá ocorrer mediante autorização do titular da presente licença e ficará sujeita às disposições constantes dessa autorização não podendo, em qualquer caso, comprometer o cumprimento das condições impostas nesta licença. Qualquer nova situação desta natureza deverá ser comunicada à Entidade Licenciadora.",
TUA20221010002356,T000056,L017985.2022.RH5A,"Sempre que forem autorizadas descargas de águas residuais de indústrias localizadas fora da malha urbana, a autorização de descarga, prevista na cláusula anterior, fica sujeita à aprovação da Entidade Licenciadora.",
TUA20221010002356,T000060,L017985.2022.RH5A,"A ligação, às redes de drenagem da ETAR geridas pelo titular desta licença, das águas residuais de atividades económicas ou serviços localizados dentro da malha urbana ou diretamente na ETAR que produzam ou utilizem substâncias classificadas como poluentes específicos e/ou substâncias prioritárias/perigosas prioritárias para os meios aquáticos ou que sejam suscetíveis de comprometer o cumprimento das condições impostas nesta licença, nos termos do regulamento previsto no artigo 9º, do Decreto-Lei n.º 152/97, de 19 de junho, com as alterações introduzidas pelos Decretos-Leis n.os 348/98, de 9 de novembro, e 149/2004, de 22 de junho e 198/2008, de 8 de outubro, deve ser encarada com precaução, não podendo, em quaisquer circunstâncias, comprometer o cumprimento das condições impostas nesta licença.",
TUA20221010002356,T000057,L017985.2022.RH5A,"O titular da licença deve respeitar as condições de descarga indicadas no respetivo Anexo, não podendo efetuar qualquer operação deliberada de diluição das águas residuais. A avaliação de conformidade é determinada com base nos parâmetros definidos e de acordo com o mencionado no Anexo.",
TUA20221010002356,T000058,L017985.2022.RH5A,"Sempre que se verifique a necessidade de proceder a uma rejeição de emergência da(s) Estação(ões) Elevatória(s), o titular deverá de imediato tomar todas as medidas com vista a minimizar os efeitos daí decorrentes e comunicar a ocorrência à Entidade Licenciadora num prazo máximo de 24 horas seguintes à mesma.",
TUA20221010002356,T000061,L017985.2022.RH5A,As condições de descarga poderão vir a ser alteradas em função dos resultados do autocontrolo e da evolução da qualidade do meio recetor ou de outras restrições de utilização local que o justifiquem.,
TUA20221010002356,T000062,L017985.2022.RH5A,"Qualquer alteração no funcionamento do sistema de produção e/ou de tratamento, mesmo que não prejudique as condições impostas nesta licença, deve ser comunicada à Entidade Licenciadora no prazo máximo de cinco dias.",
TUA20221010002356,T000064,L017985.2022.RH5A,"Não deverá ocorrer obstrução da linha de água, promovendo o titular a limpeza de todos os materiais que eventualmente caiam para a mesma. As intervenções deverão ser executadas de forma a evitar que as escorrências e/ou detritos sejam lançados na linha de água ou colocados nas suas margens.",
TUA20221010002356,T000065,L017985.2022.RH5A,"A descarga das águas residuais na água não deve provocar alteração da sua qualidade, nem colocar em risco os seus usos, sendo efetuada de modo a não prejudicar o escoamento natural da corrente e a não contribuir para o aumento dos riscos de erosão no local, ficando o titular responsável pela tomada das medidas consideradas necessárias para a correção das situações que possam ocorrer.",
TUA20221010002356,T000066,L017985.2022.RH5A,"O titular obriga-se a efetuar as ações de manutenção, preventivas e corretivas, necessárias ao bom funcionamento da ETAR, incluindo a limpeza dos respetivos órgãos de tratamento devendo guardar os registos detalhados da sua realização, com indicação do destino final das lamas ou outros resíduos produzidos, para efeitos de inspeção ou fiscalização por parte das Entidades Competentes.",
TUA20221010002356,T000067,L017985.2022.RH5A,O titular assume a responsabilidade pela eficiência e eficácia dos processos de tratamento e dos procedimentos a adotar com vista a minimizar os efeitos decorrentes da rejeição de águas residuais e a cumprir os objetivos de qualidade definidos para a massa de água recetora.,
TUA20221010002356,T000068,L017985.2022.RH5A,"O titular obriga-se a manter um dossier organizado contendo as Fichas de Dados de Segurança de todas as substâncias e/ou preparações perigosas utilizadas, devidamente redigidas em língua portuguesa.",
TUA20221010002356,,L017985.2022.,,
TUA20221010002356,Código,Código TURH,Condição,
TUA20221010002356,T000059,RH5A,Fazem parte integrante do presente título todos os anexos autenticados que o acompanham.,
TUA20221010002358,T000049,L017897.2017.RH5A,O titular obriga-se a implementar as medidas de prevenção de acidentes e de emergência descritas no projeto.,
TUA20221010002358,T000050,L017897.2017.RH5A,"O titular obriga-se a garantir que os órgãos de tratamento, à exceção dos de infiltração no solo, são completamente estanques.",
TUA20221010002358,T000051,L017897.2017.RH5A,Impende sobre o titular desta licença a responsabilidade de verificar o cumprimento das normas constantes na autorização de descarga supra mencionada.,
TUA20221010002358,T000052,L017897.2017.RH5A,"O titular obriga-se a observar todos os preceitos legais no que concerne a segurança, gestão de resíduos e conservação da natureza e também a legislação e os regulamentos específicos das atividades complementares que simultaneamente venham a ser desenvolvidas no local.",
TUA20221010002358,T000053,L017897.2017.RH5A,O titular obriga-se a manter o sistema de tratamento adotado em bom estado de funcionamento e conservação.,
TUA20221010002358,T000054,L017897.2017.RH5A,"O titular obriga-se a manter um registo atualizado dos valores do autocontrolo, para efeitos de inspeção ou fiscalização por parte das Entidades Competentes.",
TUA20221010002358,T000055,L017897.2017.RH5A,O titular obriga-se a implementar o programa de autocontrolo descrito no respetivo Anexo e a enviar à Entidade Licenciadora os dados obtidos com o formato e periodicidade definidos no mesmo.,
TUA20221010002358,T000063,L017897.2017.RH5A,"Qualquer descarga de águas residuais urbanas e/ou industriais, bem como de outras atividades económicas ou serviços, nas redes de drenagem ou diretamente na ETAR, só poderá ocorrer mediante autorização do titular da presente licença e ficará sujeita às disposições constantes dessa autorização não podendo, em qualquer caso, comprometer o cumprimento das condições impostas nesta licença. Qualquer nova situação desta natureza deverá ser comunicada à Entidade Licenciadora.",
TUA20221010002358,T000056,L017897.2017.RH5A,"Sempre que forem autorizadas descargas de águas residuais de indústrias localizadas fora da malha urbana, a autorização de descarga, prevista na cláusula anterior, fica sujeita à aprovação da Entidade Licenciadora.",
TUA20221010002358,T000060,L017897.2017.RH5A,"A ligação, às redes de drenagem da ETAR geridas pelo titular desta licença, das águas residuais de atividades económicas ou serviços localizados dentro da malha urbana ou diretamente na ETAR que produzam ou utilizem substâncias classificadas como poluentes específicos e/ou substâncias prioritárias/perigosas prioritárias para os meios aquáticos ou que sejam suscetíveis de comprometer o cumprimento das condições impostas nesta licença, nos termos do regulamento previsto no artigo 9º, do Decreto-Lei n.º 152/97, de 19 de junho, com as alterações introduzidas pelos Decretos-Leis n.os 348/98, de 9 de novembro, e 149/2004, de 22 de junho e 198/2008, de 8 de outubro, deve ser encarada com precaução, não podendo, em quaisquer circunstâncias, comprometer o cumprimento das condições impostas nesta licença.",
TUA20221010002358,T000057,L017897.2017.RH5A,"O titular da licença deve respeitar as condições de descarga indicadas no respetivo Anexo, não podendo efetuar qualquer operação deliberada de diluição das águas residuais. A avaliação de conformidade é determinada com base nos parâmetros definidos e de acordo com o mencionado no Anexo.",
TUA20221010002358,T000058,L017897.2017.RH5A,"Sempre que se verifique a necessidade de proceder a uma rejeição de emergência da(s) Estação(ões) Elevatória(s), o titular deverá de imediato tomar todas as medidas com vista a minimizar os efeitos daí decorrentes e comunicar a ocorrência à Entidade Licenciadora num prazo máximo de 24 horas seguintes à mesma.",
TUA20221010002358,T000061,L017897.2017.RH5A,As condições de descarga poderão vir a ser alteradas em função dos resultados do autocontrolo e da evolução da qualidade do meio recetor ou de outras restrições de utilização local que o justifiquem.,
TUA20221010002358,T000062,L017897.2017.RH5A,"Qualquer alteração no funcionamento do sistema de produção e/ou de tratamento, mesmo que não prejudique as condições impostas nesta licença, deve ser comunicada à Entidade Licenciadora no prazo máximo de cinco dias.",
TUA20221010002358,T000064,L017897.2017.RH5A,"Não deverá ocorrer obstrução da linha de água, promovendo o titular a limpeza de todos os materiais que eventualmente caiam para a mesma. As intervenções deverão ser executadas de forma a evitar que as escorrências e/ou detritos sejam lançados na linha de água ou colocados nas suas margens.",
TUA20221010002358,T000065,L017897.2017.RH5A,"A descarga das águas residuais na água não deve provocar alteração da sua qualidade, nem colocar em risco os seus usos, sendo efetuada de modo a não prejudicar o escoamento natural da corrente e a não contribuir para o aumento dos riscos de erosão no local, ficando o titular responsável pela tomada das medidas consideradas necessárias para a correção das situações que possam ocorrer.",
TUA20221010002358,T000066,L017897.2017.RH5A,"O titular obriga-se a efetuar as ações de manutenção, preventivas e corretivas, necessárias ao bom funcionamento da ETAR, incluindo a limpeza dos respetivos órgãos de tratamento devendo guardar os registos detalhados da sua realização, com indicação do destino final das lamas ou outros resíduos produzidos, para efeitos de inspeção ou fiscalização por parte das Entidades Competentes.",
TUA20221010002358,T000067,L017897.2017.RH5A,O titular assume a responsabilidade pela eficiência e eficácia dos processos de tratamento e dos procedimentos a adotar com vista a minimizar os efeitos decorrentes da rejeição de águas residuais e a cumprir os objetivos de qualidade definidos para a massa de água recetora.,
TUA20221010002358,T000068,L017897.2017.RH5A,"O titular obriga-se a enviar e a manter um dossier organizado contendo as Fichas de Dados de Segurança de todas as substâncias e/ou preparações perigosas utilizadas, devidamente redigidas em língua portuguesa.",
TUA20221010002358,T000059,L017897.2017.RH5A,Fazem parte integrante do presente título todos os anexos autenticados que o acompanham.,
TUA20221010002359,T000046,L016800.2022.RH5A,"O titular obriga-se a garantir que os órgãos de tratamento, à exceção dos de infiltração no solo, são completamente estanques.",
TUA20221010002359,T000047,L016800.2022.RH5A,Impende sobre o titular desta licença a responsabilidade de verificar o cumprimento das normas constantes na autorização de descarga supra mencionada.,
TUA20221010002359,T000048,L016800.2022.RH5A,"O titular obriga-se a observar todos os preceitos legais no que concerne a segurança, gestão de resíduos e conservação da natureza e também a legislação e os regulamentos específicos das atividades complementares que simultaneamente venham a ser desenvolvidas no local.",
TUA20221010002359,T000049,L016800.2022.RH5A,O titular obriga-se a manter o sistema de tratamento adotado em bom estado de funcionamento e conservação.,
TUA20221010002359,T000050,L016800.2022.RH5A,"O titular obriga-se a manter um registo atualizado dos valores do autocontrolo, para efeitos de inspeção ou fiscalização por parte das Entidades Competentes.",
TUA20221010002359,T000051,L016800.2022.RH5A,O titular obriga-se a implementar o programa de autocontrolo descrito no respetivo Anexo e a enviar à Entidade Licenciadora os dados obtidos com o formato e periodicidade definidos no mesmo.,
TUA20221010002359,T000059,L016800.2022.RH5A,"Qualquer descarga de águas residuais urbanas e/ou industriais, bem como de outras atividades económicas ou serviços, nas redes de drenagem ou diretamente na ETAR, só poderá ocorrer mediante autorização do titular da presente licença e ficará sujeita às disposições constantes dessa autorização não podendo, em qualquer caso, comprometer o cumprimento das condições impostas nesta licença. Qualquer nova situação desta natureza deverá ser comunicada à Entidade Licenciadora.",
TUA20221010002359,T000052,L016800.2022.RH5A,"Sempre que forem autorizadas descargas de águas residuais de indústrias localizadas fora da malha urbana, a autorização de descarga, prevista na cláusula anterior, fica sujeita à aprovação da Entidade Licenciadora.",
TUA20221010002359,T000056,L016800.2022.RH5A,"A ligação, às redes de drenagem da ETAR geridas pelo titular desta licença, das águas residuais de atividades económicas ou serviços localizados dentro da malha urbana ou diretamente na ETAR que produzam ou utilizem substâncias classificadas como poluentes específicos e/ou substâncias prioritárias/perigosas prioritárias para os meios aquáticos ou que sejam suscetíveis de comprometer o cumprimento das condições impostas nesta licença, nos termos do regulamento previsto no artigo 9º, do Decreto-Lei n.º 152/97, de 19 de junho, com as alterações introduzidas pelos Decretos-Leis n.os 348/98, de 9 de novembro, e 149/2004, de 22 de junho e 198/2008, de 8 de outubro, deve ser encarada com precaução, não podendo, em quaisquer circunstâncias, comprometer o cumprimento das condições impostas nesta licença.",
TUA20221010002359,T000053,L016800.2022.RH5A,"O titular da licença deve respeitar as condições de descarga indicadas no respetivo Anexo, não podendo efetuar qualquer operação deliberada de diluição das águas residuais. A avaliação de conformidade é determinada com base nos parâmetros definidos e de acordo com o mencionado no Anexo.",
TUA20221010002359,,,"Sempre que se verifique a necessidade de proceder a uma rejeição de emergência da(s) Estação(ões) Elevatória(s), o titular deverá de imediato tomar",
TUA20221010002359,T000054,L016800.2022.RH5A,todas as medidas com vista a minimizar os efeitos daí decorrentes e comunicar a ocorrência à Entidade Licenciadora num prazo máximo de 24 horas seguintes à mesma.,
TUA20221010002359,T000057,L016800.2022.RH5A,As condições de descarga poderão vir a ser alteradas em função dos resultados do autocontrolo e da evolução da qualidade do meio recetor ou de outras restrições de utilização local que o justifiquem.,
TUA20221010002359,T000058,L016800.2022.RH5A,"Qualquer alteração no funcionamento do sistema de produção e/ou de tratamento, mesmo que não prejudique as condições impostas nesta licença, deve ser comunicada à Entidade Licenciadora no prazo máximo de cinco dias.",
TUA20221010002359,T000060,L016800.2022.RH5A,"Não deverá ocorrer obstrução da linha de água, promovendo o titular a limpeza de todos os materiais que eventualmente caiam para a mesma. As intervenções deverão ser executadas de forma a evitar que as escorrências e/ou detritos sejam lançados na linha de água ou colocados nas suas margens.",
TUA20221010002359,T000061,L016800.2022.RH5A,"A descarga das águas residuais na água não deve provocar alteração da sua qualidade, nem colocar em risco os seus usos, sendo efetuada de modo a não prejudicar o escoamento natural da corrente e a não contribuir para o aumento dos riscos de erosão no local, ficando o titular responsável pela tomada das medidas consideradas necessárias para a correção das situações que possam ocorrer.",
TUA20221010002359,T000062,L016800.2022.RH5A,"O titular obriga-se a efetuar as ações de manutenção, preventivas e corretivas, necessárias ao bom funcionamento da ETAR, incluindo a limpeza dos respetivos órgãos de tratamento devendo guardar os registos detalhados da sua realização, com indicação do destino final das lamas ou outros resíduos produzidos, para efeitos de inspeção ou fiscalização por parte das Entidades Competentes.",
TUA20221010002359,T000063,L016800.2022.RH5A,O titular assume a responsabilidade pela eficiência e eficácia dos processos de tratamento e dos procedimentos a adotar com vista a minimizar os efeitos decorrentes da rejeição de águas residuais e a cumprir os objetivos de qualidade definidos para a massa de água recetora.,
TUA20221010002359,T000064,L016800.2022.RH5A,"O titular obriga-se a enviar e a manter um dossier organizado contendo as Fichas de Dados de Segurança de todas as substâncias e/ou preparações perigosas utilizadas, devidamente redigidas em língua portuguesa.",
TUA20221010002359,T000065,L016800.2022.RH5A,O titular obriga-se a implementar as medidas de prevenção de acidentes e de emergência descritas no projeto.,
TUA20221010002359,T000055,L016800.2022.RH5A,Fazem parte integrante do presente título todos os anexos autenticados que o acompanham.,
TUA20221017002426,T000050,L018800.2022.RH5A,O titular obriga-se a implementar as medidas de prevenção de acidentes e de emergência descritas no projeto.,
TUA20221017002426,T000051,L018800.2022.RH5A,"O titular obriga-se a garantir que os órgãos de tratamento, à exceção dos de infiltração no solo, são completamente estanques.",
TUA20221017002426,T000052,L018800.2022.RH5A,Impende sobre o titular desta licença a responsabilidade de verificar o cumprimento das normas constantes na autorização de descarga supra mencionada.,
TUA20221017002426,T000053,L018800.2022.RH5A,"O titular obriga-se a observar todos os preceitos legais no que concerne a segurança, gestão de resíduos e conservação da natureza e também a legislação e os regulamentos específicos das atividades complementares que simultaneamente venham a ser desenvolvidas no local.",
TUA20221017002426,T000054,L018800.2022.RH5A,O titular obriga-se a manter o sistema de tratamento adotado em bom estado de funcionamento e conservação.,
TUA20221017002426,T000055,L018800.2022.RH5A,"O titular obriga-se a manter um registo atualizado dos valores do autocontrolo, para efeitos de inspeção ou fiscalização por parte das Entidades Competentes.",
TUA20221017002426,T000056,L018800.2022.RH5A,O titular obriga-se a implementar o programa de autocontrolo descrito no respetivo Anexo e a enviar à Entidade Licenciadora os dados obtidos com o formato e periodicidade definidos no mesmo.,
TUA20221017002426,,,"Qualquer descarga de águas residuais urbanas e/ou industriais, bem como de outras atividades económicas ou serviços, nas redes de drenagem ou",
TUA20221017002426,T000064,L018800.2022.RH5A,"diretamente na ETAR, só poderá ocorrer mediante autorização do titular da presente licença e ficará sujeita às disposições constantes dessa autorização não podendo, em qualquer caso, comprometer o cumprimento das condições impostas nesta licença. Qualquer nova situação desta natureza deverá ser comunicada à Entidade Licenciadora.",
TUA20221017002426,T000057,L018800.2022.RH5A,"Sempre que forem autorizadas descargas de águas residuais de indústrias localizadas fora da malha urbana, a autorização de descarga, prevista na cláusula anterior, fica sujeita à aprovação da Entidade Licenciadora.",
TUA20221017002426,T000060,L018800.2022.RH5A,"A ligação, às redes de drenagem da ETAR geridas pelo titular desta licença, das águas residuais de atividades económicas ou serviços localizados dentro da malha urbana ou diretamente na ETAR que produzam ou utilizem substâncias classificadas como poluentes específicos e/ou substâncias prioritárias/perigosas prioritárias para os meios aquáticos ou que sejam suscetíveis de comprometer o cumprimento das condições impostas nesta licença, nos termos do regulamento previsto no artigo 9º, do Decreto-Lei n.º 152/97, de 19 de junho, com as alterações introduzidas pelos Decretos-Leis n.os 348/98, de 9 de novembro, e 149/2004, de 22 de junho e 198/2008, de 8 de outubro, deve ser encarada com precaução, não podendo, em quaisquer circunstâncias, comprometer o cumprimento das condições impostas nesta licença.",
TUA20221017002426,T000058,L018800.2022.RH5A,"O titular da licença deve respeitar as condições de descarga indicadas no respetivo Anexo, não podendo efetuar qualquer operação deliberada de diluição das águas residuais. A avaliação de conformidade é determinada com base nos parâmetros definidos e de acordo com o mencionado no Anexo.",
TUA20221017002426,T000061,L018800.2022.RH5A,"Todas as intervenções a efetuar na margem da linha de água deverão culminar com a reposição da situação inicial. No final da obra deverão ser retirados todos os materiais de construção que eventualmente se encontrem no leito e margens da linha de água, devendo os mesmos ficar devidamente regularizados e compactados de modo a que sejam repostas as condições verificadas antes da obra.",
TUA20221017002426,T000062,L018800.2022.RH5A,As condições de descarga poderão vir a ser alteradas em função dos resultados do autocontrolo e da evolução da qualidade do meio recetor ou de outras restrições de utilização local que o justifiquem.,
TUA20221017002426,T000063,L018800.2022.RH5A,"Qualquer alteração no funcionamento do sistema de produção e/ou de tratamento, mesmo que não prejudique as condições impostas nesta licença, deve ser comunicada à Entidade Licenciadora no prazo máximo de cinco dias.",
TUA20221017002426,T000065,L018800.2022.RH5A,"Não deverá ocorrer obstrução da linha de água, promovendo o titular a limpeza de todos os materiais que eventualmente caiam para a mesma. As intervenções deverão ser executadas de forma a evitar que as escorrências e/ou detritos sejam lançados na linha de água ou colocados nas suas margens.",
TUA20221017002426,T000066,L018800.2022.RH5A,"A descarga das águas residuais na água não deve provocar alteração da sua qualidade, nem colocar em risco os seus usos, sendo efetuada de modo a não prejudicar o escoamento natural da corrente e a não contribuir para o aumento dos riscos de erosão no local, ficando o titular responsável pela tomada das medidas consideradas necessárias para a correção das situações que possam ocorrer.",
TUA20221017002426,T000067,L018800.2022.RH5A,"O titular obriga-se a efetuar as ações de manutenção, preventivas e corretivas, necessárias ao bom funcionamento da ETAR, incluindo a limpeza dos respetivos órgãos de tratamento devendo guardar os registos detalhados da sua realização, com indicação do destino final das lamas ou outros resíduos produzidos, para efeitos de inspeção ou fiscalização por parte das Entidades Competentes.",
TUA20221017002426,T000068,L018800.2022.RH5A,O titular assume a responsabilidade pela eficiência e eficácia dos processos de tratamento e dos procedimentos a adotar com vista a minimizar os efeitos decorrentes da rejeição de águas residuais e a cumprir os objetivos de qualidade definidos para a massa de água recetora.,
TUA20221017002426,T000069,L018800.2022.RH5A,"O titular obriga-se a manter um dossier organizado contendo as Fichas de Dados de Segurança de todas as substâncias e/ou preparações perigosas utilizadas, devidamente redigidas em língua portuguesa.",
TUA20221017002426,T000059,L018800.2022.RH5A,Fazem parte integrante do presente título todos os anexos autenticados que o acompanham.,
TUA20221017002427,T000050,L017875.2017.RH5A,O titular obriga-se a implementar as medidas de prevenção de acidentes e de emergência descritas no projeto.,
TUA20221017002427,T000051,L017875.2017.RH5A,"O titular obriga-se a garantir que os órgãos de tratamento, à exceção dos de infiltração no solo, são completamente estanques.",
TUA20221017002427,T000052,L017875.2017.RH5A,Impende sobre o titular desta licença a responsabilidade de verificar o cumprimento das normas constantes na autorização de descarga supra mencionada.,
TUA20221017002427,T000053,L017875.2017.RH5A,"O titular obriga-se a observar todos os preceitos legais no que concerne a segurança, gestão de resíduos e conservação da natureza e também a legislação e os regulamentos específicos das atividades complementares que simultaneamente venham a ser desenvolvidas no local.",
TUA20221017002427,T000054,L017875.2017.RH5A,O titular obriga-se a manter o sistema de tratamento adotado em bom estado de funcionamento e conservação.,
TUA20221017002427,T000055,L017875.2017.RH5A,"Os atravessamentos de linhas de água devem ser perpendiculares às mesmas, não poderão diminuir as secções de vazão, devendo as condutas serem revestidas e implantadas a cota tal que permita futuros trabalhos de limpeza e desobstrução das linhas de água, evitando-se, assim, a ocorrência de eventuais acidentes.",
TUA20221017002427,T000056,L017875.2017.RH5A,"O titular obriga-se a manter um registo atualizado dos valores do autocontrolo, para efeitos de inspeção ou fiscalização por parte das Entidades Competentes.",
TUA20221017002427,T000057,L017875.2017.RH5A,O titular obriga-se a implementar o programa de autocontrolo descrito no respetivo Anexo e a enviar à Entidade Licenciadora os dados obtidos com o formato e periodicidade definidos no mesmo.,
TUA20221017002427,T000064,L017875.2017.RH5A,"Qualquer descarga de águas residuais urbanas e/ou industriais, bem como de outras atividades económicas ou serviços, nas redes de drenagem ou diretamente na ETAR, só poderá ocorrer mediante autorização do titular da presente licença e ficará sujeita às disposições constantes dessa autorização não podendo, em qualquer caso, comprometer o cumprimento das condições impostas nesta licença. Qualquer nova situação desta natureza deverá ser comunicada à Entidade Licenciadora.",
TUA20221017002427,T000058,L017875.2017.RH5A,"Sempre que forem autorizadas descargas de águas residuais de indústrias localizadas fora da malha urbana, a autorização de descarga, prevista na cláusula anterior, fica sujeita à aprovação da Entidade Licenciadora.",
TUA20221017002427,T000061,L017875.2017.RH5A,"A ligação, às redes de drenagem da ETAR geridas pelo titular desta licença, das águas residuais de atividades económicas ou serviços localizados dentro da malha urbana ou diretamente na ETAR que produzam ou utilizem substâncias classificadas como poluentes específicos e/ou substâncias prioritárias/perigosas prioritárias para os meios aquáticos ou que sejam suscetíveis de comprometer o cumprimento das condições impostas nesta licença, nos termos do regulamento previsto no artigo 9º, do Decreto-Lei n.º 152/97, de 19 de junho, com as alterações introduzidas pelos Decretos-Leis n.os 348/98, de 9 de novembro, e 149/2004, de 22 de junho e 198/2008, de 8 de outubro, deve ser encarada com precaução, não podendo, em quaisquer circunstâncias, comprometer o cumprimento das condições impostas nesta licença.",
TUA20221017002427,T000059,L017875.2017.RH5A,"O titular da licença deve respeitar as condições de descarga indicadas no respetivo Anexo, não podendo efetuar qualquer operação deliberada de diluição das águas residuais. A avaliação de conformidade é determinada com base nos parâmetros definidos e de acordo com o mencionado no Anexo.",
TUA20221017002427,T000062,L017875.2017.RH5A,As condições de descarga poderão vir a ser alteradas em função dos resultados do autocontrolo e da evolução da qualidade do meio recetor ou de outras restrições de utilização local que o justifiquem.,
TUA20221017002427,T000063,L017875.2017.RH5A,"Qualquer alteração no funcionamento do sistema de produção e/ou de tratamento, mesmo que não prejudique as condições impostas nesta licença, deve ser comunicada à Entidade Licenciadora no prazo máximo de cinco dias.",
TUA20221017002427,T000065,L017875.2017.RH5A,"Não deverá ocorrer obstrução da linha de água, promovendo o titular a limpeza de todos os materiais que eventualmente caiam para a mesma. As intervenções deverão ser executadas de forma a evitar que as escorrências e/ou detritos sejam lançados na linha de água ou colocados nas suas margens.",
TUA20221017002427,T000066,L017875.2017.RH5A,"A descarga das águas residuais na água não deve provocar alteração da sua qualidade, nem colocar em risco os seus usos, sendo efetuada de modo a não prejudicar o escoamento natural da corrente e a não contribuir para o aumento dos riscos de erosão no local, ficando o titular responsável pela tomada das medidas consideradas necessárias para a correção das situações que possam ocorrer.",
TUA20221017002427,T000067,L017875.2017.RH5A,"O titular obriga-se a efetuar as ações de manutenção, preventivas e corretivas, necessárias ao bom funcionamento da ETAR, incluindo a limpeza dos respetivos órgãos de tratamento devendo guardar os registos detalhados da sua realização, com indicação do destino final das lamas ou outros resíduos produzidos, para efeitos de inspeção ou fiscalização por parte das Entidades Competentes.",
TUA20221017002427,T000068,L017875.2017.RH5A,O titular assume a responsabilidade pela eficiência e eficácia dos processos de tratamento e dos procedimentos a adotar com vista a minimizar os efeitos decorrentes da rejeição de águas residuais e a cumprir os objetivos de qualidade definidos para a massa de água recetora.,
TUA20221017002427,T000069,L017875.2017.RH5A,"O titular obriga-se a manter um dossier organizado contendo as Fichas de Dados de Segurança de todas as substâncias e/ou preparações perigosas utilizadas, devidamente redigidas em língua portuguesa.",
TUA20221017002427,T000060,L017875.2017.RH5A,Fazem parte integrante do presente título todos os anexos autenticados que o acompanham.,
TUA20230116000179,T000039,L025479.2023.RH5A.V1,O titular obriga-se a implementar as medidas de prevenção de acidentes e de emergência descritas no projeto.,
TUA20230116000179,T000040,L025479.2023.RH5A.V1,Impende sobre o titular desta licença a responsabilidade de verificar o cumprimento das normas constantes na autorização de descarga supra mencionada.,
TUA20230116000179,T000041,L025479.2023.RH5A.V1,"O titular obriga-se a observar todos os preceitos legais no que concerne a segurança, gestão de resíduos e conservação da natureza e também a legislação e os regulamentos específicos das atividades complementares que simultaneamente venham a ser desenvolvidas no local.",
TUA20230116000179,T000042,L025479.2023.,O titular obriga-se a manter o sistema de tratamento adotado em bom estado de funcionamento e conservação.,
TUA20230116000179,,RH5A.V1,,
TUA20230116000179,T000043,L025479.2023.RH5A.V1,"O titular obriga-se a manter um registo atualizado dos valores do autocontrolo, para efeitos de inspeção ou fiscalização por parte das Entidades Competentes.",
TUA20230116000179,T000044,L025479.2023.RH5A.V1,O titular obriga-se a implementar o programa de autocontrolo descrito no respetivo Anexo e a enviar à Entidade Licenciadora os dados obtidos com o formato e periodicidade definidos no mesmo.,
TUA20230116000179,T000045,L025479.2023.RH5A.V1,"Sempre que forem autorizadas descargas de águas residuais de indústrias localizadas fora da malha urbana, a autorização de descarga, prevista na cláusula anterior, fica sujeita à aprovação da Entidade Licenciadora.",
TUA20230116000179,T000046,L025479.2023.RH5A.V1,"O titular da licença deve respeitar as condições de descarga indicadas no respetivo Anexo, não podendo efetuar qualquer operação deliberada de diluição das águas residuais. A avaliação de conformidade é determinada com base nos parâmetros definidos e de acordo com o mencionado no Anexo.",
TUA20230116000179,T000047,L025479.2023.RH5A.V1,Fazem parte integrante do presente título todos os anexos autenticados que o acompanham.,
TUA20230116000179,T000048,L025479.2023.RH5A.V1,"A ligação, às redes de drenagem da ETAR geridas pelo titular desta licença, das águas residuais de atividades económicas ou serviços localizados dentro da malha urbana ou diretamente na ETAR que produzam ou utilizem substâncias classificadas como poluentes específicos e/ou substâncias prioritárias/perigosas prioritárias para os meios aquáticos ou que sejam suscetíveis de comprometer o cumprimento das condições impostas nesta licença, nos termos do regulamento previsto no artigo 9º, do Decreto-Lei n.º 152/97, de 19 de junho, com as alterações introduzidas pelos Decretos-Leis n.os 348/98, de 9 de novembro, e 149/2004, de 22 de junho e 198/2008, de 8 de outubro, deve ser encarada com precaução, não podendo, em quaisquer circunstâncias, comprometer o cumprimento das condições impostas nesta licença.",
TUA20230116000179,T000049,L025479.2023.RH5A.V1,"Para efeitos de fiscalização ou inspeção poderão ser recolhidas amostras compostas num dado período temporal, inferior a 24 horas, em função do caudal. Caso o sistema não disponha de medidor de caudal com registo automático, será utilizado o caudal máximo previsto no título para efeitos de avaliação da respetiva conformidade das amostras.",
TUA20230116000179,T000050,L025479.2023.RH5A.V1,As condições de descarga poderão vir a ser alteradas em função dos resultados do autocontrolo e da evolução da qualidade do meio recetor ou de outras restrições de utilização local que o justifiquem.,
TUA20230116000179,T000051,L025479.2023.RH5A.V1,"Qualquer alteração no funcionamento do sistema de produção e/ou de tratamento, mesmo que não prejudique as condições impostas nesta licença, deve ser comunicada à Entidade Licenciadora no prazo máximo de cinco dias.",
TUA20230116000179,T000052,L025479.2023.RH5A.V1,"Qualquer descarga de águas residuais urbanas e/ou industriais, bem como de outras atividades económicas ou serviços, nas redes de drenagem ou diretamente na ETAR, só poderá ocorrer mediante autorização do titular da presente licença e ficará sujeita às disposições constantes dessa autorização não podendo, em qualquer caso, comprometer o cumprimento das condições impostas nesta licença. Qualquer nova situação desta natureza deverá ser comunicada à Entidade Licenciadora.",
TUA20230116000179,T000053,L025479.2023.RH5A.V1,"Não deverá ocorrer obstrução da linha de água, promovendo o titular a limpeza de todos os materiais que eventualmente caiam para a mesma. As intervenções deverão ser executadas de forma a evitar que as escorrências e/ou detritos sejam lançados na linha de água ou colocados nas suas margens.",
TUA20230116000179,T000054,L025479.2023.RH5A.V1,"A descarga das águas residuais na água não deve provocar alteração da sua qualidade, nem colocar em risco os seus usos, sendo efetuada de modo a não prejudicar o escoamento natural da corrente e a não contribuir para o aumento dos riscos de erosão no local, ficando o titular responsável pela tomada das medidas consideradas necessárias para a correção das situações que possam ocorrer.",
TUA20230116000179,T000055,L025479.2023.RH5A.V1,"O titular obriga-se a efetuar as ações de manutenção, preventivas e corretivas, necessárias ao bom funcionamento da ETAR, incluindo a limpeza dos respetivos órgãos de tratamento devendo guardar os registos detalhados da sua realização, com indicação do destino final das lamas ou outros resíduos produzidos, para efeitos de inspeção ou fiscalização por parte das Entidades Competentes.",
TUA20230116000179,T000056,L025479.2023.RH5A.V1,O titular assume a responsabilidade pela eficiência e eficácia dos processos de tratamento e dos procedimentos a adotar com vista a minimizar os efeitos decorrentes da rejeição de águas residuais e a cumprir os objetivos de qualidade definidos para a massa de água recetora.,
TUA20230116000180,T000045,L025473.2023.RH5A.V1,O titular obriga-se a implementar as medidas de prevenção de acidentes e de emergência descritas no projeto.,
TUA20230116000180,T000046,L025473.2023.RH5A.V1,Impende sobre o titular desta licença a responsabilidade de verificar o cumprimento das normas constantes na autorização de descarga supra mencionada.,
TUA20230116000180,T000047,L025473.2023.RH5A.V1,"O titular obriga-se a observar todos os preceitos legais no que concerne a segurança, gestão de resíduos e conservação da natureza e também a legislação e os regulamentos específicos das atividades complementares que simultaneamente venham a ser desenvolvidas no local.",
TUA20230116000180,T000048,L025473.2023.RH5A.V1,O titular obriga-se a manter o sistema de tratamento adotado em bom estado de funcionamento e conservação.,
TUA20230116000180,T000049,L025473.2023.RH5A.V1,"O titular obriga-se a manter um registo atualizado dos valores do autocontrolo, para efeitos de inspeção ou fiscalização por parte das Entidades Competentes.",
TUA20230116000180,T000050,L025473.2023.RH5A.V1,O titular obriga-se a implementar o programa de autocontrolo descrito no respetivo Anexo e a enviar à Entidade Licenciadora os dados obtidos com o formato e periodicidade definidos no mesmo.,
TUA20230116000180,T000051,L025473.2023.RH5A.V1,"Sempre que forem autorizadas descargas de águas residuais de indústrias localizadas fora da malha urbana, a autorização de descarga, prevista na cláusula anterior, fica sujeita à aprovação da Entidade Licenciadora.",
TUA20230116000180,T000052,L025473.2023.RH5A.V1,"O titular da licença deve respeitar as condições de descarga indicadas no respetivo Anexo, não podendo efetuar qualquer operação deliberada de diluição das águas residuais. A avaliação de conformidade é determinada com base nos parâmetros definidos e de acordo com o mencionado no Anexo.",
TUA20230116000180,T000053,L025473.2023.RH5A.V1,"Sempre que se verifique a necessidade de proceder a uma rejeição de emergência da(s) Estação(ões) Elevatória(s), o titular deverá de imediato tomar todas as medidas com vista a minimizar os efeitos daí decorrentes e comunicar a ocorrência à Entidade Licenciadora num prazo máximo de 24 horas seguintes à mesma.",
TUA20230116000180,T000054,L025473.2023.RH5A.V1,Fazem parte integrante do presente título todos os anexos autenticados que o acompanham.,
TUA20230116000180,T000055,L025473.2023.RH5A.V1,"A ligação, às redes de drenagem da ETAR geridas pelo titular desta licença, das águas residuais de atividades económicas ou serviços localizados dentro da malha urbana ou diretamente na ETAR que produzam ou utilizem substâncias classificadas como poluentes específicos e/ou substâncias prioritárias/perigosas prioritárias para os meios aquáticos ou que sejam suscetíveis de comprometer o cumprimento das condições impostas nesta licença, nos termos do regulamento previsto no artigo 9º, do Decreto-Lei n.º 152/97, de 19 de junho, com as alterações introduzidas pelos Decretos-Leis n.os 348/98, de 9 de novembro, e 149/2004, de 22 de junho e 198/2008, de 8 de outubro, deve ser encarada com precaução, não podendo, em quaisquer circunstâncias, comprometer o cumprimento das condições impostas nesta licença.",
TUA20230116000180,T000056,L025473.2023.RH5A.V1,"Para efeitos de fiscalização ou inspeção poderão ser recolhidas amostras compostas num dado período temporal, inferior a 24 horas, em função do caudal. Caso o sistema não disponha de medidor de caudal com registo automático, será utilizado o caudal máximo previsto no título para efeitos de avaliação da respetiva conformidade das amostras.",
TUA20230116000180,T000057,L025473.2023.RH5A.V1,As condições de descarga poderão vir a ser alteradas em função dos resultados do autocontrolo e da evolução da qualidade do meio recetor ou de outras restrições de utilização local que o justifiquem.,
TUA20230116000180,T000058,L025473.2023.RH5A.V1,"Qualquer alteração no funcionamento do sistema de produção e/ou de tratamento, mesmo que não prejudique as condições impostas nesta licença, deve ser comunicada à Entidade Licenciadora no prazo máximo de cinco dias.",
TUA20230116000180,T000059,L025473.2023.RH5A.V1,"Qualquer descarga de águas residuais urbanas e/ou industriais, bem como de outras atividades económicas ou serviços, nas redes de drenagem ou diretamente na ETAR, só poderá ocorrer mediante autorização do titular da presente licença e ficará sujeita às disposições constantes dessa autorização não podendo, em qualquer caso, comprometer o cumprimento das condições impostas nesta licença. Qualquer nova situação desta natureza deverá ser comunicada à Entidade Licenciadora.",
TUA20230116000180,T000060,L025473.2023.RH5A.V1,"Não deverá ocorrer obstrução da linha de água, promovendo o titular a limpeza de todos os materiais que eventualmente caiam para a mesma. As intervenções deverão ser executadas de forma a evitar que as escorrências e/ou detritos sejam lançados na linha de água ou colocados nas suas margens.",
TUA20230116000180,T000061,L025473.2023.RH5A.V1,"A descarga das águas residuais na água não deve provocar alteração da sua qualidade, nem colocar em risco os seus usos, sendo efetuada de modo a não prejudicar o escoamento natural da corrente e a não contribuir para o aumento dos riscos de erosão no local, ficando o titular responsável pela tomada das medidas consideradas necessárias para a correção das situações que possam ocorrer.",
TUA20230116000180,T000062,L025473.2023.RH5A.V1,"O titular obriga-se a efetuar as ações de manutenção, preventivas e corretivas, necessárias ao bom funcionamento da ETAR, incluindo a limpeza dos respetivos órgãos de tratamento devendo guardar os registos detalhados da sua realização, com indicação do destino final das lamas ou outros resíduos produzidos, para efeitos de inspeção ou fiscalização por parte das Entidades Competentes.",
TUA20230116000180,T000063,L025473.2023.RH5A.V1,O titular assume a responsabilidade pela eficiência e eficácia dos processos de tratamento e dos procedimentos a adotar com vista a minimizar os efeitos decorrentes da rejeição de águas residuais e a cumprir os objetivos de qualidade definidos para a massa de água recetora.,
TUA20230117000197,T000056,L001739.2013.RH5-T1.V1,O titular obriga-se a implementar as medidas de prevenção de acidentes e de emergência descritas no projeto.,
TUA20230117000197,T000057,L001739.2013.RH5-T1.V1,Impende sobre o titular desta licença a responsabilidade de verificar o cumprimento das normas constantes na autorização de descarga supra mencionada.,
TUA20230117000197,T000058,L001739.2013.RH5-T1.V1,"O titular obriga-se a observar todos os preceitos legais no que concerne a segurança, gestão de resíduos e conservação da natureza e também a legislação e os regulamentos específicos das atividades complementares que simultaneamente venham a ser desenvolvidas no local.",
TUA20230117000197,T000059,L001739.2013.RH5-T1.V1,O titular obriga-se a manter o sistema de tratamento adotado em bom estado de funcionamento e conservação.,
TUA20230117000197,T000060,L001739.2013.RH5-T1.V1,"O titular obriga-se a manter um registo atualizado dos valores do autocontrolo, para efeitos de inspeção ou fiscalização por parte das Entidades Competentes.",
TUA20230125000254,T000045,L009134.2018.RH3.V1,O titular obriga-se a implementar as medidas de prevenção de acidentes e de emergência descritas no projeto.,
TUA20230125000254,T000046,L009134.2018.RH3.V1,Impende sobre o titular desta licença a responsabilidade de verificar o cumprimento das normas constantes na autorização de descarga mencionada em T000055.,
TUA20230125000254,T000047,L009134.2018.RH3.V1,"O titular obriga-se a observar todos os preceitos legais no que concerne a segurança, gestão de resíduos e conservação da natureza e também a legislação e os regulamentos específicos das atividades complementares que simultaneamente venham a ser desenvolvidas no local.",
TUA20230125000254,T000048,L009134.2018.RH3.V1,O titular obriga-se a manter o sistema de tratamento adotado em bom estado de funcionamento e conservação.,
TUA20230125000254,T000049,L009134.2018.RH3.V1,"O titular obriga-se a manter um registo atualizado dos valores do autocontrolo, para efeitos de inspeção ou fiscalização por parte das Entidades Competentes.",
TUA20230125000254,T000050,L009134.2018.RH3.V1,"O titular obriga-se a implementar o programa de autocontrolo descrito em EXP8.3.16 e a reportar à Entidade Licenciadora os resultados obtidos, através da plataforma SILiAmb, com a frequência trimestral.",
TUA20230125000254,T000051,L009134.2018.RH3.V1,"Sempre que forem autorizadas descargas de águas residuais de indústrias localizadas fora da malha urbana, a autorização de descarga, prevista em T000059, fica sujeita à aprovação da Entidade Licenciadora.",
TUA20230125000254,T000052,L009134.2018.RH3.V1,"O titular da licença deve respeitar as condições de rejeição indicadas em EXP8.3.13, não podendo efetuar qualquer operação deliberada de diluição das águas residuais. A avaliação de conformidade é determinada com base nos parâmetros definidos e de acordo T000011.",
TUA20230125000254,T000053,L009134.2018.RH3.V1,"Sempre que se verifique a necessidade de proceder a uma rejeição de emergência da(s) Estação(ões) Elevatória(s), o titular deverá de imediato tomar todas as medidas com vista a minimizar os efeitos daí decorrentes e comunicar a ocorrência à Entidade Licenciadora num prazo máximo de 24 horas seguintes à mesma.",
TUA20230125000254,T000054,L009134.2018.RH3.V1,"Como medida preventiva e minimizadora das consequências inerentes a uma rejeição de emergência no domínio hídrico, o titular deverá diligenciar no sentido de dotar a(s) Estação(ões) Elevatória(s) de um gerador de emergência.",
TUA20230125000254,T000055,L009134.2018.RH3.V1,"A ligação, às redes de drenagem da ETAR geridas pelo titular desta licença, das águas residuais de atividades económicas ou serviços localizados dentro da malha urbana ou diretamente na ETAR que produzam ou utilizem substâncias classificadas como poluentes específicos e/ou substâncias prioritárias/perigosas prioritárias para os meios aquáticos ou que sejam suscetíveis de comprometer o cumprimento das condições impostas nesta licença, nos termos do regulamento previsto no artigo 9º, do Decreto-Lei n.º 152/97, de 19 de junho, com as alterações introduzidas pelos Decretos-Leis n.os 348/98, de 9 de novembro, e 149/2004, de 22 de junho e 198/2008, de 8 de outubro, deve ser encarada com precaução, não podendo, em quaisquer circunstâncias, comprometer o cumprimento das condições impostas nesta licença.",
TUA20230125000254,T000056,L009134.2018.RH3.V1,"Para efeitos de fiscalização ou inspeção poderão ser recolhidas amostras compostas num dado período temporal, inferior a 24 horas, em função do caudal. Caso o sistema não disponha de medidor de caudal com registo automático, será utilizado o caudal máximo previsto no título para efeitos de avaliação da respetiva conformidade das amostras.",
TUA20230125000254,T000057,L009134.2018.RH3.V1,As condições de descarga poderão vir a ser alteradas em função dos resultados do autocontrolo e da evolução da qualidade do meio recetor ou de outras restrições de utilização local que o justifiquem.,
TUA20230125000254,T000058,L009134.2018.RH3.V1,"Qualquer alteração no funcionamento do sistema de produção e/ou de tratamento, mesmo que não prejudique as condições impostas nesta licença, deve ser comunicada à Entidade Licenciadora no prazo máximo de cinco dias.",
TUA20230125000254,T000059,L009134.2018.RH3.V1,"Qualquer descarga de águas residuais urbanas e/ou industriais, bem como de outras atividades económicas ou serviços, nas redes de drenagem ou diretamente na ETAR, só poderá ocorrer mediante autorização do titular da presente licença e ficará sujeita às disposições constantes dessa autorização não podendo, em qualquer caso, comprometer o cumprimento das condições impostas nesta licença. Qualquer nova situação desta natureza deverá ser comunicada à Entidade Licenciadora.",
TUA20230125000254,T000060,L009134.2018.RH3.V1,"A descarga das águas residuais na água não deve provocar alteração da sua qualidade, nem colocar em risco os seus usos, sendo efetuada de modo a não prejudicar o escoamento natural da corrente e a não contribuir para o aumento dos riscos de erosão no local, ficando o titular responsável pela tomada das medidas consideradas necessárias para a correção das situações que possam ocorrer.",
TUA20230125000254,T000061,L009134.2018.RH3.V1,"O titular obriga-se a efetuar as ações de manutenção, preventivas e corretivas, necessárias ao bom funcionamento da ETAR, incluindo a limpeza dos respetivos órgãos de tratamento devendo guardar os registos detalhados da sua realização, com indicação do destino final das lamas ou outros resíduos produzidos, para efeitos de inspeção ou fiscalização por parte das Entidades Competentes.",
TUA20230125000254,T000062,L009134.2018.RH3.V1,O titular assume a responsabilidade pela eficiência e eficácia dos processos de tratamento e dos procedimentos a adotar com vista a minimizar os efeitos decorrentes da rejeição de águas residuais e a cumprir os objetivos de qualidade definidos para a massa de água recetora.,
TUA20230125000271,T000055,L009128.2018.RH3.V1,O titular obriga-se a implementar as medidas de prevenção de acidentes e de emergência descritas no projeto.,
TUA20230125000271,T000056,L009128.2018.RH3.V1,Impende sobre o titular desta licença a responsabilidade de verificar o cumprimento das normas constantes na autorização de descarga mencionada em T000065.,
TUA20230125000271,T000057,L009128.2018.RH3.V1,"O titular obriga-se a observar todos os preceitos legais no que concerne a segurança, gestão de resíduos e conservação da natureza e também a legislação e os regulamentos específicos das atividades complementares que simultaneamente venham a ser desenvolvidas no local.",
TUA20230125000271,T000058,L009128.2018.RH3.V1,O titular obriga-se a manter o sistema de tratamento adotado em bom estado de funcionamento e conservação.,
TUA20230125000271,T000059,L009128.2018.RH3.V1,"O titular obriga-se a manter um registo atualizado dos valores do autocontrolo, para efeitos de inspeção ou fiscalização por parte das Entidades Competentes.",
TUA20230125000271,T000060,L009128.2018.RH3.V1,"O titular obriga-se a implementar o programa de autocontrolo descrito em EXP8.3.16 e a reportar à Entidade Licenciadora os resultados obtidos, através da plataforma SILiAmb, com a frequência trimestral.",
TUA20230125000271,T000061,L009128.2018.RH3.V1,"Sempre que forem autorizadas descargas de águas residuais de indústrias localizadas fora da malha urbana, a autorização de descarga, prevista em T000069, fica sujeita à aprovação da Entidade Licenciadora.",
TUA20230125000271,T000062,L009128.2018.RH3.V1,"O titular da licença deve respeitar as condições de rejeição indicadas em EXP8.3.13, não podendo efetuar qualquer operação deliberada de diluição das águas residuais. A avaliação de conformidade é determinada com base nos parâmetros definidos e de acordo T000024.",
TUA20230125000271,T000063,L009128.2018.RH3.V1,"Sempre que se verifique a necessidade de proceder a uma rejeição de emergência da(s) Estação(ões) Elevatória(s), o titular deverá de imediato tomar todas as medidas com vista a minimizar os efeitos daí decorrentes e comunicar a ocorrência à Entidade Licenciadora num prazo máximo de 24 horas seguintes à mesma.",
TUA20230125000271,T000064,L009128.2018.RH3.V1,"Como medida preventiva e minimizadora das consequências inerentes a uma rejeição de emergência no domínio hídrico, o titular deverá diligenciar no sentido de dotar a(s) Estação(ões) Elevatória(s) de um gerador de emergência.",
TUA20230125000271,T000065,L009128.2018.RH3.V1,"A ligação, às redes de drenagem da ETAR geridas pelo titular desta licença, das águas residuais de atividades económicas ou serviços localizados dentro da malha urbana ou diretamente na ETAR que produzam ou utilizem substâncias classificadas como poluentes específicos e/ou substâncias prioritárias/perigosas prioritárias para os meios aquáticos ou que sejam suscetíveis de comprometer o cumprimento das condições impostas nesta licença, nos termos do regulamento previsto no artigo 9º, do Decreto-Lei n.º 152/97, de 19 de junho, com as alterações introduzidas pelos Decretos-Leis n.os 348/98, de 9 de novembro, e 149/2004, de 22 de junho e 198/2008, de 8 de outubro, deve ser encarada com precaução, não podendo, em quaisquer circunstâncias, comprometer o cumprimento das condições impostas nesta licença.",
TUA20230125000271,T000066,L009128.2018.RH3.V1,"Para efeitos de fiscalização ou inspeção poderão ser recolhidas amostras compostas num dado período temporal, inferior a 24 horas, em função do caudal. Caso o sistema não disponha de medidor de caudal com registo automático, será utilizado o caudal máximo previsto no título para efeitos de avaliação da respetiva conformidade das amostras.",
TUA20230125000271,T000067,L009128.2018.RH3.V1,As condições de descarga poderão vir a ser alteradas em função dos resultados do autocontrolo e da evolução da qualidade do meio recetor ou de outras restrições de utilização local que o justifiquem.,
TUA20230125000271,T000068,L009128.2018.RH3.V1,"Qualquer alteração no funcionamento do sistema de produção e/ou de tratamento, mesmo que não prejudique as condições impostas nesta licença, deve ser comunicada à Entidade Licenciadora no prazo máximo de cinco dias.",
TUA20230125000271,T000069,L009128.2018.RH3.V1,"Qualquer descarga de águas residuais urbanas e/ou industriais, bem como de outras atividades económicas ou serviços, nas redes de drenagem ou diretamente na ETAR, só poderá ocorrer mediante autorização do titular da presente licença e ficará sujeita às disposições constantes dessa autorização não podendo, em qualquer caso, comprometer o cumprimento das condições impostas nesta licença. Qualquer nova situação desta natureza deverá ser comunicada à Entidade Licenciadora.",
TUA20230125000271,T000070,L009128.2018.RH3.V1,"A descarga das águas residuais na água não deve provocar alteração da sua qualidade, nem colocar em risco os seus usos, sendo efetuada de modo a não prejudicar o escoamento natural da corrente e a não contribuir para o aumento dos riscos de erosão no local, ficando o titular responsável pela tomada das medidas consideradas necessárias para a correção das situações que possam ocorrer.",
TUA20230125000271,T000071,L009128.2018.RH3.V1,"O titular obriga-se a efetuar as ações de manutenção, preventivas e corretivas, necessárias ao bom funcionamento da ETAR, incluindo a limpeza dos respetivos órgãos de tratamento devendo guardar os registos detalhados da sua realização, com indicação do destino final das lamas ou outros resíduos produzidos, para efeitos de inspeção ou fiscalização por parte das Entidades Competentes.",
TUA20230125000271,T000072,L009128.2018.RH3.V1,O titular assume a responsabilidade pela eficiência e eficácia dos processos de tratamento e dos procedimentos a adotar com vista a minimizar os efeitos decorrentes da rejeição de águas residuais e a cumprir os objetivos de qualidade definidos para a massa de água recetora.,
TUA20230125000272,T000043,L009112.2018.RH3.V1,O titular obriga-se a implementar as medidas de prevenção de acidentes e de emergência descritas no projeto.,
TUA20230125000272,T000044,L009112.2018.RH3.V1,Impende sobre o titular desta licença a responsabilidade de verificar o cumprimento das normas constantes na autorização de descarga mencionada em T000053.,
TUA20230125000272,T000045,L009112.2018.RH3.V1,"O titular obriga-se a observar todos os preceitos legais no que concerne a segurança, gestão de resíduos e conservação da natureza e também a legislação e os regulamentos específicos das atividades complementares que simultaneamente venham a ser desenvolvidas no local.",
TUA20230125000272,T000046,L009112.2018.RH3.V1,O titular obriga-se a manter o sistema de tratamento adotado em bom estado de funcionamento e conservação.,
TUA20230125000272,T000047,L009112.2018.RH3.V1,"O titular obriga-se a manter um registo atualizado dos valores do autocontrolo, para efeitos de inspeção ou fiscalização por parte das Entidades Competentes.",
TUA20230125000272,T000048,L009112.2018.RH3.V1,"O titular obriga-se a implementar o programa de autocontrolo descrito em EXP8.3.16 e a reportar à Entidade Licenciadora os resultados obtidos, através da plataforma SILiAmb, com a frequência trimestral.",
TUA20230125000272,T000049,L009112.2018.RH3.V1,"Sempre que forem autorizadas descargas de águas residuais de indústrias localizadas fora da malha urbana, a autorização de descarga, prevista em T000057, fica sujeita à aprovação da Entidade Licenciadora.",
TUA20230125000272,T000050,L009112.2018.RH3.V1,"O titular da licença deve respeitar as condições de rejeição indicadas em EXP8.3.13, não podendo efetuar qualquer operação deliberada de diluição das águas residuais. A avaliação de conformidade é determinada com base nos parâmetros definidos e de acordo T000010.",
TUA20230125000272,T000051,L009112.2018.RH3.V1,"Sempre que se verifique a necessidade de proceder a uma rejeição de emergência da(s) Estação(ões) Elevatória(s), o titular deverá de imediato tomar todas as medidas com vista a minimizar os efeitos daí decorrentes e comunicar a ocorrência à Entidade Licenciadora num prazo máximo de 24 horas seguintes à mesma.",
TUA20230125000272,T000052,L009112.2018.RH3.V1,"Como medida preventiva e minimizadora das consequências inerentes a uma rejeição de emergência no domínio hídrico, o titular deverá diligenciar no sentido de dotar a(s) Estação(ões) Elevatória(s) de um gerador de emergência.",
TUA20230125000272,T000053,L009112.2018.RH3.V1,"A ligação, às redes de drenagem da ETAR geridas pelo titular desta licença, das águas residuais de atividades económicas ou serviços localizados dentro da malha urbana ou diretamente na ETAR que produzam ou utilizem substâncias classificadas como poluentes específicos e/ou substâncias prioritárias/perigosas prioritárias para os meios aquáticos ou que sejam suscetíveis de comprometer o cumprimento das condições impostas nesta licença, nos termos do regulamento previsto no artigo 9º, do Decreto-Lei n.º 152/97, de 19 de junho, com as alterações introduzidas pelos Decretos-Leis n.os 348/98, de 9 de novembro, e 149/2004, de 22 de junho e 198/2008, de 8 de outubro, deve ser encarada com precaução, não podendo, em quaisquer circunstâncias, comprometer o cumprimento das condições impostas nesta licença.",
TUA20230125000272,T000054,L009112.2018.RH3.V1,"Para efeitos de fiscalização ou inspeção poderão ser recolhidas amostras compostas num dado período temporal, inferior a 24 horas, em função do caudal. Caso o sistema não disponha de medidor de caudal com registo automático, será utilizado o caudal máximo previsto no título para efeitos de avaliação da respetiva conformidade das amostras.",
TUA20230125000272,T000055,L009112.2018.RH3.V1,As condições de descarga poderão vir a ser alteradas em função dos resultados do autocontrolo e da evolução da qualidade do meio recetor ou de outras restrições de utilização local que o justifiquem.,
TUA20230125000272,T000056,L009112.2018.RH3.V1,"Qualquer alteração no funcionamento do sistema de produção e/ou de tratamento, mesmo que não prejudique as condições impostas nesta licença, deve ser comunicada à Entidade Licenciadora no prazo máximo de cinco dias.",
TUA20230125000272,T000057,L009112.2018.RH3.V1,"Qualquer descarga de águas residuais urbanas e/ou industriais, bem como de outras atividades económicas ou serviços, nas redes de drenagem ou diretamente na ETAR, só poderá ocorrer mediante autorização do titular da presente licença e ficará sujeita às disposições constantes dessa autorização não podendo, em qualquer caso, comprometer o cumprimento das condições impostas nesta licença. Qualquer nova situação desta natureza deverá ser comunicada à Entidade Licenciadora.",
TUA20230125000272,T000058,L009112.2018.RH3.V1,"A descarga das águas residuais na água não deve provocar alteração da sua qualidade, nem colocar em risco os seus usos, sendo efetuada de modo a não prejudicar o escoamento natural da corrente e a não contribuir para o aumento dos riscos de erosão no local, ficando o titular responsável pela tomada das medidas consideradas necessárias para a correção das situações que possam ocorrer.",
TUA20230125000272,T000059,L009112.2018.RH3.V1,"O titular obriga-se a efetuar as ações de manutenção, preventivas e corretivas, necessárias ao bom funcionamento da ETAR, incluindo a limpeza dos respetivos órgãos de tratamento devendo guardar os registos detalhados da sua realização, com indicação do destino final das lamas ou outros resíduos produzidos, para efeitos de inspeção ou fiscalização por parte das Entidades Competentes.",
TUA20230125000272,T000060,L009112.2018.RH3.V1,O titular assume a responsabilidade pela eficiência e eficácia dos processos de tratamento e dos procedimentos a adotar com vista a minimizar os efeitos decorrentes da rejeição de águas residuais e a cumprir os objetivos de qualidade definidos para a massa de água recetora.,
TUA20230130000331,T000047,L026674.2023.RH5A.V1,As intervenções na faixa marginal afeta ao domínio hídrico só deverão ser efetuadas após a autorização dos proprietários dos terrenos marginais.,
TUA20230130000331,T000048,L026674.2023.RH5A.V1,O titular obriga-se a implementar as medidas de prevenção de acidentes e de emergência descritas no projeto.,
TUA20230130000331,T000049,L026674.2023.RH5A.V1,"Não poderão ser ocupadas áreas do Domínio Hídrico (leito e margens do curso de água), para instalação de estaleiros e depósitos de materiais.",
TUA20230130000331,T000050,L026674.2023.RH5A.V1,Impende sobre o titular desta licença a responsabilidade de verificar o cumprimento das normas constantes na autorização de descarga supra mencionada.,
TUA20230130000331,T000051,L026674.2023.RH5A.V1,"O titular obriga-se a observar todos os preceitos legais no que concerne a segurança, gestão de resíduos e conservação da natureza e também a legislação e os regulamentos específicos das atividades complementares que simultaneamente venham a ser desenvolvidas no local.",
TUA20230130000331,T000052,L026674.2023.RH5A.V1,O titular obriga-se a manter o sistema de tratamento adotado em bom estado de funcionamento e conservação.,
TUA20230130000331,T000053,L026674.2023.RH5A.V1,"Os atravessamentos de linhas de água devem ser perpendiculares às mesmas, não poderão diminuir as secções de vazão, devendo as condutas serem revestidas e implantadas a cota tal que permita futuros trabalhos de limpeza e desobstrução das linhas de água, evitando-se, assim, a ocorrência de eventuais acidentes.",
TUA20230130000331,T000054,L026674.2023.RH5A.V1,"O titular obriga-se a manter um registo atualizado dos valores do autocontrolo, para efeitos de inspeção ou fiscalização por parte das Entidades Competentes.",
TUA20230130000331,T000055,L026674.2023.RH5A.V1,O titular obriga-se a implementar o programa de autocontrolo descrito no respetivo Anexo e a enviar à Entidade Licenciadora os dados obtidos com o formato e periodicidade definidos no mesmo.,
TUA20230130000331,T000056,L026674.2023.RH5A.V1,"Sempre que forem autorizadas descargas de águas residuais de indústrias localizadas fora da malha urbana, a autorização de descarga, prevista na cláusula anterior, fica sujeita à aprovação da Entidade Licenciadora.",
TUA20230130000331,T000057,L026674.2023.RH5A.V1,"O titular da licença deve respeitar as condições de descarga indicadas no respetivo Anexo, não podendo efetuar qualquer operação deliberada de diluição das águas residuais. A avaliação de conformidade é determinada com base nos parâmetros definidos e de acordo com o mencionado no Anexo.",
TUA20230130000331,T000058,L026674.2023.RH5A.V1,"Sempre que se verifique a necessidade de proceder a uma rejeição de emergência da(s) Estação(ões) Elevatória(s), o titular deverá de imediato tomar todas as medidas com vista a minimizar os efeitos daí decorrentes e comunicar a ocorrência à Entidade Licenciadora num prazo máximo de 24 horas seguintes à mesma.",
TUA20230130000331,T000059,L026674.2023.RH5A.V1,Fazem parte integrante do presente título todos os anexos autenticados que o acompanham.,
TUA20230130000331,T000060,L026674.2023.RH5A.V1,"A ligação, às redes de drenagem da ETAR geridas pelo titular desta licença, das águas residuais de atividades económicas ou serviços localizados dentro da malha urbana ou diretamente na ETAR que produzam ou utilizem substâncias classificadas como poluentes específicos e/ou substâncias prioritárias/perigosas prioritárias para os meios aquáticos ou que sejam suscetíveis de comprometer o cumprimento das condições impostas nesta licença, nos termos do regulamento previsto no artigo 9º, do Decreto-Lei n.º 152/97, de 19 de junho, com as alterações introduzidas pelos Decretos-Leis n.os 348/98, de 9 de novembro, e 149/2004, de 22 de junho e 198/2008, de 8 de outubro, deve ser encarada com precaução, não podendo, em quaisquer circunstâncias, comprometer o cumprimento das condições impostas nesta licença.",
TUA20230130000331,T000061,L026674.2023.RH5A.V1,"Todas as intervenções a efetuar na margem da linha de água deverão culminar com a reposição da situação inicial. No final da obra deverão ser retirados todos os materiais de construção que eventualmente se encontrem no leito e margens da linha de água, devendo os mesmos ficar devidamente regularizados e compactados de modo a que sejam repostas as condições verificadas antes da obra.",
TUA20230130000331,,,"Para efeitos de fiscalização ou inspeção poderão ser recolhidas amostras compostas num dado período temporal, inferior a 24 horas, em função do caudal.",
TUA20230130000331,T000062,L026674.2023.RH5A.V1,"Caso o sistema não disponha de medidor de caudal com registo automático, será utilizado o caudal máximo previsto no título para efeitos de avaliação da respetiva conformidade das amostras.",
TUA20230130000331,T000063,L026674.2023.RH5A.V1,As condições de descarga poderão vir a ser alteradas em função dos resultados do autocontrolo e da evolução da qualidade do meio recetor ou de outras restrições de utilização local que o justifiquem.,
TUA20230130000331,T000064,L026674.2023.RH5A.V1,"Qualquer alteração no funcionamento do sistema de produção e/ou de tratamento, mesmo que não prejudique as condições impostas nesta licença, deve ser comunicada à Entidade Licenciadora no prazo máximo de cinco dias.",
TUA20230130000331,T000065,L026674.2023.RH5A.V1,"Qualquer descarga de águas residuais urbanas e/ou industriais, bem como de outras atividades económicas ou serviços, nas redes de drenagem ou diretamente na ETAR, só poderá ocorrer mediante autorização do titular da presente licença e ficará sujeita às disposições constantes dessa autorização não podendo, em qualquer caso, comprometer o cumprimento das condições impostas nesta licença. Qualquer nova situação desta natureza deverá ser comunicada à Entidade Licenciadora.",
TUA20230130000331,T000066,L026674.2023.RH5A.V1,"Não deverá ocorrer obstrução da linha de água, promovendo o titular a limpeza de todos os materiais que eventualmente caiam para a mesma. As intervenções deverão ser executadas de forma a evitar que as escorrências e/ou detritos sejam lançados na linha de água ou colocados nas suas margens.",
TUA20230130000331,T000067,L026674.2023.RH5A.V1,"A descarga das águas residuais na água não deve provocar alteração da sua qualidade, nem colocar em risco os seus usos, sendo efetuada de modo a não prejudicar o escoamento natural da corrente e a não contribuir para o aumento dos riscos de erosão no local, ficando o titular responsável pela tomada das medidas consideradas necessárias para a correção das situações que possam ocorrer.",
TUA20230130000331,T000068,L026674.2023.RH5A.V1,"O titular obriga-se a efetuar as ações de manutenção, preventivas e corretivas, necessárias ao bom funcionamento da ETAR, incluindo a limpeza dos respetivos órgãos de tratamento devendo guardar os registos detalhados da sua realização, com indicação do destino final das lamas ou outros resíduos produzidos, para efeitos de inspeção ou fiscalização por parte das Entidades Competentes.",
TUA20230130000331,T000069,L026674.2023.RH5A.V1,O titular assume a responsabilidade pela eficiência e eficácia dos processos de tratamento e dos procedimentos a adotar com vista a minimizar os efeitos decorrentes da rejeição de águas residuais e a cumprir os objetivos de qualidade definidos para a massa de água recetora.,
TUA20230130000332,T000047,L026655.2023.RH5A.V1,As intervenções na faixa marginal afeta ao domínio hídrico só deverão ser efetuadas após a autorização dos proprietários dos terrenos marginais.,
TUA20230130000332,T000048,L026655.2023.RH5A.V1,O titular obriga-se a implementar as medidas de prevenção de acidentes e de emergência descritas no projeto.,
TUA20230130000332,T000049,L026655.2023.RH5A.V1,"Não poderão ser ocupadas áreas do Domínio Hídrico (leito e margens do curso de água), para instalação de estaleiros e depósitos de materiais.",
TUA20230130000332,T000050,L026655.2023.RH5A.V1,"A descarga das águas residuais no solo não deve provocar alteração da qualidade das águas subterrâneas, ficando assim condicionada à natureza do terreno de infiltração, às suas condições de permeabilidade e à altura do nível freático bem como a outros possíveis fatores decorrentes da necessidade de preservação do ambiente e de defesa da saúde pública, ficando a entidade gestora do sistema responsável pela tomada das medidas consideradas necessárias para a correção da situação a ocorrer.",
TUA20230130000332,T000051,L026655.2023.RH5A.V1,Impende sobre o titular desta licença a responsabilidade de verificar o cumprimento das normas constantes na autorização de descarga supra mencionada.,
TUA20230130000332,T000052,L026655.2023.RH5A.V1,"O titular obriga-se a observar todos os preceitos legais no que concerne a segurança, gestão de resíduos e conservação da natureza e também a legislação e os regulamentos específicos das atividades complementares que simultaneamente venham a ser desenvolvidas no local.",
TUA20230130000332,T000053,L026655.2023.RH5A.V1,O titular obriga-se a manter o sistema de tratamento adotado em bom estado de funcionamento e conservação.,
TUA20230130000332,T000054,L026655.2023.RH5A.V1,"O titular obriga-se a manter um registo atualizado dos valores do autocontrolo, para efeitos de inspeção ou fiscalização por parte das Entidades Competentes.",
TUA20230130000332,T000055,L026655.2023.RH5A.V1,O titular obriga-se a implementar o programa de autocontrolo descrito no respetivo Anexo e a enviar à Entidade Licenciadora os dados obtidos com o formato e periodicidade definidos no mesmo.,
TUA20230130000332,T000056,L026655.2023.RH5A.V1,"Sempre que forem autorizadas descargas de águas residuais de indústrias localizadas fora da malha urbana, a autorização de descarga, prevista na cláusula anterior, fica sujeita à aprovação da Entidade Licenciadora.",
TUA20230130000332,T000057,L026655.2023.RH5A.V1,"O titular da licença deve respeitar as condições de descarga indicadas no respetivo Anexo, não podendo efetuar qualquer operação deliberada de diluição das águas residuais. A avaliação de conformidade é determinada com base nos parâmetros definidos e de acordo com o mencionado no Anexo.",
TUA20230130000332,T000058,L026655.2023.RH5A.V1,"Sempre que se verifique a necessidade de proceder a uma rejeição de emergência da(s) Estação(ões) Elevatória(s), o titular deverá de imediato tomar todas as medidas com vista a minimizar os efeitos daí decorrentes e comunicar a ocorrência à Entidade Licenciadora num prazo máximo de 24 horas seguintes à mesma.",
TUA20230130000332,T000059,L026655.2023.RH5A.V1,Fazem parte integrante do presente título todos os anexos autenticados que o acompanham.,
TUA20230130000332,T000060,L026655.2023.RH5A.V1,"A ligação, às redes de drenagem da ETAR geridas pelo titular desta licença, das águas residuais de atividades económicas ou serviços localizados dentro da malha urbana ou diretamente na ETAR que produzam ou utilizem substâncias classificadas como poluentes específicos e/ou substâncias prioritárias/perigosas prioritárias para os meios aquáticos ou que sejam suscetíveis de comprometer o cumprimento das condições impostas nesta licença, nos termos do regulamento previsto no artigo 9º, do Decreto-Lei n.º 152/97, de 19 de junho, com as alterações introduzidas pelos Decretos-Leis n.os 348/98, de 9 de novembro, e 149/2004, de 22 de junho e 198/2008, de 8 de outubro, deve ser encarada com precaução, não podendo, em quaisquer circunstâncias, comprometer o cumprimento das condições impostas nesta licença.",
TUA20230130000332,T000061,L026655.2023.RH5A.V1,"Todas as intervenções a efetuar na margem da linha de água deverão culminar com a reposição da situação inicial. No final da obra deverão ser retirados todos os materiais de construção que eventualmente se encontrem no leito e margens da linha de água, devendo os mesmos ficar devidamente regularizados e compactados de modo a que sejam repostas as condições verificadas antes da obra.",
TUA20230130000332,T000062,L026655.2023.RH5A.V1,"Para efeitos de fiscalização ou inspeção poderão ser recolhidas amostras compostas num dado período temporal, inferior a 24 horas, em função do caudal. Caso o sistema não disponha de medidor de caudal com registo automático, será utilizado o caudal máximo previsto no título para efeitos de avaliação da respetiva conformidade das amostras.",
TUA20230130000332,T000063,L026655.2023.RH5A.V1,As condições de descarga poderão vir a ser alteradas em função dos resultados do autocontrolo e da evolução da qualidade do meio recetor ou de outras restrições de utilização local que o justifiquem.,
TUA20230130000332,T000064,L026655.2023.RH5A.V1,"Qualquer alteração no funcionamento do sistema de produção e/ou de tratamento, mesmo que não prejudique as condições impostas nesta licença, deve ser comunicada à Entidade Licenciadora no prazo máximo de cinco dias.",
TUA20230130000332,T000065,L026655.2023.RH5A.V1,"Qualquer descarga de águas residuais urbanas e/ou industriais, bem como de outras atividades económicas ou serviços, nas redes de drenagem ou diretamente na ETAR, só poderá ocorrer mediante autorização do titular da presente licença e ficará sujeita às disposições constantes dessa autorização não podendo, em qualquer caso, comprometer o cumprimento das condições impostas nesta licença. Qualquer nova situação desta natureza deverá ser comunicada à Entidade Licenciadora.",
TUA20230130000332,T000066,L026655.2023.RH5A.V1,"Não deverá ocorrer obstrução da linha de água, promovendo o titular a limpeza de todos os materiais que eventualmente caiam para a mesma. As intervenções deverão ser executadas de forma a evitar que as escorrências e/ou detritos sejam lançados na linha de água ou colocados nas suas margens.",
TUA20230130000332,T000067,L026655.2023.RH5A.V1,"A descarga das águas residuais na água não deve provocar alteração da sua qualidade, nem colocar em risco os seus usos, sendo efetuada de modo a não prejudicar o escoamento natural da corrente e a não contribuir para o aumento dos riscos de erosão no local, ficando o titular responsável pela tomada das medidas consideradas necessárias para a correção das situações que possam ocorrer.",
TUA20230130000332,T000068,L026655.2023.RH5A.V1,"O titular obriga-se a efetuar as ações de manutenção, preventivas e corretivas, necessárias ao bom funcionamento da ETAR, incluindo a limpeza dos respetivos órgãos de tratamento devendo guardar os registos detalhados da sua realização, com indicação do destino final das lamas ou outros resíduos produzidos, para efeitos de inspeção ou fiscalização por parte das Entidades Competentes.",
TUA20230130000332,T000069,L026655.2023.RH5A.V1,O titular assume a responsabilidade pela eficiência e eficácia dos processos de tratamento e dos procedimentos a adotar com vista a minimizar os efeitos decorrentes da rejeição de águas residuais e a cumprir os objetivos de qualidade definidos para a massa de água recetora.,
TUA20230130000333,T000047,L026342.2023.RH5A.V1,As intervenções na faixa marginal afeta ao domínio hídrico só deverão ser efetuadas após a autorização dos proprietários dos terrenos marginais.,
TUA20230130000333,T000048,L026342.2023.RH5A.V1,O titular obriga-se a implementar as medidas de prevenção de acidentes e de emergência descritas no projeto.,
TUA20230130000333,T000049,L026342.2023.RH5A.V1,"Não poderão ser ocupadas áreas do Domínio Hídrico (leito e margens do curso de água), para instalação de estaleiros e depósitos de materiais.",
TUA20230130000333,T000050,L026342.2023.RH5A.V1,Impende sobre o titular desta licença a responsabilidade de verificar o cumprimento das normas constantes na autorização de descarga supra mencionada.,
TUA20230130000333,T000051,L026342.2023.RH5A.V1,"O titular obriga-se a observar todos os preceitos legais no que concerne a segurança, gestão de resíduos e conservação da natureza e também a legislação e os regulamentos específicos das atividades complementares que simultaneamente venham a ser desenvolvidas no local.",
TUA20230130000333,T000052,L026342.2023.RH5A.V1,O titular obriga-se a manter o sistema de tratamento adotado em bom estado de funcionamento e conservação.,
TUA20230130000333,T000053,L026342.2023.RH5A.V1,"O titular obriga-se a manter um registo atualizado dos valores do autocontrolo, para efeitos de inspeção ou fiscalização por parte das Entidades Competentes.",
TUA20230130000333,T000054,L026342.2023.RH5A.V1,O titular obriga-se a implementar o programa de autocontrolo descrito no respetivo Anexo e a enviar à Entidade Licenciadora os dados obtidos com o formato e periodicidade definidos no mesmo.,
TUA20230130000333,T000055,L026342.2023.RH5A.V1,"Sempre que forem autorizadas descargas de águas residuais de indústrias localizadas fora da malha urbana, a autorização de descarga, prevista na cláusula anterior, fica sujeita à aprovação da Entidade Licenciadora.",
TUA20230130000333,T000056,L026342.2023.RH5A.V1,"O titular da licença deve respeitar as condições de descarga indicadas no respetivo Anexo, não podendo efetuar qualquer operação deliberada de diluição das águas residuais. A avaliação de conformidade é determinada com base nos parâmetros definidos e de acordo com o mencionado no Anexo.",
TUA20230130000333,T000057,L026342.2023.RH5A.V1,"Sempre que se verifique a necessidade de proceder a uma rejeição de emergência da(s) Estação(ões) Elevatória(s), o titular deverá de imediato tomar todas as medidas com vista a minimizar os efeitos daí decorrentes e comunicar a ocorrência à Entidade Licenciadora num prazo máximo de 24 horas seguintes à mesma.",
TUA20230130000333,T000058,L026342.2023.RH5A.V1,Fazem parte integrante do presente título todos os anexos autenticados que o acompanham.,
TUA20230130000333,T000059,L026342.2023.RH5A.V1,"A ligação, às redes de drenagem da ETAR geridas pelo titular desta licença, das águas residuais de atividades económicas ou serviços localizados dentro da malha urbana ou diretamente na ETAR que produzam ou utilizem substâncias classificadas como poluentes específicos e/ou substâncias prioritárias/perigosas prioritárias para os meios aquáticos ou que sejam suscetíveis de comprometer o cumprimento das condições impostas nesta licença, nos termos do regulamento previsto no artigo 9º, do Decreto-Lei n.º 152/97, de 19 de junho, com as alterações introduzidas pelos Decretos-Leis n.os 348/98, de 9 de novembro, e 149/2004, de 22 de junho e 198/2008, de 8 de outubro, deve ser encarada com precaução, não podendo, em quaisquer circunstâncias, comprometer o cumprimento das condições impostas nesta licença.",
TUA20230130000333,T000060,L026342.2023.RH5A.V1,"Todas as intervenções a efetuar na margem da linha de água deverão culminar com a reposição da situação inicial. No final da obra deverão ser retirados todos os materiais de construção que eventualmente se encontrem no leito e margens da linha de água, devendo os mesmos ficar devidamente regularizados e compactados de modo a que sejam repostas as condições verificadas antes da obra.",
TUA20230130000333,T000061,L026342.2023.RH5A.V1,"Para efeitos de fiscalização ou inspeção poderão ser recolhidas amostras compostas num dado período temporal, inferior a 24 horas, em função do caudal. Caso o sistema não disponha de medidor de caudal com registo automático, será utilizado o caudal máximo previsto no título para efeitos de avaliação da respetiva conformidade das amostras.",
TUA20230130000333,,L026342.2023.,As condições de descarga poderão vir a ser alteradas em função dos resultados do autocontrolo e da evolução da qualidade do meio recetor ou de outras,
TUA20230130000333,T000062,RH5A.V1,restrições de utilização local que o justifiquem.,
TUA20230130000333,T000063,L026342.2023.RH5A.V1,"Qualquer alteração no funcionamento do sistema de produção e/ou de tratamento, mesmo que não prejudique as condições impostas nesta licença, deve ser comunicada à Entidade Licenciadora no prazo máximo de cinco dias.",
TUA20230130000333,T000064,L026342.2023.RH5A.V1,"Qualquer descarga de águas residuais urbanas e/ou industriais, bem como de outras atividades económicas ou serviços, nas redes de drenagem ou diretamente na ETAR, só poderá ocorrer mediante autorização do titular da presente licença e ficará sujeita às disposições constantes dessa autorização não podendo, em qualquer caso, comprometer o cumprimento das condições impostas nesta licença. Qualquer nova situação desta natureza deverá ser comunicada à Entidade Licenciadora.",
TUA20230130000333,T000065,L026342.2023.RH5A.V1,"Não deverá ocorrer obstrução da linha de água, promovendo o titular a limpeza de todos os materiais que eventualmente caiam para a mesma. As intervenções deverão ser executadas de forma a evitar que as escorrências e/ou detritos sejam lançados na linha de água ou colocados nas suas margens.",
TUA20230130000333,T000066,L026342.2023.RH5A.V1,"A descarga das águas residuais na água não deve provocar alteração da sua qualidade, nem colocar em risco os seus usos, sendo efetuada de modo a não prejudicar o escoamento natural da corrente e a não contribuir para o aumento dos riscos de erosão no local, ficando o titular responsável pela tomada das medidas consideradas necessárias para a correção das situações que possam ocorrer.",
TUA20230130000333,T000067,L026342.2023.RH5A.V1,"O titular obriga-se a efetuar as ações de manutenção, preventivas e corretivas, necessárias ao bom funcionamento da ETAR, incluindo a limpeza dos respetivos órgãos de tratamento devendo guardar os registos detalhados da sua realização, com indicação do destino final das lamas ou outros resíduos produzidos, para efeitos de inspeção ou fiscalização por parte das Entidades Competentes.",
TUA20230130000333,T000068,L026342.2023.RH5A.V1,O titular assume a responsabilidade pela eficiência e eficácia dos processos de tratamento e dos procedimentos a adotar com vista a minimizar os efeitos decorrentes da rejeição de águas residuais e a cumprir os objetivos de qualidade definidos para a massa de água recetora.,
TUA20230130000335,T000045,L026309.2023.RH5A.V1,As intervenções na faixa marginal afeta ao domínio hídrico só deverão ser efetuadas após a autorização dos proprietários dos terrenos marginais.,
TUA20230130000335,T000046,L026309.2023.RH5A.V1,O titular obriga-se a implementar as medidas de prevenção de acidentes e de emergência descritas no projeto.,
TUA20230130000335,T000047,L026309.2023.RH5A.V1,"Não poderão ser ocupadas áreas do Domínio Hídrico (leito e margens do curso de água), para instalação de estaleiros e depósitos de materiais.",
TUA20230130000335,T000048,L026309.2023.RH5A.V1,Impende sobre o titular desta licença a responsabilidade de verificar o cumprimento das normas constantes na autorização de descarga supra mencionada.,
TUA20230130000335,T000049,L026309.2023.RH5A.V1,"O titular obriga-se a observar todos os preceitos legais no que concerne a segurança, gestão de resíduos e conservação da natureza e também a legislação e os regulamentos específicos das atividades complementares que simultaneamente venham a ser desenvolvidas no local.",
TUA20230130000335,T000050,L026309.2023.RH5A.V1,O titular obriga-se a manter o sistema de tratamento adotado em bom estado de funcionamento e conservação.,
TUA20230130000335,T000051,L026309.2023.RH5A.V1,"O titular obriga-se a manter um registo atualizado dos valores do autocontrolo, para efeitos de inspeção ou fiscalização por parte das Entidades Competentes.",
TUA20230130000335,T000052,L026309.2023.RH5A.V1,O titular obriga-se a implementar o programa de autocontrolo descrito no respetivo Anexo e a enviar à Entidade Licenciadora os dados obtidos com o formato e periodicidade definidos no mesmo.,
TUA20230130000335,T000053,L026309.2023.RH5A.V1,"Sempre que forem autorizadas descargas de águas residuais de indústrias localizadas fora da malha urbana, a autorização de descarga, prevista na cláusula anterior, fica sujeita à aprovação da Entidade Licenciadora.",
TUA20230130000335,T000054,L026309.2023.RH5A.V1,"O titular da licença deve respeitar as condições de descarga indicadas no respetivo Anexo, não podendo efetuar qualquer operação deliberada de diluição das águas residuais. A avaliação de conformidade é determinada com base nos parâmetros definidos e de acordo com o mencionado no Anexo.",
TUA20230130000335,T000055,L026309.2023.RH5A.V1,"Sempre que se verifique a necessidade de proceder a uma rejeição de emergência da(s) Estação(ões) Elevatória(s), o titular deverá de imediato tomar todas as medidas com vista a minimizar os efeitos daí decorrentes e comunicar a ocorrência à Entidade Licenciadora num prazo máximo de 24 horas seguintes à mesma.",
TUA20230130000335,T000056,L026309.2023.RH5A.V1,Fazem parte integrante do presente título todos os anexos autenticados que o acompanham.,
TUA20230130000335,T000057,L026309.2023.RH5A.V1,"A ligação, às redes de drenagem da ETAR geridas pelo titular desta licença, das águas residuais de atividades económicas ou serviços localizados dentro da malha urbana ou diretamente na ETAR que produzam ou utilizem substâncias classificadas como poluentes específicos e/ou substâncias prioritárias/perigosas prioritárias para os meios aquáticos ou que sejam suscetíveis de comprometer o cumprimento das condições impostas nesta licença, nos termos do regulamento previsto no artigo 9º, do Decreto-Lei n.º 152/97, de 19 de junho, com as alterações introduzidas pelos Decretos-Leis n.os 348/98, de 9 de novembro, e 149/2004, de 22 de junho e 198/2008, de 8 de outubro, deve ser encarada com precaução, não podendo, em quaisquer circunstâncias, comprometer o cumprimento das condições impostas nesta licença.",
TUA20230130000335,T000058,L026309.2023.RH5A.V1,"Todas as intervenções a efetuar na margem da linha de água deverão culminar com a reposição da situação inicial. No final da obra deverão ser retirados todos os materiais de construção que eventualmente se encontrem no leito e margens da linha de água, devendo os mesmos ficar devidamente regularizados e compactados de modo a que sejam repostas as condições verificadas antes da obra.",
TUA20230130000335,T000059,L026309.2023.RH5A.V1,"Para efeitos de fiscalização ou inspeção poderão ser recolhidas amostras compostas num dado período temporal, inferior a 24 horas, em função do caudal. Caso o sistema não disponha de medidor de caudal com registo automático, será utilizado o caudal máximo previsto no título para efeitos de avaliação da respetiva conformidade das amostras.",
TUA20230130000335,,L026309.2023.,As condições de descarga poderão vir a ser alteradas em função dos resultados do autocontrolo e da evolução da qualidade do meio recetor ou de outras,
TUA20230130000335,T000060,RH5A.V1,restrições de utilização local que o justifiquem.,
TUA20230130000335,T000061,L026309.2023.RH5A.V1,"Qualquer alteração no funcionamento do sistema de produção e/ou de tratamento, mesmo que não prejudique as condições impostas nesta licença, deve ser comunicada à Entidade Licenciadora no prazo máximo de cinco dias.",
TUA20230130000335,T000062,L026309.2023.RH5A.V1,"Qualquer descarga de águas residuais urbanas e/ou industriais, bem como de outras atividades económicas ou serviços, nas redes de drenagem ou diretamente na ETAR, só poderá ocorrer mediante autorização do titular da presente licença e ficará sujeita às disposições constantes dessa autorização não podendo, em qualquer caso, comprometer o cumprimento das condições impostas nesta licença. Qualquer nova situação desta natureza deverá ser comunicada à Entidade Licenciadora.",
TUA20230130000335,T000063,L026309.2023.RH5A.V1,"Não deverá ocorrer obstrução da linha de água, promovendo o titular a limpeza de todos os materiais que eventualmente caiam para a mesma. As intervenções deverão ser executadas de forma a evitar que as escorrências e/ou detritos sejam lançados na linha de água ou colocados nas suas margens.",
TUA20230130000335,T000064,L026309.2023.RH5A.V1,"A descarga das águas residuais na água não deve provocar alteração da sua qualidade, nem colocar em risco os seus usos, sendo efetuada de modo a não prejudicar o escoamento natural da corrente e a não contribuir para o aumento dos riscos de erosão no local, ficando o titular responsável pela tomada das medidas consideradas necessárias para a correção das situações que possam ocorrer.",
TUA20230130000335,T000065,L026309.2023.RH5A.V1,"O titular obriga-se a efetuar as ações de manutenção, preventivas e corretivas, necessárias ao bom funcionamento da ETAR, incluindo a limpeza dos respetivos órgãos de tratamento devendo guardar os registos detalhados da sua realização, com indicação do destino final das lamas ou outros resíduos produzidos, para efeitos de inspeção ou fiscalização por parte das Entidades Competentes.",
TUA20230130000335,T000066,L026309.2023.RH5A.V1,O titular assume a responsabilidade pela eficiência e eficácia dos processos de tratamento e dos procedimentos a adotar com vista a minimizar os efeitos decorrentes da rejeição de águas residuais e a cumprir os objetivos de qualidade definidos para a massa de água recetora.,
TUA20230130000336,T000047,L026283.2023.RH5A.V1,As intervenções na faixa marginal afeta ao domínio hídrico só deverão ser efetuadas após a autorização dos proprietários dos terrenos marginais.,
TUA20230130000336,T000048,L026283.2023.RH5A.V1,O titular obriga-se a implementar as medidas de prevenção de acidentes e de emergência descritas no projeto.,
TUA20230130000336,T000049,L026283.2023.RH5A.V1,"Não poderão ser ocupadas áreas do Domínio Hídrico (leito e margens do curso de água), para instalação de estaleiros e depósitos de materiais.",
TUA20230130000336,T000050,L026283.2023.RH5A.V1,Impende sobre o titular desta licença a responsabilidade de verificar o cumprimento das normas constantes na autorização de descarga supra mencionada.,
TUA20230130000336,T000051,L026283.2023.RH5A.V1,"O titular obriga-se a observar todos os preceitos legais no que concerne a segurança, gestão de resíduos e conservação da natureza e também a legislação e os regulamentos específicos das atividades complementares que simultaneamente venham a ser desenvolvidas no local.",
TUA20230130000336,T000052,L026283.2023.RH5A.V1,O titular obriga-se a manter o sistema de tratamento adotado em bom estado de funcionamento e conservação.,
TUA20230130000336,T000053,L026283.2023.RH5A.V1,"O titular obriga-se a manter um registo atualizado dos valores do autocontrolo, para efeitos de inspeção ou fiscalização por parte das Entidades Competentes.",
TUA20230130000336,T000054,L026283.2023.RH5A.V1,O titular obriga-se a implementar o programa de autocontrolo descrito no respetivo Anexo e a enviar à Entidade Licenciadora os dados obtidos com o formato e periodicidade definidos no mesmo.,
TUA20230130000336,T000055,L026283.2023.RH5A.V1,"Sempre que forem autorizadas descargas de águas residuais de indústrias localizadas fora da malha urbana, a autorização de descarga, prevista na cláusula anterior, fica sujeita à aprovação da Entidade Licenciadora.",
TUA20230130000336,T000056,L026283.2023.RH5A.V1,"O titular da licença deve respeitar as condições de descarga indicadas no respetivo Anexo, não podendo efetuar qualquer operação deliberada de diluição das águas residuais. A avaliação de conformidade é determinada com base nos parâmetros definidos e de acordo com o mencionado no Anexo.",
TUA20230130000336,T000057,L026283.2023.RH5A.V1,"Sempre que se verifique a necessidade de proceder a uma rejeição de emergência da(s) Estação(ões) Elevatória(s), o titular deverá de imediato tomar todas as medidas com vista a minimizar os efeitos daí decorrentes e comunicar a ocorrência à Entidade Licenciadora num prazo máximo de 24 horas seguintes à mesma.",
TUA20230130000336,T000058,L026283.2023.RH5A.V1,Fazem parte integrante do presente título todos os anexos autenticados que o acompanham.,
TUA20230130000336,T000059,L026283.2023.RH5A.V1,"A ligação, às redes de drenagem da ETAR geridas pelo titular desta licença, das águas residuais de atividades económicas ou serviços localizados dentro da malha urbana ou diretamente na ETAR que produzam ou utilizem substâncias classificadas como poluentes específicos e/ou substâncias prioritárias/perigosas prioritárias para os meios aquáticos ou que sejam suscetíveis de comprometer o cumprimento das condições impostas nesta licença, nos termos do regulamento previsto no artigo 9º, do Decreto-Lei n.º 152/97, de 19 de junho, com as alterações introduzidas pelos Decretos-Leis n.os 348/98, de 9 de novembro, e 149/2004, de 22 de junho e 198/2008, de 8 de outubro, deve ser encarada com precaução, não podendo, em quaisquer circunstâncias, comprometer o cumprimento das condições impostas nesta licença.",
TUA20230130000336,T000060,L026283.2023.RH5A.V1,"Todas as intervenções a efetuar na margem da linha de água deverão culminar com a reposição da situação inicial. No final da obra deverão ser retirados todos os materiais de construção que eventualmente se encontrem no leito e margens da linha de água, devendo os mesmos ficar devidamente regularizados e compactados de modo a que sejam repostas as condições verificadas antes da obra.",
TUA20230130000336,T000061,L026283.2023.RH5A.V1,"Para efeitos de fiscalização ou inspeção poderão ser recolhidas amostras compostas num dado período temporal, inferior a 24 horas, em função do caudal. Caso o sistema não disponha de medidor de caudal com registo automático, será utilizado o caudal máximo previsto no título para efeitos de avaliação da respetiva conformidade das amostras.",
TUA20230130000336,,L026283.2023.,As condições de descarga poderão vir a ser alteradas em função dos resultados do autocontrolo e da evolução da qualidade do meio recetor ou de outras,
TUA20230130000336,T000062,RH5A.V1,restrições de utilização local que o justifiquem.,
TUA20230130000336,T000063,L026283.2023.RH5A.V1,"Qualquer alteração no funcionamento do sistema de produção e/ou de tratamento, mesmo que não prejudique as condições impostas nesta licença, deve ser comunicada à Entidade Licenciadora no prazo máximo de cinco dias.",
TUA20230130000336,T000064,L026283.2023.RH5A.V1,"Qualquer descarga de águas residuais urbanas e/ou industriais, bem como de outras atividades económicas ou serviços, nas redes de drenagem ou diretamente na ETAR, só poderá ocorrer mediante autorização do titular da presente licença e ficará sujeita às disposições constantes dessa autorização não podendo, em qualquer caso, comprometer o cumprimento das condições impostas nesta licença. Qualquer nova situação desta natureza deverá ser comunicada à Entidade Licenciadora.",
TUA20230130000336,T000065,L026283.2023.RH5A.V1,"Não deverá ocorrer obstrução da linha de água, promovendo o titular a limpeza de todos os materiais que eventualmente caiam para a mesma. As intervenções deverão ser executadas de forma a evitar que as escorrências e/ou detritos sejam lançados na linha de água ou colocados nas suas margens.",
TUA20230130000336,T000066,L026283.2023.RH5A.V1,"A descarga das águas residuais na água não deve provocar alteração da sua qualidade, nem colocar em risco os seus usos, sendo efetuada de modo a não prejudicar o escoamento natural da corrente e a não contribuir para o aumento dos riscos de erosão no local, ficando o titular responsável pela tomada das medidas consideradas necessárias para a correção das situações que possam ocorrer.",
TUA20230130000336,T000067,L026283.2023.RH5A.V1,"O titular obriga-se a efetuar as ações de manutenção, preventivas e corretivas, necessárias ao bom funcionamento da ETAR, incluindo a limpeza dos respetivos órgãos de tratamento devendo guardar os registos detalhados da sua realização, com indicação do destino final das lamas ou outros resíduos produzidos, para efeitos de inspeção ou fiscalização por parte das Entidades Competentes.",
TUA20230130000336,T000068,L026283.2023.RH5A.V1,O titular assume a responsabilidade pela eficiência e eficácia dos processos de tratamento e dos procedimentos a adotar com vista a minimizar os efeitos decorrentes da rejeição de águas residuais e a cumprir os objetivos de qualidade definidos para a massa de água recetora.,
TUA20230202000373,T000043,L009125.2018.RH3.V1,O titular obriga-se a implementar as medidas de prevenção de acidentes e de emergência descritas no projeto.,
TUA20230202000373,T000044,L009125.2018.RH3.V1,Impende sobre o titular desta licença a responsabilidade de verificar o cumprimento das normas constantes na autorização de descarga mencionada em T000053.,
TUA20230202000373,T000045,L009125.2018.RH3.V1,"O titular obriga-se a observar todos os preceitos legais no que concerne a segurança, gestão de resíduos e conservação da natureza e também a legislação e os regulamentos específicos das atividades complementares que simultaneamente venham a ser desenvolvidas no local.",
TUA20230202000373,T000046,L009125.2018.RH3.V1,O titular obriga-se a manter o sistema de tratamento adotado em bom estado de funcionamento e conservação.,
TUA20230202000373,T000047,L009125.2018.RH3.V1,"O titular obriga-se a manter um registo atualizado dos valores do autocontrolo, para efeitos de inspeção ou fiscalização por parte das Entidades Competentes.",
TUA20230202000373,T000048,L009125.2018.RH3.V1,"O titular obriga-se a implementar o programa de autocontrolo descrito em EXP8.3.16 e a reportar à Entidade Licenciadora os resultados obtidos, através da plataforma SILiAmb, com a frequência trimestral.",
TUA20230202000373,T000049,L009125.2018.RH3.V1,"Sempre que forem autorizadas descargas de águas residuais de indústrias localizadas fora da malha urbana, a autorização de descarga, prevista em T000057, fica sujeita à aprovação da Entidade Licenciadora",
TUA20230202000373,T000050,L009125.2018.RH3.V1,"O titular da licença deve respeitar as condições de rejeição indicadas em EXP8.3.13, não podendo efetuar qualquer operação deliberada de diluição das águas residuais. A avaliação de conformidade é determinada com base nos parâmetros definidos e de acordo T000010.",
TUA20230202000373,T000051,L009125.2018.RH3.V1,"Sempre que se verifique a necessidade de proceder a uma rejeição de emergência da(s) Estação(ões) Elevatória(s), o titular deverá de imediato tomar todas as medidas com vista a minimizar os efeitos daí decorrentes e comunicar a ocorrência à Entidade Licenciadora num prazo máximo de 24 horas seguintes à mesma.",
TUA20230202000373,T000052,L009125.2018.RH3.V1,"Como medida preventiva e minimizadora das consequências inerentes a uma rejeição de emergência no domínio hídrico, o titular deverá diligenciar no sentido de dotar a(s) Estação(ões) Elevatória(s) de um gerador de emergência.",
TUA20230202000373,T000053,L009125.2018.RH3.V1,"A ligação, às redes de drenagem da ETAR geridas pelo titular desta licença, das águas residuais de atividades económicas ou serviços localizados dentro da malha urbana ou diretamente na ETAR que produzam ou utilizem substâncias classificadas como poluentes específicos e/ou substâncias prioritárias/perigosas prioritárias para os meios aquáticos ou que sejam suscetíveis de comprometer o cumprimento das condições impostas nesta licença, nos termos do regulamento previsto no artigo 9º, do Decreto-Lei n.º 152/97, de 19 de junho, com as alterações introduzidas pelos Decretos-Leis n.os 348/98, de 9 de novembro, e 149/2004, de 22 de junho e 198/2008, de 8 de outubro, deve ser encarada com precaução, não podendo, em quaisquer circunstâncias, comprometer o cumprimento das condições impostas nesta licença.",
TUA20230202000373,T000054,L009125.2018.RH3.V1,"Para efeitos de fiscalização ou inspeção poderão ser recolhidas amostras compostas num dado período temporal, inferior a 24 horas, em função do caudal. Caso o sistema não disponha de medidor de caudal com registo automático, será utilizado o caudal máximo previsto no título para efeitos de avaliação da respetiva conformidade das amostras.",
TUA20230202000373,T000055,L009125.2018.RH3.V1,As condições de descarga poderão vir a ser alteradas em função dos resultados do autocontrolo e da evolução da qualidade do meio recetor ou de outras restrições de utilização local que o justifiquem.,
TUA20230202000373,T000056,L009125.2018.RH3.V1,"Qualquer alteração no funcionamento do sistema de produção e/ou de tratamento, mesmo que não prejudique as condições impostas nesta licença, deve ser comunicada à Entidade Licenciadora no prazo máximo de cinco dias.",
TUA20230202000373,T000057,L009125.2018.RH3.V1,"Qualquer descarga de águas residuais urbanas e/ou industriais, bem como de outras atividades económicas ou serviços, nas redes de drenagem ou diretamente na ETAR, só poderá ocorrer mediante autorização do titular da presente licença e ficará sujeita às disposições constantes dessa autorização não podendo, em qualquer caso, comprometer o cumprimento das condições impostas nesta licença. Qualquer nova situação desta natureza deverá ser comunicada à Entidade Licenciadora.",
TUA20230202000373,T000058,L009125.2018.RH3.V1,"A descarga das águas residuais na água não deve provocar alteração da sua qualidade, nem colocar em risco os seus usos, sendo efetuada de modo a não prejudicar o escoamento natural da corrente e a não contribuir para o aumento dos riscos de erosão no local, ficando o titular responsável pela tomada das medidas consideradas necessárias para a correção das situações que possam ocorrer.",
TUA20230202000373,T000059,L009125.2018.RH3.V1,"O titular obriga-se a efetuar as ações de manutenção, preventivas e corretivas, necessárias ao bom funcionamento da ETAR, incluindo a limpeza dos respetivos órgãos de tratamento devendo guardar os registos detalhados da sua realização, com indicação do destino final das lamas ou outros resíduos produzidos, para efeitos de inspeção ou fiscalização por parte das Entidades Competentes.",
TUA20230202000373,T000060,L009125.2018.RH3.V1,O titular assume a responsabilidade pela eficiência e eficácia dos processos de tratamento e dos procedimentos a adotar com vista a minimizar os efeitos decorrentes da rejeição de águas residuais e a cumprir os objetivos de qualidade definidos para a massa de água recetora.,
TUA20230202000374,T000044,L009126.2018.RH3.V1,O titular obriga-se a implementar as medidas de prevenção de acidentes e de emergência descritas no projeto.,
TUA20230202000374,T000045,L009126.2018.RH3.V1,Impende sobre o titular desta licença a responsabilidade de verificar o cumprimento das normas constantes na autorização de descarga mencionada em T000054.,
TUA20230202000374,T000046,L009126.2018.RH3.V1,"O titular obriga-se a observar todos os preceitos legais no que concerne a segurança, gestão de resíduos e conservação da natureza e também a legislação e os regulamentos específicos das atividades complementares que simultaneamente venham a ser desenvolvidas no local.",
TUA20230202000374,T000047,L009126.2018.RH3.V1,O titular obriga-se a manter o sistema de tratamento adotado em bom estado de funcionamento e conservação.,
TUA20230202000374,T000048,L009126.2018.RH3.V1,"O titular obriga-se a manter um registo atualizado dos valores do autocontrolo, para efeitos de inspeção ou fiscalização por parte das Entidades Competentes.",
TUA20230202000374,T000049,L009126.2018.RH3.V1,"O titular obriga-se a implementar o programa de autocontrolo descrito em EXP8.3.16 e a reportar à Entidade Licenciadora os resultados obtidos, através da plataforma SILiAmb, com a frequência trimestral.",
TUA20230202000374,T000050,L009126.2018.RH3.V1,"Sempre que forem autorizadas descargas de águas residuais de indústrias localizadas fora da malha urbana, a autorização de descarga, prevista em T000058, fica sujeita à aprovação da Entidade Licenciadora.",
TUA20230202000374,T000051,L009126.2018.RH3.V1,"O titular da licença deve respeitar as condições de rejeição indicadas em EXP8.3.13, não podendo efetuar qualquer operação deliberada de diluição das águas residuais. A avaliação de conformidade é determinada com base nos parâmetros definidos e de acordo T000010.",
TUA20230202000374,T000052,L009126.2018.RH3.V1,"Sempre que se verifique a necessidade de proceder a uma rejeição de emergência da(s) Estação(ões) Elevatória(s), o titular deverá de imediato tomar todas as medidas com vista a minimizar os efeitos daí decorrentes e comunicar a ocorrência à Entidade Licenciadora num prazo máximo de 24 horas seguintes à mesma.",
TUA20230202000374,T000053,L009126.2018.RH3.V1,"Como medida preventiva e minimizadora das consequências inerentes a uma rejeição de emergência no domínio hídrico, o titular deverá diligenciar no sentido de dotar a(s) Estação(ões) Elevatória(s) de um gerador de emergência.",
TUA20230202000374,T000054,L009126.2018.RH3.V1,"A ligação, às redes de drenagem da ETAR geridas pelo titular desta licença, das águas residuais de atividades económicas ou serviços localizados dentro da malha urbana ou diretamente na ETAR que produzam ou utilizem substâncias classificadas como poluentes específicos e/ou substâncias prioritárias/perigosas prioritárias para os meios aquáticos ou que sejam suscetíveis de comprometer o cumprimento das condições impostas nesta licença, nos termos do regulamento previsto no artigo 9º, do Decreto-Lei n.º 152/97, de 19 de junho, com as alterações introduzidas pelos Decretos-Leis n.os 348/98, de 9 de novembro, e 149/2004, de 22 de junho e 198/2008, de 8 de outubro, deve ser encarada com precaução, não podendo, em quaisquer circunstâncias, comprometer o cumprimento das condições impostas nesta licença.",
TUA20230202000374,T000055,L009126.2018.RH3.V1,"Para efeitos de fiscalização ou inspeção poderão ser recolhidas amostras compostas num dado período temporal, inferior a 24 horas, em função do caudal. Caso o sistema não disponha de medidor de caudal com registo automático, será utilizado o caudal máximo previsto no título para efeitos de avaliação da respetiva conformidade das amostras.",
TUA20230202000374,T000056,L009126.2018.RH3.V1,As condições de descarga poderão vir a ser alteradas em função dos resultados do autocontrolo e da evolução da qualidade do meio recetor ou de outras restrições de utilização local que o justifiquem.,
TUA20230202000374,T000057,L009126.2018.RH3.V1,"Qualquer alteração no funcionamento do sistema de produção e/ou de tratamento, mesmo que não prejudique as condições impostas nesta licença, deve ser comunicada à Entidade Licenciadora no prazo máximo de cinco dias.",
TUA20230202000374,T000058,L009126.2018.RH3.V1,"Qualquer descarga de águas residuais urbanas e/ou industriais, bem como de outras atividades económicas ou serviços, nas redes de drenagem ou diretamente na ETAR, só poderá ocorrer mediante autorização do titular da presente licença e ficará sujeita às disposições constantes dessa autorização não podendo, em qualquer caso, comprometer o cumprimento das condições impostas nesta licença. Qualquer nova situação desta natureza deverá ser comunicada à Entidade Licenciadora.",
TUA20230202000374,T000059,L009126.2018.RH3.V1,"A descarga das águas residuais na água não deve provocar alteração da sua qualidade, nem colocar em risco os seus usos, sendo efetuada de modo a não prejudicar o escoamento natural da corrente e a não contribuir para o aumento dos riscos de erosão no local, ficando o titular responsável pela tomada das medidas consideradas necessárias para a correção das situações que possam ocorrer.",
TUA20230202000374,T000060,L009126.2018.RH3.V1,"O titular obriga-se a efetuar as ações de manutenção, preventivas e corretivas, necessárias ao bom funcionamento da ETAR, incluindo a limpeza dos respetivos órgãos de tratamento devendo guardar os registos detalhados da sua realização, com indicação do destino final das lamas ou outros resíduos produzidos, para efeitos de inspeção ou fiscalização por parte das Entidades Competentes.",
TUA20230202000374,T000061,L009126.2018.RH3.V1,O titular assume a responsabilidade pela eficiência e eficácia dos processos de tratamento e dos procedimentos a adotar com vista a minimizar os efeitos decorrentes da rejeição de águas residuais e a cumprir os objetivos de qualidade definidos para a massa de água recetora.,
TUA20230202000375,T000044,L009113.2018.RH3.V1,O titular obriga-se a implementar as medidas de prevenção de acidentes e de emergência descritas no projeto.,
TUA20230202000375,T000045,L009113.2018.RH3.V1,Impende sobre o titular desta licença a responsabilidade de verificar o cumprimento das normas constantes na autorização de descarga mencionada em T000054.,
TUA20230202000375,T000046,L009113.2018.RH3.V1,"O titular obriga-se a observar todos os preceitos legais no que concerne a segurança, gestão de resíduos e conservação da natureza e também a legislação e os regulamentos específicos das atividades complementares que simultaneamente venham a ser desenvolvidas no local.",
TUA20230202000375,T000047,L009113.2018.RH3.V1,O titular obriga-se a manter o sistema de tratamento adotado em bom estado de funcionamento e conservação.,
TUA20230202000375,T000048,L009113.2018.RH3.V1,"O titular obriga-se a manter um registo atualizado dos valores do autocontrolo, para efeitos de inspeção ou fiscalização por parte das Entidades Competentes.",
TUA20230202000375,T000049,L009113.2018.RH3.V1,"O titular obriga-se a implementar o programa de autocontrolo descrito em EXP8.3.16 e a reportar à Entidade Licenciadora os resultados obtidos, através da plataforma SILiAmb, com a frequência trimestral.",
TUA20230202000375,T000050,L009113.2018.RH3.V1,"Sempre que forem autorizadas descargas de águas residuais de indústrias localizadas fora da malha urbana, a autorização de descarga, prevista em T000059, fica sujeita à aprovação da Entidade Licenciadora.",
TUA20230202000375,T000051,L009113.2018.RH3.V1,"O titular da licença deve respeitar as condições de rejeição indicadas em EXP8.3.13, não podendo efetuar qualquer operação deliberada de diluição das águas residuais. A avaliação de conformidade é determinada com base nos parâmetros definidos e de acordo T000010.",
TUA20230202000375,T000052,L009113.2018.RH3.V1,"Sempre que se verifique a necessidade de proceder a uma rejeição de emergência da(s) Estação(ões) Elevatória(s), o titular deverá de imediato tomar todas as medidas com vista a minimizar os efeitos daí decorrentes e comunicar a ocorrência à Entidade Licenciadora num prazo máximo de 24 horas seguintes à mesma.",
TUA20230202000375,T000053,L009113.2018.RH3.V1,"Como medida preventiva e minimizadora das consequências inerentes a uma rejeição de emergência no domínio hídrico, o titular deverá diligenciar no sentido de dotar a(s) Estação(ões) Elevatória(s) de um gerador de emergência.",
TUA20230202000375,T000054,L009113.2018.RH3.V1,"A ligação, às redes de drenagem da ETAR geridas pelo titular desta licença, das águas residuais de atividades económicas ou serviços localizados dentro da malha urbana ou diretamente na ETAR que produzam ou utilizem substâncias classificadas como poluentes específicos e/ou substâncias prioritárias/perigosas prioritárias para os meios aquáticos ou que sejam suscetíveis de comprometer o cumprimento das condições impostas nesta licença, nos termos do regulamento previsto no artigo 9º, do Decreto-Lei n.º 152/97, de 19 de junho, com as alterações introduzidas pelos Decretos-Leis n.os 348/98, de 9 de novembro, e 149/2004, de 22 de junho e 198/2008, de 8 de outubro, deve ser encarada com precaução, não podendo, em quaisquer circunstâncias, comprometer o cumprimento das condições impostas nesta licença.",
TUA20230202000375,T000055,L009113.2018.RH3.V1,"Todas as intervenções a efetuar na margem da linha de água deverão culminar com a reposição da situação inicial. No final da obra deverão ser retirados todos os materiais de construção que eventualmente se encontrem no leito e margens da linha de água, devendo os mesmos ficar devidamente regularizados e compactados de modo a que sejam repostas as condições verificadas antes da obra.",
TUA20230202000375,T000056,L009113.2018.RH3.V1,"Para efeitos de fiscalização ou inspeção poderão ser recolhidas amostras compostas num dado período temporal, inferior a 24 horas, em função do caudal. Caso o sistema não disponha de medidor de caudal com registo automático, será utilizado o caudal máximo previsto no título para efeitos de avaliação da respetiva conformidade das amostras.",
TUA20230202000375,T000057,L009113.2018.RH3.V1,As condições de descarga poderão vir a ser alteradas em função dos resultados do autocontrolo e da evolução da qualidade do meio recetor ou de outras restrições de utilização local que o justifiquem.,
TUA20230202000375,T000058,L009113.2018.RH3.V1,"Qualquer alteração no funcionamento do sistema de produção e/ou de tratamento, mesmo que não prejudique as condições impostas nesta licença, deve ser comunicada à Entidade Licenciadora no prazo máximo de cinco dias.",
TUA20230202000375,T000059,L009113.2018.RH3.V1,"Qualquer descarga de águas residuais urbanas e/ou industriais, bem como de outras atividades económicas ou serviços, nas redes de drenagem ou diretamente na ETAR, só poderá ocorrer mediante autorização do titular da presente licença e ficará sujeita às disposições constantes dessa autorização não podendo, em qualquer caso, comprometer o cumprimento das condições impostas nesta licença. Qualquer nova situação desta natureza deverá ser comunicada à Entidade Licenciadora.",
TUA20230202000375,T000060,L009113.2018.RH3.V1,"A descarga das águas residuais na água não deve provocar alteração da sua qualidade, nem colocar em risco os seus usos, sendo efetuada de modo a não prejudicar o escoamento natural da corrente e a não contribuir para o aumento dos riscos de erosão no local, ficando o titular responsável pela tomada das medidas consideradas necessárias para a correção das situações que possam ocorrer.",
TUA20230202000375,T000061,L009113.2018.RH3.V1,"O titular obriga-se a efetuar as ações de manutenção, preventivas e corretivas, necessárias ao bom funcionamento da ETAR, incluindo a limpeza dos respetivos órgãos de tratamento devendo guardar os registos detalhados da sua realização, com indicação do destino final das lamas ou outros resíduos produzidos, para efeitos de inspeção ou fiscalização por parte das Entidades Competentes.",
TUA20230202000375,T000062,L009113.2018.RH3.V1,O titular assume a responsabilidade pela eficiência e eficácia dos processos de tratamento e dos procedimentos a adotar com vista a minimizar os efeitos decorrentes da rejeição de águas residuais e a cumprir os objetivos de qualidade definidos para a massa de água recetora.,
TUA20230202000376,T000049,L009132.2018.RH3.V1,O titular obriga-se a implementar as medidas de prevenção de acidentes e de emergência descritas no projeto.,
TUA20230202000376,T000050,L009132.2018.RH3.V1,Impende sobre o titular desta licença a responsabilidade de verificar o cumprimento das normas constantes na autorização de descarga mencionada em T000059.,
TUA20230202000376,T000051,L009132.2018.RH3.V1,"O titular obriga-se a observar todos os preceitos legais no que concerne a segurança, gestão de resíduos e conservação da natureza e também a legislação e os regulamentos específicos das atividades complementares que simultaneamente venham a ser desenvolvidas no local.",
TUA20230202000376,T000052,L009132.2018.RH3.V1,O titular obriga-se a manter o sistema de tratamento adotado em bom estado de funcionamento e conservação.,
TUA20230202000376,T000053,L009132.2018.RH3.V1,"O titular obriga-se a manter um registo atualizado dos valores do autocontrolo, para efeitos de inspeção ou fiscalização por parte das Entidades Competentes.",
TUA20230202000376,T000054,L009132.2018.RH3.V1,"O titular obriga-se a implementar o programa de autocontrolo descrito em EXP8.3.16 e a reportar à Entidade Licenciadora os resultados obtidos, através da plataforma SILiAmb, com a frequência trimestral.",
TUA20230202000376,T000055,L009132.2018.RH3.V1,"Sempre que forem autorizadas descargas de águas residuais de indústrias localizadas fora da malha urbana, a autorização de descarga, prevista em T000063, fica sujeita à aprovação da Entidade Licenciadora.",
TUA20230202000376,T000056,L009132.2018.RH3.V1,"O titular da licença deve respeitar as condições de rejeição indicadas em EXP8.3.13, não podendo efetuar qualquer operação deliberada de diluição das águas residuais. A avaliação de conformidade é determinada com base nos parâmetros definidos e de acordo T000016.",
TUA20230202000376,T000057,L009132.2018.RH3.V1,"Sempre que se verifique a necessidade de proceder a uma rejeição de emergência da(s) Estação(ões) Elevatória(s), o titular deverá de imediato tomar todas as medidas com vista a minimizar os efeitos daí decorrentes e comunicar a ocorrência à Entidade Licenciadora num prazo máximo de 24 horas seguintes à mesma.",
TUA20230202000376,T000058,L009132.2018.RH3.V1,"Como medida preventiva e minimizadora das consequências inerentes a uma rejeição de emergência no domínio hídrico, o titular deverá diligenciar no sentido de dotar a(s) Estação(ões) Elevatória(s) de um gerador de emergência.",
TUA20230202000376,T000059,L009132.2018.RH3.V1,"A ligação, às redes de drenagem da ETAR geridas pelo titular desta licença, das águas residuais de atividades económicas ou serviços localizados dentro da malha urbana ou diretamente na ETAR que produzam ou utilizem substâncias classificadas como poluentes específicos e/ou substâncias prioritárias/perigosas prioritárias para os meios aquáticos ou que sejam suscetíveis de comprometer o cumprimento das condições impostas nesta licença, nos termos do regulamento previsto no artigo 9º, do Decreto-Lei n.º 152/97, de 19 de junho, com as alterações introduzidas pelos Decretos-Leis n.os 348/98, de 9 de novembro, e 149/2004, de 22 de junho e 198/2008, de 8 de outubro, deve ser encarada com precaução, não podendo, em quaisquer circunstâncias, comprometer o cumprimento das condições impostas nesta licença.",
TUA20230202000376,T000060,L009132.2018.RH3.V1,"Para efeitos de fiscalização ou inspeção poderão ser recolhidas amostras compostas num dado período temporal, inferior a 24 horas, em função do caudal. Caso o sistema não disponha de medidor de caudal com registo automático, será utilizado o caudal máximo previsto no título para efeitos de avaliação da respetiva conformidade das amostras.",
TUA20230202000376,T000061,L009132.2018.RH3.V1,As condições de descarga poderão vir a ser alteradas em função dos resultados do autocontrolo e da evolução da qualidade do meio recetor ou de outras restrições de utilização local que o justifiquem.,
TUA20230202000376,T000062,L009132.2018.RH3.V1,"Qualquer alteração no funcionamento do sistema de produção e/ou de tratamento, mesmo que não prejudique as condições impostas nesta licença, deve ser comunicada à Entidade Licenciadora no prazo máximo de cinco dias.",
TUA20230202000376,T000063,L009132.2018.RH3.V1,"Qualquer descarga de águas residuais urbanas e/ou industriais, bem como de outras atividades económicas ou serviços, nas redes de drenagem ou diretamente na ETAR, só poderá ocorrer mediante autorização do titular da presente licença e ficará sujeita às disposições constantes dessa autorização não podendo, em qualquer caso, comprometer o cumprimento das condições impostas nesta licença. Qualquer nova situação desta natureza deverá ser comunicada à Entidade Licenciadora.",
TUA20230202000376,T000064,L009132.2018.RH3.V1,"A descarga das águas residuais na água não deve provocar alteração da sua qualidade, nem colocar em risco os seus usos, sendo efetuada de modo a não prejudicar o escoamento natural da corrente e a não contribuir para o aumento dos riscos de erosão no local, ficando o titular responsável pela tomada das medidas consideradas necessárias para a correção das situações que possam ocorrer.",
TUA20230202000376,T000065,L009132.2018.RH3.V1,"O titular obriga-se a efetuar as ações de manutenção, preventivas e corretivas, necessárias ao bom funcionamento da ETAR, incluindo a limpeza dos respetivos órgãos de tratamento devendo guardar os registos detalhados da sua realização, com indicação do destino final das lamas ou outros resíduos produzidos, para efeitos de inspeção ou fiscalização por parte das Entidades Competentes.",
TUA20230202000376,T000066,L009132.2018.RH3.V1,O titular assume a responsabilidade pela eficiência e eficácia dos processos de tratamento e dos procedimentos a adotar com vista a minimizar os efeitos decorrentes da rejeição de águas residuais e a cumprir os objetivos de qualidade definidos para a massa de água recetora.,
TUA20230202000377,T000038,L009127.2018.RH3.V1,O titular obriga-se a implementar as medidas de prevenção de acidentes e de emergência descritas no projeto.,
TUA20230202000377,T000039,L009127.2018.RH3.V1,Impende sobre o titular desta licença a responsabilidade de verificar o cumprimento das normas constantes na autorização de descarga mencionada em T000048.,
TUA20230202000377,T000040,L009127.2018.RH3.V1,"O titular obriga-se a observar todos os preceitos legais no que concerne a segurança, gestão de resíduos e conservação da natureza e também a legislação e os regulamentos específicos das atividades complementares que simultaneamente venham a ser desenvolvidas no local.",
TUA20230202000377,T000041,L009127.2018.RH3.V1,O titular obriga-se a manter o sistema de tratamento adotado em bom estado de funcionamento e conservação.,
TUA20230202000377,T000042,L009127.2018.RH3.V1,"O titular obriga-se a manter um registo atualizado dos valores do autocontrolo, para efeitos de inspeção ou fiscalização por parte das Entidades Competentes.",
TUA20230202000377,T000043,L009127.2018.RH3.V1,"O titular obriga-se a implementar o programa de autocontrolo descrito em EXP8.3.16 e a reportar à Entidade Licenciadora os resultados obtidos, através da plataforma SILiAmb, com a frequência trimestral.",
TUA20230202000377,T000044,L009127.2018.RH3.V1,"Sempre que forem autorizadas descargas de águas residuais de indústrias localizadas fora da malha urbana, a autorização de descarga, prevista em T000052, fica sujeita à aprovação da Entidade Licenciadora.",
TUA20230202000377,T000045,L009127.2018.RH3.V1,"O titular da licença deve respeitar as condições de rejeição indicadas em EXP8.3.13, não podendo efetuar qualquer operação deliberada de diluição das águas residuais. A avaliação de conformidade é determinada com base nos parâmetros definidos e de acordo T000009.",
TUA20230202000377,T000046,L009127.2018.RH3.V1,"Sempre que se verifique a necessidade de proceder a uma rejeição de emergência da(s) Estação(ões) Elevatória(s), o titular deverá de imediato tomar todas as medidas com vista a minimizar os efeitos daí decorrentes e comunicar a ocorrência à Entidade Licenciadora num prazo máximo de 24 horas seguintes à mesma.",
TUA20230202000377,T000047,L009127.2018.RH3.V1,"Como medida preventiva e minimizadora das consequências inerentes a uma rejeição de emergência no domínio hídrico, o titular deverá diligenciar no sentido de dotar a(s) Estação(ões) Elevatória(s) de um gerador de emergência.",
TUA20230202000377,T000048,L009127.2018.RH3.V1,"A ligação, às redes de drenagem da ETAR geridas pelo titular desta licença, das águas residuais de atividades económicas ou serviços localizados dentro da malha urbana ou diretamente na ETAR que produzam ou utilizem substâncias classificadas como poluentes específicos e/ou substâncias prioritárias/perigosas prioritárias para os meios aquáticos ou que sejam suscetíveis de comprometer o cumprimento das condições impostas nesta licença, nos termos do regulamento previsto no artigo 9º, do Decreto-Lei n.º 152/97, de 19 de junho, com as alterações introduzidas pelos Decretos-Leis n.os 348/98, de 9 de novembro, e 149/2004, de 22 de junho e 198/2008, de 8 de outubro, deve ser encarada com precaução, não podendo, em quaisquer circunstâncias, comprometer o cumprimento das condições impostas nesta licença.",
TUA20230202000377,T000049,L009127.2018.RH3.V1,"Para efeitos de fiscalização ou inspeção poderão ser recolhidas amostras compostas num dado período temporal, inferior a 24 horas, em função do caudal. Caso o sistema não disponha de medidor de caudal com registo automático, será utilizado o caudal máximo previsto no título para efeitos de avaliação da respetiva conformidade das amostras.",
TUA20230202000377,T000050,L009127.2018.RH3.V1,As condições de descarga poderão vir a ser alteradas em função dos resultados do autocontrolo e da evolução da qualidade do meio recetor ou de outras restrições de utilização local que o justifiquem.,
TUA20230202000377,T000051,L009127.2018.RH3.V1,"Qualquer alteração no funcionamento do sistema de produção e/ou de tratamento, mesmo que não prejudique as condições impostas nesta licença, deve ser comunicada à Entidade Licenciadora no prazo máximo de cinco dias.",
TUA20230202000377,T000052,L009127.2018.RH3.V1,"Qualquer descarga de águas residuais urbanas e/ou industriais, bem como de outras atividades económicas ou serviços, nas redes de drenagem ou diretamente na ETAR, só poderá ocorrer mediante autorização do titular da presente licença e ficará sujeita às disposições constantes dessa autorização não podendo, em qualquer caso, comprometer o cumprimento das condições impostas nesta licença. Qualquer nova situação desta natureza deverá ser comunicada à Entidade Licenciadora.",
TUA20230202000377,T000053,L009127.2018.RH3.V1,"A descarga das águas residuais na água não deve provocar alteração da sua qualidade, nem colocar em risco os seus usos, sendo efetuada de modo a não prejudicar o escoamento natural da corrente e a não contribuir para o aumento dos riscos de erosão no local, ficando o titular responsável pela tomada das medidas consideradas necessárias para a correção das situações que possam ocorrer.",
TUA20230202000377,T000054,L009127.2018.RH3.V1,"O titular obriga-se a efetuar as ações de manutenção, preventivas e corretivas, necessárias ao bom funcionamento da ETAR, incluindo a limpeza dos respetivos órgãos de tratamento devendo guardar os registos detalhados da sua realização, com indicação do destino final das lamas ou outros resíduos produzidos, para efeitos de inspeção ou fiscalização por parte das Entidades Competentes.",
TUA20230202000377,T000055,L009127.2018.RH3.V1,O titular assume a responsabilidade pela eficiência e eficácia dos processos de tratamento e dos procedimentos a adotar com vista a minimizar os efeitos decorrentes da rejeição de águas residuais e a cumprir os objetivos de qualidade definidos para a massa de água recetora.,
TUA20230202000378,T000044,L009139.2018.RH3.V1,O titular obriga-se a implementar as medidas de prevenção de acidentes e de emergência descritas no projeto.,
TUA20230202000378,T000045,L009139.2018.RH3.V1,Impende sobre o titular desta licença a responsabilidade de verificar o cumprimento das normas constantes na autorização de descarga mencionada em T000054.,
TUA20230202000378,T000046,L009139.2018.RH3.V1,"O titular obriga-se a observar todos os preceitos legais no que concerne a segurança, gestão de resíduos e conservação da natureza e também a legislação e os regulamentos específicos das atividades complementares que simultaneamente venham a ser desenvolvidas no local.",
TUA20230202000378,T000047,L009139.2018.RH3.V1,O titular obriga-se a manter o sistema de tratamento adotado em bom estado de funcionamento e conservação.,
TUA20230202000378,T000048,L009139.2018.RH3.V1,"O titular obriga-se a manter um registo atualizado dos valores do autocontrolo, para efeitos de inspeção ou fiscalização por parte das Entidades Competentes.",
TUA20230202000378,T000049,L009139.2018.RH3.V1,"O titular obriga-se a implementar o programa de autocontrolo descrito em EXP8.3.16 e a reportar à Entidade Licenciadora os resultados obtidos, através da plataforma SILiAmb, com a frequência trimestral..",
TUA20230202000378,T000050,L009139.2018.RH3.V1,"Sempre que forem autorizadas descargas de águas residuais de indústrias localizadas fora da malha urbana, a autorização de descarga, prevista em T000058, fica sujeita à aprovação da Entidade Licenciadora.",
TUA20230202000378,T000051,L009139.2018.RH3.V1,"O titular da licença deve respeitar as condições de rejeição indicadas em EXP8.3.13, não podendo efetuar qualquer operação deliberada de diluição das águas residuais. A avaliação de conformidade é determinada com base nos parâmetros definidos e de acordo T000011.",
TUA20230202000378,T000052,L009139.2018.RH3.V1,"Sempre que se verifique a necessidade de proceder a uma rejeição de emergência da(s) Estação(ões) Elevatória(s), o titular deverá de imediato tomar todas as medidas com vista a minimizar os efeitos daí decorrentes e comunicar a ocorrência à Entidade Licenciadora num prazo máximo de 24 horas seguintes à mesma.",
TUA20230202000378,T000053,L009139.2018.RH3.V1,"Como medida preventiva e minimizadora das consequências inerentes a uma rejeição de emergência no domínio hídrico, o titular deverá diligenciar no sentido de dotar a(s) Estação(ões) Elevatória(s) de um gerador de emergência.",
TUA20230202000378,T000054,L009139.2018.RH3.V1,"A ligação, às redes de drenagem da ETAR geridas pelo titular desta licença, das águas residuais de atividades económicas ou serviços localizados dentro da malha urbana ou diretamente na ETAR que produzam ou utilizem substâncias classificadas como poluentes específicos e/ou substâncias prioritárias/perigosas prioritárias para os meios aquáticos ou que sejam suscetíveis de comprometer o cumprimento das condições impostas nesta licença, nos termos do regulamento previsto no artigo 9º, do Decreto-Lei n.º 152/97, de 19 de junho, com as alterações introduzidas pelos Decretos-Leis n.os 348/98, de 9 de novembro, e 149/2004, de 22 de junho e 198/2008, de 8 de outubro, deve ser encarada com precaução, não podendo, em quaisquer circunstâncias, comprometer o cumprimento das condições impostas nesta licença.",
TUA20230202000378,T000055,L009139.2018.RH3.V1,"Para efeitos de fiscalização ou inspeção poderão ser recolhidas amostras compostas num dado período temporal, inferior a 24 horas, em função do caudal. Caso o sistema não disponha de medidor de caudal com registo automático, será utilizado o caudal máximo previsto no título para efeitos de avaliação da respetiva conformidade das amostras.",
TUA20230202000378,T000056,L009139.2018.RH3.V1,As condições de descarga poderão vir a ser alteradas em função dos resultados do autocontrolo e da evolução da qualidade do meio recetor ou de outras restrições de utilização local que o justifiquem.,
TUA20230202000378,T000057,L009139.2018.RH3.V1,"Qualquer alteração no funcionamento do sistema de produção e/ou de tratamento, mesmo que não prejudique as condições impostas nesta licença, deve ser comunicada à Entidade Licenciadora no prazo máximo de cinco dias.",
TUA20230202000378,T000058,L009139.2018.RH3.V1,"Qualquer descarga de águas residuais urbanas e/ou industriais, bem como de outras atividades económicas ou serviços, nas redes de drenagem ou diretamente na ETAR, só poderá ocorrer mediante autorização do titular da presente licença e ficará sujeita às disposições constantes dessa autorização não podendo, em qualquer caso, comprometer o cumprimento das condições impostas nesta licença. Qualquer nova situação desta natureza deverá ser comunicada à Entidade Licenciadora.",
TUA20230202000378,T000059,L009139.2018.RH3.V1,"A descarga das águas residuais na água não deve provocar alteração da sua qualidade, nem colocar em risco os seus usos, sendo efetuada de modo a não prejudicar o escoamento natural da corrente e a não contribuir para o aumento dos riscos de erosão no local, ficando o titular responsável pela tomada das medidas consideradas necessárias para a correção das situações que possam ocorrer.",
TUA20230202000378,T000060,L009139.2018.RH3.V1,"O titular obriga-se a efetuar as ações de manutenção, preventivas e corretivas, necessárias ao bom funcionamento da ETAR, incluindo a limpeza dos respetivos órgãos de tratamento devendo guardar os registos detalhados da sua realização, com indicação do destino final das lamas ou outros resíduos produzidos, para efeitos de inspeção ou fiscalização por parte das Entidades Competentes.",
TUA20230202000378,T000061,L009139.2018.RH3.V1,O titular assume a responsabilidade pela eficiência e eficácia dos processos de tratamento e dos procedimentos a adotar com vista a minimizar os efeitos decorrentes da rejeição de águas residuais e a cumprir os objetivos de qualidade definidos para a massa de água recetora.,
TUA20230208000443,T000042,L026778.2023.RH3.V1,O titular obriga-se a implementar as medidas de prevenção de acidentes e de emergência descritas no projeto.,
TUA20230208000443,T000043,L026778.2023.RH3.V1,Impende sobre o titular desta licença a responsabilidade de verificar o cumprimento das normas constantes na autorização de descarga mencionada em T000052.,
TUA20230208000443,T000044,L026778.2023.RH3.V1,"O titular obriga-se a observar todos os preceitos legais no que concerne a segurança, gestão de resíduos e conservação da natureza e também a legislação e os regulamentos específicos das atividades complementares que simultaneamente venham a ser desenvolvidas no local.",
TUA20230208000443,T000045,L026778.2023.RH3.V1,O titular obriga-se a manter o sistema de tratamento adotado em bom estado de funcionamento e conservação.,
TUA20230208000443,T000046,L026778.2023.RH3.V1,"O titular obriga-se a manter um registo atualizado dos valores do autocontrolo, para efeitos de inspeção ou fiscalização por parte das Entidades Competentes.",
TUA20230208000443,T000047,L026778.2023.RH3.V1,"O titular obriga-se a implementar o programa de autocontrolo descrito em EXP8.3.16 e a reportar à Entidade Licenciadora os resultados obtidos, através da plataforma SILiAmb, com a frequência trimestral.",
TUA20230208000443,T000048,L026778.2023.RH3.V1,"Sempre que forem autorizadas descargas de águas residuais de indústrias localizadas fora da malha urbana, a autorização de descarga, prevista em T000056, fica sujeita à aprovação da Entidade Licenciadora.",
TUA20230208000443,T000049,L026778.2023.RH3.V1,"O titular da licença deve respeitar as condições de rejeição indicadas em EXP8.3.13, não podendo efetuar qualquer operação deliberada de diluição das águas residuais. A avaliação de conformidade é determinada com base nos parâmetros definidos e de acordo T000010.",
TUA20230208000443,T000050,L026778.2023.RH3.V1,"Sempre que se verifique a necessidade de proceder a uma rejeição de emergência da(s) Estação(ões) Elevatória(s), o titular deverá de imediato tomar todas as medidas com vista a minimizar os efeitos daí decorrentes e comunicar a ocorrência à Entidade Licenciadora num prazo máximo de 24 horas seguintes à mesma.",
TUA20230208000443,T000051,L026778.2023.RH3.V1,"Como medida preventiva e minimizadora das consequências inerentes a uma rejeição de emergência no domínio hídrico, o titular deverá diligenciar no sentido de dotar a(s) Estação(ões) Elevatória(s) de um gerador de emergência.",
TUA20230208000443,T000052,L026778.2023.RH3.V1,"A ligação, às redes de drenagem da ETAR geridas pelo titular desta licença, das águas residuais de atividades económicas ou serviços localizados dentro da malha urbana ou diretamente na ETAR que produzam ou utilizem substâncias classificadas como poluentes específicos e/ou substâncias prioritárias/perigosas prioritárias para os meios aquáticos ou que sejam suscetíveis de comprometer o cumprimento das condições impostas nesta licença, nos termos do regulamento previsto no artigo 9º, do Decreto-Lei n.º 152/97, de 19 de junho, com as alterações introduzidas pelos Decretos-Leis n.os 348/98, de 9 de novembro, e 149/2004, de 22 de junho e 198/2008, de 8 de outubro, deve ser encarada com precaução, não podendo, em quaisquer circunstâncias, comprometer o cumprimento das condições impostas nesta licença.",
TUA20230208000443,T000053,L026778.2023.RH3.V1,"Para efeitos de fiscalização ou inspeção poderão ser recolhidas amostras compostas num dado período temporal, inferior a 24 horas, em função do caudal. Caso o sistema não disponha de medidor de caudal com registo automático, será utilizado o caudal máximo previsto no título para efeitos de avaliação da respetiva conformidade das amostras.",
TUA20230208000443,T000054,L026778.2023.RH3.V1,As condições de descarga poderão vir a ser alteradas em função dos resultados do autocontrolo e da evolução da qualidade do meio recetor ou de outras restrições de utilização local que o justifiquem.,
TUA20230208000443,T000055,L026778.2023.RH3.V1,"Qualquer alteração no funcionamento do sistema de produção e/ou de tratamento, mesmo que não prejudique as condições impostas nesta licença, deve ser comunicada à Entidade Licenciadora no prazo máximo de cinco dias.",
TUA20230208000443,T000056,L026778.2023.RH3.V1,"Qualquer descarga de águas residuais urbanas e/ou industriais, bem como de outras atividades económicas ou serviços, nas redes de drenagem ou diretamente na ETAR, só poderá ocorrer mediante autorização do titular da presente licença e ficará sujeita às disposições constantes dessa autorização não podendo, em qualquer caso, comprometer o cumprimento das condições impostas nesta licença. Qualquer nova situação desta natureza deverá ser comunicada à Entidade Licenciadora.",
TUA20230208000443,T000057,L026778.2023.RH3.V1,"A descarga das águas residuais na água não deve provocar alteração da sua qualidade, nem colocar em risco os seus usos, sendo efetuada de modo a não prejudicar o escoamento natural da corrente e a não contribuir para o aumento dos riscos de erosão no local, ficando o titular responsável pela tomada das medidas consideradas necessárias para a correção das situações que possam ocorrer.",
TUA20230208000443,T000058,L026778.2023.RH3.V1,"O titular obriga-se a efetuar as ações de manutenção, preventivas e corretivas, necessárias ao bom funcionamento da ETAR, incluindo a limpeza dos respetivos órgãos de tratamento devendo guardar os registos detalhados da sua realização, com indicação do destino final das lamas ou outros resíduos produzidos, para efeitos de inspeção ou fiscalização por parte das Entidades Competentes.",
TUA20230208000443,T000059,L026778.2023.RH3.V1,O titular assume a responsabilidade pela eficiência e eficácia dos processos de tratamento e dos procedimentos a adotar com vista a minimizar os efeitos decorrentes da rejeição de águas residuais e a cumprir os objetivos de qualidade definidos para a massa de água recetora.,
TUA20230213000471,T000042,L004520.2018.RH3.V1,O titular obriga-se a implementar as medidas de prevenção de acidentes e de emergência descritas no projeto.,
TUA20230213000471,T000043,L004520.2018.RH3.V1,Impende sobre o titular desta licença a responsabilidade de verificar o cumprimento das normas constantes na autorização de descarga mencionada em T000052.,
TUA20230213000471,T000044,L004520.2018.RH3.V1,"O titular obriga-se a observar todos os preceitos legais no que concerne a segurança, gestão de resíduos e conservação da natureza e também a legislação e os regulamentos específicos das atividades complementares que simultaneamente venham a ser desenvolvidas no local.",
TUA20230213000471,T000045,L004520.2018.RH3.V1,O titular obriga-se a manter o sistema de tratamento adotado em bom estado de funcionamento e conservação.,
TUA20230213000471,T000046,L004520.2018.RH3.V1,"O titular obriga-se a manter um registo atualizado dos valores do autocontrolo, para efeitos de inspeção ou fiscalização por parte das Entidades Competentes.",
TUA20230213000471,T000047,L004520.2018.RH3.V1,"O titular obriga-se a implementar o programa de autocontrolo descrito em EXP8.3.16 e a reportar à Entidade Licenciadora os resultados obtidos, através da plataforma SILiAmb, com a frequência trimestral.",
TUA20230213000471,T000048,L004520.2018.RH3.V1,"Sempre que forem autorizadas descargas de águas residuais de indústrias localizadas fora da malha urbana, a autorização de descarga, prevista em T000056, fica sujeita à aprovação da Entidade Licenciadora.",
TUA20230213000471,T000049,L004520.2018.RH3.V1,"O titular da licença deve respeitar as condições de rejeição indicadas em EXP8.3.13, não podendo efetuar qualquer operação deliberada de diluição das águas residuais. A avaliação de conformidade é determinada com base nos parâmetros definidos e de acordo com T000010.",
TUA20230213000471,T000050,L004520.2018.RH3.V1,"Sempre que se verifique a necessidade de proceder a uma rejeição de emergência da(s) Estação(ões) Elevatória(s), o titular deverá de imediato tomar todas as medidas com vista a minimizar os efeitos daí decorrentes e comunicar a ocorrência à Entidade Licenciadora num prazo máximo de 24 horas seguintes à mesma.",
TUA20230213000471,T000051,L004520.2018.RH3.V1,"Como medida preventiva e minimizadora das consequências inerentes a uma rejeição de emergência no domínio hídrico, o titular deverá diligenciar no sentido de dotar a(s) Estação(ões) Elevatória(s) de um gerador de emergência.",
TUA20230213000471,T000052,L004520.2018.RH3.V1,"A ligação, às redes de drenagem da ETAR geridas pelo titular desta licença, das águas residuais de atividades económicas ou serviços localizados dentro da malha urbana ou diretamente na ETAR que produzam ou utilizem substâncias classificadas como poluentes específicos e/ou substâncias prioritárias/perigosas prioritárias para os meios aquáticos ou que sejam suscetíveis de comprometer o cumprimento das condições impostas nesta licença, nos termos do regulamento previsto no artigo 9º, do Decreto-Lei n.º 152/97, de 19 de junho, com as alterações introduzidas pelos Decretos-Leis n.os 348/98, de 9 de novembro, e 149/2004, de 22 de junho e 198/2008, de 8 de outubro, deve ser encarada com precaução, não podendo, em quaisquer circunstâncias, comprometer o cumprimento das condições impostas nesta licença.",
TUA20230213000471,T000053,L004520.2018.RH3.V1,"Para efeitos de fiscalização ou inspeção poderão ser recolhidas amostras compostas num dado período temporal, inferior a 24 horas, em função do caudal. Caso o sistema não disponha de medidor de caudal com registo automático, será utilizado o caudal máximo previsto no título para efeitos de avaliação da respetiva conformidade das amostras.",
TUA20230213000471,T000054,L004520.2018.RH3.V1,As condições de descarga poderão vir a ser alteradas em função dos resultados do autocontrolo e da evolução da qualidade do meio recetor ou de outras restrições de utilização local que o justifiquem.,
TUA20230213000471,T000055,L004520.2018.RH3.V1,"Qualquer alteração no funcionamento do sistema de produção e/ou de tratamento, mesmo que não prejudique as condições impostas nesta licença, deve ser comunicada à Entidade Licenciadora no prazo máximo de cinco dias.",
TUA20230213000471,T000056,L004520.2018.RH3.V1,"Qualquer descarga de águas residuais urbanas e/ou industriais, bem como de outras atividades económicas ou serviços, nas redes de drenagem ou diretamente na ETAR, só poderá ocorrer mediante autorização do titular da presente licença e ficará sujeita às disposições constantes dessa autorização não podendo, em qualquer caso, comprometer o cumprimento das condições impostas nesta licença. Qualquer nova situação desta natureza deverá ser comunicada à Entidade Licenciadora.",
TUA20230213000471,T000057,L004520.2018.RH3.V1,"A descarga das águas residuais na água não deve provocar alteração da sua qualidade, nem colocar em risco os seus usos, sendo efetuada de modo a não prejudicar o escoamento natural da corrente e a não contribuir para o aumento dos riscos de erosão no local, ficando o titular responsável pela tomada das medidas consideradas necessárias para a correção das situações que possam ocorrer.",
TUA20230213000471,T000058,L004520.2018.RH3.V1,"O titular obriga-se a efetuar as ações de manutenção, preventivas e corretivas, necessárias ao bom funcionamento da ETAR, incluindo a limpeza dos respetivos órgãos de tratamento devendo guardar os registos detalhados da sua realização, com indicação do destino final das lamas ou outros resíduos produzidos, para efeitos de inspeção ou fiscalização por parte das Entidades Competentes.",
TUA20230213000497,T000051,L001767.2013.RH5-T1.V1,O titular obriga-se a implementar as medidas de prevenção de acidentes e de emergência descritas no projeto.,
TUA20230213000497,T000052,L001767.2013.RH5-T1.V1,Impende sobre o titular desta licença a responsabilidade de verificar o cumprimento das normas constantes na autorização de descarga supra mencionada.,
TUA20230213000497,T000053,L001767.2013.RH5-T1.V1,"O titular obriga-se a observar todos os preceitos legais no que concerne a segurança, gestão de resíduos e conservação da natureza e também a legislação e os regulamentos específicos das atividades complementares que simultaneamente venham a ser desenvolvidas no local.",
TUA20230213000497,T000054,L001767.2013.RH5-T1.V1,O titular obriga-se a manter o sistema de tratamento adotado em bom estado de funcionamento e conservação.,
TUA20230213000497,T000055,L001767.2013.RH5-T1.V1,"O titular obriga-se a manter um registo atualizado dos valores do autocontrolo, para efeitos de inspeção ou fiscalização por parte das Entidades Competentes.",
TUA20230216000512,T000042,L010055.2018.RH3.V1,O titular obriga-se a implementar as medidas de prevenção de acidentes e de emergência descritas no projeto.,
TUA20230216000512,T000043,L010055.2018.RH3.V1,Impende sobre o titular desta licença a responsabilidade de verificar o cumprimento das normas constantes na autorização de descarga mencionada em T000052.,
TUA20230216000512,T000044,L010055.2018.RH3.V1,"O titular obriga-se a observar todos os preceitos legais no que concerne a segurança, gestão de resíduos e conservação da natureza e também a legislação e os regulamentos específicos das atividades complementares que simultaneamente venham a ser desenvolvidas no local.",
TUA20230216000512,T000045,L010055.2018.RH3.V1,O titular obriga-se a manter o sistema de tratamento adotado em bom estado de funcionamento e conservação.,
TUA20230216000512,T000046,L010055.2018.RH3.V1,"O titular obriga-se a manter um registo atualizado dos valores do autocontrolo, para efeitos de inspeção ou fiscalização por parte das Entidades Competentes.",
TUA20230216000512,T000047,L010055.2018.RH3.V1,"O titular obriga-se a implementar o programa de autocontrolo descrito em EXP8.3.16 e a reportar à Entidade Licenciadora os resultados obtidos, através da plataforma SILiAmb, com a frequência trimestral.",
TUA20230216000512,T000048,L010055.2018.RH3.V1,"Sempre que forem autorizadas descargas de águas residuais de indústrias localizadas fora da malha urbana, a autorização de descarga, prevista na cláusula anterior, fica sujeita à aprovação da Entidade Licenciadora.",
TUA20230216000512,T000049,L010055.2018.RH3.V1,"O titular da licença deve respeitar as condições de rejeição indicadas em EXP8.3.13, não podendo efetuar qualquer operação deliberada de diluição das águas residuais. A avaliação de conformidade é determinada com base nos parâmetros definidos e de acordo com T000010.",
TUA20230216000512,T000050,L010055.2018.RH3.V1,"Sempre que se verifique a necessidade de proceder a uma rejeição de emergência da(s) Estação(ões) Elevatória(s), o titular deverá de imediato tomar todas as medidas com vista a minimizar os efeitos daí decorrentes e comunicar a ocorrência à Entidade Licenciadora num prazo máximo de 24 horas seguintes à mesma.",
TUA20230216000512,T000051,L010055.2018.RH3.V1,"Como medida preventiva e minimizadora das consequências inerentes a uma rejeição de emergência no domínio hídrico, o titular deverá diligenciar no sentido de dotar a(s) Estação(ões) Elevatória(s) de um gerador de emergência.",
TUA20230216000512,T000052,L010055.2018.RH3.V1,"A ligação, às redes de drenagem da ETAR geridas pelo titular desta licença, das águas residuais de atividades económicas ou serviços localizados dentro da malha urbana ou diretamente na ETAR que produzam ou utilizem substâncias classificadas como poluentes específicos e/ou substâncias prioritárias/perigosas prioritárias para os meios aquáticos ou que sejam suscetíveis de comprometer o cumprimento das condições impostas nesta licença, nos termos do regulamento previsto no artigo 9º, do Decreto-Lei n.º 152/97, de 19 de junho, com as alterações introduzidas pelos Decretos-Leis n.os 348/98, de 9 de novembro, e 149/2004, de 22 de junho e 198/2008, de 8 de outubro, deve ser encarada com precaução, não podendo, em quaisquer circunstâncias, comprometer o cumprimento das condições impostas nesta licença.",
TUA20230216000512,T000053,L010055.2018.RH3.V1,"Para efeitos de fiscalização ou inspeção poderão ser recolhidas amostras compostas num dado período temporal, inferior a 24 horas, em função do caudal. Caso o sistema não disponha de medidor de caudal com registo automático, será utilizado o caudal máximo previsto no título para efeitos de avaliação da respetiva conformidade das amostras.",
TUA20230216000512,T000054,L010055.2018.RH3.V1,As condições de descarga poderão vir a ser alteradas em função dos resultados do autocontrolo e da evolução da qualidade do meio recetor ou de outras restrições de utilização local que o justifiquem.,
TUA20230216000512,T000055,L010055.2018.RH3.V1,"Qualquer alteração no funcionamento do sistema de produção e/ou de tratamento, mesmo que não prejudique as condições impostas nesta licença, deve ser comunicada à Entidade Licenciadora no prazo máximo de cinco dias.",
TUA20230216000512,T000056,L010055.2018.RH3.V1,"Qualquer descarga de águas residuais urbanas e/ou industriais, bem como de outras atividades económicas ou serviços, nas redes de drenagem ou diretamente na ETAR, só poderá ocorrer mediante autorização do titular da presente licença e ficará sujeita às disposições constantes dessa autorização não podendo, em qualquer caso, comprometer o cumprimento das condições impostas nesta licença. Qualquer nova situação desta natureza deverá ser comunicada à Entidade Licenciadora.",
TUA20230216000512,T000057,L010055.2018.RH3.V1,"A descarga das águas residuais na água não deve provocar alteração da sua qualidade, nem colocar em risco os seus usos, sendo efetuada de modo a não prejudicar o escoamento natural da corrente e a não contribuir para o aumento dos riscos de erosão no local, ficando o titular responsável pela tomada das medidas consideradas necessárias para a correção das situações que possam ocorrer.",
TUA20230216000512,T000058,L010055.2018.RH3.V1,"O titular obriga-se a efetuar as ações de manutenção, preventivas e corretivas, necessárias ao bom funcionamento da ETAR, incluindo a limpeza dos respetivos órgãos de tratamento devendo guardar os registos detalhados da sua realização, com indicação do destino final das lamas ou outros resíduos produzidos, para efeitos de inspeção ou fiscalização por parte das Entidades Competentes.",
TUA20230216000512,T000059,L010055.2018.RH3.V1,O titular assume a responsabilidade pela eficiência e eficácia dos processos de tratamento e dos procedimentos a adotar com vista a minimizar os efeitos decorrentes da rejeição de águas residuais e a cumprir os objetivos de qualidade definidos para a massa de água recetora.,
TUA20230216000513,T000044,L004518.2018.RH3.V1,O titular obriga-se a implementar as medidas de prevenção de acidentes e de emergência descritas no projeto.,
TUA20230216000513,T000045,L004518.2018.RH3.V1,Impende sobre o titular desta licença a responsabilidade de verificar o cumprimento das normas constantes na autorização de descarga mencionada em T000054.,
TUA20230216000513,T000046,L004518.2018.RH3.V1,"O titular obriga-se a observar todos os preceitos legais no que concerne a segurança, gestão de resíduos e conservação da natureza e também a legislação e os regulamentos específicos das atividades complementares que simultaneamente venham a ser desenvolvidas no local.",
TUA20230216000513,T000047,L004518.2018.RH3.V1,O titular obriga-se a manter o sistema de tratamento adotado em bom estado de funcionamento e conservação.,
TUA20230216000513,T000048,L004518.2018.RH3.V1,"O titular obriga-se a manter um registo atualizado dos valores do autocontrolo, para efeitos de inspeção ou fiscalização por parte das Entidades Competentes.",
TUA20230216000513,T000049,L004518.2018.RH3.V1,"O titular obriga-se a implementar o programa de autocontrolo descrito em EXP8.3.16 e a reportar à Entidade Licenciadora os resultados obtidos, através da plataforma SILiAmb, com a frequência trimestral.",
TUA20230216000513,T000050,L004518.2018.RH3.V1,"Sempre que forem autorizadas descargas de águas residuais de indústrias localizadas fora da malha urbana, a autorização de descarga, prevista em T000058, fica sujeita à aprovação da Entidade Licenciadora.",
TUA20230216000513,T000051,L004518.2018.RH3.V1,"O titular da licença deve respeitar as condições de rejeição indicadas em EXP8.3.13, não podendo efetuar qualquer operação deliberada de diluição das águas residuais. A avaliação de conformidade é determinada com base nos parâmetros definidos e de acordo com T000010.",
TUA20230216000513,T000052,L004518.2018.RH3.V1,"Sempre que se verifique a necessidade de proceder a uma rejeição de emergência da(s) Estação(ões) Elevatória(s), o titular deverá de imediato tomar todas as medidas com vista a minimizar os efeitos daí decorrentes e comunicar a ocorrência à Entidade Licenciadora num prazo máximo de 24 horas seguintes à mesma.",
TUA20230216000513,T000053,L004518.2018.RH3.V1,"Como medida preventiva e minimizadora das consequências inerentes a uma rejeição de emergência no domínio hídrico, o titular deverá diligenciar no sentido de dotar a(s) Estação(ões) Elevatória(s) de um gerador de emergência.",
TUA20230216000513,T000054,L004518.2018.RH3.V1,"A ligação, às redes de drenagem da ETAR geridas pelo titular desta licença, das águas residuais de atividades económicas ou serviços localizados dentro da malha urbana ou diretamente na ETAR que produzam ou utilizem substâncias classificadas como poluentes específicos e/ou substâncias prioritárias/perigosas prioritárias para os meios aquáticos ou que sejam suscetíveis de comprometer o cumprimento das condições impostas nesta licença, nos termos do regulamento previsto no artigo 9º, do Decreto-Lei n.º 152/97, de 19 de junho, com as alterações introduzidas pelos Decretos-Leis n.os 348/98, de 9 de novembro, e 149/2004, de 22 de junho e 198/2008, de 8 de outubro, deve ser encarada com precaução, não podendo, em quaisquer circunstâncias, comprometer o cumprimento das condições impostas nesta licença.",
TUA20230216000513,T000055,L004518.2018.RH3.V1,"Para efeitos de fiscalização ou inspeção poderão ser recolhidas amostras compostas num dado período temporal, inferior a 24 horas, em função do caudal. Caso o sistema não disponha de medidor de caudal com registo automático, será utilizado o caudal máximo previsto no título para efeitos de avaliação da respetiva conformidade das amostras.",
TUA20230216000513,T000056,L004518.2018.RH3.V1,As condições de descarga poderão vir a ser alteradas em função dos resultados do autocontrolo e da evolução da qualidade do meio recetor ou de outras restrições de utilização local que o justifiquem.,
TUA20230216000513,T000057,L004518.2018.RH3.V1,"Qualquer alteração no funcionamento do sistema de produção e/ou de tratamento, mesmo que não prejudique as condições impostas nesta licença, deve ser comunicada à Entidade Licenciadora no prazo máximo de cinco dias.",
TUA20230216000513,T000058,L004518.2018.RH3.V1,"Qualquer descarga de águas residuais urbanas e/ou industriais, bem como de outras atividades económicas ou serviços, nas redes de drenagem ou diretamente na ETAR, só poderá ocorrer mediante autorização do titular da presente licença e ficará sujeita às disposições constantes dessa autorização não podendo, em qualquer caso, comprometer o cumprimento das condições impostas nesta licença. Qualquer nova situação desta natureza deverá ser comunicada à Entidade Licenciadora.",
TUA20230216000513,T000059,L004518.2018.RH3.V1,"A descarga das águas residuais na água não deve provocar alteração da sua qualidade, nem colocar em risco os seus usos, sendo efetuada de modo a não prejudicar o escoamento natural da corrente e a não contribuir para o aumento dos riscos de erosão no local, ficando o titular responsável pela tomada das medidas consideradas necessárias para a correção das situações que possam ocorrer.",
TUA20230216000513,T000060,L004518.2018.RH3.V1,"O titular obriga-se a efetuar as ações de manutenção, preventivas e corretivas, necessárias ao bom funcionamento da ETAR, incluindo a limpeza dos respetivos órgãos de tratamento devendo guardar os registos detalhados da sua realização, com indicação do destino final das lamas ou outros resíduos produzidos, para efeitos de inspeção ou fiscalização por parte das Entidades Competentes.",
TUA20230216000513,T000061,L004518.2018.RH3.V1,O titular assume a responsabilidade pela eficiência e eficácia dos processos de tratamento e dos procedimentos a adotar com vista a minimizar os efeitos decorrentes da rejeição de águas residuais e a cumprir os objetivos de qualidade definidos para a massa de água recetora.,
TUA20230220000545,T000042,L004518.2018.RH3.V2,O titular obriga-se a implementar as medidas de prevenção de acidentes e de emergência descritas no projeto.,
TUA20230220000545,T000043,L004518.2018.RH3.V2,Impende sobre o titular desta licença a responsabilidade de verificar o cumprimento das normas constantes na autorização de descarga mencionada em T000052.,
TUA20230220000545,T000044,L004518.2018.RH3.V2,"O titular obriga-se a observar todos os preceitos legais no que concerne a segurança, gestão de resíduos e conservação da natureza e também a legislação e os regulamentos específicos das atividades complementares que simultaneamente venham a ser desenvolvidas no local.",
TUA20230220000545,T000045,L004518.2018.RH3.V2,O titular obriga-se a manter o sistema de tratamento adotado em bom estado de funcionamento e conservação.,
TUA20230220000545,T000046,L004518.2018.RH3.V2,"O titular obriga-se a manter um registo atualizado dos valores do autocontrolo, para efeitos de inspeção ou fiscalização por parte das Entidades Competentes.",
TUA20230220000545,T000047,L004518.2018.RH3.V2,"O titular obriga-se a implementar o programa de autocontrolo descrito em EXP8.3.16 e a reportar à Entidade Licenciadora os resultados obtidos, através da plataforma SILiAmb, com a frequência trimestral.",
TUA20230220000545,T000048,L004518.2018.RH3.V2,"O titular da licença deve respeitar as condições de rejeição indicadas em EXP8.3.13, não podendo efetuar qualquer operação deliberada de diluição das águas residuais. A avaliação de conformidade é determinada com base nos parâmetros definidos e de acordo com T000010.",
TUA20230220000545,T000049,L004518.2018.RH3.V2,"Sempre que forem autorizadas descargas de águas residuais de indústrias localizadas fora da malha urbana, a autorização de descarga, prevista em T000056, fica sujeita à aprovação da Entidade Licenciadora.",
TUA20230220000545,T000050,L004518.2018.RH3.V2,"Sempre que se verifique a necessidade de proceder a uma rejeição de emergência da(s) Estação(ões) Elevatória(s), o titular deverá de imediato tomar todas as medidas com vista a minimizar os efeitos daí decorrentes e comunicar a ocorrência à Entidade Licenciadora num prazo máximo de 24 horas seguintes à mesma.",
TUA20230220000545,T000051,L004518.2018.RH3.V2,"Como medida preventiva e minimizadora das consequências inerentes a uma rejeição de emergência no domínio hídrico, o titular deverá diligenciar no sentido de dotar a(s) Estação(ões) Elevatória(s) de um gerador de emergência.",
TUA20230220000545,T000052,L004518.2018.RH3.V2,"A ligação, às redes de drenagem da ETAR geridas pelo titular desta licença, das águas residuais de atividades económicas ou serviços localizados dentro da malha urbana ou diretamente na ETAR que produzam ou utilizem substâncias classificadas como poluentes específicos e/ou substâncias prioritárias/perigosas prioritárias para os meios aquáticos ou que sejam suscetíveis de comprometer o cumprimento das condições impostas nesta licença, nos termos do regulamento previsto no artigo 9º, do Decreto-Lei n.º 152/97, de 19 de junho, com as alterações introduzidas pelos Decretos-Leis n.os 348/98, de 9 de novembro, e 149/2004, de 22 de junho e 198/2008, de 8 de outubro, deve ser encarada com precaução, não podendo, em quaisquer circunstâncias, comprometer o cumprimento das condições impostas nesta licença.",
TUA20230220000545,T000053,L004518.2018.RH3.V2,"Para efeitos de fiscalização ou inspeção poderão ser recolhidas amostras compostas num dado período temporal, inferior a 24 horas, em função do caudal. Caso o sistema não disponha de medidor de caudal com registo automático, será utilizado o caudal máximo previsto no título para efeitos de avaliação da respetiva conformidade das amostras.",
TUA20230220000545,T000054,L004518.2018.RH3.V2,As condições de descarga poderão vir a ser alteradas em função dos resultados do autocontrolo e da evolução da qualidade do meio recetor ou de outras restrições de utilização local que o justifiquem.,
TUA20230220000545,T000055,L004518.2018.RH3.V2,"Qualquer alteração no funcionamento do sistema de produção e/ou de tratamento, mesmo que não prejudique as condições impostas nesta licença, deve ser comunicada à Entidade Licenciadora no prazo máximo de cinco dias.",
TUA20230220000545,T000056,L004518.2018.RH3.V2,"Qualquer descarga de águas residuais urbanas e/ou industriais, bem como de outras atividades económicas ou serviços, nas redes de drenagem ou diretamente na ETAR, só poderá ocorrer mediante autorização do titular da presente licença e ficará sujeita às disposições constantes dessa autorização não podendo, em qualquer caso, comprometer o cumprimento das condições impostas nesta licença. Qualquer nova situação desta natureza deverá ser comunicada à Entidade Licenciadora.",
TUA20230220000545,T000057,L004518.2018.RH3.V2,"A descarga das águas residuais na água não deve provocar alteração da sua qualidade, nem colocar em risco os seus usos, sendo efetuada de modo a não prejudicar o escoamento natural da corrente e a não contribuir para o aumento dos riscos de erosão no local, ficando o titular responsável pela tomada das medidas consideradas necessárias para a correção das situações que possam ocorrer.",
TUA20230220000545,T000058,L004518.2018.RH3.V2,"O titular obriga-se a manter um registo atualizado dos dados provenientes do programa de monitorização do meio recetor, para efeitos de inspeção ou fiscalização por parte das Entidades Competentes.",
TUA20230220000545,T000059,L004518.2018.RH3.V2,O titular assume a responsabilidade pela eficiência e eficácia dos processos de tratamento e dos procedimentos a adotar com vista a minimizar os efeitos decorrentes da rejeição de águas residuais e a cumprir os objetivos de qualidade definidos para a massa de água recetora.,
TUA20230228000613,T000058,L001772.2020.RH5A.V1,Impende sobre o titular desta licença a responsabilidade de verificar o cumprimento das normas constantes na autorização de descarga supra mencionada.,
TUA20230228000613,T000059,L001772.2020.RH5A.V1,"O titular obriga-se a observar todos os preceitos legais no que concerne a segurança, gestão de resíduos e conservação da natureza e também a legislação e os regulamentos específicos das atividades complementares que simultaneamente venham a ser desenvolvidas no local.",
TUA20230228000613,T000060,L001772.2020.RH5A.V1,O titular obriga-se a manter o sistema de tratamento adotado em bom estado de funcionamento e conservação.,
TUA20230228000613,T000061,L001772.2020.RH5A.V1,"O titular obriga-se a manter um registo atualizado dos valores do autocontrolo, para efeitos de inspeção ou fiscalização por parte das Entidades Competentes.",
TUA20230228000613,T000062,L001772.2020.RH5A.V1,O titular obriga-se a implementar o programa de autocontrolo descrito no respetivo Anexo e a enviar à Entidade Licenciadora os dados obtidos com o formato e periodicidade definidos no mesmo.,
TUA20230228000613,T000063,L001772.2020.RH5A.V1,"Sempre que forem autorizadas descargas de águas residuais de indústrias localizadas fora da malha urbana, a autorização de descarga, prevista na cláusula anterior, fica sujeita à aprovação da Entidade Licenciadora.",
TUA20230228000613,T000064,L001772.2020.RH5A.V1,"O titular da licença deve respeitar as condições de descarga indicadas no respetivo Anexo, não podendo efetuar qualquer operação deliberada de diluição das águas residuais. A avaliação de conformidade é determinada com base nos parâmetros definidos e de acordo com o mencionado no Anexo.",
TUA20230228000613,T000065,L001772.2020.RH5A.V1,"Sempre que se verifique a necessidade de proceder a uma rejeição de emergência da(s) Estação(ões) Elevatória(s), o titular deverá de imediato tomar todas as medidas com vista a minimizar os efeitos daí decorrentes e comunicar a ocorrência à Entidade Licenciadora num prazo máximo de 24 horas seguintes à mesma.",
TUA20230228000613,T000066,L001772.2020.RH5A.V1,"Como medida preventiva e minimizadora das consequências inerentes a uma rejeição de emergência no domínio hídrico, o titular deverá diligenciar no sentido de dotar a(s) Estação(ões) Elevatória(s) de um gerador de emergência.",
TUA20230228000613,T000067,L001772.2020.RH5A.V1,"A ligação, às redes de drenagem da ETAR geridas pelo titular desta licença, das águas residuais de atividades económicas ou serviços localizados dentro da malha urbana ou diretamente na ETAR que produzam ou utilizem substâncias classificadas como poluentes específicos e/ou substâncias prioritárias/perigosas prioritárias para os meios aquáticos ou que sejam suscetíveis de comprometer o cumprimento das condições impostas nesta licença, nos termos do regulamento previsto no artigo 9º, do Decreto-Lei n.º 152/97, de 19 de junho, com as alterações introduzidas pelos Decretos-Leis n.os 348/98, de 9 de novembro, e 149/2004, de 22 de junho e 198/2008, de 8 de outubro, deve ser encarada com precaução, não podendo, em quaisquer circunstâncias, comprometer o cumprimento das condições impostas nesta licença.",
TUA20230228000613,T000068,L001772.2020.RH5A.V1,As condições de descarga poderão vir a ser alteradas em função dos resultados do autocontrolo e da evolução da qualidade do meio recetor ou de outras restrições de utilização local que o justifiquem.,
TUA20230228000613,T000069,L001772.2020.RH5A.V1,"Qualquer alteração no funcionamento do sistema de produção e/ou de tratamento, mesmo que não prejudique as condições impostas nesta licença, deve ser comunicada à Entidade Licenciadora no prazo máximo de cinco dias.",
TUA20230228000613,T000070,L001772.2020.RH5A.V1,"Qualquer descarga de águas residuais urbanas e/ou industriais, bem como de outras atividades económicas ou serviços, nas redes de drenagem ou diretamente na ETAR, só poderá ocorrer mediante autorização do titular da presente licença e ficará sujeita às disposições constantes dessa autorização não podendo, em qualquer caso, comprometer o cumprimento das condições impostas nesta licença. Qualquer nova situação desta natureza deverá ser comunicada à Entidade Licenciadora.",
TUA20230228000613,T000071,L001772.2020.RH5A.V1,"A descarga das águas residuais na água não deve provocar alteração da sua qualidade, nem colocar em risco os seus usos, sendo efetuada de modo a não prejudicar o escoamento natural da corrente e a não contribuir para o aumento dos riscos de erosão no local, ficando o titular responsável pela tomada das medidas consideradas necessárias para a correção das situações que possam ocorrer.",
TUA20230228000613,T000072,L001772.2020.RH5A.V1,"O titular obriga-se a efetuar as ações de manutenção, preventivas e corretivas, necessárias ao bom funcionamento da ETAR, incluindo a limpeza dos respetivos órgãos de tratamento devendo guardar os registos detalhados da sua realização, com indicação do destino final das lamas ou outros resíduos produzidos, para efeitos de inspeção ou fiscalização por parte das Entidades Competentes.",
TUA20230228000613,T000073,L001772.2020.RH5A.V1,O titular assume a responsabilidade pela eficiência e eficácia dos processos de tratamento e dos procedimentos a adotar com vista a minimizar os efeitos decorrentes da rejeição de águas residuais e a cumprir os objetivos de qualidade definidos para a massa de água recetora.,
TUA20230228000614,T000068,L007117.2022.RH5A.V1,As intervenções na faixa marginal afeta ao domínio hídrico só deverão ser efetuadas após a autorização dos proprietários dos terrenos marginais.,
TUA20230228000614,T000069,L007117.2022.RH5A.V1,O titular obriga-se a implementar as medidas de prevenção de acidentes e de emergência descritas no projeto.,
TUA20230228000614,T000070,L007117.2022.RH5A.V1,"Não poderão ser ocupadas áreas do Domínio Hídrico (leito e margens do curso de água), para instalação de estaleiros e depósitos de materiais.",
TUA20230228000614,T000071,L007117.2022.RH5A.V1,"O titular obriga-se a garantir que os órgãos de tratamento, à exceção dos de infiltração no solo, são completamente estanques.",
TUA20230228000614,T000072,L007117.2022.RH5A.V1,Impende sobre o titular desta licença a responsabilidade de verificar o cumprimento das normas constantes na autorização de descarga supra mencionada.,
TUA20230228000614,T000073,L007117.2022.RH5A.V1,"O titular obriga-se a observar todos os preceitos legais no que concerne a segurança, gestão de resíduos e conservação da natureza e também a legislação e os regulamentos específicos das atividades complementares que simultaneamente venham a ser desenvolvidas no local.",
TUA20230228000614,T000074,L007117.2022.RH5A.V1,O titular obriga-se a manter o sistema de tratamento adotado em bom estado de funcionamento e conservação.,
TUA20230228000614,,,"Os atravessamentos de linhas de água devem ser perpendiculares às mesmas, não poderão diminuir as secções de vazão, devendo as condutas serem revestidas e implantadas a cota tal que permita futuros trabalhos de limpeza e desobstrução das linhas de água, evitando-se, assim, a ocorrência de",
TUA20230228000614,T000075,L007117.2022.RH5A.V1,eventuais acidentes.,
TUA20230228000614,T000076,L007117.2022.RH5A.V1,"O titular obriga-se a manter um registo atualizado dos valores do autocontrolo, para efeitos de inspeção ou fiscalização por parte das Entidades Competentes.",
TUA20230228000614,T000077,L007117.2022.RH5A.V1,O titular obriga-se a implementar o programa de autocontrolo descrito no respetivo Anexo e a enviar à Entidade Licenciadora os dados obtidos com o formato e periodicidade definidos no mesmo.,
TUA20230228000614,T000078,L007117.2022.RH5A.V1,"Sempre que forem autorizadas descargas de águas residuais de indústrias localizadas fora da malha urbana, a autorização de descarga, prevista na cláusula anterior, fica sujeita à aprovação da Entidade Licenciadora.",
TUA20230228000614,T000079,L007117.2022.RH5A.V1,"O titular da licença deve respeitar as condições de descarga indicadas no respetivo Anexo, não podendo efetuar qualquer operação deliberada de diluição das águas residuais. A avaliação de conformidade é determinada com base nos parâmetros definidos e de acordo com o mencionado no Anexo.",
TUA20230228000614,T000081,L007117.2022.RH5A.V1,Fazem parte integrante do presente título todos os anexos autenticados que o acompanham.,
TUA20230228000614,T000082,L007117.2022.RH5A.V1,"Como medida preventiva e minimizadora das consequências inerentes a uma rejeição de emergência no domínio hídrico, o titular deverá diligenciar no sentido de dotar a(s) Estação(ões) Elevatória(s) de um gerador de emergência.",
TUA20230228000614,T000083,L007117.2022.RH5A.V1,"A ligação, às redes de drenagem da ETAR geridas pelo titular desta licença, das águas residuais de atividades económicas ou serviços localizados dentro da malha urbana ou diretamente na ETAR que produzam ou utilizem substâncias classificadas como poluentes específicos e/ou substâncias prioritárias/perigosas prioritárias para os meios aquáticos ou que sejam suscetíveis de comprometer o cumprimento das condições impostas nesta licença, nos termos do regulamento previsto no artigo 9º, do Decreto-Lei n.º 152/97, de 19 de junho, com as alterações introduzidas pelos Decretos-Leis n.os 348/98, de 9 de novembro, e 149/2004, de 22 de junho e 198/2008, de 8 de outubro, deve ser encarada com precaução, não podendo, em quaisquer circunstâncias, comprometer o cumprimento das condições impostas nesta licença.",
TUA20230228000614,T000084,L007117.2022.RH5A.V1,"Todas as intervenções a efetuar na margem da linha de água deverão culminar com a reposição da situação inicial. No final da obra deverão ser retirados todos os materiais de construção que eventualmente se encontrem no leito e margens da linha de água, devendo os mesmos ficar devidamente regularizados e compactados de modo a que sejam repostas as condições verificadas antes da obra.",
TUA20230228000614,T000085,L007117.2022.RH5A.V1,"Para efeitos de fiscalização ou inspeção poderão ser recolhidas amostras compostas num dado período temporal, inferior a 24 horas, em função do caudal. Caso o sistema não disponha de medidor de caudal com registo automático, será utilizado o caudal máximo previsto no título para efeitos de avaliação da respetiva conformidade das amostras.",
TUA20230228000614,T000086,L007117.2022.RH5A.V1,As condições de descarga poderão vir a ser alteradas em função dos resultados do autocontrolo e da evolução da qualidade do meio recetor ou de outras restrições de utilização local que o justifiquem.,
TUA20230228000614,T000087,L007117.2022.RH5A.V1,"Qualquer alteração no funcionamento do sistema de produção e/ou de tratamento, mesmo que não prejudique as condições impostas nesta licença, deve ser comunicada à Entidade Licenciadora no prazo máximo de cinco dias.",
TUA20230228000614,T000088,L007117.2022.RH5A.V1,"Qualquer descarga de águas residuais urbanas e/ou industriais, bem como de outras atividades económicas ou serviços, nas redes de drenagem ou diretamente na ETAR, só poderá ocorrer mediante autorização do titular da presente licença e ficará sujeita às disposições constantes dessa autorização não podendo, em qualquer caso, comprometer o cumprimento das condições impostas nesta licença. Qualquer nova situação desta natureza deverá ser comunicada à Entidade Licenciadora.",
TUA20230228000614,T000089,L007117.2022.RH5A.V1,"Não deverá ocorrer obstrução da linha de água, promovendo o titular a limpeza de todos os materiais que eventualmente caiam para a mesma. As intervenções deverão ser executadas de forma a evitar que as escorrências e/ou detritos sejam lançados na linha de água ou colocados nas suas margens.",
TUA20230228000614,T000090,L007117.2022.RH5A.V1,"A descarga das águas residuais na água não deve provocar alteração da sua qualidade, nem colocar em risco os seus usos, sendo efetuada de modo a não prejudicar o escoamento natural da corrente e a não contribuir para o aumento dos riscos de erosão no local, ficando o titular responsável pela tomada das medidas consideradas necessárias para a correção das situações que possam ocorrer.",
TUA20230228000614,T000091,L007117.2022.RH5A.V1,"O titular obriga-se a efetuar as ações de manutenção, preventivas e corretivas, necessárias ao bom funcionamento da ETAR, incluindo a limpeza dos respetivos órgãos de tratamento devendo guardar os registos detalhados da sua realização, com indicação do destino final das lamas ou outros resíduos produzidos, para efeitos de inspeção ou fiscalização por parte das Entidades Competentes.",
TUA20230228000614,T000092,L007117.2022.RH5A.V1,O titular assume a responsabilidade pela eficiência e eficácia dos processos de tratamento e dos procedimentos a adotar com vista a minimizar os efeitos decorrentes da rejeição de águas residuais e a cumprir os objetivos de qualidade definidos para a massa de água recetora.,
TUA20230328000995,T000042,L009129.2018.RH3.V1,O titular obriga-se a implementar as medidas de prevenção de acidentes e de emergência descritas no projeto.,
TUA20230328000995,T000043,L009129.2018.RH3.V1,Impende sobre o titular desta licença a responsabilidade de verificar o cumprimento das normas constantes na autorização de descarga mencionada em T000052.,
TUA20230328000995,T000044,L009129.2018.RH3.V1,"O titular obriga-se a observar todos os preceitos legais no que concerne a segurança, gestão de resíduos e conservação da natureza e também a legislação e os regulamentos específicos das atividades complementares que simultaneamente venham a ser desenvolvidas no local.",
TUA20230328000995,T000045,L009129.2018.RH3.V1,O titular obriga-se a manter o sistema de tratamento adotado em bom estado de funcionamento e conservação.,
TUA20230328000995,T000046,L009129.2018.RH3.V1,"O titular obriga-se a manter um registo atualizado dos valores do autocontrolo, para efeitos de inspeção ou fiscalização por parte das Entidades Competentes.",
TUA20230328000995,T000047,L009129.2018.RH3.V1,"O titular obriga-se a implementar o programa de autocontrolo descrito em EXP8.3.16 e a reportar à Entidade Licenciadora os resultados obtidos, através da plataforma SILiAmb, com a frequência trimestral.",
TUA20230328000995,T000048,L009129.2018.RH3.V1,"Sempre que forem autorizadas descargas de águas residuais de indústrias localizadas fora da malha urbana, a autorização de descarga, prevista em T000057, fica sujeita à aprovação da Entidade Licenciadora.",
TUA20230328000995,T000049,L009129.2018.RH3.V1,"O titular da licença deve respeitar as condições de rejeição indicadas em EXP8.3.13, não podendo efetuar qualquer operação deliberada de diluição das águas residuais. A avaliação de conformidade é determinada com base nos parâmetros definidos e de acordo com T000009.",
TUA20230328000995,T000050,L009129.2018.RH3.V1,"Sempre que se verifique a necessidade de proceder a uma rejeição de emergência da(s) Estação(ões) Elevatória(s), o titular deverá de imediato tomar todas as medidas com vista a minimizar os efeitos daí decorrentes e comunicar a ocorrência à Entidade Licenciadora num prazo máximo de 24 horas seguintes à mesma.",
TUA20230328000995,T000051,L009129.2018.RH3.V1,"Como medida preventiva e minimizadora das consequências inerentes a uma rejeição de emergência no domínio hídrico, o titular deverá diligenciar no sentido de dotar a(s) Estação(ões) Elevatória(s) de um gerador de emergência.",
TUA20230328000995,T000052,L009129.2018.RH3.V1,"A ligação, às redes de drenagem da ETAR geridas pelo titular desta licença, das águas residuais de atividades económicas ou serviços localizados dentro da malha urbana ou diretamente na ETAR que produzam ou utilizem substâncias classificadas como poluentes específicos e/ou substâncias prioritárias/perigosas prioritárias para os meios aquáticos ou que sejam suscetíveis de comprometer o cumprimento das condições impostas nesta licença, nos termos do regulamento previsto no artigo 9º, do Decreto-Lei n.º 152/97, de 19 de junho, com as alterações introduzidas pelos Decretos-Leis n.os 348/98, de 9 de novembro, e 149/2004, de 22 de junho e 198/2008, de 8 de outubro, deve ser encarada com precaução, não podendo, em quaisquer circunstâncias, comprometer o cumprimento das condições impostas nesta licença.",
TUA20230328000995,T000053,L009129.2018.RH3.V1,"Todas as intervenções a efetuar na margem da linha de água deverão culminar com a reposição da situação inicial. No final da obra deverão ser retirados todos os materiais de construção que eventualmente se encontrem no leito e margens da linha de água, devendo os mesmos ficar devidamente regularizados e compactados de modo a que sejam repostas as condições verificadas antes da obra.",
TUA20230328000995,T000054,L009129.2018.RH3.V1,"Para efeitos de fiscalização ou inspeção poderão ser recolhidas amostras compostas num dado período temporal, inferior a 24 horas, em função do caudal. Caso o sistema não disponha de medidor de caudal com registo automático, será utilizado o caudal máximo previsto no título para efeitos de avaliação da respetiva conformidade das amostras.",
TUA20230328000995,T000055,L009129.2018.RH3.V1,As condições de descarga poderão vir a ser alteradas em função dos resultados do autocontrolo e da evolução da qualidade do meio recetor ou de outras restrições de utilização local que o justifiquem.,
TUA20230328000995,T000056,L009129.2018.RH3.V1,"Qualquer alteração no funcionamento do sistema de produção e/ou de tratamento, mesmo que não prejudique as condições impostas nesta licença, deve ser comunicada à Entidade Licenciadora no prazo máximo de cinco dias.",
TUA20230328000995,T000057,L009129.2018.RH3.V1,"Qualquer descarga de águas residuais urbanas e/ou industriais, bem como de outras atividades económicas ou serviços, nas redes de drenagem ou diretamente na ETAR, só poderá ocorrer mediante autorização do titular da presente licença e ficará sujeita às disposições constantes dessa autorização não podendo, em qualquer caso, comprometer o cumprimento das condições impostas nesta licença. Qualquer nova situação desta natureza deverá ser comunicada à Entidade Licenciadora.",
TUA20230328000995,T000058,L009129.2018.RH3.V1,"A descarga das águas residuais na água não deve provocar alteração da sua qualidade, nem colocar em risco os seus usos, sendo efetuada de modo a não prejudicar o escoamento natural da corrente e a não contribuir para o aumento dos riscos de erosão no local, ficando o titular responsável pela tomada das medidas consideradas necessárias para a correção das situações que possam ocorrer.",
TUA20230328000995,T000059,L009129.2018.RH3.V1,"O titular obriga-se a efetuar as ações de manutenção, preventivas e corretivas, necessárias ao bom funcionamento da ETAR, incluindo a limpeza dos respetivos órgãos de tratamento devendo guardar os registos detalhados da sua realização, com indicação do destino final das lamas ou outros resíduos produzidos, para efeitos de inspeção ou fiscalização por parte das Entidades Competentes.",
TUA20230328000995,T000060,L009129.2018.RH3.V1,O titular assume a responsabilidade pela eficiência e eficácia dos processos de tratamento e dos procedimentos a adotar com vista a minimizar os efeitos decorrentes da rejeição de águas residuais e a cumprir os objetivos de qualidade definidos para a massa de água recetora.,
TUA20230328000996,T000044,L009136.2018.RH3.V1,O titular obriga-se a implementar as medidas de prevenção de acidentes e de emergência descritas no projeto.,
TUA20230328000996,T000045,L009136.2018.RH3.V1,Impende sobre o titular desta licença a responsabilidade de verificar o cumprimento das normas constantes na autorização de descarga mencionada em T000054.,
TUA20230328000996,T000046,L009136.2018.RH3.V1,"O titular obriga-se a observar todos os preceitos legais no que concerne a segurança, gestão de resíduos e conservação da natureza e também a legislação e os regulamentos específicos das atividades complementares que simultaneamente venham a ser desenvolvidas no local.",
TUA20230328000996,T000047,L009136.2018.RH3.V1,O titular obriga-se a manter o sistema de tratamento adotado em bom estado de funcionamento e conservação.,
TUA20230328000996,T000048,L009136.2018.RH3.V1,"O titular obriga-se a manter um registo atualizado dos valores do autocontrolo, para efeitos de inspeção ou fiscalização por parte das Entidades Competentes.",
TUA20230328000996,T000049,L009136.2018.RH3.V1,"O titular obriga-se a implementar o programa de autocontrolo descrito em EXP8.3.16 e a reportar à Entidade Licenciadora os resultados obtidos, através da plataforma SILiAmb, com a frequência trimestral.",
TUA20230328000996,T000050,L009136.2018.RH3.V1,"Sempre que forem autorizadas descargas de águas residuais de indústrias localizadas fora da malha urbana, a autorização de descarga, prevista em T000058, fica sujeita à aprovação da Entidade Licenciadora.",
TUA20230328000996,T000051,L009136.2018.RH3.V1,"O titular da licença deve respeitar as condições de rejeição indicadas em EXP8.3.13, não podendo efetuar qualquer operação deliberada de diluição das águas residuais. A avaliação de conformidade é determinada com base nos parâmetros definidos e de acordo com T000009.",
TUA20230328000996,T000052,L009136.2018.RH3.V1,"Sempre que se verifique a necessidade de proceder a uma rejeição de emergência da(s) Estação(ões) Elevatória(s), o titular deverá de imediato tomar todas as medidas com vista a minimizar os efeitos daí decorrentes e comunicar a ocorrência à Entidade Licenciadora num prazo máximo de 24 horas seguintes à mesma.",
TUA20230328000996,T000053,L009136.2018.RH3.V1,"Como medida preventiva e minimizadora das consequências inerentes a uma rejeição de emergência no domínio hídrico, o titular deverá diligenciar no sentido de dotar a(s) Estação(ões) Elevatória(s) de um gerador de emergência.",
TUA20230328000996,T000054,L009136.2018.RH3.V1,"A ligação, às redes de drenagem da ETAR geridas pelo titular desta licença, das águas residuais de atividades económicas ou serviços localizados dentro da malha urbana ou diretamente na ETAR que produzam ou utilizem substâncias classificadas como poluentes específicos e/ou substâncias prioritárias/perigosas prioritárias para os meios aquáticos ou que sejam suscetíveis de comprometer o cumprimento das condições impostas nesta licença, nos termos do regulamento previsto no artigo 9º, do Decreto-Lei n.º 152/97, de 19 de junho, com as alterações introduzidas pelos Decretos-Leis n.os 348/98, de 9 de novembro, e 149/2004, de 22 de junho e 198/2008, de 8 de outubro, deve ser encarada com precaução, não podendo, em quaisquer circunstâncias, comprometer o cumprimento das condições impostas nesta licença.",
TUA20230328000996,T000055,L009136.2018.RH3.V1,"Para efeitos de fiscalização ou inspeção poderão ser recolhidas amostras compostas num dado período temporal, inferior a 24 horas, em função do caudal. Caso o sistema não disponha de medidor de caudal com registo automático, será utilizado o caudal máximo previsto no título para efeitos de avaliação da respetiva conformidade das amostras.",
TUA20230328000996,T000056,L009136.2018.RH3.V1,As condições de descarga poderão vir a ser alteradas em função dos resultados do autocontrolo e da evolução da qualidade do meio recetor ou de outras restrições de utilização local que o justifiquem.,
TUA20230328000996,T000057,L009136.2018.RH3.V1,"Qualquer alteração no funcionamento do sistema de produção e/ou de tratamento, mesmo que não prejudique as condições impostas nesta licença, deve ser comunicada à Entidade Licenciadora no prazo máximo de cinco dias.",
TUA20230328000996,T000058,L009136.2018.RH3.V1,"Qualquer descarga de águas residuais urbanas e/ou industriais, bem como de outras atividades económicas ou serviços, nas redes de drenagem ou diretamente na ETAR, só poderá ocorrer mediante autorização do titular da presente licença e ficará sujeita às disposições constantes dessa autorização não podendo, em qualquer caso, comprometer o cumprimento das condições impostas nesta licença. Qualquer nova situação desta natureza deverá ser comunicada à Entidade Licenciadora.",
TUA20230328000996,T000059,L009136.2018.RH3.V1,"A descarga das águas residuais na água não deve provocar alteração da sua qualidade, nem colocar em risco os seus usos, sendo efetuada de modo a não prejudicar o escoamento natural da corrente e a não contribuir para o aumento dos riscos de erosão no local, ficando o titular responsável pela tomada das medidas consideradas necessárias para a correção das situações que possam ocorrer.",
TUA20230328000996,T000060,L009136.2018.RH3.V1,"O titular obriga-se a efetuar as ações de manutenção, preventivas e corretivas, necessárias ao bom funcionamento da ETAR, incluindo a limpeza dos respetivos órgãos de tratamento devendo guardar os registos detalhados da sua realização, com indicação do destino final das lamas ou outros resíduos produzidos, para efeitos de inspeção ou fiscalização por parte das Entidades Competentes.",
TUA20230328000996,T000061,L009136.2018.RH3.V1,O titular assume a responsabilidade pela eficiência e eficácia dos processos de tratamento e dos procedimentos a adotar com vista a minimizar os efeitos decorrentes da rejeição de águas residuais e a cumprir os objetivos de qualidade definidos para a massa de água recetora.,
TUA20230421001258,T000043,L010060.2018.RH3.V1,O titular obriga-se a implementar as medidas de prevenção de acidentes e de emergência descritas no projeto.,
TUA20230421001258,T000044,L010060.2018.RH3.V1,Impende sobre o titular desta licença a responsabilidade de verificar o cumprimento das normas constantes na autorização de descarga mencionada em T000053.,
TUA20230421001258,T000045,L010060.2018.RH3.V1,"O titular obriga-se a observar todos os preceitos legais no que concerne a segurança, gestão de resíduos e conservação da natureza e também a legislação e os regulamentos específicos das atividades complementares que simultaneamente venham a ser desenvolvidas no local.",
TUA20230421001258,T000046,L010060.2018.RH3.V1,O titular obriga-se a manter o sistema de tratamento adotado em bom estado de funcionamento e conservação.,
TUA20230421001258,T000047,L010060.2018.RH3.V1,"O titular obriga-se a manter um registo atualizado dos valores do autocontrolo, para efeitos de inspeção ou fiscalização por parte das Entidades Competentes.",
TUA20230421001258,T000048,L010060.2018.RH3.V1,"O titular obriga-se a implementar o programa de autocontrolo descrito em EXP8.3.16 e a reportar à Entidade Licenciadora os resultados obtidos, através da plataforma SILiAmb, com a frequência trimestral.",
TUA20230421001258,T000049,L010060.2018.RH3.V1,"Sempre que forem autorizadas descargas de águas residuais de indústrias localizadas fora da malha urbana, a autorização de descarga, prevista em T000057, fica sujeita à aprovação da Entidade Licenciadora.",
TUA20230421001258,T000050,L010060.2018.RH3.V1,"O titular da licença deve respeitar as condições de rejeição indicadas em EXP8.3.13, não podendo efetuar qualquer operação deliberada de diluição das águas residuais. A avaliação de conformidade é determinada com base nos parâmetros definidos e de acordo com T000009.",
TUA20230421001258,T000051,L010060.2018.RH3.V1,"Sempre que se verifique a necessidade de proceder a uma rejeição de emergência da(s) Estação(ões) Elevatória(s), o titular deverá de imediato tomar todas as medidas com vista a minimizar os efeitos daí decorrentes e comunicar a ocorrência à Entidade Licenciadora num prazo máximo de 24 horas seguintes à mesma.",
TUA20230421001258,T000052,L010060.2018.RH3.V1,"Como medida preventiva e minimizadora das consequências inerentes a uma rejeição de emergência no domínio hídrico, o titular deverá diligenciar no sentido de dotar a(s) Estação(ões) Elevatória(s) de um gerador de emergência.",
TUA20230421001258,T000053,L010060.2018.RH3.V1,"A ligação, às redes de drenagem da ETAR geridas pelo titular desta licença, das águas residuais de atividades económicas ou serviços localizados dentro da malha urbana ou diretamente na ETAR que produzam ou utilizem substâncias classificadas como poluentes específicos e/ou substâncias prioritárias/perigosas prioritárias para os meios aquáticos ou que sejam suscetíveis de comprometer o cumprimento das condições impostas nesta licença, nos termos do regulamento previsto no artigo 9º, do Decreto-Lei n.º 152/97, de 19 de junho, com as alterações introduzidas pelos Decretos-Leis n.os 348/98, de 9 de novembro, e 149/2004, de 22 de junho e 198/2008, de 8 de outubro, deve ser encarada com precaução, não podendo, em quaisquer circunstâncias, comprometer o cumprimento das condições impostas nesta licença.",
TUA20230421001258,T000054,L010060.2018.RH3.V1,"Para efeitos de fiscalização ou inspeção poderão ser recolhidas amostras compostas num dado período temporal, inferior a 24 horas, em função do caudal. Caso o sistema não disponha de medidor de caudal com registo automático, será utilizado o caudal máximo previsto no título para efeitos de avaliação da respetiva conformidade das amostras.",
TUA20230421001258,T000055,L010060.2018.RH3.V1,As condições de descarga poderão vir a ser alteradas em função dos resultados do autocontrolo e da evolução da qualidade do meio recetor ou de outras restrições de utilização local que o justifiquem.,
TUA20230421001258,T000056,L010060.2018.RH3.V1,"Qualquer alteração no funcionamento do sistema de produção e/ou de tratamento, mesmo que não prejudique as condições impostas nesta licença, deve ser comunicada à Entidade Licenciadora no prazo máximo de cinco dias.",
TUA20230421001258,T000057,L010060.2018.RH3.V1,"Qualquer descarga de águas residuais urbanas e/ou industriais, bem como de outras atividades económicas ou serviços, nas redes de drenagem ou diretamente na ETAR, só poderá ocorrer mediante autorização do titular da presente licença e ficará sujeita às disposições constantes dessa autorização não podendo, em qualquer caso, comprometer o cumprimento das condições impostas nesta licença. Qualquer nova situação desta natureza deverá ser comunicada à Entidade Licenciadora.",
TUA20230421001258,T000058,L010060.2018.RH3.V1,"A descarga das águas residuais na água não deve provocar alteração da sua qualidade, nem colocar em risco os seus usos, sendo efetuada de modo a não prejudicar o escoamento natural da corrente e a não contribuir para o aumento dos riscos de erosão no local, ficando o titular responsável pela tomada das medidas consideradas necessárias para a correção das situações que possam ocorrer.",
TUA20230421001258,T000059,L010060.2018.RH3.V1,"O titular obriga-se a efetuar as ações de manutenção, preventivas e corretivas, necessárias ao bom funcionamento da ETAR, incluindo a limpeza dos respetivos órgãos de tratamento devendo guardar os registos detalhados da sua realização, com indicação do destino final das lamas ou outros resíduos produzidos, para efeitos de inspeção ou fiscalização por parte das Entidades Competentes.",
TUA20230421001258,T000060,L010060.2018.RH3.V1,O titular assume a responsabilidade pela eficiência e eficácia dos processos de tratamento e dos procedimentos a adotar com vista a minimizar os efeitos decorrentes da rejeição de águas residuais e a cumprir os objetivos de qualidade definidos para a massa de água recetora.,
TUA20230421001259,T000040,L010061.2018.RH3.V1,O titular obriga-se a implementar as medidas de prevenção de acidentes e de emergência descritas no projeto.,
TUA20230421001259,T000041,L010061.2018.RH3.V1,Impende sobre o titular desta licença a responsabilidade de verificar o cumprimento das normas constantes na autorização de descarga mencionada em T000050.,
TUA20230421001259,T000042,L010061.2018.RH3.V1,"O titular obriga-se a observar todos os preceitos legais no que concerne a segurança, gestão de resíduos e conservação da natureza e também a legislação e os regulamentos específicos das atividades complementares que simultaneamente venham a ser desenvolvidas no local.",
TUA20230421001259,T000043,L010061.2018.RH3.V1,O titular obriga-se a manter o sistema de tratamento adotado em bom estado de funcionamento e conservação.,
TUA20230421001259,T000044,L010061.2018.RH3.V1,"O titular obriga-se a manter um registo atualizado dos valores do autocontrolo, para efeitos de inspeção ou fiscalização por parte das Entidades Competentes.",
TUA20230421001259,T000045,L010061.2018.RH3.V1,"O titular obriga-se a implementar o programa de autocontrolo descrito em EXP8.3.16 e a reportar à Entidade Licenciadora os resultados obtidos, através da plataforma SILiAmb, com a frequência trimestral.",
TUA20230421001259,T000046,L010061.2018.RH3.V1,"Sempre que forem autorizadas descargas de águas residuais de indústrias localizadas fora da malha urbana, a autorização de descarga, prevista em T000054, fica sujeita à aprovação da Entidade Licenciadora.",
TUA20230421001259,T000047,L010061.2018.RH3.V1,"O titular da licença deve respeitar as condições de rejeição indicadas em EXP8.3.13, não podendo efetuar qualquer operação deliberada de diluição das águas residuais. A avaliação de conformidade é determinada com base nos parâmetros definidos e de acordo com T000009.",
TUA20230421001259,T000048,L010061.2018.RH3.V1,"Sempre que se verifique a necessidade de proceder a uma rejeição de emergência da(s) Estação(ões) Elevatória(s), o titular deverá de imediato tomar todas as medidas com vista a minimizar os efeitos daí decorrentes e comunicar a ocorrência à Entidade Licenciadora num prazo máximo de 24 horas seguintes à mesma.",
TUA20230421001259,T000049,L010061.2018.RH3.V1,"Como medida preventiva e minimizadora das consequências inerentes a uma rejeição de emergência no domínio hídrico, o titular deverá diligenciar no sentido de dotar a(s) Estação(ões) Elevatória(s) de um gerador de emergência.",
TUA20230421001259,T000050,L010061.2018.RH3.V1,"A ligação, às redes de drenagem da ETAR geridas pelo titular desta licença, das águas residuais de atividades económicas ou serviços localizados dentro da malha urbana ou diretamente na ETAR que produzam ou utilizem substâncias classificadas como poluentes específicos e/ou substâncias prioritárias/perigosas prioritárias para os meios aquáticos ou que sejam suscetíveis de comprometer o cumprimento das condições impostas nesta licença, nos termos do regulamento previsto no artigo 9º, do Decreto-Lei n.º 152/97, de 19 de junho, com as alterações introduzidas pelos Decretos-Leis n.os 348/98, de 9 de novembro, e 149/2004, de 22 de junho e 198/2008, de 8 de outubro, deve ser encarada com precaução, não podendo, em quaisquer circunstâncias, comprometer o cumprimento das condições impostas nesta licença.",
TUA20230421001259,T000051,L010061.2018.RH3.V1,"Para efeitos de fiscalização ou inspeção poderão ser recolhidas amostras compostas num dado período temporal, inferior a 24 horas, em função do caudal. Caso o sistema não disponha de medidor de caudal com registo automático, será utilizado o caudal máximo previsto no título para efeitos de avaliação da respetiva conformidade das amostras.",
TUA20230421001259,T000052,L010061.2018.RH3.V1,As condições de descarga poderão vir a ser alteradas em função dos resultados do autocontrolo e da evolução da qualidade do meio recetor ou de outras restrições de utilização local que o justifiquem.,
TUA20230421001259,T000053,L010061.2018.RH3.V1,"Qualquer alteração no funcionamento do sistema de produção e/ou de tratamento, mesmo que não prejudique as condições impostas nesta licença, deve ser comunicada à Entidade Licenciadora no prazo máximo de cinco dias.",
TUA20230421001259,T000054,L010061.2018.RH3.V1,"Qualquer descarga de águas residuais urbanas e/ou industriais, bem como de outras atividades económicas ou serviços, nas redes de drenagem ou diretamente na ETAR, só poderá ocorrer mediante autorização do titular da presente licença e ficará sujeita às disposições constantes dessa autorização não podendo, em qualquer caso, comprometer o cumprimento das condições impostas nesta licença. Qualquer nova situação desta natureza deverá ser comunicada à Entidade Licenciadora.",
TUA20230421001259,T000055,L010061.2018.RH3.V1,"A descarga das águas residuais na água não deve provocar alteração da sua qualidade, nem colocar em risco os seus usos, sendo efetuada de modo a não prejudicar o escoamento natural da corrente e a não contribuir para o aumento dos riscos de erosão no local, ficando o titular responsável pela tomada das medidas consideradas necessárias para a correção das situações que possam ocorrer.",
TUA20230421001259,T000056,L010061.2018.RH3.V1,"O titular obriga-se a efetuar as ações de manutenção, preventivas e corretivas, necessárias ao bom funcionamento da ETAR, incluindo a limpeza dos respetivos órgãos de tratamento devendo guardar os registos detalhados da sua realização, com indicação do destino final das lamas ou outros resíduos produzidos, para efeitos de inspeção ou fiscalização por parte das Entidades Competentes.",
TUA20230421001259,T000057,L010061.2018.RH3.V1,O titular assume a responsabilidade pela eficiência e eficácia dos processos de tratamento e dos procedimentos a adotar com vista a minimizar os efeitos decorrentes da rejeição de águas residuais e a cumprir os objetivos de qualidade definidos para a massa de água recetora.,
TUA20230421001260,T000043,L011919.2018.RH3.V1,O titular obriga-se a implementar as medidas de prevenção de acidentes e de emergência descritas no projeto.,
TUA20230421001260,T000044,L011919.2018.RH3.V1,Impende sobre o titular desta licença a responsabilidade de verificar o cumprimento das normas constantes na autorização de descarga mencionada em T000053.,
TUA20230421001260,T000045,L011919.2018.RH3.V1,"O titular obriga-se a observar todos os preceitos legais no que concerne a segurança, gestão de resíduos e conservação da natureza e também a legislação e os regulamentos específicos das atividades complementares que simultaneamente venham a ser desenvolvidas no local.",
TUA20230421001260,T000046,L011919.2018.RH3.V1,O titular obriga-se a manter o sistema de tratamento adotado em bom estado de funcionamento e conservação.,
TUA20230421001260,T000047,L011919.2018.RH3.V1,"O titular obriga-se a manter um registo atualizado dos valores do autocontrolo, para efeitos de inspeção ou fiscalização por parte das Entidades Competentes.",
TUA20230421001260,T000048,L011919.2018.RH3.V1,"O titular obriga-se a implementar o programa de autocontrolo descrito em EXP8.3.16 e a reportar à Entidade Licenciadora os resultados obtidos, através da plataforma SILiAmb, com a frequência trimestral.",
TUA20230421001260,T000049,L011919.2018.RH3.V1,"Sempre que forem autorizadas descargas de águas residuais de indústrias localizadas fora da malha urbana, a autorização de descarga, prevista em T000057, fica sujeita à aprovação da Entidade Licenciadora.",
TUA20230421001260,T000050,L011919.2018.RH3.V1,"O titular da licença deve respeitar as condições de rejeição indicadas em EXP8.3.13, não podendo efetuar qualquer operação deliberada de diluição das águas residuais. A avaliação de conformidade é determinada com base nos parâmetros definidos e de acordo com T000010.",
TUA20230421001260,T000051,L011919.2018.RH3.V1,"Sempre que se verifique a necessidade de proceder a uma rejeição de emergência da(s) Estação(ões) Elevatória(s), o titular deverá de imediato tomar todas as medidas com vista a minimizar os efeitos daí decorrentes e comunicar a ocorrência à Entidade Licenciadora num prazo máximo de 24 horas seguintes à mesma.",
TUA20230421001260,T000052,L011919.2018.RH3.V1,"Como medida preventiva e minimizadora das consequências inerentes a uma rejeição de emergência no domínio hídrico, o titular deverá diligenciar no sentido de dotar a(s) Estação(ões) Elevatória(s) de um gerador de emergência.",
TUA20230421001260,T000053,L011919.2018.RH3.V1,"A ligação, às redes de drenagem da ETAR geridas pelo titular desta licença, das águas residuais de atividades económicas ou serviços localizados dentro da malha urbana ou diretamente na ETAR que produzam ou utilizem substâncias classificadas como poluentes específicos e/ou substâncias prioritárias/perigosas prioritárias para os meios aquáticos ou que sejam suscetíveis de comprometer o cumprimento das condições impostas nesta licença, nos termos do regulamento previsto no artigo 9º, do Decreto-Lei n.º 152/97, de 19 de junho, com as alterações introduzidas pelos Decretos-Leis n.os 348/98, de 9 de novembro, e 149/2004, de 22 de junho e 198/2008, de 8 de outubro, deve ser encarada com precaução, não podendo, em quaisquer circunstâncias, comprometer o cumprimento das condições impostas nesta licença.",
TUA20230421001260,T000054,L011919.2018.RH3.V1,"Para efeitos de fiscalização ou inspeção poderão ser recolhidas amostras compostas num dado período temporal, inferior a 24 horas, em função do caudal. Caso o sistema não disponha de medidor de caudal com registo automático, será utilizado o caudal máximo previsto no título para efeitos de avaliação da respetiva conformidade das amostras.",
TUA20230421001260,T000055,L011919.2018.RH3.V1,As condições de descarga poderão vir a ser alteradas em função dos resultados do autocontrolo e da evolução da qualidade do meio recetor ou de outras restrições de utilização local que o justifiquem.,
TUA20230421001260,T000056,L011919.2018.RH3.V1,"Qualquer alteração no funcionamento do sistema de produção e/ou de tratamento, mesmo que não prejudique as condições impostas nesta licença, deve ser comunicada à Entidade Licenciadora no prazo máximo de cinco dias.",
TUA20230421001260,T000057,L011919.2018.RH3.V1,"Qualquer descarga de águas residuais urbanas e/ou industriais, bem como de outras atividades económicas ou serviços, nas redes de drenagem ou diretamente na ETAR, só poderá ocorrer mediante autorização do titular da presente licença e ficará sujeita às disposições constantes dessa autorização não podendo, em qualquer caso, comprometer o cumprimento das condições impostas nesta licença. Qualquer nova situação desta natureza deverá ser comunicada à Entidade Licenciadora.",
TUA20230421001260,T000058,L011919.2018.RH3.V1,"A descarga das águas residuais na água não deve provocar alteração da sua qualidade, nem colocar em risco os seus usos, sendo efetuada de modo a não prejudicar o escoamento natural da corrente e a não contribuir para o aumento dos riscos de erosão no local, ficando o titular responsável pela tomada das medidas consideradas necessárias para a correção das situações que possam ocorrer.",
TUA20230421001260,T000059,L011919.2018.RH3.V1,"O titular obriga-se a efetuar as ações de manutenção, preventivas e corretivas, necessárias ao bom funcionamento da ETAR, incluindo a limpeza dos respetivos órgãos de tratamento devendo guardar os registos detalhados da sua realização, com indicação do destino final das lamas ou outros resíduos produzidos, para efeitos de inspeção ou fiscalização por parte das Entidades Competentes.",
TUA20230421001260,T000060,L011919.2018.RH3.V1,O titular assume a responsabilidade pela eficiência e eficácia dos processos de tratamento e dos procedimentos a adotar com vista a minimizar os efeitos decorrentes da rejeição de águas residuais e a cumprir os objetivos de qualidade definidos para a massa de água recetora.,
TUA20230421001263,T000043,L010047.2018.RH3.V1,O titular obriga-se a implementar as medidas de prevenção de acidentes e de emergência descritas no projeto.,
TUA20230421001263,T000044,L010047.2018.RH3.V1,Impende sobre o titular desta licença a responsabilidade de verificar o cumprimento das normas constantes na autorização de descarga mencionada em T000053.,
TUA20230421001263,T000045,L010047.2018.RH3.V1,"O titular obriga-se a observar todos os preceitos legais no que concerne a segurança, gestão de resíduos e conservação da natureza e também a legislação e os regulamentos específicos das atividades complementares que simultaneamente venham a ser desenvolvidas no local.",
TUA20230421001263,T000046,L010047.2018.RH3.V1,O titular obriga-se a manter o sistema de tratamento adotado em bom estado de funcionamento e conservação.,
TUA20230421001263,T000047,L010047.2018.RH3.V1,"O titular obriga-se a manter um registo atualizado dos valores do autocontrolo, para efeitos de inspeção ou fiscalização por parte das Entidades Competentes.",
TUA20230421001263,T000048,L010047.2018.RH3.V1,"O titular obriga-se a implementar o programa de autocontrolo descrito em EXP8.3.16 e a reportar à Entidade Licenciadora os resultados obtidos, através da plataforma SILiAmb, com a frequência trimestral.",
TUA20230421001263,T000049,L010047.2018.RH3.V1,"Sempre que forem autorizadas descargas de águas residuais de indústrias localizadas fora da malha urbana, a autorização de descarga, prevista em T000057, fica sujeita à aprovação da Entidade Licenciadora.",
TUA20230421001263,T000050,L010047.2018.RH3.V1,"O titular da licença deve respeitar as condições de rejeição indicadas em EXP8.3.13, não podendo efetuar qualquer operação deliberada de diluição das águas residuais. A avaliação de conformidade é determinada com base nos parâmetros definidos e de acordo com T000009.",
TUA20230421001263,T000051,L010047.2018.RH3.V1,"Sempre que se verifique a necessidade de proceder a uma rejeição de emergência da(s) Estação(ões) Elevatória(s), o titular deverá de imediato tomar todas as medidas com vista a minimizar os efeitos daí decorrentes e comunicar a ocorrência à Entidade Licenciadora num prazo máximo de 24 horas seguintes à mesma.",
TUA20230421001263,T000052,L010047.2018.RH3.V1,"Como medida preventiva e minimizadora das consequências inerentes a uma rejeição de emergência no domínio hídrico, o titular deverá diligenciar no sentido de dotar a(s) Estação(ões) Elevatória(s) de um gerador de emergência.",
TUA20230421001263,T000053,L010047.2018.RH3.V1,"A ligação, às redes de drenagem da ETAR geridas pelo titular desta licença, das águas residuais de atividades económicas ou serviços localizados dentro da malha urbana ou diretamente na ETAR que produzam ou utilizem substâncias classificadas como poluentes específicos e/ou substâncias prioritárias/perigosas prioritárias para os meios aquáticos ou que sejam suscetíveis de comprometer o cumprimento das condições impostas nesta licença, nos termos do regulamento previsto no artigo 9º, do Decreto-Lei n.º 152/97, de 19 de junho, com as alterações introduzidas pelos Decretos-Leis n.os 348/98, de 9 de novembro, e 149/2004, de 22 de junho e 198/2008, de 8 de outubro, deve ser encarada com precaução, não podendo, em quaisquer circunstâncias, comprometer o cumprimento das condições impostas nesta licença.",
TUA20230421001263,T000054,L010047.2018.RH3.V1,"Para efeitos de fiscalização ou inspeção poderão ser recolhidas amostras compostas num dado período temporal, inferior a 24 horas, em função do caudal. Caso o sistema não disponha de medidor de caudal com registo automático, será utilizado o caudal máximo previsto no título para efeitos de avaliação da respetiva conformidade das amostras.",
TUA20230421001263,T000055,L010047.2018.RH3.V1,As condições de descarga poderão vir a ser alteradas em função dos resultados do autocontrolo e da evolução da qualidade do meio recetor ou de outras restrições de utilização local que o justifiquem.,
TUA20230421001263,T000056,L010047.2018.RH3.V1,"Qualquer alteração no funcionamento do sistema de produção e/ou de tratamento, mesmo que não prejudique as condições impostas nesta licença, deve ser comunicada à Entidade Licenciadora no prazo máximo de cinco dias.",
TUA20230421001263,T000057,L010047.2018.RH3.V1,"Qualquer descarga de águas residuais urbanas e/ou industriais, bem como de outras atividades económicas ou serviços, nas redes de drenagem ou diretamente na ETAR, só poderá ocorrer mediante autorização do titular da presente licença e ficará sujeita às disposições constantes dessa autorização não podendo, em qualquer caso, comprometer o cumprimento das condições impostas nesta licença. Qualquer nova situação desta natureza deverá ser comunicada à Entidade Licenciadora.",
TUA20230421001263,T000058,L010047.2018.RH3.V1,"A descarga das águas residuais na água não deve provocar alteração da sua qualidade, nem colocar em risco os seus usos, sendo efetuada de modo a não prejudicar o escoamento natural da corrente e a não contribuir para o aumento dos riscos de erosão no local, ficando o titular responsável pela tomada das medidas consideradas necessárias para a correção das situações que possam ocorrer.",
TUA20230421001263,T000059,L010047.2018.RH3.V1,"O titular obriga-se a efetuar as ações de manutenção, preventivas e corretivas, necessárias ao bom funcionamento da ETAR, incluindo a limpeza dos respetivos órgãos de tratamento devendo guardar os registos detalhados da sua realização, com indicação do destino final das lamas ou outros resíduos produzidos, para efeitos de inspeção ou fiscalização por parte das Entidades Competentes.",
TUA20230421001263,T000060,L010047.2018.RH3.V1,O titular assume a responsabilidade pela eficiência e eficácia dos processos de tratamento e dos procedimentos a adotar com vista a minimizar os efeitos decorrentes da rejeição de águas residuais e a cumprir os objetivos de qualidade definidos para a massa de água recetora.,
TUA20230423001281,T000048,L004998.2016.RH7.V1,"Qualquer alteração no funcionamento do sistema de produção e/ou de tratamento, mesmo que não prejudique as condições impostas nesta licença, deve ser comunicada à Entidade Licenciadora no prazo máximo de cinco dias.",
TUA20230423001281,T000049,L004998.2016.RH7.V1,"Qualquer descarga de águas residuais urbanas e/ou industriais, bem como de outras atividades económicas ou serviços, nas redes de drenagem ou diretamente na ETAR, só poderá ocorrer mediante autorização do titular da presente licença e ficará sujeita às disposições constantes dessa autorização não podendo, em qualquer caso, comprometer o cumprimento das condições impostas nesta licença. Qualquer nova situação desta natureza deverá ser comunicada à Entidade Licenciadora.",
TUA20230423001281,T000050,L004998.2016.RH7.V1,"Sempre que forem autorizadas descargas de águas residuais de indústrias localizadas fora da malha urbana, a autorização de descarga, prevista na cláusula anterior, fica sujeita à aprovação da Entidade Licenciadora.",
TUA20230423001281,T000051,L004998.2016.RH7.V1,"A ligação, às redes de drenagem da ETAR geridas pelo titular desta licença, das águas residuais de atividades económicas ou serviços localizados dentro da malha urbana ou diretamente na ETAR que produzam ou utilizem substâncias classificadas como poluentes específicos e/ou substâncias prioritárias/perigosas prioritárias para os meios aquáticos ou que sejam suscetíveis de comprometer o cumprimento das condições impostas nesta licença, nos termos do regulamento previsto no artigo 9º, do Decreto-Lei n.º 152/97, de 19 de junho, com as alterações introduzidas pelos Decretos-Leis n.os 348/98, de 9 de novembro, e 149/2004, de 22 de junho e 198/2008, de 8 de outubro, deve ser encarada com precaução, não podendo, em quaisquer circunstâncias, comprometer o cumprimento das condições impostas nesta licença.",
TUA20230423001281,T000052,L004998.2016.RH7.V1,Impende sobre o titular desta licença a responsabilidade de verificar o cumprimento das normas constantes na autorização de descarga supra mencionada.,
TUA20230423001281,T000053,L004998.2016.RH7.V1,O titular assume a responsabilidade pela eficiência e eficácia dos processos de tratamento e dos procedimentos a adotar com vista a minimizar os efeitos decorrentes da rejeição de águas residuais e a cumprir os objetivos de qualidade definidos para a massa de água recetora.,
TUA20230423001281,T000054,L004998.2016.RH7.V1,"O titular obriga-se a garantir que os órgãos de tratamento, à exceção dos de infiltração no solo, são completamente estanques.",
TUA20230423001281,T000055,L004998.2016.RH7.V1,"A descarga das águas residuais na água não deve provocar alteração da sua qualidade, nem colocar em risco os seus usos, sendo efetuada de modo a não prejudicar o escoamento natural da corrente e a não contribuir para o aumento dos riscos de erosão no local, ficando o titular responsável pela tomada das medidas consideradas necessárias para a correção das situações que possam ocorrer.",
TUA20230423001281,T000056,L004998.2016.RH7.,O titular obriga-se a manter o sistema de tratamento adotado em bom estado de funcionamento e conservação.,
TUA20230423001281,,V1,,
TUA20230423001281,T000057,L004998.2016.RH7.V1,"O titular obriga-se a observar todos os preceitos legais no que concerne a segurança, gestão de resíduos e conservação da natureza e também a legislação e os regulamentos específicos das atividades complementares que simultaneamente venham a ser desenvolvidas no local.",
TUA20230423001281,T000058,L004998.2016.RH7.V1,"O titular obriga-se a enviar e a manter um dossier organizado contendo as Fichas de Dados de Segurança de todas as substâncias e/ou preparações perigosas utilizadas, devidamente redigidas em língua portuguesa, devendo, quando existem alterações ou a introdução de novas substâncias enviar, semestralmente, à Entidade Licenciadora a respetiva atualização.",
TUA20230423001281,T000059,L004998.2016.RH7.V1,"O titular obriga-se a efetuar as ações de manutenção, preventivas e corretivas, necessárias ao bom funcionamento da ETAR, incluindo a limpeza dos respetivos órgãos de tratamento devendo guardar os registos detalhados da sua realização, com indicação do destino final das lamas ou outros resíduos produzidos, para efeitos de inspeção ou fiscalização por parte das Entidades Competentes.",
TUA20230423001281,T000060,L004998.2016.RH7.V1,O titular obriga-se a implementar as medidas de prevenção de acidentes e de emergência descritas no projeto.,
TUA20230423001281,T000061,L004998.2016.RH7.V1,"O titular da licença deve respeitar as condições de descarga indicadas no respetivo Anexo, não podendo efetuar qualquer operação deliberada de diluição das águas residuais. A avaliação de conformidade é determinada com base nos parâmetros definidos e de acordo com o mencionado no Anexo.",
TUA20230423001281,T000062,L004998.2016.RH7.V1,O titular obriga-se a implementar o programa de autocontrolo descrito no respetivo Anexo e a enviar à Entidade Licenciadora os dados obtidos com o formato e periodicidade definidos no mesmo.,
TUA20230423001281,T000063,L004998.2016.RH7.V1,"O titular obriga-se a manter um registo atualizado dos valores do autocontrolo, para efeitos de inspeção ou fiscalização por parte das Entidades Competentes.",
TUA20230423001281,T000064,L004998.2016.RH7.V1,As condições de descarga poderão vir a ser alteradas em função dos resultados do autocontrolo e da evolução da qualidade do meio recetor ou de outras restrições de utilização local que o justifiquem.,
TUA20230423001281,T000065,L004998.2016.RH7.V1,"Para efeitos de fiscalização ou inspeção poderão ser recolhidas amostras compostas num dado período temporal, inferior a 24 horas, em função do caudal. Caso o sistema não disponha de medidor de caudal com registo automático, será utilizado o caudal máximo previsto no título para efeitos de avaliação da respetiva conformidade das amostras.",
TUA20230423001281,T000066,L004998.2016.RH7.V1,Fazem parte integrante do presente título todos os anexos autenticados que o acompanham.,
TUA20230510001393,T000113,L008277.2018.RH5A.V1,O titular obriga-se a implementar as medidas de prevenção de acidentes e de emergência descritas no projeto.,
TUA20230510001393,T000114,L008277.2018.RH5A.V1,Impende sobre o titular desta licença a responsabilidade de verificar o cumprimento das normas constantes na autorização de descarga supra mencionada.,
TUA20230510001393,T000115,L008277.2018.RH5A.V1,"O titular obriga-se a observar todos os preceitos legais no que concerne a segurança, gestão de resíduos e conservação da natureza e também a legislação e os regulamentos específicos das atividades complementares que simultaneamente venham a ser desenvolvidas no local.",
TUA20230510001393,T000116,L008277.2018.RH5A.V1,O titular obriga-se a manter o sistema de tratamento adotado em bom estado de funcionamento e conservação.,
TUA20230510001393,T000117,L008277.2018.RH5A.V1,"Os atravessamentos de linhas de água devem ser perpendiculares às mesmas, não poderão diminuir as secções de vazão, devendo as condutas serem revestidas e implantadas a cota tal que permita futuros trabalhos de limpeza e desobstrução das linhas de água, evitando-se, assim, a ocorrência de eventuais acidentes.",
TUA20230510001393,T000118,L008277.2018.RH5A.V1,"O titular obriga-se a manter um registo atualizado dos valores do autocontrolo, para efeitos de inspeção ou fiscalização por parte das Entidades Competentes.",
TUA20230510001393,T000119,L008277.2018.RH5A.V1,O titular obriga-se a implementar o programa de autocontrolo descrito no respetivo Anexo e a enviar à Entidade Licenciadora os dados obtidos com o formato e periodicidade definidos no mesmo.,
TUA20230510001393,T000120,L008277.2018.RH5A.V1,"Sempre que forem autorizadas descargas de águas residuais de indústrias localizadas fora da malha urbana, a autorização de descarga, prevista na cláusula anterior, fica sujeita à aprovação da Entidade Licenciadora.",
TUA20230510001393,T000121,L008277.2018.RH5A.V1,"O titular da licença deve respeitar as condições de descarga indicadas no respetivo Anexo, não podendo efetuar qualquer operação deliberada de diluição das águas residuais. A avaliação de conformidade é determinada com base nos parâmetros definidos e de acordo com o mencionado no Anexo.",
TUA20230510001393,T000122,L008277.2018.RH5A.V1,Fazem parte integrante do presente título todos os anexos autenticados que o acompanham.,
TUA20230510001393,T000123,L008277.2018.RH5A.V1,"A ligação, às redes de drenagem da ETAR geridas pelo titular desta licença, das águas residuais de atividades económicas ou serviços localizados dentro da malha urbana ou diretamente na ETAR que produzam ou utilizem substâncias classificadas como poluentes específicos e/ou substâncias prioritárias/perigosas prioritárias para os meios aquáticos ou que sejam suscetíveis de comprometer o cumprimento das condições impostas nesta licença, nos termos do regulamento previsto no artigo 9º, do Decreto-Lei n.º 152/97, de 19 de junho, com as alterações introduzidas pelos Decretos-Leis n.os 348/98, de 9 de novembro, e 149/2004, de 22 de junho e 198/2008, de 8 de outubro, deve ser encarada com precaução, não podendo, em quaisquer circunstâncias, comprometer o cumprimento das condições impostas nesta licença.",
TUA20230510001393,T000124,L008277.2018.RH5A.V1,"Para efeitos de fiscalização ou inspeção poderão ser recolhidas amostras compostas num dado período temporal, inferior a 24 horas, em função do caudal. Caso o sistema não disponha de medidor de caudal com registo automático, será utilizado o caudal máximo previsto no título para efeitos de avaliação da respetiva conformidade das amostras.",
TUA20230510001393,T000125,L008277.2018.RH5A.V1,As condições de descarga poderão vir a ser alteradas em função dos resultados do autocontrolo e da evolução da qualidade do meio recetor ou de outras restrições de utilização local que o justifiquem.,
TUA20230510001393,T000126,L008277.2018.RH5A.V1,"Qualquer alteração no funcionamento do sistema de produção e/ou de tratamento, mesmo que não prejudique as condições impostas nesta licença, deve ser comunicada à Entidade Licenciadora no prazo máximo de cinco dias.",
TUA20230510001393,T000127,L008277.2018.RH5A.V1,"Qualquer descarga de águas residuais urbanas e/ou industriais, bem como de outras atividades económicas ou serviços, nas redes de drenagem ou diretamente na ETAR, só poderá ocorrer mediante autorização do titular da presente licença e ficará sujeita às disposições constantes dessa autorização não podendo, em qualquer caso, comprometer o cumprimento das condições impostas nesta licença. Qualquer nova situação desta natureza deverá ser comunicada à Entidade Licenciadora.",
TUA20230510001393,T000128,L008277.2018.RH5A.V1,"Não deverá ocorrer obstrução da linha de água, promovendo o titular a limpeza de todos os materiais que eventualmente caiam para a mesma. As intervenções deverão ser executadas de forma a evitar que as escorrências e/ou detritos sejam lançados na linha de água ou colocados nas suas margens.",
TUA20230510001393,T000129,L008277.2018.RH5A.V1,"A descarga das águas residuais na água não deve provocar alteração da sua qualidade, nem colocar em risco os seus usos, sendo efetuada de modo a não prejudicar o escoamento natural da corrente e a não contribuir para o aumento dos riscos de erosão no local, ficando o titular responsável pela tomada das medidas consideradas necessárias para a correção das situações que possam ocorrer.",
TUA20230510001393,T000130,L008277.2018.RH5A.V1,"O titular obriga-se a efetuar as ações de manutenção, preventivas e corretivas, necessárias ao bom funcionamento da ETAR, incluindo a limpeza dos respetivos órgãos de tratamento devendo guardar os registos detalhados da sua realização, com indicação do destino final das lamas ou outros resíduos produzidos, para efeitos de inspeção ou fiscalização por parte das Entidades Competentes.",
TUA20230510001393,T000131,L008277.2018.RH5A.V1,O titular assume a responsabilidade pela eficiência e eficácia dos processos de tratamento e dos procedimentos a adotar com vista a minimizar os efeitos decorrentes da rejeição de águas residuais e a cumprir os objetivos de qualidade definidos para a massa de água recetora.,
TUA20230510001399,T000043,L033073.2023.RH3.V1,O titular obriga-se a implementar as medidas de prevenção de acidentes e de emergência descritas no projeto.,
TUA20230510001399,T000044,L033073.2023.RH3.V1,Impende sobre o titular desta licença a responsabilidade de verificar o cumprimento das normas constantes na autorização de descarga mencionada em T000053.,
TUA20230510001399,T000045,L033073.2023.RH3.V1,"O titular obriga-se a observar todos os preceitos legais no que concerne a segurança, gestão de resíduos e conservação da natureza e também a legislação e os regulamentos específicos das atividades complementares que simultaneamente venham a ser desenvolvidas no local.",
TUA20230510001399,T000046,L033073.2023.RH3.V1,O titular obriga-se a manter o sistema de tratamento adotado em bom estado de funcionamento e conservação.,
TUA20230510001399,T000047,L033073.2023.RH3.V1,"O titular obriga-se a manter um registo atualizado dos valores do autocontrolo, para efeitos de inspeção ou fiscalização por parte das Entidades Competentes.",
TUA20230510001399,T000048,L033073.2023.RH3.V1,"O titular obriga-se a implementar o programa de autocontrolo descrito em EXP8.3.16 e a reportar à Entidade Licenciadora os resultados obtidos, através da plataforma SILiAmb, com a frequência trimestral.",
TUA20230510001399,T000049,L033073.2023.RH3.V1,"Sempre que forem autorizadas descargas de águas residuais de indústrias localizadas fora da malha urbana, a autorização de descarga, prevista em T000057, fica sujeita à aprovação da Entidade Licenciadora",
TUA20230510001399,T000050,L033073.2023.RH3.V1,"O titular da licença deve respeitar as condições de rejeição indicadas em EXP8.3.13, não podendo efetuar qualquer operação deliberada de diluição das águas residuais. A avaliação de conformidade é determinada com base nos parâmetros definidos e de acordo com T000009.",
TUA20230510001399,T000051,L033073.2023.RH3.V1,"Sempre que se verifique a necessidade de proceder a uma rejeição de emergência da(s) Estação(ões) Elevatória(s), o titular deverá de imediato tomar todas as medidas com vista a minimizar os efeitos daí decorrentes e comunicar a ocorrência à Entidade Licenciadora num prazo máximo de 24 horas seguintes à mesma.",
TUA20230510001399,T000052,L033073.2023.RH3.V1,"Como medida preventiva e minimizadora das consequências inerentes a uma rejeição de emergência no domínio hídrico, o titular deverá diligenciar no sentido de dotar a(s) Estação(ões) Elevatória(s) de um gerador de emergência.",
TUA20230510001399,T000053,L033073.2023.RH3.V1,"A ligação, às redes de drenagem da ETAR geridas pelo titular desta licença, das águas residuais de atividades económicas ou serviços localizados dentro da malha urbana ou diretamente na ETAR que produzam ou utilizem substâncias classificadas como poluentes específicos e/ou substâncias prioritárias/perigosas prioritárias para os meios aquáticos ou que sejam suscetíveis de comprometer o cumprimento das condições impostas nesta licença, nos termos do regulamento previsto no artigo 9º, do Decreto-Lei n.º 152/97, de 19 de junho, com as alterações introduzidas pelos Decretos-Leis n.os 348/98, de 9 de novembro, e 149/2004, de 22 de junho e 198/2008, de 8 de outubro, deve ser encarada com precaução, não podendo, em quaisquer circunstâncias, comprometer o cumprimento das condições impostas nesta licença.",
TUA20230510001399,T000054,L033073.2023.RH3.V1,"Para efeitos de fiscalização ou inspeção poderão ser recolhidas amostras compostas num dado período temporal, inferior a 24 horas, em função do caudal. Caso o sistema não disponha de medidor de caudal com registo automático, será utilizado o caudal máximo previsto no título para efeitos de avaliação da respetiva conformidade das amostras.",
TUA20230510001399,T000055,L033073.2023.RH3.V1,As condições de descarga poderão vir a ser alteradas em função dos resultados do autocontrolo e da evolução da qualidade do meio recetor ou de outras restrições de utilização local que o justifiquem.,
TUA20230510001399,T000056,L033073.2023.RH3.V1,"Qualquer alteração no funcionamento do sistema de produção e/ou de tratamento, mesmo que não prejudique as condições impostas nesta licença, deve ser comunicada à Entidade Licenciadora no prazo máximo de cinco dias.",
TUA20230510001399,T000057,L033073.2023.RH3.V1,"Qualquer descarga de águas residuais urbanas e/ou industriais, bem como de outras atividades económicas ou serviços, nas redes de drenagem ou diretamente na ETAR, só poderá ocorrer mediante autorização do titular da presente licença e ficará sujeita às disposições constantes dessa autorização não podendo, em qualquer caso, comprometer o cumprimento das condições impostas nesta licença. Qualquer nova situação desta natureza deverá ser comunicada à Entidade Licenciadora.",
TUA20230510001399,T000058,L033073.2023.RH3.V1,"A descarga das águas residuais na água não deve provocar alteração da sua qualidade, nem colocar em risco os seus usos, sendo efetuada de modo a não prejudicar o escoamento natural da corrente e a não contribuir para o aumento dos riscos de erosão no local, ficando o titular responsável pela tomada das medidas consideradas necessárias para a correção das situações que possam ocorrer.",
TUA20230510001399,T000059,L033073.2023.RH3.V1,"O titular obriga-se a efetuar as ações de manutenção, preventivas e corretivas, necessárias ao bom funcionamento da ETAR, incluindo a limpeza dos respetivos órgãos de tratamento devendo guardar os registos detalhados da sua realização, com indicação do destino final das lamas ou outros resíduos produzidos, para efeitos de inspeção ou fiscalização por parte das Entidades Competentes.",
TUA20230510001399,T000060,L033073.2023.RH3.V1,O titular assume a responsabilidade pela eficiência e eficácia dos processos de tratamento e dos procedimentos a adotar com vista a minimizar os efeitos decorrentes da rejeição de águas residuais e a cumprir os objetivos de qualidade definidos para a massa de água recetora.,
TUA20230602001636,T000042,L034412.2023.RH3.V1,O titular obriga-se a implementar as medidas de prevenção de acidentes e de emergência descritas no projeto.,
TUA20230602001636,T000043,L034412.2023.RH3.V1,Impende sobre o titular desta licença a responsabilidade de verificar o cumprimento das normas constantes na autorização de descarga mencionada em T000052.,
TUA20230602001636,T000044,L034412.2023.RH3.V1,"O titular obriga-se a observar todos os preceitos legais no que concerne a segurança, gestão de resíduos e conservação da natureza e também a legislação e os regulamentos específicos das atividades complementares que simultaneamente venham a ser desenvolvidas no local.",
TUA20230602001636,T000045,L034412.2023.RH3.V1,O titular obriga-se a manter o sistema de tratamento adotado em bom estado de funcionamento e conservação.,
TUA20230602001636,T000046,L034412.2023.RH3.V1,"O titular obriga-se a manter um registo atualizado dos valores do autocontrolo, para efeitos de inspeção ou fiscalização por parte das Entidades Competentes.",
TUA20230602001636,T000047,L034412.2023.RH3.V1,"O titular obriga-se a implementar o programa de autocontrolo descrito em EXP8.3.16 e a reportar à Entidade Licenciadora os resultados obtidos, através da plataforma SILiAmb, com a frequência trimestral..",
TUA20230602001636,T000048,L034412.2023.RH3.V1,"Sempre que forem autorizadas descargas de águas residuais de indústrias localizadas fora da malha urbana, a autorização de descarga, prevista em T000056, fica sujeita à aprovação da Entidade Licenciadora.",
TUA20230602001636,T000049,L034412.2023.RH3.V1,"O titular da licença deve respeitar as condições de rejeição indicadas em EXP8.3.13, não podendo efetuar qualquer operação deliberada de diluição das águas residuais. A avaliação de conformidade é determinada com base nos parâmetros definidos e de acordo com T000009.",
TUA20230602001636,T000050,L034412.2023.RH3.V1,"Sempre que se verifique a necessidade de proceder a uma rejeição de emergência da(s) Estação(ões) Elevatória(s), o titular deverá de imediato tomar todas as medidas com vista a minimizar os efeitos daí decorrentes e comunicar a ocorrência à Entidade Licenciadora num prazo máximo de 24 horas seguintes à mesma.",
TUA20230602001636,T000051,L034412.2023.RH3.V1,"Como medida preventiva e minimizadora das consequências inerentes a uma rejeição de emergência no domínio hídrico, o titular deverá diligenciar no sentido de dotar a(s) Estação(ões) Elevatória(s) de um gerador de emergência.",
TUA20230602001636,T000052,L034412.2023.RH3.V1,"A ligação, às redes de drenagem da ETAR geridas pelo titular desta licença, das águas residuais de atividades económicas ou serviços localizados dentro da malha urbana ou diretamente na ETAR que produzam ou utilizem substâncias classificadas como poluentes específicos e/ou substâncias prioritárias/perigosas prioritárias para os meios aquáticos ou que sejam suscetíveis de comprometer o cumprimento das condições impostas nesta licença, nos termos do regulamento previsto no artigo 9º, do Decreto-Lei n.º 152/97, de 19 de junho, com as alterações introduzidas pelos Decretos-Leis n.os 348/98, de 9 de novembro, e 149/2004, de 22 de junho e 198/2008, de 8 de outubro, deve ser encarada com precaução, não podendo, em quaisquer circunstâncias, comprometer o cumprimento das condições impostas nesta licença.",
TUA20230602001636,T000053,L034412.2023.RH3.V1,"Para efeitos de fiscalização ou inspeção poderão ser recolhidas amostras compostas num dado período temporal, inferior a 24 horas, em função do caudal. Caso o sistema não disponha de medidor de caudal com registo automático, será utilizado o caudal máximo previsto no título para efeitos de avaliação da respetiva conformidade das amostras.",
TUA20230602001636,T000054,L034412.2023.RH3.V1,As condições de descarga poderão vir a ser alteradas em função dos resultados do autocontrolo e da evolução da qualidade do meio recetor ou de outras restrições de utilização local que o justifiquem.,
TUA20230602001636,T000055,L034412.2023.RH3.V1,"Qualquer alteração no funcionamento do sistema de produção e/ou de tratamento, mesmo que não prejudique as condições impostas nesta licença, deve ser comunicada à Entidade Licenciadora no prazo máximo de cinco dias.",
TUA20230602001636,T000056,L034412.2023.RH3.V1,"Qualquer descarga de águas residuais urbanas e/ou industriais, bem como de outras atividades económicas ou serviços, nas redes de drenagem ou diretamente na ETAR, só poderá ocorrer mediante autorização do titular da presente licença e ficará sujeita às disposições constantes dessa autorização não podendo, em qualquer caso, comprometer o cumprimento das condições impostas nesta licença. Qualquer nova situação desta natureza deverá ser comunicada à Entidade Licenciadora.",
TUA20230602001636,T000057,L034412.2023.RH3.V1,"A descarga das águas residuais na água não deve provocar alteração da sua qualidade, nem colocar em risco os seus usos, sendo efetuada de modo a não prejudicar o escoamento natural da corrente e a não contribuir para o aumento dos riscos de erosão no local, ficando o titular responsável pela tomada das medidas consideradas necessárias para a correção das situações que possam ocorrer.",
TUA20230602001636,T000058,L034412.2023.RH3.V1,"O titular obriga-se a efetuar as ações de manutenção, preventivas e corretivas, necessárias ao bom funcionamento da ETAR, incluindo a limpeza dos respetivos órgãos de tratamento devendo guardar os registos detalhados da sua realização, com indicação do destino final das lamas ou outros resíduos produzidos, para efeitos de inspeção ou fiscalização por parte das Entidades Competentes.",
TUA20230602001636,T000059,L034412.2023.RH3.V1,O titular assume a responsabilidade pela eficiência e eficácia dos processos de tratamento e dos procedimentos a adotar com vista a minimizar os efeitos decorrentes da rejeição de águas residuais e a cumprir os objetivos de qualidade definidos para a massa de água recetora.,
TUA20230602001637,T000043,L034331.2023.RH3.V1,O titular obriga-se a implementar as medidas de prevenção de acidentes e de emergência descritas no projeto.,
TUA20230602001637,T000044,L034331.2023.RH3.V1,Impende sobre o titular desta licença a responsabilidade de verificar o cumprimento das normas constantes na autorização de descarga mencionada em T000054.,
TUA20230602001637,T000045,L034331.2023.RH3.V1,"O titular obriga-se a observar todos os preceitos legais no que concerne a segurança, gestão de resíduos e conservação da natureza e também a legislação e os regulamentos específicos das atividades complementares que simultaneamente venham a ser desenvolvidas no local.",
TUA20230602001637,T000046,L034331.2023.RH3.V1,O titular obriga-se a manter o sistema de tratamento adotado em bom estado de funcionamento e conservação.,
TUA20230602001637,T000047,L034331.2023.RH3.V1,"Os atravessamentos de linhas de água devem ser perpendiculares às mesmas, não poderão diminuir as secções de vazão, devendo as condutas serem revestidas e implantadas a cota tal que permita futuros trabalhos de limpeza e desobstrução das linhas de água, evitando-se, assim, a ocorrência de eventuais acidentes.",
TUA20230602001637,T000048,L034331.2023.RH3.V1,"O titular obriga-se a manter um registo atualizado dos valores do autocontrolo, para efeitos de inspeção ou fiscalização por parte das Entidades Competentes.",
TUA20230602001637,T000049,L034331.2023.RH3.V1,"O titular obriga-se a implementar o programa de autocontrolo descrito em EXP8.3.16 e a reportar à Entidade Licenciadora os resultados obtidos, através da plataforma SILiAmb, com a frequência trimestral.",
TUA20230602001637,T000050,L034331.2023.RH3.V1,"Sempre que forem autorizadas descargas de águas residuais de indústrias localizadas fora da malha urbana, a autorização de descarga, prevista em T000058, fica sujeita à aprovação da Entidade Licenciadora.",
TUA20230602001637,T000051,L034331.2023.RH3.V1,"O titular da licença deve respeitar as condições de rejeição indicadas em EXP8.3.13, não podendo efetuar qualquer operação deliberada de diluição das águas residuais. A avaliação de conformidade é determinada com base nos parâmetros definidos e de acordo com T000009.",
TUA20230602001637,T000052,L034331.2023.RH3.V1,"Sempre que se verifique a necessidade de proceder a uma rejeição de emergência da(s) Estação(ões) Elevatória(s), o titular deverá de imediato tomar todas as medidas com vista a minimizar os efeitos daí decorrentes e comunicar a ocorrência à Entidade Licenciadora num prazo máximo de 24 horas seguintes à mesma.",
TUA20230602001637,T000053,L034331.2023.RH3.V1,"Como medida preventiva e minimizadora das consequências inerentes a uma rejeição de emergência no domínio hídrico, o titular deverá diligenciar no sentido de dotar a(s) Estação(ões) Elevatória(s) de um gerador de emergência.",
TUA20230602001637,T000054,L034331.2023.RH3.V1,"A ligação, às redes de drenagem da ETAR geridas pelo titular desta licença, das águas residuais de atividades económicas ou serviços localizados dentro da malha urbana ou diretamente na ETAR que produzam ou utilizem substâncias classificadas como poluentes específicos e/ou substâncias prioritárias/perigosas prioritárias para os meios aquáticos ou que sejam suscetíveis de comprometer o cumprimento das condições impostas nesta licença, nos termos do regulamento previsto no artigo 9º, do Decreto-Lei n.º 152/97, de 19 de junho, com as alterações introduzidas pelos Decretos-Leis n.os 348/98, de 9 de novembro, e 149/2004, de 22 de junho e 198/2008, de 8 de outubro, deve ser encarada com precaução, não podendo, em quaisquer circunstâncias, comprometer o cumprimento das condições impostas nesta licença.",
TUA20230602001637,T000055,L034331.2023.RH3.V1,"Para efeitos de fiscalização ou inspeção poderão ser recolhidas amostras compostas num dado período temporal, inferior a 24 horas, em função do caudal. Caso o sistema não disponha de medidor de caudal com registo automático, será utilizado o caudal máximo previsto no título para efeitos de avaliação da respetiva conformidade das amostras.",
TUA20230602001637,T000056,L034331.2023.RH3.V1,As condições de descarga poderão vir a ser alteradas em função dos resultados do autocontrolo e da evolução da qualidade do meio recetor ou de outras restrições de utilização local que o justifiquem.,
TUA20230602001637,T000057,L034331.2023.RH3.V1,"Qualquer alteração no funcionamento do sistema de produção e/ou de tratamento, mesmo que não prejudique as condições impostas nesta licença, deve ser comunicada à Entidade Licenciadora no prazo máximo de cinco dias.",
TUA20230602001637,T000058,L034331.2023.RH3.V1,"Qualquer descarga de águas residuais urbanas e/ou industriais, bem como de outras atividades económicas ou serviços, nas redes de drenagem ou diretamente na ETAR, só poderá ocorrer mediante autorização do titular da presente licença e ficará sujeita às disposições constantes dessa autorização não podendo, em qualquer caso, comprometer o cumprimento das condições impostas nesta licença. Qualquer nova situação desta natureza deverá ser comunicada à Entidade Licenciadora.",
TUA20230602001637,T000059,L034331.2023.RH3.V1,"A descarga das águas residuais na água não deve provocar alteração da sua qualidade, nem colocar em risco os seus usos, sendo efetuada de modo a não prejudicar o escoamento natural da corrente e a não contribuir para o aumento dos riscos de erosão no local, ficando o titular responsável pela tomada das medidas consideradas necessárias para a correção das situações que possam ocorrer.",
TUA20230602001637,T000060,L034331.2023.RH3.V1,"O titular obriga-se a efetuar as ações de manutenção, preventivas e corretivas, necessárias ao bom funcionamento da ETAR, incluindo a limpeza dos respetivos órgãos de tratamento devendo guardar os registos detalhados da sua realização, com indicação do destino final das lamas ou outros resíduos produzidos, para efeitos de inspeção ou fiscalização por parte das Entidades Competentes.",
TUA20230602001637,T000061,L034331.2023.RH3.V1,O titular assume a responsabilidade pela eficiência e eficácia dos processos de tratamento e dos procedimentos a adotar com vista a minimizar os efeitos decorrentes da rejeição de águas residuais e a cumprir os objetivos de qualidade definidos para a massa de água recetora.,
TUA20230707002024,T000052,L034219.2023.RH5A.V1,O titular obriga-se a implementar as medidas de prevenção de acidentes e de emergência descritas no projeto.,
TUA20230707002024,T000053,L034219.2023.RH5A.V1,Impende sobre o titular desta licença a responsabilidade de verificar o cumprimento das normas constantes na autorização de descarga supra mencionada.,
TUA20230707002024,T000054,L034219.2023.RH5A.V1,"O titular obriga-se a observar todos os preceitos legais no que concerne a segurança, gestão de resíduos e conservação da natureza e também a legislação e os regulamentos específicos das atividades complementares que simultaneamente venham a ser desenvolvidas no local.",
TUA20230707002024,T000055,L034219.2023.RH5A.V1,O titular obriga-se a manter o sistema de tratamento adotado em bom estado de funcionamento e conservação.,
TUA20230707002024,T000056,L034219.2023.RH5A.V1,"O titular obriga-se a manter um registo atualizado dos valores do autocontrolo, para efeitos de inspeção ou fiscalização por parte das Entidades Competentes.",
TUA20230707002024,T000057,L034219.2023.RH5A.V1,O titular obriga-se a implementar o programa de autocontrolo descrito no respetivo Anexo e a enviar à Entidade Licenciadora os dados obtidos com o formato e periodicidade definidos no mesmo.,
TUA20230707002024,T000059,L034219.2023.RH5A.V1,"O titular da licença deve respeitar as condições de descarga indicadas no respetivo Anexo, não podendo efetuar qualquer operação deliberada de diluição das águas residuais. A avaliação de conformidade é determinada com base nos parâmetros definidos e de acordo com o mencionado no Anexo.",
TUA20230707002024,,,"Sempre que se verifique a necessidade de proceder a uma rejeição de emergência da(s) Estação(ões) Elevatória(s), o titular deverá de imediato tomar",
TUA20230707002024,T000060,L034219.2023.RH5A.V1,todas as medidas com vista a minimizar os efeitos daí decorrentes e comunicar a ocorrência à Entidade Licenciadora num prazo máximo de 24 horas seguintes à mesma.,
TUA20230707002024,T000063,L034219.2023.RH5A.V1,As condições de descarga poderão vir a ser alteradas em função dos resultados do autocontrolo e da evolução da qualidade do meio recetor ou de outras restrições de utilização local que o justifiquem.,
TUA20230707002024,T000064,L034219.2023.RH5A.V1,"Qualquer alteração no funcionamento do sistema de produção e/ou de tratamento, mesmo que não prejudique as condições impostas nesta licença, deve ser comunicada à Entidade Licenciadora no prazo máximo de cinco dias.",
TUA20230707002024,T000065,L034219.2023.RH5A.V1,"Qualquer descarga de águas residuais urbanas e/ou industriais, bem como de outras atividades económicas ou serviços, nas redes de drenagem ou diretamente na ETAR, só poderá ocorrer mediante autorização do titular da presente licença e ficará sujeita às disposições constantes dessa autorização não podendo, em qualquer caso, comprometer o cumprimento das condições impostas nesta licença. Qualquer nova situação desta natureza deverá ser comunicada à Entidade Licenciadora.",
TUA20230707002024,T000066,L034219.2023.RH5A.V1,"Não deverá ocorrer obstrução da linha de água, promovendo o titular a limpeza de todos os materiais que eventualmente caiam para a mesma. As intervenções deverão ser executadas de forma a evitar que as escorrências e/ou detritos sejam lançados na linha de água ou colocados nas suas margens.",
TUA20230707002024,T000067,L034219.2023.RH5A.V1,"A descarga das águas residuais na água não deve provocar alteração da sua qualidade, nem colocar em risco os seus usos, sendo efetuada de modo a não prejudicar o escoamento natural da corrente e a não contribuir para o aumento dos riscos de erosão no local, ficando o titular responsável pela tomada das medidas consideradas necessárias para a correção das situações que possam ocorrer.",
TUA20230707002024,T000068,L034219.2023.RH5A.V1,"O titular obriga-se a efetuar as ações de manutenção, preventivas e corretivas, necessárias ao bom funcionamento da ETAR, incluindo a limpeza dos respetivos órgãos de tratamento devendo guardar os registos detalhados da sua realização, com indicação do destino final das lamas ou outros resíduos produzidos, para efeitos de inspeção ou fiscalização por parte das Entidades Competentes.",
TUA20230707002024,T000069,L034219.2023.RH5A.V1,O titular assume a responsabilidade pela eficiência e eficácia dos processos de tratamento e dos procedimentos a adotar com vista a minimizar os efeitos decorrentes da rejeição de águas residuais e a cumprir os objetivos de qualidade definidos para a massa de água recetora.,
TUA20230717002123,T000041,L010057.2018.RH3.V1,O titular obriga-se a implementar as medidas de prevenção de acidentes e de emergência descritas no projeto.,
TUA20230717002123,T000042,L010057.2018.RH3.V1,Impende sobre o titular desta licença a responsabilidade de verificar o cumprimento das normas constantes na autorização de descarga mencionada em T000051.,
TUA20230717002123,T000043,L010057.2018.RH3.V1,"O titular obriga-se a observar todos os preceitos legais no que concerne a segurança, gestão de resíduos e conservação da natureza e também a legislação e os regulamentos específicos das atividades complementares que simultaneamente venham a ser desenvolvidas no local.",
TUA20230717002123,T000044,L010057.2018.RH3.V1,O titular obriga-se a manter o sistema de tratamento adotado em bom estado de funcionamento e conservação.,
TUA20230717002123,T000045,L010057.2018.RH3.V1,"O titular obriga-se a manter um registo atualizado dos valores do autocontrolo, para efeitos de inspeção ou fiscalização por parte das Entidades Competentes.",
TUA20230717002123,T000046,L010057.2018.RH3.V1,"O titular obriga-se a implementar o programa de autocontrolo descrito em EXP8.3.16 e a reportar à Entidade Licenciadora os resultados obtidos, através da plataforma SILiAmb, com a frequência trimestral.",
TUA20230717002123,T000047,L010057.2018.RH3.V1,"Sempre que forem autorizadas descargas de águas residuais de indústrias localizadas fora da malha urbana, a autorização de descarga, prevista em T000055, fica sujeita à aprovação da Entidade Licenciadora.",
TUA20230717002123,T000048,L010057.2018.RH3.V1,"O titular da licença deve respeitar as condições de rejeição indicadas em EXP8.3.13, não podendo efetuar qualquer operação deliberada de diluição das águas residuais. A avaliação de conformidade é determinada com base nos parâmetros definidos e de acordo com T000010.",
TUA20230717002123,T000049,L010057.2018.RH3.V1,"Sempre que se verifique a necessidade de proceder a uma rejeição de emergência da(s) Estação(ões) Elevatória(s), o titular deverá de imediato tomar todas as medidas com vista a minimizar os efeitos daí decorrentes e comunicar a ocorrência à Entidade Licenciadora num prazo máximo de 24 horas seguintes à mesma.",
TUA20230717002123,T000050,L010057.2018.RH3.V1,"Como medida preventiva e minimizadora das consequências inerentes a uma rejeição de emergência no domínio hídrico, o titular deverá diligenciar no sentido de dotar a(s) Estação(ões) Elevatória(s) de um gerador de emergência.",
TUA20230717002123,T000051,L010057.2018.RH3.V1,"A ligação, às redes de drenagem da ETAR geridas pelo titular desta licença, das águas residuais de atividades económicas ou serviços localizados dentro da malha urbana ou diretamente na ETAR que produzam ou utilizem substâncias classificadas como poluentes específicos e/ou substâncias prioritárias/perigosas prioritárias para os meios aquáticos ou que sejam suscetíveis de comprometer o cumprimento das condições impostas nesta licença, nos termos do regulamento previsto no artigo 9º, do Decreto-Lei n.º 152/97, de 19 de junho, com as alterações introduzidas pelos Decretos-Leis n.os 348/98, de 9 de novembro, e 149/2004, de 22 de junho e 198/2008, de 8 de outubro, deve ser encarada com precaução, não podendo, em quaisquer circunstâncias, comprometer o cumprimento das condições impostas nesta licença.",
TUA20230717002123,T000052,L010057.2018.RH3.V1,"Para efeitos de fiscalização ou inspeção poderão ser recolhidas amostras compostas num dado período temporal, inferior a 24 horas, em função do caudal. Caso o sistema não disponha de medidor de caudal com registo automático, será utilizado o caudal máximo previsto no título para efeitos de avaliação da respetiva conformidade das amostras.",
TUA20230717002123,T000053,L010057.2018.RH3.V1,As condições de descarga poderão vir a ser alteradas em função dos resultados do autocontrolo e da evolução da qualidade do meio recetor ou de outras restrições de utilização local que o justifiquem.,
TUA20230717002123,T000054,L010057.2018.RH3.V1,"Qualquer alteração no funcionamento do sistema de produção e/ou de tratamento, mesmo que não prejudique as condições impostas nesta licença, deve ser comunicada à Entidade Licenciadora no prazo máximo de cinco dias.",
TUA20230717002123,T000055,L010057.2018.RH3.V1,"Qualquer descarga de águas residuais urbanas e/ou industriais, bem como de outras atividades económicas ou serviços, nas redes de drenagem ou diretamente na ETAR, só poderá ocorrer mediante autorização do titular da presente licença e ficará sujeita às disposições constantes dessa autorização não podendo, em qualquer caso, comprometer o cumprimento das condições impostas nesta licença. Qualquer nova situação desta natureza deverá ser comunicada à Entidade Licenciadora.",
TUA20230717002123,T000056,L010057.2018.RH3.V1,"A descarga das águas residuais na água não deve provocar alteração da sua qualidade, nem colocar em risco os seus usos, sendo efetuada de modo a não prejudicar o escoamento natural da corrente e a não contribuir para o aumento dos riscos de erosão no local, ficando o titular responsável pela tomada das medidas consideradas necessárias para a correção das situações que possam ocorrer.",
TUA20230717002123,T000057,L010057.2018.RH3.V1,"O titular obriga-se a efetuar as ações de manutenção, preventivas e corretivas, necessárias ao bom funcionamento da ETAR, incluindo a limpeza dos respetivos órgãos de tratamento devendo guardar os registos detalhados da sua realização, com indicação do destino final das lamas ou outros resíduos produzidos, para efeitos de inspeção ou fiscalização por parte das Entidades Competentes.",
TUA20230717002123,T000058,L010057.2018.RH3.V1,O titular assume a responsabilidade pela eficiência e eficácia dos processos de tratamento e dos procedimentos a adotar com vista a minimizar os efeitos decorrentes da rejeição de águas residuais e a cumprir os objetivos de qualidade definidos para a massa de água recetora.,
TUA20230717002153,T000043,L037792.2023.RH5A.V1,O titular obriga-se a implementar as medidas de prevenção de acidentes e de emergência descritas no projeto.,
TUA20230717002153,T000044,L037792.2023.RH5A.V1,Impende sobre o titular desta licença a responsabilidade de verificar o cumprimento das normas constantes na autorização de descarga supra mencionada.,
TUA20230717002153,T000045,L037792.2023.RH5A.V1,"O titular obriga-se a observar todos os preceitos legais no que concerne a segurança, gestão de resíduos e conservação da natureza e também a legislação e os regulamentos específicos das atividades complementares que simultaneamente venham a ser desenvolvidas no local.",
TUA20230717002153,T000046,L037792.2023.RH5A.V1,O titular obriga-se a manter o sistema de tratamento adotado em bom estado de funcionamento e conservação.,
TUA20230717002153,T000047,L037792.2023.RH5A.V1,"O titular obriga-se a manter um registo atualizado dos valores do autocontrolo, para efeitos de inspeção ou fiscalização por parte das Entidades Competentes.",
TUA20230717002153,T000048,L037792.2023.RH5A.V1,O titular obriga-se a implementar o programa de autocontrolo descrito no respetivo Anexo e a enviar à Entidade Licenciadora os dados obtidos com o formato e periodicidade definidos no mesmo.,
TUA20230717002153,T000049,L037792.2023.RH5A.V1,"O titular da licença deve respeitar as condições de descarga indicadas no respetivo Anexo, não podendo efetuar qualquer operação deliberada de diluição das águas residuais. A avaliação de conformidade é determinada com base nos parâmetros definidos e de acordo com o mencionado no Anexo.",
TUA20230717002153,T000050,L037792.2023.RH5A.V1,"Sempre que se verifique a necessidade de proceder a uma rejeição de emergência da(s) Estação(ões) Elevatória(s), o titular deverá de imediato tomar todas as medidas com vista a minimizar os efeitos daí decorrentes e comunicar a ocorrência à Entidade Licenciadora num prazo máximo de 24 horas seguintes à mesma.",
TUA20230717002153,T000051,L037792.2023.RH5A.V1,Fazem parte integrante do presente título todos os anexos autenticados que o acompanham.,
TUA20230717002153,T000052,L037792.2023.RH5A.V1,"Para efeitos de fiscalização ou inspeção poderão ser recolhidas amostras compostas num dado período temporal, inferior a 24 horas, em função do caudal. Caso o sistema não disponha de medidor de caudal com registo automático, será utilizado o caudal máximo previsto no título para efeitos de avaliação da respetiva conformidade das amostras.",
TUA20230717002153,T000053,L037792.2023.RH5A.V1,As condições de descarga poderão vir a ser alteradas em função dos resultados do autocontrolo e da evolução da qualidade do meio recetor ou de outras restrições de utilização local que o justifiquem.,
TUA20230717002153,T000054,L037792.2023.RH5A.V1,"Qualquer alteração no funcionamento do sistema de produção e/ou de tratamento, mesmo que não prejudique as condições impostas nesta licença, deve ser comunicada à Entidade Licenciadora no prazo máximo de cinco dias.",
TUA20230717002153,,,"Qualquer descarga de águas residuais urbanas e/ou industriais, bem como de outras atividades económicas ou serviços, nas redes de drenagem ou",
TUA20230717002153,T000055,L037792.2023.RH5A.V1,"diretamente na ETAR, só poderá ocorrer mediante autorização do titular da presente licença e ficará sujeita às disposições constantes dessa autorização não podendo, em qualquer caso, comprometer o cumprimento das condições impostas nesta licença. Qualquer nova situação desta natureza deverá ser comunicada à Entidade Licenciadora.",
TUA20230717002153,T000056,L037792.2023.RH5A.V1,"Não deverá ocorrer obstrução da linha de água, promovendo o titular a limpeza de todos os materiais que eventualmente caiam para a mesma. As intervenções deverão ser executadas de forma a evitar que as escorrências e/ou detritos sejam lançados na linha de água ou colocados nas suas margens.",
TUA20230717002153,T000057,L037792.2023.RH5A.V1,"A descarga das águas residuais na água não deve provocar alteração da sua qualidade, nem colocar em risco os seus usos, sendo efetuada de modo a não prejudicar o escoamento natural da corrente e a não contribuir para o aumento dos riscos de erosão no local, ficando o titular responsável pela tomada das medidas consideradas necessárias para a correção das situações que possam ocorrer.",
TUA20230717002153,T000058,L037792.2023.RH5A.V1,"O titular obriga-se a efetuar as ações de manutenção, preventivas e corretivas, necessárias ao bom funcionamento da ETAR, incluindo a limpeza dos respetivos órgãos de tratamento devendo guardar os registos detalhados da sua realização, com indicação do destino final das lamas ou outros resíduos produzidos, para efeitos de inspeção ou fiscalização por parte das Entidades Competentes.",
TUA20230717002153,T000059,L037792.2023.RH5A.V1,O titular assume a responsabilidade pela eficiência e eficácia dos processos de tratamento e dos procedimentos a adotar com vista a minimizar os efeitos decorrentes da rejeição de águas residuais e a cumprir os objetivos de qualidade definidos para a massa de água recetora.,
TUA20230801002309,T000046,L034885.2023.RH4A.V1,O titular obriga-se a implementar as medidas de prevenção de acidentes e de emergência descritas no projeto.,
TUA20230801002309,T000047,L034885.2023.RH4A.V1,Impende sobre o titular desta licença a responsabilidade de verificar o cumprimento das normas constantes na autorização de descarga supra mencionada.,
TUA20230801002309,T000048,L034885.2023.RH4A.V1,"O titular obriga-se a observar todos os preceitos legais no que concerne a segurança, gestão de resíduos e conservação da natureza e também a legislação e os regulamentos específicos das atividades complementares que simultaneamente venham a ser desenvolvidas no local.",
TUA20230801002309,T000049,L034885.2023.RH4A.V1,O titular obriga-se a manter o sistema de tratamento adotado em bom estado de funcionamento e conservação.,
TUA20230801002309,T000050,L034885.2023.RH4A.V1,"O titular obriga-se a manter um registo atualizado dos valores do autocontrolo, para efeitos de inspeção ou fiscalização por parte das Entidades Competentes.",
TUA20230801002309,T000051,L034885.2023.RH4A.V1,O titular obriga-se a implementar o programa de autocontrolo descrito no presente título e a enviar à Entidade Licenciadora os dados obtidos com o formato e periodicidade definidos no mesmo.,
TUA20230801002309,T000052,L034885.2023.RH4A.V1,"Sempre que forem autorizadas descargas de águas residuais de indústrias localizadas fora da malha urbana, a autorização de descarga, prevista na cláusula anterior, fica sujeita à aprovação da Entidade Licenciadora.",
TUA20230801002309,T000053,L034885.2023.RH4A.V1,"O titular da licença deve respeitar as condições de descarga indicadas no presente título, não podendo efetuar qualquer operação deliberada de diluição das águas residuais. A avaliação de conformidade é determinada com base nos parâmetros definidos e de acordo com o mencionado no mesmo documento, conforme a legislação em vigor.",
TUA20230801002309,T000054,L034885.2023.RH4A.V1,Fazem parte integrante do presente título todos os anexos autenticados que o acompanham.,
TUA20230801002309,,,"A ligação, às redes de drenagem da ETAR geridas pelo titular desta licença, das águas residuais de atividades económicas ou serviços localizados dentro da malha urbana ou diretamente na ETAR que produzam ou utilizem substâncias classificadas como poluentes específicos e/ou substâncias prioritárias/perigosas prioritárias para os meios aquáticos ou que sejam suscetíveis de comprometer o cumprimento das condições impostas nesta licença, nos termos do regulamento previsto no artigo 9º, do Decreto-Lei n.º 152/97, de 19 de junho, com as alterações introduzidas pelos Decretos-Leis n.os 348/98,",
TUA20230801002309,T000055,L034885.2023.RH4A.V1,"de 9 de novembro, e 149/2004, de 22 de junho e 198/2008, de 8 de outubro, deve ser encarada com precaução, não podendo, em quaisquer circunstâncias, comprometer o cumprimento das condições impostas nesta licença.",
TUA20230801002309,T000056,L034885.2023.RH4A.V1,As condições de descarga poderão vir a ser alteradas em função dos resultados do autocontrolo e da evolução da qualidade do meio recetor ou de outras restrições de utilização local que o justifiquem.,
TUA20230801002309,T000057,L034885.2023.RH4A.V1,"Qualquer alteração no funcionamento do sistema de produção e/ou de tratamento, mesmo que não prejudique as condições impostas nesta licença, deve ser comunicada à Entidade Licenciadora no prazo máximo de cinco dias.",
TUA20230801002309,T000058,L034885.2023.RH4A.V1,"Qualquer descarga de águas residuais urbanas e/ou industriais, bem como de outras atividades económicas ou serviços, nas redes de drenagem ou diretamente na ETAR, só poderá ocorrer mediante autorização do titular da presente licença e ficará sujeita às disposições constantes dessa autorização não podendo, em qualquer caso, comprometer o cumprimento das condições impostas nesta licença. Qualquer nova situação desta natureza deverá ser comunicada à Entidade Licenciadora.",
TUA20230801002309,T000059,L034885.2023.RH4A.V1,"Não deverá ocorrer obstrução da linha de água, promovendo o titular a limpeza de todos os materiais que eventualmente caiam para a mesma. As intervenções deverão ser executadas de forma a evitar que as escorrências e/ou detritos sejam lançados na linha de água ou colocados nas suas margens.",
TUA20230801002309,T000060,L034885.2023.RH4A.V1,"A descarga das águas residuais na água não deve provocar alteração da sua qualidade, nem colocar em risco os seus usos, sendo efetuada de modo a não prejudicar o escoamento natural da corrente e a não contribuir para o aumento dos riscos de erosão no local, ficando o titular responsável pela tomada das medidas consideradas necessárias para a correção das situações que possam ocorrer.",
TUA20230801002309,T000061,L034885.2023.RH4A.V1,"O titular obriga-se a efetuar as ações de manutenção, preventivas e corretivas, necessárias ao bom funcionamento da ETAR, incluindo a limpeza dos respetivos órgãos de tratamento devendo guardar os registos detalhados da sua realização, com indicação do destino final das lamas ou outros resíduos produzidos, para efeitos de inspeção ou fiscalização por parte das Entidades Competentes.",
TUA20230801002309,T000062,L034885.2023.RH4A.V1,O titular assume a responsabilidade pela eficiência e eficácia dos processos de tratamento e dos procedimentos a adotar com vista a minimizar os efeitos decorrentes da rejeição de águas residuais e a cumprir os objetivos de qualidade definidos para a massa de água recetora.,
TUA20230808002363,T000049,L037599.2023.RH5A.V1,O titular obriga-se a implementar as medidas de prevenção de acidentes e de emergência descritas no projeto.,
TUA20230808002363,T000050,L037599.2023.RH5A.V1,Impende sobre o titular desta licença a responsabilidade de verificar o cumprimento das normas constantes na autorização de descarga supra mencionada.,
TUA20230808002363,T000051,L037599.2023.RH5A.V1,"O titular obriga-se a observar todos os preceitos legais no que concerne a segurança, gestão de resíduos e conservação da natureza e também a legislação e os regulamentos específicos das atividades complementares que simultaneamente venham a ser desenvolvidas no local.",
TUA20230808002363,T000052,L037599.2023.RH5A.V1,O titular obriga-se a manter o sistema de tratamento adotado em bom estado de funcionamento e conservação.,
TUA20230808002363,T000053,L037599.2023.RH5A.V1,"O titular obriga-se a manter um registo atualizado dos valores do autocontrolo, para efeitos de inspeção ou fiscalização por parte das Entidades Competentes.",
TUA20230808002363,T000054,L037599.2023.RH5A.V1,O titular obriga-se a implementar o programa de autocontrolo descrito no respetivo Anexo e a enviar à Entidade Licenciadora os dados obtidos com o formato e periodicidade definidos no mesmo.,
TUA20230808002363,T000055,L037599.2023.RH5A.V1,"Sempre que forem autorizadas descargas de águas residuais de indústrias localizadas fora da malha urbana, a autorização de descarga, prevista na cláusula anterior, fica sujeita à aprovação da Entidade Licenciadora.",
TUA20230808002363,T000056,L037599.2023.RH5A.V1,"O titular da licença deve respeitar as condições de descarga indicadas no respetivo Anexo, não podendo efetuar qualquer operação deliberada de diluição das águas residuais. A avaliação de conformidade é determinada com base nos parâmetros definidos e de acordo com o mencionado no Anexo.",
TUA20230808002363,T000057,L037599.2023.RH5A.V1,"Sempre que se verifique a necessidade de proceder a uma rejeição de emergência da(s) Estação(ões) Elevatória(s), o titular deverá de imediato tomar todas as medidas com vista a minimizar os efeitos daí decorrentes e comunicar a ocorrência à Entidade Licenciadora num prazo máximo de 24 horas seguintes à mesma.",
TUA20230808002363,T000058,L037599.2023.RH5A.V1,Fazem parte integrante do presente título todos os anexos autenticados que o acompanham.,
TUA20230808002363,T000059,L037599.2023.RH5A.V1,"A ligação, às redes de drenagem da ETAR geridas pelo titular desta licença, das águas residuais de atividades económicas ou serviços localizados dentro da malha urbana ou diretamente na ETAR que produzam ou utilizem substâncias classificadas como poluentes específicos e/ou substâncias prioritárias/perigosas prioritárias para os meios aquáticos ou que sejam suscetíveis de comprometer o cumprimento das condições impostas nesta licença, nos termos do regulamento previsto no artigo 9º, do Decreto-Lei n.º 152/97, de 19 de junho, com as alterações introduzidas pelos Decretos-Leis n.os 348/98, de 9 de novembro, e 149/2004, de 22 de junho e 198/2008, de 8 de outubro, deve ser encarada com precaução, não podendo, em quaisquer circunstâncias, comprometer o cumprimento das condições impostas nesta licença.",
TUA20230808002363,T000060,L037599.2023.RH5A.V1,"Para efeitos de fiscalização ou inspeção poderão ser recolhidas amostras compostas num dado período temporal, inferior a 24 horas, em função do caudal. Caso o sistema não disponha de medidor de caudal com registo automático, será utilizado o caudal máximo previsto no título para efeitos de avaliação da respetiva conformidade das amostras.",
TUA20230808002363,T000061,L037599.2023.RH5A.V1,As condições de descarga poderão vir a ser alteradas em função dos resultados do autocontrolo e da evolução da qualidade do meio recetor ou de outras restrições de utilização local que o justifiquem.,
TUA20230808002363,T000062,L037599.2023.RH5A.V1,"Qualquer alteração no funcionamento do sistema de produção e/ou de tratamento, mesmo que não prejudique as condições impostas nesta licença, deve ser comunicada à Entidade Licenciadora no prazo máximo de cinco dias.",
TUA20230808002363,T000063,L037599.2023.RH5A.V1,"Qualquer descarga de águas residuais urbanas e/ou industriais, bem como de outras atividades económicas ou serviços, nas redes de drenagem ou diretamente na ETAR, só poderá ocorrer mediante autorização do titular da presente licença e ficará sujeita às disposições constantes dessa autorização não podendo, em qualquer caso, comprometer o cumprimento das condições impostas nesta licença. Qualquer nova situação desta natureza deverá ser comunicada à Entidade Licenciadora.",
TUA20230808002363,T000064,L037599.2023.RH5A.V1,"Não deverá ocorrer obstrução da linha de água, promovendo o titular a limpeza de todos os materiais que eventualmente caiam para a mesma. As intervenções deverão ser executadas de forma a evitar que as escorrências e/ou detritos sejam lançados na linha de água ou colocados nas suas margens.",
TUA20230808002363,T000065,L037599.2023.RH5A.V1,"A descarga das águas residuais na água não deve provocar alteração da sua qualidade, nem colocar em risco os seus usos, sendo efetuada de modo a não prejudicar o escoamento natural da corrente e a não contribuir para o aumento dos riscos de erosão no local, ficando o titular responsável pela tomada das medidas consideradas necessárias para a correção das situações que possam ocorrer.",
TUA20230808002363,T000066,L037599.2023.RH5A.V1,"O titular obriga-se a efetuar as ações de manutenção, preventivas e corretivas, necessárias ao bom funcionamento da ETAR, incluindo a limpeza dos respetivos órgãos de tratamento devendo guardar os registos detalhados da sua realização, com indicação do destino final das lamas ou outros resíduos produzidos, para efeitos de inspeção ou fiscalização por parte das Entidades Competentes.",
TUA20230808002363,T000067,L037599.2023.RH5A.V1,O titular assume a responsabilidade pela eficiência e eficácia dos processos de tratamento e dos procedimentos a adotar com vista a minimizar os efeitos decorrentes da rejeição de águas residuais e a cumprir os objetivos de qualidade definidos para a massa de água recetora.,
TUA20230816002415,T000043,L010038.2018.RH3.V1,O titular obriga-se a implementar as medidas de prevenção de acidentes e de emergência descritas no projeto.,
TUA20230816002415,T000044,L010038.2018.RH3.V1,Impende sobre o titular desta licença a responsabilidade de verificar o cumprimento das normas constantes na autorização de descarga mencionada em T000053.,
TUA20230816002415,T000045,L010038.2018.RH3.V1,"O titular obriga-se a observar todos os preceitos legais no que concerne a segurança, gestão de resíduos e conservação da natureza e também a legislação e os regulamentos específicos das atividades complementares que simultaneamente venham a ser desenvolvidas no local.",
TUA20230816002415,T000046,L010038.2018.RH3.V1,O titular obriga-se a manter o sistema de tratamento adotado em bom estado de funcionamento e conservação.,
TUA20230816002415,T000047,L010038.2018.RH3.V1,"O titular obriga-se a manter um registo atualizado dos valores do autocontrolo, para efeitos de inspeção ou fiscalização por parte das Entidades Competentes.",
TUA20230816002415,T000048,L010038.2018.RH3.V1,"O titular obriga-se a implementar o programa de autocontrolo descrito em EXP8.3.16 e a reportar à Entidade Licenciadora os resultados obtidos, através da plataforma SILiAmb, com a frequência trimestral.",
TUA20230816002415,T000049,L010038.2018.RH3.V1,"Sempre que forem autorizadas descargas de águas residuais de indústrias localizadas fora da malha urbana, a autorização de descarga, prevista em T000057, fica sujeita à aprovação da Entidade Licenciadora.",
TUA20230816002415,T000050,L010038.2018.RH3.V1,"O titular da licença deve respeitar as condições de rejeição indicadas em EXP8.3.13, não podendo efetuar qualquer operação deliberada de diluição das águas residuais. A avaliação de conformidade é determinada com base nos parâmetros definidos e de acordo com T000010.",
TUA20230816002415,T000051,L010038.2018.RH3.V1,"Sempre que se verifique a necessidade de proceder a uma rejeição de emergência da(s) Estação(ões) Elevatória(s), o titular deverá de imediato tomar todas as medidas com vista a minimizar os efeitos daí decorrentes e comunicar a ocorrência à Entidade Licenciadora num prazo máximo de 24 horas seguintes à mesma.",
TUA20230816002415,T000052,L010038.2018.RH3.V1,"Como medida preventiva e minimizadora das consequências inerentes a uma rejeição de emergência no domínio hídrico, o titular deverá diligenciar no sentido de dotar a(s) Estação(ões) Elevatória(s) de um gerador de emergência.",
TUA20230816002415,T000053,L010038.2018.RH3.V1,"A ligação, às redes de drenagem da ETAR geridas pelo titular desta licença, das águas residuais de atividades económicas ou serviços localizados dentro da malha urbana ou diretamente na ETAR que produzam ou utilizem substâncias classificadas como poluentes específicos e/ou substâncias prioritárias/perigosas prioritárias para os meios aquáticos ou que sejam suscetíveis de comprometer o cumprimento das condições impostas nesta licença, nos termos do regulamento previsto no artigo 9º, do Decreto-Lei n.º 152/97, de 19 de junho, com as alterações introduzidas pelos Decretos-Leis n.os 348/98, de 9 de novembro, e 149/2004, de 22 de junho e 198/2008, de 8 de outubro, deve ser encarada com precaução, não podendo, em quaisquer circunstâncias, comprometer o cumprimento das condições impostas nesta licença.",
TUA20230816002415,T000054,L010038.2018.RH3.V1,"Para efeitos de fiscalização ou inspeção poderão ser recolhidas amostras compostas num dado período temporal, inferior a 24 horas, em função do caudal. Caso o sistema não disponha de medidor de caudal com registo automático, será utilizado o caudal máximo previsto no título para efeitos de avaliação da respetiva conformidade das amostras.",
TUA20230816002415,T000055,L010038.2018.RH3.V1,As condições de descarga poderão vir a ser alteradas em função dos resultados do autocontrolo e da evolução da qualidade do meio recetor ou de outras restrições de utilização local que o justifiquem.,
TUA20230816002415,T000056,L010038.2018.RH3.V1,"Qualquer alteração no funcionamento do sistema de produção e/ou de tratamento, mesmo que não prejudique as condições impostas nesta licença, deve ser comunicada à Entidade Licenciadora no prazo máximo de cinco dias.",
TUA20230816002415,T000057,L010038.2018.RH3.V1,"Qualquer descarga de águas residuais urbanas e/ou industriais, bem como de outras atividades económicas ou serviços, nas redes de drenagem ou diretamente na ETAR, só poderá ocorrer mediante autorização do titular da presente licença e ficará sujeita às disposições constantes dessa autorização não podendo, em qualquer caso, comprometer o cumprimento das condições impostas nesta licença. Qualquer nova situação desta natureza deverá ser comunicada à Entidade Licenciadora.",
TUA20230816002415,T000058,L010038.2018.RH3.V1,"A descarga das águas residuais na água não deve provocar alteração da sua qualidade, nem colocar em risco os seus usos, sendo efetuada de modo a não prejudicar o escoamento natural da corrente e a não contribuir para o aumento dos riscos de erosão no local, ficando o titular responsável pela tomada das medidas consideradas necessárias para a correção das situações que possam ocorrer.",
TUA20230816002415,T000059,L010038.2018.RH3.V1,"O titular obriga-se a efetuar as ações de manutenção, preventivas e corretivas, necessárias ao bom funcionamento da ETAR, incluindo a limpeza dos respetivos órgãos de tratamento devendo guardar os registos detalhados da sua realização, com indicação do destino final das lamas ou outros resíduos produzidos, para efeitos de inspeção ou fiscalização por parte das Entidades Competentes.",
TUA20230816002415,T000060,L010038.2018.RH3.V1,O titular assume a responsabilidade pela eficiência e eficácia dos processos de tratamento e dos procedimentos a adotar com vista a minimizar os efeitos decorrentes da rejeição de águas residuais e a cumprir os objetivos de qualidade definidos para a massa de água recetora.,
TUA20230824002503,T000043,L000819.2019.RH3.V1,O titular obriga-se a implementar as medidas de prevenção de acidentes e de emergência descritas no projeto.,
TUA20230824002503,T000044,L000819.2019.RH3.V1,Impende sobre o titular desta licença a responsabilidade de verificar o cumprimento das normas constantes na autorização de descarga mencionada em T000053.,
TUA20230824002503,T000045,L000819.2019.RH3.V1,"O titular obriga-se a observar todos os preceitos legais no que concerne a segurança, gestão de resíduos e conservação da natureza e também a legislação e os regulamentos específicos das atividades complementares que simultaneamente venham a ser desenvolvidas no local.",
TUA20230824002503,T000046,L000819.2019.RH3.V1,O titular obriga-se a manter o sistema de tratamento adotado em bom estado de funcionamento e conservação.,
TUA20230824002503,T000047,L000819.2019.RH3.V1,"O titular obriga-se a manter um registo atualizado dos valores do autocontrolo, para efeitos de inspeção ou fiscalização por parte das Entidades Competentes.",
TUA20230824002503,T000048,L000819.2019.RH3.V1,"O titular obriga-se a implementar o programa de autocontrolo descrito em EXP8.3.16 e a reportar à Entidade Licenciadora os resultados obtidos, através da plataforma SILiAmb, com a frequência trimestral.",
TUA20230824002503,T000049,L000819.2019.RH3.V1,"Sempre que forem autorizadas descargas de águas residuais de indústrias localizadas fora da malha urbana, a autorização de descarga, prevista em T000057, fica sujeita à aprovação da Entidade Licenciadora.",
TUA20230824002503,T000050,L000819.2019.RH3.V1,"O titular da licença deve respeitar as condições de rejeição indicadas em EXP8.3.13, não podendo efetuar qualquer operação deliberada de diluição das águas residuais. A avaliação de conformidade é determinada com base nos parâmetros definidos e de acordo com T000010.",
TUA20230824002503,T000051,L000819.2019.RH3.V1,"Sempre que se verifique a necessidade de proceder a uma rejeição de emergência da(s) Estação(ões) Elevatória(s), o titular deverá de imediato tomar todas as medidas com vista a minimizar os efeitos daí decorrentes e comunicar a ocorrência à Entidade Licenciadora num prazo máximo de 24 horas seguintes à mesma.",
TUA20230824002503,T000052,L000819.2019.RH3.V1,"Como medida preventiva e minimizadora das consequências inerentes a uma rejeição de emergência no domínio hídrico, o titular deverá diligenciar no sentido de dotar a(s) Estação(ões) Elevatória(s) de um gerador de emergência.",
TUA20230824002503,T000053,L000819.2019.RH3.V1,"A ligação, às redes de drenagem da ETAR geridas pelo titular desta licença, das águas residuais de atividades económicas ou serviços localizados dentro da malha urbana ou diretamente na ETAR que produzam ou utilizem substâncias classificadas como poluentes específicos e/ou substâncias prioritárias/perigosas prioritárias para os meios aquáticos ou que sejam suscetíveis de comprometer o cumprimento das condições impostas nesta licença, nos termos do regulamento previsto no artigo 9º, do Decreto-Lei n.º 152/97, de 19 de junho, com as alterações introduzidas pelos Decretos-Leis n.os 348/98, de 9 de novembro, e 149/2004, de 22 de junho e 198/2008, de 8 de outubro, deve ser encarada com precaução, não podendo, em quaisquer circunstâncias, comprometer o cumprimento das condições impostas nesta licença.",
TUA20230824002503,T000054,L000819.2019.RH3.V1,"Para efeitos de fiscalização ou inspeção poderão ser recolhidas amostras compostas num dado período temporal, inferior a 24 horas, em função do caudal. Caso o sistema não disponha de medidor de caudal com registo automático, será utilizado o caudal máximo previsto no título para efeitos de avaliação da respetiva conformidade das amostras.",
TUA20230824002503,T000055,L000819.2019.RH3.V1,As condições de descarga poderão vir a ser alteradas em função dos resultados do autocontrolo e da evolução da qualidade do meio recetor ou de outras restrições de utilização local que o justifiquem.,
TUA20230824002503,T000056,L000819.2019.RH3.V1,"Qualquer alteração no funcionamento do sistema de produção e/ou de tratamento, mesmo que não prejudique as condições impostas nesta licença, deve ser comunicada à Entidade Licenciadora no prazo máximo de cinco dias.",
TUA20230824002503,T000057,L000819.2019.RH3.V1,"Qualquer descarga de águas residuais urbanas e/ou industriais, bem como de outras atividades económicas ou serviços, nas redes de drenagem ou diretamente na ETAR, só poderá ocorrer mediante autorização do titular da presente licença e ficará sujeita às disposições constantes dessa autorização não podendo, em qualquer caso, comprometer o cumprimento das condições impostas nesta licença. Qualquer nova situação desta natureza deverá ser comunicada à Entidade Licenciadora.",
TUA20230824002503,T000058,L000819.2019.RH3.V1,"A descarga das águas residuais na água não deve provocar alteração da sua qualidade, nem colocar em risco os seus usos, sendo efetuada de modo a não prejudicar o escoamento natural da corrente e a não contribuir para o aumento dos riscos de erosão no local, ficando o titular responsável pela tomada das medidas consideradas necessárias para a correção das situações que possam ocorrer.",
TUA20230824002503,T000059,L000819.2019.RH3.V1,"O titular obriga-se a efetuar as ações de manutenção, preventivas e corretivas, necessárias ao bom funcionamento da ETAR, incluindo a limpeza dos respetivos órgãos de tratamento devendo guardar os registos detalhados da sua realização, com indicação do destino final das lamas ou outros resíduos produzidos, para efeitos de inspeção ou fiscalização por parte das Entidades Competentes.",
TUA20230824002503,T000060,L000819.2019.RH3.V1,O titular assume a responsabilidade pela eficiência e eficácia dos processos de tratamento e dos procedimentos a adotar com vista a minimizar os efeitos decorrentes da rejeição de águas residuais e a cumprir os objetivos de qualidade definidos para a massa de água recetora.,
TUA20230831002551,T000043,L000813.2019.RH3.V1,O titular obriga-se a implementar as medidas de prevenção de acidentes e de emergência descritas no projeto.,
TUA20230831002551,T000044,L000813.2019.RH3.V1,Impende sobre o titular desta licença a responsabilidade de verificar o cumprimento das normas constantes na autorização de descarga mencionada em T000052.,
TUA20230831002551,T000045,L000813.2019.RH3.V1,"O titular obriga-se a observar todos os preceitos legais no que concerne a segurança, gestão de resíduos e conservação da natureza e também a legislação e os regulamentos específicos das atividades complementares que simultaneamente venham a ser desenvolvidas no local.",
TUA20230831002551,T000046,L000813.2019.RH3.V1,O titular obriga-se a manter o sistema de tratamento adotado em bom estado de funcionamento e conservação.,
TUA20230831002551,T000047,L000813.2019.RH3.V1,"O titular obriga-se a manter um registo atualizado dos valores do autocontrolo, para efeitos de inspeção ou fiscalização por parte das Entidades Competentes.",
TUA20230831002551,T000048,L000813.2019.RH3.V1,"O titular obriga-se a implementar o programa de autocontrolo descrito em EXP8.3.16 e a reportar à Entidade Licenciadora os resultados obtidos, através da plataforma SILiAmb, com a frequência trimestral.",
TUA20230831002551,T000049,L000813.2019.RH3.V1,"Sempre que forem autorizadas descargas de águas residuais de indústrias localizadas fora da malha urbana, a autorização de descarga, prevista em T000056, fica sujeita à aprovação da Entidade Licenciadora.",
TUA20230831002551,T000050,L000813.2019.RH3.V1,"O titular da licença deve respeitar as condições de rejeição indicadas em EXP8.3.13, não podendo efetuar qualquer operação deliberada de diluição das águas residuais. A avaliação de conformidade é determinada com base nos parâmetros definidos e de acordo com T000010.",
TUA20230831002551,T000051,L000813.2019.RH3.V1,"Sempre que se verifique a necessidade de proceder a uma rejeição de emergência da(s) Estação(ões) Elevatória(s), o titular deverá de imediato tomar todas as medidas com vista a minimizar os efeitos daí decorrentes e comunicar a ocorrência à Entidade Licenciadora num prazo máximo de 24 horas seguintes à mesma.",
TUA20230831002551,T000052,L000813.2019.RH3.V1,"A ligação, às redes de drenagem da ETAR geridas pelo titular desta licença, das águas residuais de atividades económicas ou serviços localizados dentro da malha urbana ou diretamente na ETAR que produzam ou utilizem substâncias classificadas como poluentes específicos e/ou substâncias prioritárias/perigosas prioritárias para os meios aquáticos ou que sejam suscetíveis de comprometer o cumprimento das condições impostas nesta licença, nos termos do regulamento previsto no artigo 9º, do Decreto-Lei n.º 152/97, de 19 de junho, com as alterações introduzidas pelos Decretos-Leis n.os 348/98, de 9 de novembro, e 149/2004, de 22 de junho e 198/2008, de 8 de outubro, deve ser encarada com precaução, não podendo, em quaisquer circunstâncias, comprometer o cumprimento das condições impostas nesta licença.",
TUA20230831002551,T000053,L000813.2019.RH3.V1,"Para efeitos de fiscalização ou inspeção poderão ser recolhidas amostras compostas num dado período temporal, inferior a 24 horas, em função do caudal. Caso o sistema não disponha de medidor de caudal com registo automático, será utilizado o caudal máximo previsto no título para efeitos de avaliação da respetiva conformidade das amostras.",
TUA20230831002551,T000054,L000813.2019.RH3.V1,As condições de descarga poderão vir a ser alteradas em função dos resultados do autocontrolo e da evolução da qualidade do meio recetor ou de outras restrições de utilização local que o justifiquem.,
TUA20230831002551,T000055,L000813.2019.RH3.V1,"Qualquer alteração no funcionamento do sistema de produção e/ou de tratamento, mesmo que não prejudique as condições impostas nesta licença, deve ser comunicada à Entidade Licenciadora no prazo máximo de cinco dias.",
TUA20230831002551,T000056,L000813.2019.RH3.V1,"Qualquer descarga de águas residuais urbanas e/ou industriais, bem como de outras atividades económicas ou serviços, nas redes de drenagem ou diretamente na ETAR, só poderá ocorrer mediante autorização do titular da presente licença e ficará sujeita às disposições constantes dessa autorização não podendo, em qualquer caso, comprometer o cumprimento das condições impostas nesta licença. Qualquer nova situação desta natureza deverá ser comunicada à Entidade Licenciadora.",
TUA20230831002551,T000057,L000813.2019.RH3.V1,"A descarga das águas residuais na água não deve provocar alteração da sua qualidade, nem colocar em risco os seus usos, sendo efetuada de modo a não prejudicar o escoamento natural da corrente e a não contribuir para o aumento dos riscos de erosão no local, ficando o titular responsável pela tomada das medidas consideradas necessárias para a correção das situações que possam ocorrer.",
TUA20230831002551,T000058,L000813.2019.RH3.V1,"O titular obriga-se a efetuar as ações de manutenção, preventivas e corretivas, necessárias ao bom funcionamento da ETAR, incluindo a limpeza dos respetivos órgãos de tratamento devendo guardar os registos detalhados da sua realização, com indicação do destino final das lamas ou outros resíduos produzidos, para efeitos de inspeção ou fiscalização por parte das Entidades Competentes.",
TUA20230831002551,T000059,L000813.2019.RH3.V1,O titular assume a responsabilidade pela eficiência e eficácia dos processos de tratamento e dos procedimentos a adotar com vista a minimizar os efeitos decorrentes da rejeição de águas residuais e a cumprir os objetivos de qualidade definidos para a massa de água recetora.,
TUA20230905002577,T000043,L000814.2019.RH3.V1,O titular obriga-se a implementar as medidas de prevenção de acidentes e de emergência descritas no projeto.,
TUA20230905002577,T000044,L000814.2019.RH3.V1,Impende sobre o titular desta licença a responsabilidade de verificar o cumprimento das normas constantes na autorização de descarga mencionada em T000053.,
TUA20230905002577,T000045,L000814.2019.RH3.V1,"O titular obriga-se a observar todos os preceitos legais no que concerne a segurança, gestão de resíduos e conservação da natureza e também a legislação e os regulamentos específicos das atividades complementares que simultaneamente venham a ser desenvolvidas no local.",
TUA20230905002577,T000046,L000814.2019.RH3.V1,O titular obriga-se a manter o sistema de tratamento adotado em bom estado de funcionamento e conservação.,
TUA20230905002577,T000047,L000814.2019.RH3.V1,"O titular obriga-se a manter um registo atualizado dos valores do autocontrolo, para efeitos de inspeção ou fiscalização por parte das Entidades Competentes.",
TUA20230905002577,T000048,L000814.2019.RH3.V1,"O titular obriga-se a implementar o programa de autocontrolo descrito em EXP8.3.16 e a reportar à Entidade Licenciadora os resultados obtidos, através da plataforma SILiAmb, com a frequência trimestral.",
TUA20230905002577,T000049,L000814.2019.RH3.V1,"Sempre que forem autorizadas descargas de águas residuais de indústrias localizadas fora da malha urbana, a autorização de descarga, prevista em T000057, fica sujeita à aprovação da Entidade Licenciadora.",
TUA20230905002577,T000050,L000814.2019.RH3.V1,"O titular da licença deve respeitar as condições de rejeição indicadas em EXP8.3.13, não podendo efetuar qualquer operação deliberada de diluição das águas residuais. A avaliação de conformidade é determinada com base nos parâmetros definidos e de acordo com T000010.",
TUA20230905002577,T000051,L000814.2019.RH3.V1,"Sempre que se verifique a necessidade de proceder a uma rejeição de emergência da(s) Estação(ões) Elevatória(s), o titular deverá de imediato tomar todas as medidas com vista a minimizar os efeitos daí decorrentes e comunicar a ocorrência à Entidade Licenciadora num prazo máximo de 24 horas seguintes à mesma.",
TUA20230905002577,T000052,L000814.2019.RH3.V1,"Como medida preventiva e minimizadora das consequências inerentes a uma rejeição de emergência no domínio hídrico, o titular deverá diligenciar no sentido de dotar a(s) Estação(ões) Elevatória(s) de um gerador de emergência.",
TUA20230905002577,T000053,L000814.2019.RH3.V1,"A ligação, às redes de drenagem da ETAR geridas pelo titular desta licença, das águas residuais de atividades económicas ou serviços localizados dentro da malha urbana ou diretamente na ETAR que produzam ou utilizem substâncias classificadas como poluentes específicos e/ou substâncias prioritárias/perigosas prioritárias para os meios aquáticos ou que sejam suscetíveis de comprometer o cumprimento das condições impostas nesta licença, nos termos do regulamento previsto no artigo 9º, do Decreto-Lei n.º 152/97, de 19 de junho, com as alterações introduzidas pelos Decretos-Leis n.os 348/98, de 9 de novembro, e 149/2004, de 22 de junho e 198/2008, de 8 de outubro, deve ser encarada com precaução, não podendo, em quaisquer circunstâncias, comprometer o cumprimento das condições impostas nesta licença.",
TUA20230905002577,T000054,L000814.2019.RH3.V1,"Para efeitos de fiscalização ou inspeção poderão ser recolhidas amostras compostas num dado período temporal, inferior a 24 horas, em função do caudal. Caso o sistema não disponha de medidor de caudal com registo automático, será utilizado o caudal máximo previsto no título para efeitos de avaliação da respetiva conformidade das amostras.",
TUA20230905002577,T000055,L000814.2019.RH3.V1,As condições de descarga poderão vir a ser alteradas em função dos resultados do autocontrolo e da evolução da qualidade do meio recetor ou de outras restrições de utilização local que o justifiquem.,
TUA20230905002577,T000056,L000814.2019.RH3.V1,"Qualquer alteração no funcionamento do sistema de produção e/ou de tratamento, mesmo que não prejudique as condições impostas nesta licença, deve ser comunicada à Entidade Licenciadora no prazo máximo de cinco dias.",
TUA20230905002577,T000057,L000814.2019.RH3.V1,"Qualquer descarga de águas residuais urbanas e/ou industriais, bem como de outras atividades económicas ou serviços, nas redes de drenagem ou diretamente na ETAR, só poderá ocorrer mediante autorização do titular da presente licença e ficará sujeita às disposições constantes dessa autorização não podendo, em qualquer caso, comprometer o cumprimento das condições impostas nesta licença. Qualquer nova situação desta natureza deverá ser comunicada à Entidade Licenciadora.",
TUA20230905002577,T000058,L000814.2019.RH3.V1,"A descarga das águas residuais na água não deve provocar alteração da sua qualidade, nem colocar em risco os seus usos, sendo efetuada de modo a não prejudicar o escoamento natural da corrente e a não contribuir para o aumento dos riscos de erosão no local, ficando o titular responsável pela tomada das medidas consideradas necessárias para a correção das situações que possam ocorrer.",
TUA20230905002577,T000059,L000814.2019.RH3.V1,"O titular obriga-se a efetuar as ações de manutenção, preventivas e corretivas, necessárias ao bom funcionamento da ETAR, incluindo a limpeza dos respetivos órgãos de tratamento devendo guardar os registos detalhados da sua realização, com indicação do destino final das lamas ou outros resíduos produzidos, para efeitos de inspeção ou fiscalização por parte das Entidades Competentes.",
TUA20230905002577,T000060,L000814.2019.RH3.V1,O titular assume a responsabilidade pela eficiência e eficácia dos processos de tratamento e dos procedimentos a adotar com vista a minimizar os efeitos decorrentes da rejeição de águas residuais e a cumprir os objetivos de qualidade definidos para a massa de água recetora.,
TUA20230905002578,T000043,L000818.2019.RH3.V1,O titular obriga-se a implementar as medidas de prevenção de acidentes e de emergência descritas no projeto.,
TUA20230905002578,T000044,L000818.2019.RH3.V1,Impende sobre o titular desta licença a responsabilidade de verificar o cumprimento das normas constantes na autorização de descarga mencionada em T000053.,
TUA20230905002578,T000045,L000818.2019.RH3.V1,"O titular obriga-se a observar todos os preceitos legais no que concerne a segurança, gestão de resíduos e conservação da natureza e também a legislação e os regulamentos específicos das atividades complementares que simultaneamente venham a ser desenvolvidas no local.",
TUA20230905002578,T000046,L000818.2019.RH3.V1,O titular obriga-se a manter o sistema de tratamento adotado em bom estado de funcionamento e conservação.,
TUA20230905002578,T000047,L000818.2019.RH3.V1,"O titular obriga-se a manter um registo atualizado dos valores do autocontrolo, para efeitos de inspeção ou fiscalização por parte das Entidades Competentes.",
TUA20230905002578,T000048,L000818.2019.RH3.V1,"O titular obriga-se a implementar o programa de autocontrolo descrito em EXP8.3.16 e a reportar à Entidade Licenciadora os resultados obtidos, através da plataforma SILiAmb, com a frequência trimestral.",
TUA20230905002578,T000049,L000818.2019.RH3.V1,"Sempre que forem autorizadas descargas de águas residuais de indústrias localizadas fora da malha urbana, a autorização de descarga, prevista em T000057, fica sujeita à aprovação da Entidade Licenciadora.",
TUA20230905002578,T000050,L000818.2019.RH3.V1,"O titular da licença deve respeitar as condições de rejeição indicadas em EXP8.3.13, não podendo efetuar qualquer operação deliberada de diluição das águas residuais. A avaliação de conformidade é determinada com base nos parâmetros definidos e de acordo com T000010.",
TUA20230905002578,T000051,L000818.2019.RH3.V1,"Sempre que se verifique a necessidade de proceder a uma rejeição de emergência da(s) Estação(ões) Elevatória(s), o titular deverá de imediato tomar todas as medidas com vista a minimizar os efeitos daí decorrentes e comunicar a ocorrência à Entidade Licenciadora num prazo máximo de 24 horas seguintes à mesma.",
TUA20230905002578,T000052,L000818.2019.RH3.V1,"Como medida preventiva e minimizadora das consequências inerentes a uma rejeição de emergência no domínio hídrico, o titular deverá diligenciar no sentido de dotar a(s) Estação(ões) Elevatória(s) de um gerador de emergência.",
TUA20230905002578,T000053,L000818.2019.RH3.V1,"A ligação, às redes de drenagem da ETAR geridas pelo titular desta licença, das águas residuais de atividades económicas ou serviços localizados dentro da malha urbana ou diretamente na ETAR que produzam ou utilizem substâncias classificadas como poluentes específicos e/ou substâncias prioritárias/perigosas prioritárias para os meios aquáticos ou que sejam suscetíveis de comprometer o cumprimento das condições impostas nesta licença, nos termos do regulamento previsto no artigo 9º, do Decreto-Lei n.º 152/97, de 19 de junho, com as alterações introduzidas pelos Decretos-Leis n.os 348/98, de 9 de novembro, e 149/2004, de 22 de junho e 198/2008, de 8 de outubro, deve ser encarada com precaução, não podendo, em quaisquer circunstâncias, comprometer o cumprimento das condições impostas nesta licença.",
TUA20230905002578,T000054,L000818.2019.RH3.V1,"Para efeitos de fiscalização ou inspeção poderão ser recolhidas amostras compostas num dado período temporal, inferior a 24 horas, em função do caudal. Caso o sistema não disponha de medidor de caudal com registo automático, será utilizado o caudal máximo previsto no título para efeitos de avaliação da respetiva conformidade das amostras.",
TUA20230905002578,T000055,L000818.2019.RH3.V1,As condições de descarga poderão vir a ser alteradas em função dos resultados do autocontrolo e da evolução da qualidade do meio recetor ou de outras restrições de utilização local que o justifiquem.,
TUA20230905002578,T000056,L000818.2019.RH3.V1,"Qualquer alteração no funcionamento do sistema de produção e/ou de tratamento, mesmo que não prejudique as condições impostas nesta licença, deve ser comunicada à Entidade Licenciadora no prazo máximo de cinco dias.",
TUA20230905002578,T000057,L000818.2019.RH3.V1,"Qualquer descarga de águas residuais urbanas e/ou industriais, bem como de outras atividades económicas ou serviços, nas redes de drenagem ou diretamente na ETAR, só poderá ocorrer mediante autorização do titular da presente licença e ficará sujeita às disposições constantes dessa autorização não podendo, em qualquer caso, comprometer o cumprimento das condições impostas nesta licença. Qualquer nova situação desta natureza deverá ser comunicada à Entidade Licenciadora.",
TUA20230905002578,T000058,L000818.2019.RH3.V1,"A descarga das águas residuais na água não deve provocar alteração da sua qualidade, nem colocar em risco os seus usos, sendo efetuada de modo a não prejudicar o escoamento natural da corrente e a não contribuir para o aumento dos riscos de erosão no local, ficando o titular responsável pela tomada das medidas consideradas necessárias para a correção das situações que possam ocorrer.",
TUA20230905002578,T000059,L000818.2019.RH3.V1,"O titular obriga-se a efetuar as ações de manutenção, preventivas e corretivas, necessárias ao bom funcionamento da ETAR, incluindo a limpeza dos respetivos órgãos de tratamento devendo guardar os registos detalhados da sua realização, com indicação do destino final das lamas ou outros resíduos produzidos, para efeitos de inspeção ou fiscalização por parte das Entidades Competentes.",
TUA20230905002578,T000060,L000818.2019.RH3.V1,O titular assume a responsabilidade pela eficiência e eficácia dos processos de tratamento e dos procedimentos a adotar com vista a minimizar os efeitos decorrentes da rejeição de águas residuais e a cumprir os objetivos de qualidade definidos para a massa de água recetora.,
TUA20230905002579,T000037,L000816.2019.RH3.V1,O titular obriga-se a implementar as medidas de prevenção de acidentes e de emergência descritas no projeto.,
TUA20230905002579,T000038,L000816.2019.RH3.V1,Impende sobre o titular desta licença a responsabilidade de verificar o cumprimento das normas constantes na autorização de descarga mencionada em T000047.,
TUA20230905002579,T000039,L000816.2019.RH3.V1,"O titular obriga-se a observar todos os preceitos legais no que concerne a segurança, gestão de resíduos e conservação da natureza e também a legislação e os regulamentos específicos das atividades complementares que simultaneamente venham a ser desenvolvidas no local.",
TUA20230905002579,T000040,L000816.2019.RH3.V1,O titular obriga-se a manter o sistema de tratamento adotado em bom estado de funcionamento e conservação.,
TUA20230905002579,T000041,L000816.2019.RH3.V1,"O titular obriga-se a manter um registo atualizado dos valores do autocontrolo, para efeitos de inspeção ou fiscalização por parte das Entidades Competentes.",
TUA20230905002579,T000042,L000816.2019.RH3.V1,"O titular obriga-se a implementar o programa de autocontrolo descrito em EXP8.3.16 e a reportar à Entidade Licenciadora os resultados obtidos, através da plataforma SILiAmb, com a frequência trimestral.",
TUA20230905002579,T000043,L000816.2019.RH3.V1,"Sempre que forem autorizadas descargas de águas residuais de indústrias localizadas fora da malha urbana, a autorização de descarga, prevista em T000051, fica sujeita à aprovação da Entidade Licenciadora.",
TUA20230905002579,T000044,L000816.2019.RH3.V1,"O titular da licença deve respeitar as condições de rejeição indicadas em EXP8.3.13, não podendo efetuar qualquer operação deliberada de diluição das águas residuais. A avaliação de conformidade é determinada com base nos parâmetros definidos e de acordo com T000009.",
TUA20230905002579,T000045,L000816.2019.RH3.V1,"Sempre que se verifique a necessidade de proceder a uma rejeição de emergência da(s) Estação(ões) Elevatória(s), o titular deverá de imediato tomar todas as medidas com vista a minimizar os efeitos daí decorrentes e comunicar a ocorrência à Entidade Licenciadora num prazo máximo de 24 horas seguintes à mesma.",
TUA20230905002579,T000046,L000816.2019.RH3.V1,"Como medida preventiva e minimizadora das consequências inerentes a uma rejeição de emergência no domínio hídrico, o titular deverá diligenciar no sentido de dotar a(s) Estação(ões) Elevatória(s) de um gerador de emergência.",
TUA20230905002579,T000047,L000816.2019.RH3.V1,"A ligação, às redes de drenagem da ETAR geridas pelo titular desta licença, das águas residuais de atividades económicas ou serviços localizados dentro da malha urbana ou diretamente na ETAR que produzam ou utilizem substâncias classificadas como poluentes específicos e/ou substâncias prioritárias/perigosas prioritárias para os meios aquáticos ou que sejam suscetíveis de comprometer o cumprimento das condições impostas nesta licença, nos termos do regulamento previsto no artigo 9º, do Decreto-Lei n.º 152/97, de 19 de junho, com as alterações introduzidas pelos Decretos-Leis n.os 348/98, de 9 de novembro, e 149/2004, de 22 de junho e 198/2008, de 8 de outubro, deve ser encarada com precaução, não podendo, em quaisquer circunstâncias, comprometer o cumprimento das condições impostas nesta licença.",
TUA20230905002579,T000048,L000816.2019.RH3.V1,"Para efeitos de fiscalização ou inspeção poderão ser recolhidas amostras compostas num dado período temporal, inferior a 24 horas, em função do caudal. Caso o sistema não disponha de medidor de caudal com registo automático, será utilizado o caudal máximo previsto no título para efeitos de avaliação da respetiva conformidade das amostras.",
TUA20230905002579,T000049,L000816.2019.RH3.V1,As condições de descarga poderão vir a ser alteradas em função dos resultados do autocontrolo e da evolução da qualidade do meio recetor ou de outras restrições de utilização local que o justifiquem.,
TUA20230905002579,T000050,L000816.2019.RH3.V1,"Qualquer alteração no funcionamento do sistema de produção e/ou de tratamento, mesmo que não prejudique as condições impostas nesta licença, deve ser comunicada à Entidade Licenciadora no prazo máximo de cinco dias.",
TUA20230905002579,T000051,L000816.2019.RH3.V1,"Qualquer descarga de águas residuais urbanas e/ou industriais, bem como de outras atividades económicas ou serviços, nas redes de drenagem ou diretamente na ETAR, só poderá ocorrer mediante autorização do titular da presente licença e ficará sujeita às disposições constantes dessa autorização não podendo, em qualquer caso, comprometer o cumprimento das condições impostas nesta licença. Qualquer nova situação desta natureza deverá ser comunicada à Entidade Licenciadora.",
TUA20230905002579,T000052,L000816.2019.RH3.V1,"A descarga das águas residuais na água não deve provocar alteração da sua qualidade, nem colocar em risco os seus usos, sendo efetuada de modo a não prejudicar o escoamento natural da corrente e a não contribuir para o aumento dos riscos de erosão no local, ficando o titular responsável pela tomada das medidas consideradas necessárias para a correção das situações que possam ocorrer.",
TUA20230905002579,T000053,L000816.2019.RH3.V1,"O titular obriga-se a efetuar as ações de manutenção, preventivas e corretivas, necessárias ao bom funcionamento da ETAR, incluindo a limpeza dos respetivos órgãos de tratamento devendo guardar os registos detalhados da sua realização, com indicação do destino final das lamas ou outros resíduos produzidos, para efeitos de inspeção ou fiscalização por parte das Entidades Competentes.",
TUA20230905002579,T000054,L000816.2019.RH3.V1,O titular assume a responsabilidade pela eficiência e eficácia dos processos de tratamento e dos procedimentos a adotar com vista a minimizar os efeitos decorrentes da rejeição de águas residuais e a cumprir os objetivos de qualidade definidos para a massa de água recetora.,
TUA20230912002642,T000043,L000805.2019.RH3.V1,O titular obriga-se a implementar as medidas de prevenção de acidentes e de emergência descritas no projeto.,
TUA20230912002642,T000044,L000805.2019.RH3.V1,Impende sobre o titular desta licença a responsabilidade de verificar o cumprimento das normas constantes na autorização de descarga mencionada em T000053.,
TUA20230912002642,T000045,L000805.2019.RH3.V1,"O titular obriga-se a observar todos os preceitos legais no que concerne a segurança, gestão de resíduos e conservação da natureza e também a legislação e os regulamentos específicos das atividades complementares que simultaneamente venham a ser desenvolvidas no local.",
TUA20230912002642,T000046,L000805.2019.RH3.V1,O titular obriga-se a manter o sistema de tratamento adotado em bom estado de funcionamento e conservação.,
TUA20230912002642,T000047,L000805.2019.RH3.V1,"O titular obriga-se a manter um registo atualizado dos valores do autocontrolo, para efeitos de inspeção ou fiscalização por parte das Entidades Competentes.",
TUA20230912002642,T000048,L000805.2019.RH3.V1,"O titular obriga-se a implementar o programa de autocontrolo descrito em EXP8.3.16 e a reportar à Entidade Licenciadora os resultados obtidos, através da plataforma SILiAmb, com a frequência trimestral.",
TUA20230912002642,T000049,L000805.2019.RH3.V1,"Sempre que forem autorizadas descargas de águas residuais de indústrias localizadas fora da malha urbana, a autorização de descarga, prevista em T000057, fica sujeita à aprovação da Entidade Licenciadora.",
TUA20230912002642,T000050,L000805.2019.RH3.V1,"O titular da licença deve respeitar as condições de rejeição indicadas em EXP8.3.13, não podendo efetuar qualquer operação deliberada de diluição das águas residuais. A avaliação de conformidade é determinada com base nos parâmetros definidos e de acordo com T000011.",
TUA20230912002642,T000051,L000805.2019.RH3.V1,"Sempre que se verifique a necessidade de proceder a uma rejeição de emergência da(s) Estação(ões) Elevatória(s), o titular deverá de imediato tomar todas as medidas com vista a minimizar os efeitos daí decorrentes e comunicar a ocorrência à Entidade Licenciadora num prazo máximo de 24 horas seguintes à mesma.",
TUA20230912002642,T000052,L000805.2019.RH3.V1,"Como medida preventiva e minimizadora das consequências inerentes a uma rejeição de emergência no domínio hídrico, o titular deverá diligenciar no sentido de dotar a(s) Estação(ões) Elevatória(s) de um gerador de emergência.",
TUA20230912002642,T000053,L000805.2019.RH3.V1,"A ligação, às redes de drenagem da ETAR geridas pelo titular desta licença, das águas residuais de atividades económicas ou serviços localizados dentro da malha urbana ou diretamente na ETAR que produzam ou utilizem substâncias classificadas como poluentes específicos e/ou substâncias prioritárias/perigosas prioritárias para os meios aquáticos ou que sejam suscetíveis de comprometer o cumprimento das condições impostas nesta licença, nos termos do regulamento previsto no artigo 9º, do Decreto-Lei n.º 152/97, de 19 de junho, com as alterações introduzidas pelos Decretos-Leis n.os 348/98, de 9 de novembro, e 149/2004, de 22 de junho e 198/2008, de 8 de outubro, deve ser encarada com precaução, não podendo, em quaisquer circunstâncias, comprometer o cumprimento das condições impostas nesta licença.",
TUA20230912002642,T000054,L000805.2019.RH3.V1,"Para efeitos de fiscalização ou inspeção poderão ser recolhidas amostras compostas num dado período temporal, inferior a 24 horas, em função do caudal. Caso o sistema não disponha de medidor de caudal com registo automático, será utilizado o caudal máximo previsto no título para efeitos de avaliação da respetiva conformidade das amostras.",
TUA20230912002642,T000055,L000805.2019.RH3.V1,As condições de descarga poderão vir a ser alteradas em função dos resultados do autocontrolo e da evolução da qualidade do meio recetor ou de outras restrições de utilização local que o justifiquem.,
TUA20230912002642,T000056,L000805.2019.RH3.V1,"Qualquer alteração no funcionamento do sistema de produção e/ou de tratamento, mesmo que não prejudique as condições impostas nesta licença, deve ser comunicada à Entidade Licenciadora no prazo máximo de cinco dias.",
TUA20230912002642,T000057,L000805.2019.RH3.V1,"Qualquer descarga de águas residuais urbanas e/ou industriais, bem como de outras atividades económicas ou serviços, nas redes de drenagem ou diretamente na ETAR, só poderá ocorrer mediante autorização do titular da presente licença e ficará sujeita às disposições constantes dessa autorização não podendo, em qualquer caso, comprometer o cumprimento das condições impostas nesta licença. Qualquer nova situação desta natureza deverá ser comunicada à Entidade Licenciadora.",
TUA20230912002642,T000058,L000805.2019.RH3.V1,"A descarga das águas residuais na água não deve provocar alteração da sua qualidade, nem colocar em risco os seus usos, sendo efetuada de modo a não prejudicar o escoamento natural da corrente e a não contribuir para o aumento dos riscos de erosão no local, ficando o titular responsável pela tomada das medidas consideradas necessárias para a correção das situações que possam ocorrer.",
TUA20230912002642,T000059,L000805.2019.RH3.V1,"O titular obriga-se a efetuar as ações de manutenção, preventivas e corretivas, necessárias ao bom funcionamento da ETAR, incluindo a limpeza dos respetivos órgãos de tratamento devendo guardar os registos detalhados da sua realização, com indicação do destino final das lamas ou outros resíduos produzidos, para efeitos de inspeção ou fiscalização por parte das Entidades Competentes.",
TUA20230912002642,T000060,L000805.2019.RH3.V1,O titular assume a responsabilidade pela eficiência e eficácia dos processos de tratamento e dos procedimentos a adotar com vista a minimizar os efeitos decorrentes da rejeição de águas residuais e a cumprir os objetivos de qualidade definidos para a massa de água recetora.,
TUA20230912002643,T000043,L000810.2019.RH3.V1,O titular obriga-se a implementar as medidas de prevenção de acidentes e de emergência descritas no projeto.,
TUA20230912002643,T000044,L000810.2019.RH3.V1,Impende sobre o titular desta licença a responsabilidade de verificar o cumprimento das normas constantes na autorização de descarga mencionada em T000053.,
TUA20230912002643,T000045,L000810.2019.RH3.V1,"O titular obriga-se a observar todos os preceitos legais no que concerne a segurança, gestão de resíduos e conservação da natureza e também a legislação e os regulamentos específicos das atividades complementares que simultaneamente venham a ser desenvolvidas no local.",
TUA20230912002643,T000046,L000810.2019.RH3.V1,O titular obriga-se a manter o sistema de tratamento adotado em bom estado de funcionamento e conservação.,
TUA20230912002643,T000047,L000810.2019.RH3.V1,"O titular obriga-se a manter um registo atualizado dos valores do autocontrolo, para efeitos de inspeção ou fiscalização por parte das Entidades Competentes.",
TUA20230912002643,T000048,L000810.2019.RH3.V1,"O titular obriga-se a implementar o programa de autocontrolo descrito em EXP8.3.16 e a reportar à Entidade Licenciadora os resultados obtidos, através da plataforma SILiAmb, com a frequência trimestral.",
TUA20230912002643,T000049,L000810.2019.RH3.V1,"Sempre que forem autorizadas descargas de águas residuais de indústrias localizadas fora da malha urbana, a autorização de descarga, prevista em T000057, fica sujeita à aprovação da Entidade Licenciadora.",
TUA20230912002643,T000050,L000810.2019.RH3.V1,"O titular da licença deve respeitar as condições de rejeição indicadas em EXP8.3.13, não podendo efetuar qualquer operação deliberada de diluição das águas residuais. A avaliação de conformidade é determinada com base nos parâmetros definidos e de acordo com T000011.",
TUA20230912002643,T000051,L000810.2019.RH3.V1,"Sempre que se verifique a necessidade de proceder a uma rejeição de emergência da(s) Estação(ões) Elevatória(s), o titular deverá de imediato tomar todas as medidas com vista a minimizar os efeitos daí decorrentes e comunicar a ocorrência à Entidade Licenciadora num prazo máximo de 24 horas seguintes à mesma.",
TUA20230912002643,T000052,L000810.2019.RH3.V1,"Como medida preventiva e minimizadora das consequências inerentes a uma rejeição de emergência no domínio hídrico, o titular deverá diligenciar no sentido de dotar a(s) Estação(ões) Elevatória(s) de um gerador de emergência.",
TUA20230912002643,T000053,L000810.2019.RH3.V1,"A ligação, às redes de drenagem da ETAR geridas pelo titular desta licença, das águas residuais de atividades económicas ou serviços localizados dentro da malha urbana ou diretamente na ETAR que produzam ou utilizem substâncias classificadas como poluentes específicos e/ou substâncias prioritárias/perigosas prioritárias para os meios aquáticos ou que sejam suscetíveis de comprometer o cumprimento das condições impostas nesta licença, nos termos do regulamento previsto no artigo 9º, do Decreto-Lei n.º 152/97, de 19 de junho, com as alterações introduzidas pelos Decretos-Leis n.os 348/98, de 9 de novembro, e 149/2004, de 22 de junho e 198/2008, de 8 de outubro, deve ser encarada com precaução, não podendo, em quaisquer circunstâncias, comprometer o cumprimento das condições impostas nesta licença.",
TUA20230912002643,T000054,L000810.2019.RH3.V1,"Para efeitos de fiscalização ou inspeção poderão ser recolhidas amostras compostas num dado período temporal, inferior a 24 horas, em função do caudal. Caso o sistema não disponha de medidor de caudal com registo automático, será utilizado o caudal máximo previsto no título para efeitos de avaliação da respetiva conformidade das amostras.",
TUA20230912002643,T000055,L000810.2019.RH3.V1,As condições de descarga poderão vir a ser alteradas em função dos resultados do autocontrolo e da evolução da qualidade do meio recetor ou de outras restrições de utilização local que o justifiquem.,
TUA20230912002643,T000056,L000810.2019.RH3.V1,"Qualquer alteração no funcionamento do sistema de produção e/ou de tratamento, mesmo que não prejudique as condições impostas nesta licença, deve ser comunicada à Entidade Licenciadora no prazo máximo de cinco dias.",
TUA20230912002643,T000057,L000810.2019.RH3.V1,"Qualquer descarga de águas residuais urbanas e/ou industriais, bem como de outras atividades económicas ou serviços, nas redes de drenagem ou diretamente na ETAR, só poderá ocorrer mediante autorização do titular da presente licença e ficará sujeita às disposições constantes dessa autorização não podendo, em qualquer caso, comprometer o cumprimento das condições impostas nesta licença. Qualquer nova situação desta natureza deverá ser comunicada à Entidade Licenciadora.",
TUA20230912002643,T000058,L000810.2019.RH3.V1,"A descarga das águas residuais na água não deve provocar alteração da sua qualidade, nem colocar em risco os seus usos, sendo efetuada de modo a não prejudicar o escoamento natural da corrente e a não contribuir para o aumento dos riscos de erosão no local, ficando o titular responsável pela tomada das medidas consideradas necessárias para a correção das situações que possam ocorrer.",
TUA20230912002643,T000059,L000810.2019.RH3.V1,"O titular obriga-se a efetuar as ações de manutenção, preventivas e corretivas, necessárias ao bom funcionamento da ETAR, incluindo a limpeza dos respetivos órgãos de tratamento devendo guardar os registos detalhados da sua realização, com indicação do destino final das lamas ou outros resíduos produzidos, para efeitos de inspeção ou fiscalização por parte das Entidades Competentes.",
TUA20230912002643,T000060,L000810.2019.RH3.V1,O titular assume a responsabilidade pela eficiência e eficácia dos processos de tratamento e dos procedimentos a adotar com vista a minimizar os efeitos decorrentes da rejeição de águas residuais e a cumprir os objetivos de qualidade definidos para a massa de água recetora.,
TUA20230915002702,T000043,L000820.2019.RH3.V1,O titular obriga-se a implementar as medidas de prevenção de acidentes e de emergência descritas no projeto.,
TUA20230915002702,T000044,L000820.2019.RH3.V1,Impende sobre o titular desta licença a responsabilidade de verificar o cumprimento das normas constantes na autorização de descarga mencionada em T000053.,
TUA20230915002702,T000045,L000820.2019.RH3.V1,"O titular obriga-se a observar todos os preceitos legais no que concerne a segurança, gestão de resíduos e conservação da natureza e também a legislação e os regulamentos específicos das atividades complementares que simultaneamente venham a ser desenvolvidas no local.",
TUA20230915002702,T000046,L000820.2019.RH3.V1,O titular obriga-se a manter o sistema de tratamento adotado em bom estado de funcionamento e conservação.,
TUA20230915002702,T000047,L000820.2019.RH3.V1,"O titular obriga-se a manter um registo atualizado dos valores do autocontrolo, para efeitos de inspeção ou fiscalização por parte das Entidades Competentes.",
TUA20230915002702,T000048,L000820.2019.RH3.V1,"O titular obriga-se a implementar o programa de autocontrolo descrito em EXP8.3.16 e a reportar à Entidade Licenciadora os resultados obtidos, através da plataforma SILiAmb, com a frequência trimestral.",
TUA20230915002702,T000049,L000820.2019.RH3.V1,"Sempre que forem autorizadas descargas de águas residuais de indústrias localizadas fora da malha urbana, a autorização de descarga, prevista em T000057, fica sujeita à aprovação da Entidade Licenciadora.",
TUA20230915002702,T000050,L000820.2019.RH3.V1,"O titular da licença deve respeitar as condições de rejeição indicadas em EXP8.3.13, não podendo efetuar qualquer operação deliberada de diluição das águas residuais. A avaliação de conformidade é determinada com base nos parâmetros definidos e de acordo com T000010.",
TUA20230915002702,T000051,L000820.2019.RH3.V1,"Sempre que se verifique a necessidade de proceder a uma rejeição de emergência da(s) Estação(ões) Elevatória(s), o titular deverá de imediato tomar todas as medidas com vista a minimizar os efeitos daí decorrentes e comunicar a ocorrência à Entidade Licenciadora num prazo máximo de 24 horas seguintes à mesma.",
TUA20230915002702,T000052,L000820.2019.RH3.V1,"Como medida preventiva e minimizadora das consequências inerentes a uma rejeição de emergência no domínio hídrico, o titular deverá diligenciar no sentido de dotar a(s) Estação(ões) Elevatória(s) de um gerador de emergência.",
TUA20230915002702,T000053,L000820.2019.RH3.V1,"A ligação, às redes de drenagem da ETAR geridas pelo titular desta licença, das águas residuais de atividades económicas ou serviços localizados dentro da malha urbana ou diretamente na ETAR que produzam ou utilizem substâncias classificadas como poluentes específicos e/ou substâncias prioritárias/perigosas prioritárias para os meios aquáticos ou que sejam suscetíveis de comprometer o cumprimento das condições impostas nesta licença, nos termos do regulamento previsto no artigo 9º, do Decreto-Lei n.º 152/97, de 19 de junho, com as alterações introduzidas pelos Decretos-Leis n.os 348/98, de 9 de novembro, e 149/2004, de 22 de junho e 198/2008, de 8 de outubro, deve ser encarada com precaução, não podendo, em quaisquer circunstâncias, comprometer o cumprimento das condições impostas nesta licença.",
TUA20230915002702,T000054,L000820.2019.RH3.V1,"Para efeitos de fiscalização ou inspeção poderão ser recolhidas amostras compostas num dado período temporal, inferior a 24 horas, em função do caudal. Caso o sistema não disponha de medidor de caudal com registo automático, será utilizado o caudal máximo previsto no título para efeitos de avaliação da respetiva conformidade das amostras.",
TUA20230915002702,T000055,L000820.2019.RH3.V1,As condições de descarga poderão vir a ser alteradas em função dos resultados do autocontrolo e da evolução da qualidade do meio recetor ou de outras restrições de utilização local que o justifiquem.,
TUA20230915002702,T000056,L000820.2019.RH3.V1,"Qualquer alteração no funcionamento do sistema de produção e/ou de tratamento, mesmo que não prejudique as condições impostas nesta licença, deve ser comunicada à Entidade Licenciadora no prazo máximo de cinco dias.",
TUA20230915002702,T000057,L000820.2019.RH3.V1,"Qualquer descarga de águas residuais urbanas e/ou industriais, bem como de outras atividades económicas ou serviços, nas redes de drenagem ou diretamente na ETAR, só poderá ocorrer mediante autorização do titular da presente licença e ficará sujeita às disposições constantes dessa autorização não podendo, em qualquer caso, comprometer o cumprimento das condições impostas nesta licença. Qualquer nova situação desta natureza deverá ser comunicada à Entidade Licenciadora.",
TUA20230915002702,T000058,L000820.2019.RH3.V1,"A descarga das águas residuais na água não deve provocar alteração da sua qualidade, nem colocar em risco os seus usos, sendo efetuada de modo a não prejudicar o escoamento natural da corrente e a não contribuir para o aumento dos riscos de erosão no local, ficando o titular responsável pela tomada das medidas consideradas necessárias para a correção das situações que possam ocorrer.",
TUA20230915002702,T000059,L000820.2019.RH3.V1,"O titular obriga-se a efetuar as ações de manutenção, preventivas e corretivas, necessárias ao bom funcionamento da ETAR, incluindo a limpeza dos respetivos órgãos de tratamento devendo guardar os registos detalhados da sua realização, com indicação do destino final das lamas ou outros resíduos produzidos, para efeitos de inspeção ou fiscalização por parte das Entidades Competentes.",
TUA20230915002702,T000060,L000820.2019.RH3.V1,O titular assume a responsabilidade pela eficiência e eficácia dos processos de tratamento e dos procedimentos a adotar com vista a minimizar os efeitos decorrentes da rejeição de águas residuais e a cumprir os objetivos de qualidade definidos para a massa de água recetora.,
TUA20230918002712,T000043,L000815.2019.RH3.V1,O titular obriga-se a implementar as medidas de prevenção de acidentes e de emergência descritas no projeto.,
TUA20230918002712,T000044,L000815.2019.RH3.V1,Impende sobre o titular desta licença a responsabilidade de verificar o cumprimento das normas constantes na autorização de descarga mencionada em T000053.,
TUA20230918002712,T000045,L000815.2019.RH3.V1,"O titular obriga-se a observar todos os preceitos legais no que concerne a segurança, gestão de resíduos e conservação da natureza e também a legislação e os regulamentos específicos das atividades complementares que simultaneamente venham a ser desenvolvidas no local.",
TUA20230918002712,T000046,L000815.2019.RH3.V1,O titular obriga-se a manter o sistema de tratamento adotado em bom estado de funcionamento e conservação.,
TUA20230918002712,T000047,L000815.2019.RH3.V1,"O titular obriga-se a manter um registo atualizado dos valores do autocontrolo, para efeitos de inspeção ou fiscalização por parte das Entidades Competentes.",
TUA20230918002712,T000048,L000815.2019.RH3.V1,"O titular obriga-se a implementar o programa de autocontrolo descrito em EXP8.3.16 e a reportar à Entidade Licenciadora os resultados obtidos, através da plataforma SILiAmb, com a frequência trimestral.",
TUA20230918002712,T000049,L000815.2019.RH3.V1,"Sempre que forem autorizadas descargas de águas residuais de indústrias localizadas fora da malha urbana, a autorização de descarga, prevista em T000057, fica sujeita à aprovação da Entidade Licenciadora.",
TUA20230918002712,T000050,L000815.2019.RH3.V1,"O titular da licença deve respeitar as condições de rejeição indicadas em EXP8.3.13, não podendo efetuar qualquer operação deliberada de diluição das águas residuais. A avaliação de conformidade é determinada com base nos parâmetros definidos e de acordo com T000010.",
TUA20230918002712,T000051,L000815.2019.RH3.V1,"Sempre que se verifique a necessidade de proceder a uma rejeição de emergência da(s) Estação(ões) Elevatória(s), o titular deverá de imediato tomar todas as medidas com vista a minimizar os efeitos daí decorrentes e comunicar a ocorrência à Entidade Licenciadora num prazo máximo de 24 horas seguintes à mesma.",
TUA20230918002712,T000052,L000815.2019.RH3.V1,"Como medida preventiva e minimizadora das consequências inerentes a uma rejeição de emergência no domínio hídrico, o titular deverá diligenciar no sentido de dotar a(s) Estação(ões) Elevatória(s) de um gerador de emergência.",
TUA20230918002712,T000053,L000815.2019.RH3.V1,"A ligação, às redes de drenagem da ETAR geridas pelo titular desta licença, das águas residuais de atividades económicas ou serviços localizados dentro da malha urbana ou diretamente na ETAR que produzam ou utilizem substâncias classificadas como poluentes específicos e/ou substâncias prioritárias/perigosas prioritárias para os meios aquáticos ou que sejam suscetíveis de comprometer o cumprimento das condições impostas nesta licença, nos termos do regulamento previsto no artigo 9º, do Decreto-Lei n.º 152/97, de 19 de junho, com as alterações introduzidas pelos Decretos-Leis n.os 348/98, de 9 de novembro, e 149/2004, de 22 de junho e 198/2008, de 8 de outubro, deve ser encarada com precaução, não podendo, em quaisquer circunstâncias, comprometer o cumprimento das condições impostas nesta licença.",
TUA20230918002712,T000054,L000815.2019.RH3.V1,"Para efeitos de fiscalização ou inspeção poderão ser recolhidas amostras compostas num dado período temporal, inferior a 24 horas, em função do caudal. Caso o sistema não disponha de medidor de caudal com registo automático, será utilizado o caudal máximo previsto no título para efeitos de avaliação da respetiva conformidade das amostras.",
TUA20230918002712,T000055,L000815.2019.RH3.V1,As condições de descarga poderão vir a ser alteradas em função dos resultados do autocontrolo e da evolução da qualidade do meio recetor ou de outras restrições de utilização local que o justifiquem.,
TUA20230918002712,T000056,L000815.2019.RH3.V1,"Qualquer alteração no funcionamento do sistema de produção e/ou de tratamento, mesmo que não prejudique as condições impostas nesta licença, deve ser comunicada à Entidade Licenciadora no prazo máximo de cinco dias.",
TUA20230918002712,T000057,L000815.2019.RH3.V1,"Qualquer descarga de águas residuais urbanas e/ou industriais, bem como de outras atividades económicas ou serviços, nas redes de drenagem ou diretamente na ETAR, só poderá ocorrer mediante autorização do titular da presente licença e ficará sujeita às disposições constantes dessa autorização não podendo, em qualquer caso, comprometer o cumprimento das condições impostas nesta licença. Qualquer nova situação desta natureza deverá ser comunicada à Entidade Licenciadora.",
TUA20230918002712,T000058,L000815.2019.RH3.V1,"A descarga das águas residuais na água não deve provocar alteração da sua qualidade, nem colocar em risco os seus usos, sendo efetuada de modo a não prejudicar o escoamento natural da corrente e a não contribuir para o aumento dos riscos de erosão no local, ficando o titular responsável pela tomada das medidas consideradas necessárias para a correção das situações que possam ocorrer.",
TUA20230918002712,T000059,L000815.2019.RH3.V1,"O titular obriga-se a efetuar as ações de manutenção, preventivas e corretivas, necessárias ao bom funcionamento da ETAR, incluindo a limpeza dos respetivos órgãos de tratamento devendo guardar os registos detalhados da sua realização, com indicação do destino final das lamas ou outros resíduos produzidos, para efeitos de inspeção ou fiscalização por parte das Entidades Competentes.",
TUA20230918002712,T000060,L000815.2019.RH3.V1,O titular assume a responsabilidade pela eficiência e eficácia dos processos de tratamento e dos procedimentos a adotar com vista a minimizar os efeitos decorrentes da rejeição de águas residuais e a cumprir os objetivos de qualidade definidos para a massa de água recetora.,
TUA20231010002912,T000043,L001021.2019.RH3.V1,O titular obriga-se a implementar as medidas de prevenção de acidentes e de emergência descritas no projeto.,
TUA20231010002912,T000044,L001021.2019.RH3.V1,Impende sobre o titular desta licença a responsabilidade de verificar o cumprimento das normas constantes na autorização de descarga mencionada em T000053.,
TUA20231010002912,T000045,L001021.2019.RH3.V1,"O titular obriga-se a observar todos os preceitos legais no que concerne a segurança, gestão de resíduos e conservação da natureza e também a legislação e os regulamentos específicos das atividades complementares que simultaneamente venham a ser desenvolvidas no local.",
TUA20231010002912,T000046,L001021.2019.RH3.V1,O titular obriga-se a manter o sistema de tratamento adotado em bom estado de funcionamento e conservação.,
TUA20231010002912,T000047,L001021.2019.RH3.V1,"O titular obriga-se a manter um registo atualizado dos valores do autocontrolo, para efeitos de inspeção ou fiscalização por parte das Entidades Competentes.",
TUA20231010002912,T000048,L001021.2019.RH3.V1,O titular obriga-se a implementar o programa de autocontrolo descrito no respetivo Anexo e a enviar à Entidade Licenciadora os dados obtidos com o formato e periodicidade definidos no mesmo.,
TUA20231010002912,T000049,L001021.2019.RH3.V1,"Sempre que forem autorizadas descargas de águas residuais de indústrias localizadas fora da malha urbana, a autorização de descarga, prevista em T000057, fica sujeita à aprovação da Entidade Licenciadora.",
TUA20231010002912,T000050,L001021.2019.RH3.V1,"O titular da licença deve respeitar as condições de rejeição indicadas em EXP8.3.13, não podendo efetuar qualquer operação deliberada de diluição das águas residuais. A avaliação de conformidade é determinada com base nos parâmetros definidos e de acordo com T000010.",
TUA20231010002912,T000051,L001021.2019.RH3.V1,"Sempre que se verifique a necessidade de proceder a uma rejeição de emergência da(s) Estação(ões) Elevatória(s), o titular deverá de imediato tomar todas as medidas com vista a minimizar os efeitos daí decorrentes e comunicar a ocorrência à Entidade Licenciadora num prazo máximo de 24 horas seguintes à mesma.",
TUA20231010002912,T000052,L001021.2019.RH3.V1,"Como medida preventiva e minimizadora das consequências inerentes a uma rejeição de emergência no domínio hídrico, o titular deverá diligenciar no sentido de dotar a(s) Estação(ões) Elevatória(s) de um gerador de emergência.",
TUA20231010002912,T000053,L001021.2019.RH3.V1,"A ligação, às redes de drenagem da ETAR geridas pelo titular desta licença, das águas residuais de atividades económicas ou serviços localizados dentro da malha urbana ou diretamente na ETAR que produzam ou utilizem substâncias classificadas como poluentes específicos e/ou substâncias prioritárias/perigosas prioritárias para os meios aquáticos ou que sejam suscetíveis de comprometer o cumprimento das condições impostas nesta licença, nos termos do regulamento previsto no artigo 9º, do Decreto-Lei n.º 152/97, de 19 de junho, com as alterações introduzidas pelos Decretos-Leis n.os 348/98, de 9 de novembro, e 149/2004, de 22 de junho e 198/2008, de 8 de outubro, deve ser encarada com precaução, não podendo, em quaisquer circunstâncias, comprometer o cumprimento das condições impostas nesta licença.",
TUA20231010002912,T000054,L001021.2019.RH3.V1,"Para efeitos de fiscalização ou inspeção poderão ser recolhidas amostras compostas num dado período temporal, inferior a 24 horas, em função do caudal. Caso o sistema não disponha de medidor de caudal com registo automático, será utilizado o caudal máximo previsto no título para efeitos de avaliação da respetiva conformidade das amostras.",
TUA20231010002912,T000055,L001021.2019.RH3.V1,As condições de descarga poderão vir a ser alteradas em função dos resultados do autocontrolo e da evolução da qualidade do meio recetor ou de outras restrições de utilização local que o justifiquem.,
TUA20231010002912,T000056,L001021.2019.RH3.V1,"Qualquer alteração no funcionamento do sistema de produção e/ou de tratamento, mesmo que não prejudique as condições impostas nesta licença, deve ser comunicada à Entidade Licenciadora no prazo máximo de cinco dias.",
TUA20231010002912,T000057,L001021.2019.RH3.V1,"Qualquer descarga de águas residuais urbanas e/ou industriais, bem como de outras atividades económicas ou serviços, nas redes de drenagem ou diretamente na ETAR, só poderá ocorrer mediante autorização do titular da presente licença e ficará sujeita às disposições constantes dessa autorização não podendo, em qualquer caso, comprometer o cumprimento das condições impostas nesta licença. Qualquer nova situação desta natureza deverá ser comunicada à Entidade Licenciadora.",
TUA20231010002912,T000058,L001021.2019.RH3.V1,"A descarga das águas residuais na água não deve provocar alteração da sua qualidade, nem colocar em risco os seus usos, sendo efetuada de modo a não prejudicar o escoamento natural da corrente e a não contribuir para o aumento dos riscos de erosão no local, ficando o titular responsável pela tomada das medidas consideradas necessárias para a correção das situações que possam ocorrer.",
TUA20231010002912,T000059,L001021.2019.RH3.V1,"O titular obriga-se a efetuar as ações de manutenção, preventivas e corretivas, necessárias ao bom funcionamento da ETAR, incluindo a limpeza dos respetivos órgãos de tratamento devendo guardar os registos detalhados da sua realização, com indicação do destino final das lamas ou outros resíduos produzidos, para efeitos de inspeção ou fiscalização por parte das Entidades Competentes.",
TUA20231010002912,T000060,L001021.2019.RH3.V1,O titular assume a responsabilidade pela eficiência e eficácia dos processos de tratamento e dos procedimentos a adotar com vista a minimizar os efeitos decorrentes da rejeição de águas residuais e a cumprir os objetivos de qualidade definidos para a massa de água recetora.,
TUA20231010002913,T000043,L000817.2019.RH3.V1,O titular obriga-se a implementar as medidas de prevenção de acidentes e de emergência descritas no projeto.,
TUA20231010002913,T000044,L000817.2019.RH3.V1,Impende sobre o titular desta licença a responsabilidade de verificar o cumprimento das normas constantes na autorização de descarga mencionada em T000053.,
TUA20231010002913,T000045,L000817.2019.RH3.V1,"O titular obriga-se a observar todos os preceitos legais no que concerne a segurança, gestão de resíduos e conservação da natureza e também a legislação e os regulamentos específicos das atividades complementares que simultaneamente venham a ser desenvolvidas no local.",
TUA20231010002913,T000046,L000817.2019.RH3.V1,O titular obriga-se a manter o sistema de tratamento adotado em bom estado de funcionamento e conservação.,
TUA20231010002913,T000047,L000817.2019.RH3.V1,"O titular obriga-se a manter um registo atualizado dos valores do autocontrolo, para efeitos de inspeção ou fiscalização por parte das Entidades Competentes.",
TUA20231010002913,T000048,L000817.2019.RH3.V1,"O titular obriga-se a implementar o programa de autocontrolo descrito em EXP8.3.16 e a reportar à Entidade Licenciadora os resultados obtidos, através da plataforma SILiAmb, com a frequência trimestral.",
TUA20231010002913,T000049,L000817.2019.RH3.V1,"Sempre que forem autorizadas descargas de águas residuais de indústrias localizadas fora da malha urbana, a autorização de descarga, prevista em T000057, fica sujeita à aprovação da Entidade Licenciadora.",
TUA20231010002913,T000050,L000817.2019.RH3.V1,"O titular da licença deve respeitar as condições de rejeição indicadas em EXP8.3.13, não podendo efetuar qualquer operação deliberada de diluição das águas residuais. A avaliação de conformidade é determinada com base nos parâmetros definidos e de acordo com T000010.",
TUA20231010002913,T000051,L000817.2019.RH3.V1,"Sempre que se verifique a necessidade de proceder a uma rejeição de emergência da(s) Estação(ões) Elevatória(s), o titular deverá de imediato tomar todas as medidas com vista a minimizar os efeitos daí decorrentes e comunicar a ocorrência à Entidade Licenciadora num prazo máximo de 24 horas seguintes à mesma.",
TUA20231010002913,T000052,L000817.2019.RH3.V1,"Como medida preventiva e minimizadora das consequências inerentes a uma rejeição de emergência no domínio hídrico, o titular deverá diligenciar no sentido de dotar a(s) Estação(ões) Elevatória(s) de um gerador de emergência.",
TUA20231010002913,T000053,L000817.2019.RH3.V1,"A ligação, às redes de drenagem da ETAR geridas pelo titular desta licença, das águas residuais de atividades económicas ou serviços localizados dentro da malha urbana ou diretamente na ETAR que produzam ou utilizem substâncias classificadas como poluentes específicos e/ou substâncias prioritárias/perigosas prioritárias para os meios aquáticos ou que sejam suscetíveis de comprometer o cumprimento das condições impostas nesta licença, nos termos do regulamento previsto no artigo 9º, do Decreto-Lei n.º 152/97, de 19 de junho, com as alterações introduzidas pelos Decretos-Leis n.os 348/98, de 9 de novembro, e 149/2004, de 22 de junho e 198/2008, de 8 de outubro, deve ser encarada com precaução, não podendo, em quaisquer circunstâncias, comprometer o cumprimento das condições impostas nesta licença.",
TUA20231010002913,T000054,L000817.2019.RH3.V1,"Para efeitos de fiscalização ou inspeção poderão ser recolhidas amostras compostas num dado período temporal, inferior a 24 horas, em função do caudal. Caso o sistema não disponha de medidor de caudal com registo automático, será utilizado o caudal máximo previsto no título para efeitos de avaliação da respetiva conformidade das amostras.",
TUA20231010002913,T000055,L000817.2019.RH3.V1,As condições de descarga poderão vir a ser alteradas em função dos resultados do autocontrolo e da evolução da qualidade do meio recetor ou de outras restrições de utilização local que o justifiquem.,
TUA20231010002913,T000056,L000817.2019.RH3.V1,"Qualquer alteração no funcionamento do sistema de produção e/ou de tratamento, mesmo que não prejudique as condições impostas nesta licença, deve ser comunicada à Entidade Licenciadora no prazo máximo de cinco dias.",
TUA20231010002913,T000057,L000817.2019.RH3.V1,"Qualquer descarga de águas residuais urbanas e/ou industriais, bem como de outras atividades económicas ou serviços, nas redes de drenagem ou diretamente na ETAR, só poderá ocorrer mediante autorização do titular da presente licença e ficará sujeita às disposições constantes dessa autorização não podendo, em qualquer caso, comprometer o cumprimento das condições impostas nesta licença. Qualquer nova situação desta natureza deverá ser comunicada à Entidade Licenciadora.",
TUA20231010002913,T000058,L000817.2019.RH3.V1,"A descarga das águas residuais na água não deve provocar alteração da sua qualidade, nem colocar em risco os seus usos, sendo efetuada de modo a não prejudicar o escoamento natural da corrente e a não contribuir para o aumento dos riscos de erosão no local, ficando o titular responsável pela tomada das medidas consideradas necessárias para a correção das situações que possam ocorrer.",
TUA20231010002913,T000059,L000817.2019.RH3.V1,"O titular obriga-se a efetuar as ações de manutenção, preventivas e corretivas, necessárias ao bom funcionamento da ETAR, incluindo a limpeza dos respetivos órgãos de tratamento devendo guardar os registos detalhados da sua realização, com indicação do destino final das lamas ou outros resíduos produzidos, para efeitos de inspeção ou fiscalização por parte das Entidades Competentes.",
TUA20231010002913,T000060,L000817.2019.RH3.V1,O titular assume a responsabilidade pela eficiência e eficácia dos processos de tratamento e dos procedimentos a adotar com vista a minimizar os efeitos decorrentes da rejeição de águas residuais e a cumprir os objetivos de qualidade definidos para a massa de água recetora.,
TUA20231012002959,T000043,L001020.2019.RH3.V1,O titular obriga-se a implementar as medidas de prevenção de acidentes e de emergência descritas no projeto.,
TUA20231012002959,T000044,L001020.2019.RH3.V1,Impende sobre o titular desta licença a responsabilidade de verificar o cumprimento das normas constantes na autorização de descarga mencionada em T000053.,
TUA20231012002959,T000045,L001020.2019.RH3.V1,"O titular obriga-se a observar todos os preceitos legais no que concerne a segurança, gestão de resíduos e conservação da natureza e também a legislação e os regulamentos específicos das atividades complementares que simultaneamente venham a ser desenvolvidas no local.",
TUA20231012002959,T000046,L001020.2019.RH3.V1,O titular obriga-se a manter o sistema de tratamento adotado em bom estado de funcionamento e conservação.,
TUA20231012002959,T000047,L001020.2019.RH3.V1,"O titular obriga-se a manter um registo atualizado dos valores do autocontrolo, para efeitos de inspeção ou fiscalização por parte das Entidades Competentes.",
TUA20231012002959,T000048,L001020.2019.RH3.V1,"O titular obriga-se a implementar o programa de autocontrolo descrito em EXP8.3.16 e a reportar à Entidade Licenciadora os resultados obtidos, através da plataforma SILiAmb, com a frequência trimestral.",
TUA20231012002959,T000049,L001020.2019.RH3.V1,"Sempre que forem autorizadas descargas de águas residuais de indústrias localizadas fora da malha urbana, a autorização de descarga, prevista em T000057, fica sujeita à aprovação da Entidade Licenciadora.",
TUA20231012002959,T000050,L001020.2019.RH3.V1,"O titular da licença deve respeitar as condições de rejeição indicadas em EXP8.3.13, não podendo efetuar qualquer operação deliberada de diluição das águas residuais. A avaliação de conformidade é determinada com base nos parâmetros definidos e de acordo com T000010.",
TUA20231012002959,T000051,L001020.2019.RH3.V1,"Sempre que se verifique a necessidade de proceder a uma rejeição de emergência da(s) Estação(ões) Elevatória(s), o titular deverá de imediato tomar todas as medidas com vista a minimizar os efeitos daí decorrentes e comunicar a ocorrência à Entidade Licenciadora num prazo máximo de 24 horas seguintes à mesma.",
TUA20231012002959,T000052,L001020.2019.RH3.V1,"Como medida preventiva e minimizadora das consequências inerentes a uma rejeição de emergência no domínio hídrico, o titular deverá diligenciar no sentido de dotar a(s) Estação(ões) Elevatória(s) de um gerador de emergência.",
TUA20231012002959,T000053,L001020.2019.RH3.V1,"A ligação, às redes de drenagem da ETAR geridas pelo titular desta licença, das águas residuais de atividades económicas ou serviços localizados dentro da malha urbana ou diretamente na ETAR que produzam ou utilizem substâncias classificadas como poluentes específicos e/ou substâncias prioritárias/perigosas prioritárias para os meios aquáticos ou que sejam suscetíveis de comprometer o cumprimento das condições impostas nesta licença, nos termos do regulamento previsto no artigo 9º, do Decreto-Lei n.º 152/97, de 19 de junho, com as alterações introduzidas pelos Decretos-Leis n.os 348/98, de 9 de novembro, e 149/2004, de 22 de junho e 198/2008, de 8 de outubro, deve ser encarada com precaução, não podendo, em quaisquer circunstâncias, comprometer o cumprimento das condições impostas nesta licença.",
TUA20231012002959,T000054,L001020.2019.RH3.V1,"Para efeitos de fiscalização ou inspeção poderão ser recolhidas amostras compostas num dado período temporal, inferior a 24 horas, em função do caudal. Caso o sistema não disponha de medidor de caudal com registo automático, será utilizado o caudal máximo previsto no título para efeitos de avaliação da respetiva conformidade das amostras.",
TUA20231012002959,T000055,L001020.2019.RH3.V1,As condições de descarga poderão vir a ser alteradas em função dos resultados do autocontrolo e da evolução da qualidade do meio recetor ou de outras restrições de utilização local que o justifiquem.,
TUA20231012002959,T000056,L001020.2019.RH3.V1,"Qualquer alteração no funcionamento do sistema de produção e/ou de tratamento, mesmo que não prejudique as condições impostas nesta licença, deve ser comunicada à Entidade Licenciadora no prazo máximo de cinco dias.",
TUA20231012002959,T000057,L001020.2019.RH3.V1,"Qualquer descarga de águas residuais urbanas e/ou industriais, bem como de outras atividades económicas ou serviços, nas redes de drenagem ou diretamente na ETAR, só poderá ocorrer mediante autorização do titular da presente licença e ficará sujeita às disposições constantes dessa autorização não podendo, em qualquer caso, comprometer o cumprimento das condições impostas nesta licença. Qualquer nova situação desta natureza deverá ser comunicada à Entidade Licenciadora.",
TUA20231012002959,T000058,L001020.2019.RH3.V1,"A descarga das águas residuais na água não deve provocar alteração da sua qualidade, nem colocar em risco os seus usos, sendo efetuada de modo a não prejudicar o escoamento natural da corrente e a não contribuir para o aumento dos riscos de erosão no local, ficando o titular responsável pela tomada das medidas consideradas necessárias para a correção das situações que possam ocorrer.",
TUA20231012002959,T000059,L001020.2019.RH3.V1,"O titular obriga-se a efetuar as ações de manutenção, preventivas e corretivas, necessárias ao bom funcionamento da ETAR, incluindo a limpeza dos respetivos órgãos de tratamento devendo guardar os registos detalhados da sua realização, com indicação do destino final das lamas ou outros resíduos produzidos, para efeitos de inspeção ou fiscalização por parte das Entidades Competentes.",
TUA20231012002959,T000060,L001020.2019.RH3.V1,O titular assume a responsabilidade pela eficiência e eficácia dos processos de tratamento e dos procedimentos a adotar com vista a minimizar os efeitos decorrentes da rejeição de águas residuais e a cumprir os objetivos de qualidade definidos para a massa de água recetora.,
TUA20231018003040,T000064,L009317.2013.RH5-T1.V1,O titular obriga-se a implementar as medidas de prevenção de acidentes e de emergência descritas no projeto.,
TUA20231018003040,T000065,L009317.2013.RH5-T1.V1,Impende sobre o titular desta licença a responsabilidade de verificar o cumprimento das normas constantes na autorização de descarga supra mencionada.,
TUA20231018003040,T000066,L009317.2013.RH5-T1.V1,"O titular obriga-se a observar todos os preceitos legais no que concerne a segurança, gestão de resíduos e conservação da natureza e também a legislação e os regulamentos específicos das atividades complementares que simultaneamente venham a ser desenvolvidas no local.",
TUA20231018003040,T000067,L009317.2013.RH5-T1.V1,O titular obriga-se a manter o sistema de tratamento adotado em bom estado de funcionamento e conservação.,
TUA20231018003040,T000068,L009317.2013.RH5-T1.V1,"O titular obriga-se a manter um registo atualizado dos valores do autocontrolo, para efeitos de inspeção ou fiscalização por parte das Entidades Competentes.",
TUA20231018003040,T000069,L009317.2013.RH5-T1.V1,O titular obriga-se a implementar o programa de autocontrolo descrito no respetivo Anexo e a enviar à Entidade Licenciadora os dados obtidos com o formato e periodicidade definidos no mesmo.,
TUA20231018003040,,L009317.2013.RH5-,"O titular da licença deve respeitar as condições de descarga indicadas no respetivo Anexo, não podendo efetuar qualquer operação deliberada de diluição",
TUA20231018003040,T000070,T1.V1,das águas residuais. A avaliação de conformidade é determinada com base nos parâmetros definidos e de acordo com o mencionado no Anexo.,
TUA20231018003040,T000071,L009317.2013.RH5-T1.V1,Fazem parte integrante do presente título todos os anexos autenticados que o acompanham.,
TUA20231018003040,T000072,L009317.2013.RH5-T1.V1,"Para efeitos de fiscalização ou inspeção poderão ser recolhidas amostras compostas num dado período temporal, inferior a 24 horas, em função do caudal. Caso o sistema não disponha de medidor de caudal com registo automático, será utilizado o caudal máximo previsto no título para efeitos de avaliação da respetiva conformidade das amostras.",
TUA20231018003040,T000073,L009317.2013.RH5-T1.V1,As condições de descarga poderão vir a ser alteradas em função dos resultados do autocontrolo e da evolução da qualidade do meio recetor ou de outras restrições de utilização local que o justifiquem.,
TUA20231018003040,T000074,L009317.2013.RH5-T1.V1,"Qualquer alteração no funcionamento do sistema de produção e/ou de tratamento, mesmo que não prejudique as condições impostas nesta licença, deve ser comunicada à Entidade Licenciadora no prazo máximo de cinco dias.",
TUA20231018003040,T000075,L009317.2013.RH5-T1.V1,"Qualquer descarga de águas residuais urbanas e/ou industriais, bem como de outras atividades económicas ou serviços, nas redes de drenagem ou diretamente na ETAR, só poderá ocorrer mediante autorização do titular da presente licença e ficará sujeita às disposições constantes dessa autorização não podendo, em qualquer caso, comprometer o cumprimento das condições impostas nesta licença. Qualquer nova situação desta natureza deverá ser comunicada à Entidade Licenciadora.",
TUA20231018003040,T000076,L009317.2013.RH5-T1.V1,"A descarga das águas residuais na água não deve provocar alteração da sua qualidade, nem colocar em risco os seus usos, sendo efetuada de modo a não prejudicar o escoamento natural da corrente e a não contribuir para o aumento dos riscos de erosão no local, ficando o titular responsável pela tomada das medidas consideradas necessárias para a correção das situações que possam ocorrer.",
TUA20231018003040,T000077,L009317.2013.RH5-T1.V1,"O titular obriga-se a efetuar as ações de manutenção, preventivas e corretivas, necessárias ao bom funcionamento da ETAR, incluindo a limpeza dos respetivos órgãos de tratamento devendo guardar os registos detalhados da sua realização, com indicação do destino final das lamas ou outros resíduos produzidos, para efeitos de inspeção ou fiscalização por parte das Entidades Competentes.",
TUA20231018003040,T000078,L009317.2013.RH5-T1.V1,O titular assume a responsabilidade pela eficiência e eficácia dos processos de tratamento e dos procedimentos a adotar com vista a minimizar os efeitos decorrentes da rejeição de águas residuais e a cumprir os objetivos de qualidade definidos para a massa de água recetora.,
TUA20231109003280,T000043,L005585.2019.RH3.V1,O titular obriga-se a implementar as medidas de prevenção de acidentes e de emergência descritas no projeto.,
TUA20231109003280,T000044,L005585.2019.RH3.V1,Impende sobre o titular desta licença a responsabilidade de verificar o cumprimento das normas constantes na autorização de descarga mencionada em T000052.,
TUA20231109003280,T000045,L005585.2019.RH3.V1,"O titular obriga-se a observar todos os preceitos legais no que concerne a segurança, gestão de resíduos e conservação da natureza e também a legislação e os regulamentos específicos das atividades complementares que simultaneamente venham a ser desenvolvidas no local.",
TUA20231109003280,T000046,L005585.2019.RH3.V1,O titular obriga-se a manter o sistema de tratamento adotado em bom estado de funcionamento e conservação.,
TUA20231109003280,T000047,L005585.2019.RH3.V1,"O titular obriga-se a manter um registo atualizado dos valores do autocontrolo, para efeitos de inspeção ou fiscalização por parte das Entidades Competentes.",
TUA20231109003280,T000048,L005585.2019.RH3.V1,"O titular obriga-se a implementar o programa de autocontrolo descrito em EXP8.3.16 e a reportar à Entidade Licenciadora os resultados obtidos, através da plataforma SILiAmb, com a frequência trimestral.",
TUA20231109003280,T000049,L005585.2019.RH3.V1,"Sempre que forem autorizadas descargas de águas residuais de indústrias localizadas fora da malha urbana, a autorização de descarga, prevista em T000056, fica sujeita à aprovação da Entidade Licenciadora.",
TUA20231109003280,T000050,L005585.2019.RH3.V1,"O titular da licença deve respeitar as condições de rejeição indicadas em EXP8.3.13, não podendo efetuar qualquer operação deliberada de diluição das águas residuais. A avaliação de conformidade é determinada com base nos parâmetros definidos e de acordo com T000010.",
TUA20231109003280,T000051,L005585.2019.RH3.V1,"Como medida preventiva e minimizadora das consequências inerentes a uma rejeição de emergência no domínio hídrico, o titular deverá diligenciar no sentido de dotar a(s) Estação(ões) Elevatória(s) de um gerador de emergência.",
TUA20231109003280,T000052,L005585.2019.RH3.V1,"A ligação, às redes de drenagem da ETAR geridas pelo titular desta licença, das águas residuais de atividades económicas ou serviços localizados dentro da malha urbana ou diretamente na ETAR que produzam ou utilizem substâncias classificadas como poluentes específicos e/ou substâncias prioritárias/perigosas prioritárias para os meios aquáticos ou que sejam suscetíveis de comprometer o cumprimento das condições impostas nesta licença, nos termos do regulamento previsto no artigo 9º, do Decreto-Lei n.º 152/97, de 19 de junho, com as alterações introduzidas pelos Decretos-Leis n.os 348/98, de 9 de novembro, e 149/2004, de 22 de junho e 198/2008, de 8 de outubro, deve ser encarada com precaução, não podendo, em quaisquer circunstâncias, comprometer o cumprimento das condições impostas nesta licença.",
TUA20231109003280,T000053,L005585.2019.RH3.V1,"Para efeitos de fiscalização ou inspeção poderão ser recolhidas amostras compostas num dado período temporal, inferior a 24 horas, em função do caudal. Caso o sistema não disponha de medidor de caudal com registo automático, será utilizado o caudal máximo previsto no título para efeitos de avaliação da respetiva conformidade das amostras.",
TUA20231109003280,T000054,L005585.2019.RH3.V1,As condições de descarga poderão vir a ser alteradas em função dos resultados do autocontrolo e da evolução da qualidade do meio recetor ou de outras restrições de utilização local que o justifiquem.,
TUA20231109003280,T000055,L005585.2019.RH3.V1,"Qualquer alteração no funcionamento do sistema de produção e/ou de tratamento, mesmo que não prejudique as condições impostas nesta licença, deve ser comunicada à Entidade Licenciadora no prazo máximo de cinco dias.",
TUA20231109003280,T000056,L005585.2019.RH3.V1,"Qualquer descarga de águas residuais urbanas e/ou industriais, bem como de outras atividades económicas ou serviços, nas redes de drenagem ou diretamente na ETAR, só poderá ocorrer mediante autorização do titular da presente licença e ficará sujeita às disposições constantes dessa autorização não podendo, em qualquer caso, comprometer o cumprimento das condições impostas nesta licença. Qualquer nova situação desta natureza deverá ser comunicada à Entidade Licenciadora.",
TUA20231109003280,T000057,L005585.2019.RH3.V1,"A descarga das águas residuais na água não deve provocar alteração da sua qualidade, nem colocar em risco os seus usos, sendo efetuada de modo a não prejudicar o escoamento natural da corrente e a não contribuir para o aumento dos riscos de erosão no local, ficando o titular responsável pela tomada das medidas consideradas necessárias para a correção das situações que possam ocorrer.",
TUA20231109003280,T000058,L005585.2019.RH3.V1,"O titular obriga-se a efetuar as ações de manutenção, preventivas e corretivas, necessárias ao bom funcionamento da ETAR, incluindo a limpeza dos respetivos órgãos de tratamento devendo guardar os registos detalhados da sua realização, com indicação do destino final das lamas ou outros resíduos produzidos, para efeitos de inspeção ou fiscalização por parte das Entidades Competentes.",
TUA20231109003280,T000059,L005585.2019.RH3.V1,O titular assume a responsabilidade pela eficiência e eficácia dos processos de tratamento e dos procedimentos a adotar com vista a minimizar os efeitos decorrentes da rejeição de águas residuais e a cumprir os objetivos de qualidade definidos para a massa de água recetora.,
TUA20231128003520,T000044,L007490.2019.RH3,O titular obriga-se a implementar as medidas de prevenção de acidentes e de emergência descritas no projeto.,
TUA20231128003520,T000045,L007490.2019.RH3,Impende sobre o titular desta licença a responsabilidade de verificar o cumprimento das normas constantes na autorização de descarga mencionada em T000052.,
TUA20231128003520,T000046,L007490.2019.RH3,O titular obriga-se a manter o sistema de tratamento adotado em bom estado de funcionamento e conservação.,
TUA20231128003520,T000047,L007490.2019.RH3,"O titular obriga-se a manter um registo atualizado dos valores do autocontrolo, para efeitos de inspeção ou fiscalização por parte das Entidades Competentes.",
TUA20231128003520,T000048,L007490.2019.RH3,"O titular obriga-se a implementar o programa de autocontrolo descrito em EXP8.3.16 e a reportar à Entidade Licenciadora os resultados obtidos, através da plataforma SILiAmb, com a frequência trimestral.",
TUA20231128003520,T000049,L007490.2019.RH3,"Sempre que forem autorizadas descargas de águas residuais de indústrias localizadas fora da malha urbana, a autorização de descarga, prevista em T000056, fica sujeita à aprovação da Entidade Licenciadora.",
TUA20231128003520,T000050,L007490.2019.RH3,"O titular da licença deve respeitar as condições de rejeição indicadas em EXP8.3.13, não podendo efetuar qualquer operação deliberada de diluição das águas residuais. A avaliação de conformidade é determinada com base nos parâmetros definidos e de acordo com T000010.",
TUA20231128003520,T000051,L007490.2019.RH3,"Sempre que se verifique a necessidade de proceder a uma rejeição de emergência da(s) Estação(ões) Elevatória(s), o titular deverá de imediato tomar todas as medidas com vista a minimizar os efeitos daí decorrentes e comunicar a ocorrência à Entidade Licenciadora num prazo máximo de 24 horas seguintes à mesma.",
TUA20231128003520,T000052,L007490.2019.RH3,"A ligação, às redes de drenagem da ETAR geridas pelo titular desta licença, das águas residuais de atividades económicas ou serviços localizados dentro da malha urbana ou diretamente na ETAR que produzam ou utilizem substâncias classificadas como poluentes específicos e/ou substâncias prioritárias/perigosas prioritárias para os meios aquáticos ou que sejam suscetíveis de comprometer o cumprimento das condições impostas nesta licença, nos termos do regulamento previsto no artigo 9º, do Decreto-Lei n.º 152/97, de 19 de junho, com as alterações introduzidas pelos Decretos-Leis n.os 348/98, de 9 de novembro, e 149/2004, de 22 de junho e 198/2008, de 8 de outubro, deve ser encarada com precaução, não podendo, em quaisquer circunstâncias, comprometer o cumprimento das condições impostas nesta licença.",
TUA20231128003520,T000053,L007490.2019.RH3,"Para efeitos de fiscalização ou inspeção poderão ser recolhidas amostras compostas num dado período temporal, inferior a 24 horas, em função do caudal. Caso o sistema não disponha de medidor de caudal com registo automático, será utilizado o caudal máximo previsto no título para efeitos de avaliação da respetiva conformidade das amostras.",
TUA20231128003520,T000054,L007490.2019.RH3,As condições de descarga poderão vir a ser alteradas em função dos resultados do autocontrolo e da evolução da qualidade do meio recetor ou de outras restrições de utilização local que o justifiquem.,
TUA20231128003520,T000055,L007490.2019.RH3,"Qualquer alteração no funcionamento do sistema de produção e/ou de tratamento, mesmo que não prejudique as condições impostas nesta licença, deve ser comunicada à Entidade Licenciadora no prazo máximo de cinco dias.",
TUA20231128003520,T000056,L007490.2019.RH3,"Qualquer descarga de águas residuais urbanas e/ou industriais, bem como de outras atividades económicas ou serviços, nas redes de drenagem ou diretamente na ETAR, só poderá ocorrer mediante autorização do titular da presente licença e ficará sujeita às disposições constantes dessa autorização não podendo, em qualquer caso, comprometer o cumprimento das condições impostas nesta licença. Qualquer nova situação desta natureza deverá ser comunicada à Entidade Licenciadora.",
TUA20231128003520,T000057,L007490.2019.RH3,"A descarga das águas residuais na água não deve provocar alteração da sua qualidade, nem colocar em risco os seus usos, sendo efetuada de modo a não prejudicar o escoamento natural da corrente e a não contribuir para o aumento dos riscos de erosão no local, ficando o titular responsável pela tomada das medidas consideradas necessárias para a correção das situações que possam ocorrer.",
TUA20231128003520,T000058,L007490.2019.RH3,"O titular obriga-se a efetuar as ações de manutenção, preventivas e corretivas, necessárias ao bom funcionamento da ETAR, incluindo a limpeza dos respetivos órgãos de tratamento devendo guardar os registos detalhados da sua realização, com indicação do destino final das lamas ou outros resíduos produzidos, para efeitos de inspeção ou fiscalização por parte das Entidades Competentes.",
TUA20231128003520,T000059,L007490.2019.RH3,O titular assume a responsabilidade pela eficiência e eficácia dos processos de tratamento e dos procedimentos a adotar com vista a minimizar os efeitos decorrentes da rejeição de águas residuais e a cumprir os objetivos de qualidade definidos para a massa de água recetora.,
TUA20231128003521,T000043,L007487.2019.RH3,O titular obriga-se a implementar as medidas de prevenção de acidentes e de emergência descritas no projeto.,
TUA20231128003521,T000044,L007487.2019.RH3,Impende sobre o titular desta licença a responsabilidade de verificar o cumprimento das normas constantes na autorização de descarga mencionada em T000053.,
TUA20231128003521,T000045,L007487.2019.RH3,"O titular obriga-se a observar todos os preceitos legais no que concerne a segurança, gestão de resíduos e conservação da natureza e também a legislação e os regulamentos específicos das atividades complementares que simultaneamente venham a ser desenvolvidas no local.",
TUA20231128003521,T000046,L007487.2019.RH3,O titular obriga-se a manter o sistema de tratamento adotado em bom estado de funcionamento e conservação.,
TUA20231128003521,T000047,L007487.2019.RH3,"O titular obriga-se a manter um registo atualizado dos valores do autocontrolo, para efeitos de inspeção ou fiscalização por parte das Entidades Competentes.",
TUA20231128003521,T000048,L007487.2019.RH3,"O titular obriga-se a implementar o programa de autocontrolo descrito em EXP8.3.16 e a reportar à Entidade Licenciadora os resultados obtidos, através da plataforma SILiAmb, com a frequência trimestral.",
TUA20231128003521,T000049,L007487.2019.RH3,"Sempre que forem autorizadas descargas de águas residuais de indústrias localizadas fora da malha urbana, a autorização de descarga, prevista em T000057, fica sujeita à aprovação da Entidade Licenciadora.",
TUA20231128003521,T000050,L007487.2019.RH3,"O titular da licença deve respeitar as condições de rejeição indicadas em EXP8.3.13, não podendo efetuar qualquer operação deliberada de diluição das águas residuais. A avaliação de conformidade é determinada com base nos parâmetros definidos e de acordo com T000010.",
TUA20231128003521,T000051,L007487.2019.RH3,"Sempre que se verifique a necessidade de proceder a uma rejeição de emergência da(s) Estação(ões) Elevatória(s), o titular deverá de imediato tomar todas as medidas com vista a minimizar os efeitos daí decorrentes e comunicar a ocorrência à Entidade Licenciadora num prazo máximo de 24 horas seguintes à mesma.",
TUA20231128003521,T000052,L007487.2019.RH3,"Como medida preventiva e minimizadora das consequências inerentes a uma rejeição de emergência no domínio hídrico, o titular deverá diligenciar no sentido de dotar a(s) Estação(ões) Elevatória(s) de um gerador de emergência.",
TUA20231128003521,T000053,L007487.2019.RH3,"A ligação, às redes de drenagem da ETAR geridas pelo titular desta licença, das águas residuais de atividades económicas ou serviços localizados dentro da malha urbana ou diretamente na ETAR que produzam ou utilizem substâncias classificadas como poluentes específicos e/ou substâncias prioritárias/perigosas prioritárias para os meios aquáticos ou que sejam suscetíveis de comprometer o cumprimento das condições impostas nesta licença, nos termos do regulamento previsto no artigo 9º, do Decreto-Lei n.º 152/97, de 19 de junho, com as alterações introduzidas pelos Decretos-Leis n.os 348/98, de 9 de novembro, e 149/2004, de 22 de junho e 198/2008, de 8 de outubro, deve ser encarada com precaução, não podendo, em quaisquer circunstâncias, comprometer o cumprimento das condições impostas nesta licença.",
TUA20231128003521,T000054,L007487.2019.RH3,"Para efeitos de fiscalização ou inspeção poderão ser recolhidas amostras compostas num dado período temporal, inferior a 24 horas, em função do caudal. Caso o sistema não disponha de medidor de caudal com registo automático, será utilizado o caudal máximo previsto no título para efeitos de avaliação da respetiva conformidade das amostras.",
TUA20231128003521,T000055,L007487.2019.RH3,As condições de descarga poderão vir a ser alteradas em função dos resultados do autocontrolo e da evolução da qualidade do meio recetor ou de outras restrições de utilização local que o justifiquem.,
TUA20231128003521,T000056,L007487.2019.RH3,"Qualquer alteração no funcionamento do sistema de produção e/ou de tratamento, mesmo que não prejudique as condições impostas nesta licença, deve ser comunicada à Entidade Licenciadora no prazo máximo de cinco dias.",
TUA20231128003521,T000057,L007487.2019.RH3,"Qualquer descarga de águas residuais urbanas e/ou industriais, bem como de outras atividades económicas ou serviços, nas redes de drenagem ou diretamente na ETAR, só poderá ocorrer mediante autorização do titular da presente licença e ficará sujeita às disposições constantes dessa autorização não podendo, em qualquer caso, comprometer o cumprimento das condições impostas nesta licença. Qualquer nova situação desta natureza deverá ser comunicada à Entidade Licenciadora.",
TUA20231128003521,T000058,L007487.2019.RH3,"A descarga das águas residuais na água não deve provocar alteração da sua qualidade, nem colocar em risco os seus usos, sendo efetuada de modo a não prejudicar o escoamento natural da corrente e a não contribuir para o aumento dos riscos de erosão no local, ficando o titular responsável pela tomada das medidas consideradas necessárias para a correção das situações que possam ocorrer.",
TUA20231128003521,T000059,L007487.2019.RH3,"O titular obriga-se a efetuar as ações de manutenção, preventivas e corretivas, necessárias ao bom funcionamento da ETAR, incluindo a limpeza dos respetivos órgãos de tratamento devendo guardar os registos detalhados da sua realização, com indicação do destino final das lamas ou outros resíduos produzidos, para efeitos de inspeção ou fiscalização por parte das Entidades Competentes.",
TUA20231128003521,T000060,L007487.2019.RH3,O titular assume a responsabilidade pela eficiência e eficácia dos processos de tratamento e dos procedimentos a adotar com vista a minimizar os efeitos decorrentes da rejeição de águas residuais e a cumprir os objetivos de qualidade definidos para a massa de água recetora.,
TUA20231205003587,T000041,L007491.2019.RH3.V1,O titular obriga-se a implementar as medidas de prevenção de acidentes e de emergência descritas no projeto.,
TUA20231205003587,T000042,L007491.2019.RH3.V1,Impende sobre o titular desta licença a responsabilidade de verificar o cumprimento das normas constantes na autorização de descarga mencionada em T000051.,
TUA20231205003587,T000043,L007491.2019.RH3.V1,"O titular obriga-se a observar todos os preceitos legais no que concerne a segurança, gestão de resíduos e conservação da natureza e também a legislação e os regulamentos específicos das atividades complementares que simultaneamente venham a ser desenvolvidas no local.",
TUA20231205003587,T000044,L007491.2019.RH3.V1,O titular obriga-se a manter o sistema de tratamento adotado em bom estado de funcionamento e conservação.,
TUA20231205003587,T000045,L007491.2019.RH3.V1,"O titular obriga-se a manter um registo atualizado dos valores do autocontrolo, para efeitos de inspeção ou fiscalização por parte das Entidades Competentes.",
TUA20231205003587,T000046,L007491.2019.RH3.V1,"O titular obriga-se a implementar o programa de autocontrolo descrito em EXP8.3.16 e a reportar à Entidade Licenciadora os resultados obtidos, através da plataforma SILiAmb, com a frequência trimestral.",
TUA20231205003587,T000047,L007491.2019.RH3.V1,"Sempre que forem autorizadas descargas de águas residuais de indústrias localizadas fora da malha urbana, a autorização de descarga, prevista em T000055, fica sujeita à aprovação da Entidade Licenciadora.",
TUA20231205003587,T000048,L007491.2019.RH3.V1,"O titular da licença deve respeitar as condições de rejeição indicadas em EXP8.3.13, não podendo efetuar qualquer operação deliberada de diluição das águas residuais. A avaliação de conformidade é determinada com base nos parâmetros definidos e de acordo com T000010.",
TUA20231205003587,T000049,L007491.2019.RH3.V1,"Sempre que se verifique a necessidade de proceder a uma rejeição de emergência da(s) Estação(ões) Elevatória(s), o titular deverá de imediato tomar todas as medidas com vista a minimizar os efeitos daí decorrentes e comunicar a ocorrência à Entidade Licenciadora num prazo máximo de 24 horas seguintes à mesma.",
TUA20231205003587,T000050,L007491.2019.RH3.V1,"Como medida preventiva e minimizadora das consequências inerentes a uma rejeição de emergência no domínio hídrico, o titular deverá diligenciar no sentido de dotar a(s) Estação(ões) Elevatória(s) de um gerador de emergência.",
TUA20231205003587,T000051,L007491.2019.RH3.V1,"A ligação, às redes de drenagem da ETAR geridas pelo titular desta licença, das águas residuais de atividades económicas ou serviços localizados dentro da malha urbana ou diretamente na ETAR que produzam ou utilizem substâncias classificadas como poluentes específicos e/ou substâncias prioritárias/perigosas prioritárias para os meios aquáticos ou que sejam suscetíveis de comprometer o cumprimento das condições impostas nesta licença, nos termos do regulamento previsto no artigo 9º, do Decreto-Lei n.º 152/97, de 19 de junho, com as alterações introduzidas pelos Decretos-Leis n.os 348/98, de 9 de novembro, e 149/2004, de 22 de junho e 198/2008, de 8 de outubro, deve ser encarada com precaução, não podendo, em quaisquer circunstâncias, comprometer o cumprimento das condições impostas nesta licença.",
TUA20231205003587,T000052,L007491.2019.RH3.V1,"Para efeitos de fiscalização ou inspeção poderão ser recolhidas amostras compostas num dado período temporal, inferior a 24 horas, em função do caudal. Caso o sistema não disponha de medidor de caudal com registo automático, será utilizado o caudal máximo previsto no título para efeitos de avaliação da respetiva conformidade das amostras.",
TUA20231205003587,T000053,L007491.2019.RH3.V1,As condições de descarga poderão vir a ser alteradas em função dos resultados do autocontrolo e da evolução da qualidade do meio recetor ou de outras restrições de utilização local que o justifiquem.,
TUA20231205003587,T000054,L007491.2019.RH3.V1,"Qualquer alteração no funcionamento do sistema de produção e/ou de tratamento, mesmo que não prejudique as condições impostas nesta licença, deve ser comunicada à Entidade Licenciadora no prazo máximo de cinco dias.",
TUA20231205003587,T000055,L007491.2019.RH3.V1,"Qualquer descarga de águas residuais urbanas e/ou industriais, bem como de outras atividades económicas ou serviços, nas redes de drenagem ou diretamente na ETAR, só poderá ocorrer mediante autorização do titular da presente licença e ficará sujeita às disposições constantes dessa autorização não podendo, em qualquer caso, comprometer o cumprimento das condições impostas nesta licença. Qualquer nova situação desta natureza deverá ser comunicada à Entidade Licenciadora.",
TUA20231205003587,T000056,L007491.2019.RH3.V1,"A descarga das águas residuais na água não deve provocar alteração da sua qualidade, nem colocar em risco os seus usos, sendo efetuada de modo a não prejudicar o escoamento natural da corrente e a não contribuir para o aumento dos riscos de erosão no local, ficando o titular responsável pela tomada das medidas consideradas necessárias para a correção das situações que possam ocorrer.",
TUA20231205003587,T000057,L007491.2019.RH3.V1,"O titular obriga-se a efetuar as ações de manutenção, preventivas e corretivas, necessárias ao bom funcionamento da ETAR, incluindo a limpeza dos respetivos órgãos de tratamento devendo guardar os registos detalhados da sua realização, com indicação do destino final das lamas ou outros resíduos produzidos, para efeitos de inspeção ou fiscalização por parte das Entidades Competentes.",
TUA20231205003587,T000058,L007491.2019.RH3.V1,O titular assume a responsabilidade pela eficiência e eficácia dos processos de tratamento e dos procedimentos a adotar com vista a minimizar os efeitos decorrentes da rejeição de águas residuais e a cumprir os objetivos de qualidade definidos para a massa de água recetora.,
TUA20231206003600,T000045,L007489.2019.RH3.V1,O titular obriga-se a implementar as medidas de prevenção de acidentes e de emergência descritas no projeto.,
TUA20231206003600,T000046,L007489.2019.RH3.V1,Impende sobre o titular desta licença a responsabilidade de verificar o cumprimento das normas constantes na autorização de descarga mencionada em T000055.,
TUA20231206003600,T000047,L007489.2019.RH3.V1,"O titular obriga-se a observar todos os preceitos legais no que concerne a segurança, gestão de resíduos e conservação da natureza e também a legislação e os regulamentos específicos das atividades complementares que simultaneamente venham a ser desenvolvidas no local.",
TUA20231206003600,T000048,L007489.2019.RH3.V1,O titular obriga-se a manter o sistema de tratamento adotado em bom estado de funcionamento e conservação.,
TUA20231206003600,T000049,L007489.2019.RH3.V1,"O titular obriga-se a manter um registo atualizado dos valores do autocontrolo, para efeitos de inspeção ou fiscalização por parte das Entidades Competentes.",
TUA20231206003600,T000050,L007489.2019.RH3.V1,"O titular obriga-se a implementar o programa de autocontrolo descrito em EXP8.3.16 e a reportar à Entidade Licenciadora os resultados obtidos, através da plataforma SILiAmb, com a frequência trimestral.",
TUA20231206003600,T000051,L007489.2019.RH3.V1,"Sempre que forem autorizadas descargas de águas residuais de indústrias localizadas fora da malha urbana, a autorização de descarga, prevista em T000059, fica sujeita à aprovação da Entidade Licenciadora.",
TUA20231206003600,T000052,L007489.2019.RH3.V1,"O titular da licença deve respeitar as condições de rejeição indicadas em EXP8.3.13, não podendo efetuar qualquer operação deliberada de diluição das águas residuais. A avaliação de conformidade é determinada com base nos parâmetros definidos e de acordo com T000010.",
TUA20231206003600,T000053,L007489.2019.RH3.V1,"Sempre que se verifique a necessidade de proceder a uma rejeição de emergência da(s) Estação(ões) Elevatória(s), o titular deverá de imediato tomar todas as medidas com vista a minimizar os efeitos daí decorrentes e comunicar a ocorrência à Entidade Licenciadora num prazo máximo de 24 horas seguintes à mesma.",
TUA20231206003600,T000054,L007489.2019.RH3.V1,"Como medida preventiva e minimizadora das consequências inerentes a uma rejeição de emergência no domínio hídrico, o titular deverá diligenciar no sentido de dotar a(s) Estação(ões) Elevatória(s) de um gerador de emergência.",
TUA20231206003600,T000055,L007489.2019.RH3.V1,"A ligação, às redes de drenagem da ETAR geridas pelo titular desta licença, das águas residuais de atividades económicas ou serviços localizados dentro da malha urbana ou diretamente na ETAR que produzam ou utilizem substâncias classificadas como poluentes específicos e/ou substâncias prioritárias/perigosas prioritárias para os meios aquáticos ou que sejam suscetíveis de comprometer o cumprimento das condições impostas nesta licença, nos termos do regulamento previsto no artigo 9º, do Decreto-Lei n.º 152/97, de 19 de junho, com as alterações introduzidas pelos Decretos-Leis n.os 348/98, de 9 de novembro, e 149/2004, de 22 de junho e 198/2008, de 8 de outubro, deve ser encarada com precaução, não podendo, em quaisquer circunstâncias, comprometer o cumprimento das condições impostas nesta licença.",
TUA20231206003600,T000056,L007489.2019.RH3.V1,"Para efeitos de fiscalização ou inspeção poderão ser recolhidas amostras compostas num dado período temporal, inferior a 24 horas, em função do caudal. Caso o sistema não disponha de medidor de caudal com registo automático, será utilizado o caudal máximo previsto no título para efeitos de avaliação da respetiva conformidade das amostras.",
TUA20231206003600,T000057,L007489.2019.RH3.V1,As condições de descarga poderão vir a ser alteradas em função dos resultados do autocontrolo e da evolução da qualidade do meio recetor ou de outras restrições de utilização local que o justifiquem.,
TUA20231206003600,T000058,L007489.2019.RH3.V1,"Qualquer alteração no funcionamento do sistema de produção e/ou de tratamento, mesmo que não prejudique as condições impostas nesta licença, deve ser comunicada à Entidade Licenciadora no prazo máximo de cinco dias.",
TUA20231206003600,T000059,L007489.2019.RH3.V1,"Qualquer descarga de águas residuais urbanas e/ou industriais, bem como de outras atividades económicas ou serviços, nas redes de drenagem ou diretamente na ETAR, só poderá ocorrer mediante autorização do titular da presente licença e ficará sujeita às disposições constantes dessa autorização não podendo, em qualquer caso, comprometer o cumprimento das condições impostas nesta licença. Qualquer nova situação desta natureza deverá ser comunicada à Entidade Licenciadora.",
TUA20231206003600,T000060,L007489.2019.RH3.V1,"A descarga das águas residuais na água não deve provocar alteração da sua qualidade, nem colocar em risco os seus usos, sendo efetuada de modo a não prejudicar o escoamento natural da corrente e a não contribuir para o aumento dos riscos de erosão no local, ficando o titular responsável pela tomada das medidas consideradas necessárias para a correção das situações que possam ocorrer.",
TUA20231206003600,T000061,L007489.2019.RH3.V1,"O titular obriga-se a efetuar as ações de manutenção, preventivas e corretivas, necessárias ao bom funcionamento da ETAR, incluindo a limpeza dos respetivos órgãos de tratamento devendo guardar os registos detalhados da sua realização, com indicação do destino final das lamas ou outros resíduos produzidos, para efeitos de inspeção ou fiscalização por parte das Entidades Competentes.",
TUA20231206003600,T000062,L007489.2019.RH3.V1,O titular assume a responsabilidade pela eficiência e eficácia dos processos de tratamento e dos procedimentos a adotar com vista a minimizar os efeitos decorrentes da rejeição de águas residuais e a cumprir os objetivos de qualidade definidos para a massa de água recetora.,
TUA20231206003602,T000044,L007488.2019.RH3.V1,O titular obriga-se a implementar as medidas de prevenção de acidentes e de emergência descritas no projeto.,
TUA20231206003602,T000045,L007488.2019.RH3.V1,Impende sobre o titular desta licença a responsabilidade de verificar o cumprimento das normas constantes na autorização de descarga mencionada em T000054.,
TUA20231206003602,T000046,L007488.2019.RH3.V1,"O titular obriga-se a observar todos os preceitos legais no que concerne a segurança, gestão de resíduos e conservação da natureza e também a legislação e os regulamentos específicos das atividades complementares que simultaneamente venham a ser desenvolvidas no local.",
TUA20231206003602,T000047,L007488.2019.RH3.V1,O titular obriga-se a manter o sistema de tratamento adotado em bom estado de funcionamento e conservação.,
TUA20231206003602,T000048,L007488.2019.RH3.V1,"O titular obriga-se a manter um registo atualizado dos valores do autocontrolo, para efeitos de inspeção ou fiscalização por parte das Entidades Competentes.",
TUA20231206003602,T000049,L007488.2019.RH3.V1,"O titular obriga-se a implementar o programa de autocontrolo descrito em EXP8.3.16 e a reportar à Entidade Licenciadora os resultados obtidos, através da plataforma SILiAmb, com a frequência trimestral.",
TUA20231206003602,T000050,L007488.2019.RH3.V1,"Sempre que forem autorizadas descargas de águas residuais de indústrias localizadas fora da malha urbana, a autorização de descarga, prevista em T000058, fica sujeita à aprovação da Entidade Licenciadora.",
TUA20231206003602,T000051,L007488.2019.RH3.V1,"O titular da licença deve respeitar as condições de rejeição indicadas em EXP8.3.13, não podendo efetuar qualquer operação deliberada de diluição das águas residuais. A avaliação de conformidade é determinada com base nos parâmetros definidos e de acordo com T000010.",
TUA20231206003602,T000052,L007488.2019.RH3.V1,"Sempre que se verifique a necessidade de proceder a uma rejeição de emergência da(s) Estação(ões) Elevatória(s), o titular deverá de imediato tomar todas as medidas com vista a minimizar os efeitos daí decorrentes e comunicar a ocorrência à Entidade Licenciadora num prazo máximo de 24 horas seguintes à mesma.",
TUA20231206003602,T000053,L007488.2019.RH3.V1,"Como medida preventiva e minimizadora das consequências inerentes a uma rejeição de emergência no domínio hídrico, o titular deverá diligenciar no sentido de dotar a(s) Estação(ões) Elevatória(s) de um gerador de emergência.",
TUA20231206003602,T000054,L007488.2019.RH3.V1,"A ligação, às redes de drenagem da ETAR geridas pelo titular desta licença, das águas residuais de atividades económicas ou serviços localizados dentro da malha urbana ou diretamente na ETAR que produzam ou utilizem substâncias classificadas como poluentes específicos e/ou substâncias prioritárias/perigosas prioritárias para os meios aquáticos ou que sejam suscetíveis de comprometer o cumprimento das condições impostas nesta licença, nos termos do regulamento previsto no artigo 9º, do Decreto-Lei n.º 152/97, de 19 de junho, com as alterações introduzidas pelos Decretos-Leis n.os 348/98, de 9 de novembro, e 149/2004, de 22 de junho e 198/2008, de 8 de outubro, deve ser encarada com precaução, não podendo, em quaisquer circunstâncias, comprometer o cumprimento das condições impostas nesta licença.",
TUA20231206003602,T000055,L007488.2019.RH3.V1,"Para efeitos de fiscalização ou inspeção poderão ser recolhidas amostras compostas num dado período temporal, inferior a 24 horas, em função do caudal. Caso o sistema não disponha de medidor de caudal com registo automático, será utilizado o caudal máximo previsto no título para efeitos de avaliação da respetiva conformidade das amostras.",
TUA20231206003602,T000056,L007488.2019.RH3.V1,As condições de descarga poderão vir a ser alteradas em função dos resultados do autocontrolo e da evolução da qualidade do meio recetor ou de outras restrições de utilização local que o justifiquem.,
TUA20231206003602,T000057,L007488.2019.RH3.V1,"Qualquer alteração no funcionamento do sistema de produção e/ou de tratamento, mesmo que não prejudique as condições impostas nesta licença, deve ser comunicada à Entidade Licenciadora no prazo máximo de cinco dias.",
TUA20231206003602,T000058,L007488.2019.RH3.V1,"Qualquer descarga de águas residuais urbanas e/ou industriais, bem como de outras atividades económicas ou serviços, nas redes de drenagem ou diretamente na ETAR, só poderá ocorrer mediante autorização do titular da presente licença e ficará sujeita às disposições constantes dessa autorização não podendo, em qualquer caso, comprometer o cumprimento das condições impostas nesta licença. Qualquer nova situação desta natureza deverá ser comunicada à Entidade Licenciadora.",
TUA20231206003602,T000059,L007488.2019.RH3.V1,"A descarga das águas residuais na água não deve provocar alteração da sua qualidade, nem colocar em risco os seus usos, sendo efetuada de modo a não prejudicar o escoamento natural da corrente e a não contribuir para o aumento dos riscos de erosão no local, ficando o titular responsável pela tomada das medidas consideradas necessárias para a correção das situações que possam ocorrer.",
TUA20231206003602,T000060,L007488.2019.RH3.V1,"O titular obriga-se a efetuar as ações de manutenção, preventivas e corretivas, necessárias ao bom funcionamento da ETAR, incluindo a limpeza dos respetivos órgãos de tratamento devendo guardar os registos detalhados da sua realização, com indicação do destino final das lamas ou outros resíduos produzidos, para efeitos de inspeção ou fiscalização por parte das Entidades Competentes.",
TUA20231206003602,T000061,L007488.2019.RH3.V1,O titular assume a responsabilidade pela eficiência e eficácia dos processos de tratamento e dos procedimentos a adotar com vista a minimizar os efeitos decorrentes da rejeição de águas residuais e a cumprir os objetivos de qualidade definidos para a massa de água recetora.,
TUA20231211003636,T000043,L005712.2019.RH3.V1,O titular obriga-se a implementar as medidas de prevenção de acidentes e de emergência descritas no projeto.,
TUA20231211003636,T000044,L005712.2019.RH3.V1,Impende sobre o titular desta licença a responsabilidade de verificar o cumprimento das normas constantes na autorização de descarga mencionada em T000053.,
TUA20231211003636,T000045,L005712.2019.RH3.V1,"O titular obriga-se a observar todos os preceitos legais no que concerne a segurança, gestão de resíduos e conservação da natureza e também a legislação e os regulamentos específicos das atividades complementares que simultaneamente venham a ser desenvolvidas no local.",
TUA20231211003636,T000046,L005712.2019.RH3.V1,O titular obriga-se a manter o sistema de tratamento adotado em bom estado de funcionamento e conservação.,
TUA20231211003636,T000047,L005712.2019.RH3.V1,"O titular obriga-se a manter um registo atualizado dos valores do autocontrolo, para efeitos de inspeção ou fiscalização por parte das Entidades Competentes.",
TUA20231211003636,T000048,L005712.2019.RH3.V1,"O titular obriga-se a implementar o programa de autocontrolo descrito em EXP8.3.16 e a reportar à Entidade Licenciadora os resultados obtidos, através da plataforma SILiAmb, com a frequência trimestral.",
TUA20231211003636,T000049,L005712.2019.RH3.V1,"Sempre que forem autorizadas descargas de águas residuais de indústrias localizadas fora da malha urbana, a autorização de descarga, prevista em T000055, fica sujeita à aprovação da Entidade Licenciadora.",
TUA20231211003636,T000050,L005712.2019.RH3.V1,"O titular da licença deve respeitar as condições de rejeição indicadas em EXP8.3.13, não podendo efetuar qualquer operação deliberada de diluição das águas residuais. A avaliação de conformidade é determinada com base nos parâmetros definidos e de acordo com T000010.",
TUA20231211003636,T000051,L005712.2019.RH3.V1,"Sempre que se verifique a necessidade de proceder a uma rejeição de emergência da(s) Estação(ões) Elevatória(s), o titular deverá de imediato tomar todas as medidas com vista a minimizar os efeitos daí decorrentes e comunicar a ocorrência à Entidade Licenciadora num prazo máximo de 24 horas seguintes à mesma.",
TUA20231211003636,T000052,L005712.2019.RH3.V1,"Como medida preventiva e minimizadora das consequências inerentes a uma rejeição de emergência no domínio hídrico, o titular deverá diligenciar no sentido de dotar a(s) Estação(ões) Elevatória(s) de um gerador de emergência.",
TUA20231211003636,T000053,L005712.2019.RH3.V1,"A ligação, às redes de drenagem da ETAR geridas pelo titular desta licença, das águas residuais de atividades económicas ou serviços localizados dentro da malha urbana ou diretamente na ETAR que produzam ou utilizem substâncias classificadas como poluentes específicos e/ou substâncias prioritárias/perigosas prioritárias para os meios aquáticos ou que sejam suscetíveis de comprometer o cumprimento das condições impostas nesta licença, nos termos do regulamento previsto no artigo 9º, do Decreto-Lei n.º 152/97, de 19 de junho, com as alterações introduzidas pelos Decretos-Leis n.os 348/98, de 9 de novembro, e 149/2004, de 22 de junho e 198/2008, de 8 de outubro, deve ser encarada com precaução, não podendo, em quaisquer circunstâncias, comprometer o cumprimento das condições impostas nesta licença.",
TUA20231211003636,T000054,L005712.2019.RH3.V1,"Qualquer alteração no funcionamento do sistema de produção e/ou de tratamento, mesmo que não prejudique as condições impostas nesta licença, deve ser comunicada à Entidade Licenciadora no prazo máximo de cinco dias.",
TUA20231211003636,T000055,L005712.2019.RH3.V1,"Qualquer descarga de águas residuais urbanas e/ou industriais, bem como de outras atividades económicas ou serviços, nas redes de drenagem ou diretamente na ETAR, só poderá ocorrer mediante autorização do titular da presente licença e ficará sujeita às disposições constantes dessa autorização não podendo, em qualquer caso, comprometer o cumprimento das condições impostas nesta licença. Qualquer nova situação desta natureza deverá ser comunicada à Entidade Licenciadora.",
TUA20231211003636,T000056,L005712.2019.RH3.V1,"A descarga das águas residuais na água não deve provocar alteração da sua qualidade, nem colocar em risco os seus usos, sendo efetuada de modo a não prejudicar o escoamento natural da corrente e a não contribuir para o aumento dos riscos de erosão no local, ficando o titular responsável pela tomada das medidas consideradas necessárias para a correção das situações que possam ocorrer.",
TUA20231211003636,T000057,L005712.2019.RH3.V1,"O titular obriga-se a efetuar as ações de manutenção, preventivas e corretivas, necessárias ao bom funcionamento da ETAR, incluindo a limpeza dos respetivos órgãos de tratamento devendo guardar os registos detalhados da sua realização, com indicação do destino final das lamas ou outros resíduos produzidos, para efeitos de inspeção ou fiscalização por parte das Entidades Competentes.",
TUA20231211003636,T000058,L005712.2019.RH3.V1,O titular assume a responsabilidade pela eficiência e eficácia dos processos de tratamento e dos procedimentos a adotar com vista a minimizar os efeitos decorrentes da rejeição de águas residuais e a cumprir os objetivos de qualidade definidos para a massa de água recetora.,
TUA20231212003641,T000043,L047135.2023.RH5A.V1,O titular obriga-se a implementar as medidas de prevenção de acidentes e de emergência descritas no projeto.,
TUA20231212003641,T000044,L047135.2023.RH5A.V1,Impende sobre o titular desta licença a responsabilidade de verificar o cumprimento das normas constantes na autorização de descarga supra mencionada.,
TUA20231212003641,T000045,L047135.2023.RH5A.V1,"O titular obriga-se a observar todos os preceitos legais no que concerne a segurança, gestão de resíduos e conservação da natureza e também a legislação e os regulamentos específicos das atividades complementares que simultaneamente venham a ser desenvolvidas no local.",
TUA20231212003641,T000046,L047135.2023.RH5A.V1,O titular obriga-se a manter o sistema de tratamento adotado em bom estado de funcionamento e conservação.,
TUA20231212003641,T000047,L047135.2023.RH5A.V1,"O titular obriga-se a manter um registo atualizado dos valores do autocontrolo, para efeitos de inspeção ou fiscalização por parte das Entidades Competentes.",
TUA20231212003641,T000048,L047135.2023.RH5A.V1,O titular obriga-se a implementar o programa de autocontrolo descrito no respetivo Anexo e a enviar à Entidade Licenciadora os dados obtidos com o formato e periodicidade definidos no mesmo.,
TUA20231212003641,T000049,L047135.2023.RH5A.V1,"Sempre que forem autorizadas descargas de águas residuais de indústrias localizadas fora da malha urbana, a autorização de descarga, prevista na cláusula anterior, fica sujeita à aprovação da Entidade Licenciadora.",
TUA20231212003641,T000050,L047135.2023.RH5A.V1,"O titular da licença deve respeitar as condições de descarga indicadas no respetivo Anexo, não podendo efetuar qualquer operação deliberada de diluição das águas residuais. A avaliação de conformidade é determinada com base nos parâmetros definidos e de acordo com o mencionado no Anexo.",
TUA20231212003641,T000051,L047135.2023.RH5A.V1,Fazem parte integrante do presente título todos os anexos autenticados que o acompanham.,
TUA20231212003641,T000052,L047135.2023.RH5A.V1,"Para efeitos de fiscalização ou inspeção poderão ser recolhidas amostras compostas num dado período temporal, inferior a 24 horas, em função do caudal. Caso o sistema não disponha de medidor de caudal com registo automático, será utilizado o caudal máximo previsto no título para efeitos de avaliação da respetiva conformidade das amostras.",
TUA20231212003641,T000053,L047135.2023.RH5A.V1,As condições de descarga poderão vir a ser alteradas em função dos resultados do autocontrolo e da evolução da qualidade do meio recetor ou de outras restrições de utilização local que o justifiquem.,
TUA20231212003641,T000054,L047135.2023.RH5A.V1,"Qualquer alteração no funcionamento do sistema de produção e/ou de tratamento, mesmo que não prejudique as condições impostas nesta licença, deve ser comunicada à Entidade Licenciadora no prazo máximo de cinco dias.",
TUA20231212003641,T000055,L047135.2023.RH5A.V1,"Qualquer descarga de águas residuais urbanas e/ou industriais, bem como de outras atividades económicas ou serviços, nas redes de drenagem ou diretamente na ETAR, só poderá ocorrer mediante autorização do titular da presente licença e ficará sujeita às disposições constantes dessa autorização não podendo, em qualquer caso, comprometer o cumprimento das condições impostas nesta licença. Qualquer nova situação desta natureza deverá ser comunicada à Entidade Licenciadora.",
TUA20231212003641,T000056,L047135.2023.RH5A.V1,"Não deverá ocorrer obstrução da linha de água, promovendo o titular a limpeza de todos os materiais que eventualmente caiam para a mesma. As intervenções deverão ser executadas de forma a evitar que as escorrências e/ou detritos sejam lançados na linha de água ou colocados nas suas margens.",
TUA20231212003641,T000057,L047135.2023.RH5A.V1,"A descarga das águas residuais na água não deve provocar alteração da sua qualidade, nem colocar em risco os seus usos, sendo efetuada de modo a não prejudicar o escoamento natural da corrente e a não contribuir para o aumento dos riscos de erosão no local, ficando o titular responsável pela tomada das medidas consideradas necessárias para a correção das situações que possam ocorrer.",
TUA20231212003641,,,"O titular obriga-se a efetuar as ações de manutenção, preventivas e corretivas, necessárias ao bom funcionamento da ETAR, incluindo a limpeza dos",
TUA20231212003641,Código,Código TURH,Condição,
TUA20231212003641,T000058,L047135.2023.RH5A.V1,"respetivos órgãos de tratamento devendo guardar os registos detalhados da sua realização, com indicação do destino final das lamas ou outros resíduos produzidos, para efeitos de inspeção ou fiscalização por parte das Entidades Competentes.",
TUA20231212003641,T000059,L047135.2023.RH5A.V1,O titular assume a responsabilidade pela eficiência e eficácia dos processos de tratamento e dos procedimentos a adotar com vista a minimizar os efeitos decorrentes da rejeição de águas residuais e a cumprir os objetivos de qualidade definidos para a massa de água recetora.,
TUA20231228003808,T000043,L007492.2019.RH3.V1,O titular obriga-se a implementar as medidas de prevenção de acidentes e de emergência descritas no projeto.,
TUA20231228003808,T000044,L007492.2019.RH3.V1,Impende sobre o titular desta licença a responsabilidade de verificar o cumprimento das normas constantes na autorização de descarga mencionada em T000053.,
TUA20231228003808,T000045,L007492.2019.RH3.V1,"O titular obriga-se a observar todos os preceitos legais no que concerne a segurança, gestão de resíduos e conservação da natureza e também a legislação e os regulamentos específicos das atividades complementares que simultaneamente venham a ser desenvolvidas no local.",
TUA20231228003808,T000046,L007492.2019.RH3.V1,O titular obriga-se a manter o sistema de tratamento adotado em bom estado de funcionamento e conservação.,
TUA20231228003808,T000047,L007492.2019.RH3.V1,"O titular obriga-se a manter um registo atualizado dos valores do autocontrolo, para efeitos de inspeção ou fiscalização por parte das Entidades Competentes.",
TUA20231228003808,T000048,L007492.2019.RH3.V1,"O titular obriga-se a implementar o programa de autocontrolo descrito em EXP8.3.16 e a reportar à Entidade Licenciadora os resultados obtidos, através da plataforma SILiAmb, com a frequência trimestral.",
TUA20231228003808,T000049,L007492.2019.RH3.V1,"Sempre que forem autorizadas descargas de águas residuais de indústrias localizadas fora da malha urbana, a autorização de descarga, prevista em T000057, fica sujeita à aprovação da Entidade Licenciadora.",
TUA20231228003808,T000050,L007492.2019.RH3.V1,"O titular da licença deve respeitar as condições de rejeição indicadas em EXP8.3.13, não podendo efetuar qualquer operação deliberada de diluição das águas residuais. A avaliação de conformidade é determinada com base nos parâmetros definidos e de acordo com T000010.",
TUA20231228003808,T000051,L007492.2019.RH3.V1,"Sempre que se verifique a necessidade de proceder a uma rejeição de emergência da(s) Estação(ões) Elevatória(s), o titular deverá de imediato tomar todas as medidas com vista a minimizar os efeitos daí decorrentes e comunicar a ocorrência à Entidade Licenciadora num prazo máximo de 24 horas seguintes à mesma.",
TUA20231228003808,T000052,L007492.2019.RH3.V1,"Como medida preventiva e minimizadora das consequências inerentes a uma rejeição de emergência no domínio hídrico, o titular deverá diligenciar no sentido de dotar a(s) Estação(ões) Elevatória(s) de um gerador de emergência.",
TUA20231228003808,T000053,L007492.2019.RH3.V1,"A ligação, às redes de drenagem da ETAR geridas pelo titular desta licença, das águas residuais de atividades económicas ou serviços localizados dentro da malha urbana ou diretamente na ETAR que produzam ou utilizem substâncias classificadas como poluentes específicos e/ou substâncias prioritárias/perigosas prioritárias para os meios aquáticos ou que sejam suscetíveis de comprometer o cumprimento das condições impostas nesta licença, nos termos do regulamento previsto no artigo 9º, do Decreto-Lei n.º 152/97, de 19 de junho, com as alterações introduzidas pelos Decretos-Leis n.os 348/98, de 9 de novembro, e 149/2004, de 22 de junho e 198/2008, de 8 de outubro, deve ser encarada com precaução, não podendo, em quaisquer circunstâncias, comprometer o cumprimento das condições impostas nesta licença.",
TUA20231228003808,T000054,L007492.2019.RH3.V1,"Para efeitos de fiscalização ou inspeção poderão ser recolhidas amostras compostas num dado período temporal, inferior a 24 horas, em função do caudal. Caso o sistema não disponha de medidor de caudal com registo automático, será utilizado o caudal máximo previsto no título para efeitos de avaliação da respetiva conformidade das amostras.",
TUA20231228003808,T000055,L007492.2019.RH3.V1,As condições de descarga poderão vir a ser alteradas em função dos resultados do autocontrolo e da evolução da qualidade do meio recetor ou de outras restrições de utilização local que o justifiquem.,
TUA20231228003808,T000056,L007492.2019.RH3.V1,"Qualquer alteração no funcionamento do sistema de produção e/ou de tratamento, mesmo que não prejudique as condições impostas nesta licença, deve ser comunicada à Entidade Licenciadora no prazo máximo de cinco dias.",
TUA20231228003808,T000057,L007492.2019.RH3.V1,"Qualquer descarga de águas residuais urbanas e/ou industriais, bem como de outras atividades económicas ou serviços, nas redes de drenagem ou diretamente na ETAR, só poderá ocorrer mediante autorização do titular da presente licença e ficará sujeita às disposições constantes dessa autorização não podendo, em qualquer caso, comprometer o cumprimento das condições impostas nesta licença. Qualquer nova situação desta natureza deverá ser comunicada à Entidade Licenciadora.",
TUA20231228003808,T000058,L007492.2019.RH3.V1,"A descarga das águas residuais na água não deve provocar alteração da sua qualidade, nem colocar em risco os seus usos, sendo efetuada de modo a não prejudicar o escoamento natural da corrente e a não contribuir para o aumento dos riscos de erosão no local, ficando o titular responsável pela tomada das medidas consideradas necessárias para a correção das situações que possam ocorrer.",
TUA20231228003808,T000059,L007492.2019.RH3.V1,"O titular obriga-se a efetuar as ações de manutenção, preventivas e corretivas, necessárias ao bom funcionamento da ETAR, incluindo a limpeza dos respetivos órgãos de tratamento devendo guardar os registos detalhados da sua realização, com indicação do destino final das lamas ou outros resíduos produzidos, para efeitos de inspeção ou fiscalização por parte das Entidades Competentes.",
TUA20231228003808,T000060,L007492.2019.RH3.V1,O titular assume a responsabilidade pela eficiência e eficácia dos processos de tratamento e dos procedimentos a adotar com vista a minimizar os efeitos decorrentes da rejeição de águas residuais e a cumprir os objetivos de qualidade definidos para a massa de água recetora.,
TUA20240131000275,T000052,L015762.2013.RH5-T1.V1,O titular obriga-se a implementar as medidas de prevenção de acidentes e de emergência descritas no projeto.,
TUA20240131000275,T000053,L015762.2013.RH5-T1.V1,"O titular obriga-se a solicitar a ligação ao coletor municipal assim que a rede de saneamento exista e permita o encaminhamento dos efluentes ao sistema público, desativando o sistema individual de tratamento, o qual deverá ser demolido ou entulhado, e proceder à recuperação ambiental do local onde o mesmo se encontra atualmente instalado.",
TUA20240131000275,T000054,L015762.2013.RH5-T1.V1,Impende sobre o titular desta licença a responsabilidade de verificar o cumprimento das normas constantes na autorização de descarga supra mencionada.,
TUA20240131000275,T000055,L015762.2013.RH5-T1.V1,"O titular obriga-se a observar todos os preceitos legais no que concerne a segurança, gestão de resíduos e conservação da natureza e também a legislação e os regulamentos específicos das atividades complementares que simultaneamente venham a ser desenvolvidas no local.",
TUA20240131000275,T000056,L015762.2013.RH5-T1.V1,O titular obriga-se a manter o sistema de tratamento adotado em bom estado de funcionamento e conservação.,
TUA20240131000275,T000057,L015762.2013.RH5-T1.V1,"O titular obriga-se a manter um registo atualizado dos valores do autocontrolo, para efeitos de inspeção ou fiscalização por parte das Entidades",
TUA20240131000275,,,Competentes.,
TUA20240131000275,T000058,L015762.2013.RH5-T1.V1,O titular obriga-se a implementar o programa de autocontrolo descrito no respetivo Anexo e a enviar à Entidade Licenciadora os dados obtidos com o formato e periodicidade definidos no mesmo.,
TUA20240131000275,T000059,L015762.2013.RH5-T1.V1,"O titular da licença deve respeitar as condições de descarga indicadas no respetivo Anexo, não podendo efetuar qualquer operação deliberada de diluição das águas residuais. A avaliação de conformidade é determinada com base nos parâmetros definidos e de acordo com o mencionado no Anexo.",
TUA20240131000275,T000060,L015762.2013.RH5-T1.V1,Fazem parte integrante do presente título todos os anexos autenticados que o acompanham.,
TUA20240131000275,T000061,L015762.2013.RH5-T1.V1,"Para efeitos de fiscalização ou inspeção poderão ser recolhidas amostras compostas num dado período temporal, inferior a 24 horas, em função do caudal. Caso o sistema não disponha de medidor de caudal com registo automático, será utilizado o caudal máximo previsto no título para efeitos de avaliação da respetiva conformidade das amostras.",
TUA20240131000275,T000062,L015762.2013.RH5-T1.V1,As condições de descarga poderão vir a ser alteradas em função dos resultados do autocontrolo e da evolução da qualidade do meio recetor ou de outras restrições de utilização local que o justifiquem.,
TUA20240131000275,T000063,L015762.2013.RH5-T1.V1,"Qualquer alteração no funcionamento do sistema de produção e/ou de tratamento, mesmo que não prejudique as condições impostas nesta licença, deve ser comunicada à Entidade Licenciadora no prazo máximo de cinco dias.",
TUA20240131000275,T000064,L015762.2013.RH5-T1.V1,"Qualquer descarga de águas residuais urbanas e/ou industriais, bem como de outras atividades económicas ou serviços, nas redes de drenagem ou diretamente na ETAR, só poderá ocorrer mediante autorização do titular da presente licença e ficará sujeita às disposições constantes dessa autorização não podendo, em qualquer caso, comprometer o cumprimento das condições impostas nesta licença. Qualquer nova situação desta natureza deverá ser comunicada à Entidade Licenciadora.",
TUA20240131000275,T000065,L015762.2013.RH5-T1.V1,"A descarga das águas residuais na água não deve provocar alteração da sua qualidade, nem colocar em risco os seus usos, sendo efetuada de modo a não prejudicar o escoamento natural da corrente e a não contribuir para o aumento dos riscos de erosão no local, ficando o titular responsável pela tomada das medidas consideradas necessárias para a correção das situações que possam ocorrer.",
TUA20240131000275,T000066,L015762.2013.RH5-T1.V1,"O titular obriga-se a efetuar as ações de manutenção, preventivas e corretivas, necessárias ao bom funcionamento da ETAR, incluindo a limpeza dos respetivos órgãos de tratamento devendo guardar os registos detalhados da sua realização, com indicação do destino final das lamas ou outros resíduos produzidos, para efeitos de inspeção ou fiscalização por parte das Entidades Competentes.",
TUA20240131000275,T000067,L015762.2013.RH5-T1.V1,O titular assume a responsabilidade pela eficiência e eficácia dos processos de tratamento e dos procedimentos a adotar com vista a minimizar os efeitos decorrentes da rejeição de águas residuais e a cumprir os objetivos de qualidade definidos para a massa de água recetora.,
TUA20240131000276,T000048,L010891.2013.RH5-T1.V1,O titular obriga-se a implementar as medidas de prevenção de acidentes e de emergência descritas no projeto.,
TUA20240131000276,T000049,L010891.2013.RH5-T1.V1,"O titular obriga-se a solicitar a ligação ao coletor municipal assim que a rede de saneamento exista e permita o encaminhamento dos efluentes ao sistema público, desativando o sistema individual de tratamento, o qual deverá ser demolido ou entulhado, e proceder à recuperação ambiental do local onde o mesmo se encontra atualmente instalado.",
TUA20240131000276,T000050,L010891.2013.RH5-T1.V1,Impende sobre o titular desta licença a responsabilidade de verificar o cumprimento das normas constantes na autorização de descarga supra mencionada.,
TUA20240131000276,T000051,L010891.2013.RH5-T1.V1,"O titular obriga-se a observar todos os preceitos legais no que concerne a segurança, gestão de resíduos e conservação da natureza e também a legislação e os regulamentos específicos das atividades complementares que simultaneamente venham a ser desenvolvidas no local.",
TUA20240131000276,T000052,L010891.2013.RH5-T1.V1,O titular obriga-se a manter o sistema de tratamento adotado em bom estado de funcionamento e conservação.,
TUA20240131000276,T000053,L010891.2013.RH5-T1.V1,"O titular obriga-se a manter um registo atualizado dos valores do autocontrolo, para efeitos de inspeção ou fiscalização por parte das Entidades Competentes.",
TUA20240131000276,T000054,L010891.2013.RH5-T1.V1,O titular obriga-se a implementar o programa de autocontrolo descrito no respetivo Anexo e a enviar à Entidade Licenciadora os dados obtidos com o formato e periodicidade definidos no mesmo.,
TUA20240131000276,T000055,L010891.2013.RH5-T1.V1,"O titular da licença deve respeitar as condições de descarga indicadas no respetivo Anexo, não podendo efetuar qualquer operação deliberada de diluição das águas residuais. A avaliação de conformidade é determinada com base nos parâmetros definidos e de acordo com o mencionado no Anexo.",
TUA20240131000276,T000056,L010891.2013.RH5-T1.V1,Fazem parte integrante do presente título todos os anexos autenticados que o acompanham.,
TUA20240131000276,T000057,L010891.2013.RH5-T1.V1,"Para efeitos de fiscalização ou inspeção poderão ser recolhidas amostras compostas num dado período temporal, inferior a 24 horas, em função do caudal. Caso o sistema não disponha de medidor de caudal com registo automático, será utilizado o caudal máximo previsto no título para efeitos de avaliação da respetiva conformidade das amostras.",
TUA20240131000276,T000058,L010891.2013.RH5-T1.V1,As condições de descarga poderão vir a ser alteradas em função dos resultados do autocontrolo e da evolução da qualidade do meio recetor ou de outras restrições de utilização local que o justifiquem.,
TUA20240131000276,T000059,L010891.2013.RH5-T1.V1,"Qualquer alteração no funcionamento do sistema de produção e/ou de tratamento, mesmo que não prejudique as condições impostas nesta licença, deve ser comunicada à Entidade Licenciadora no prazo máximo de cinco dias.",
TUA20240131000276,T000060,L010891.2013.RH5-T1.V1,"Qualquer descarga de águas residuais urbanas e/ou industriais, bem como de outras atividades económicas ou serviços, nas redes de drenagem ou diretamente na ETAR, só poderá ocorrer mediante autorização do titular da presente licença e ficará sujeita às disposições constantes dessa autorização não podendo, em qualquer caso, comprometer o cumprimento das condições impostas nesta licença. Qualquer nova situação desta natureza deverá ser comunicada à Entidade Licenciadora.",
TUA20240131000276,T000061,L010891.2013.RH5-T1.V1,"A descarga das águas residuais na água não deve provocar alteração da sua qualidade, nem colocar em risco os seus usos, sendo efetuada de modo a não prejudicar o escoamento natural da corrente e a não contribuir para o aumento dos riscos de erosão no local, ficando o titular responsável pela tomada das medidas consideradas necessárias para a correção das situações que possam ocorrer.",
TUA20240131000276,T000062,L010891.2013.RH5-T1.V1,"O titular obriga-se a efetuar as ações de manutenção, preventivas e corretivas, necessárias ao bom funcionamento da ETAR, incluindo a limpeza dos respetivos órgãos de tratamento devendo guardar os registos detalhados da sua realização, com indicação do destino final das lamas ou outros resíduos produzidos, para efeitos de inspeção ou fiscalização por parte das Entidades Competentes.",
TUA20240131000276,,,O titular assume a responsabilidade pela eficiência e eficácia dos processos de tratamento e dos procedimentos a adotar com vista a minimizar os,
TUA20240131000276,T000063,L010891.2013.RH5-T1.V1,efeitos decorrentes da rejeição de águas residuais e a cumprir os objetivos de qualidade definidos para a massa de água recetora.,
TUA20240216000439,T000046,L047225.2023.RH5A.V1,O titular obriga-se a implementar as medidas de prevenção de acidentes e de emergência descritas no projeto.,
TUA20240216000439,T000047,L047225.2023.RH5A.V1,"O titular obriga-se a solicitar a ligação ao coletor municipal assim que a rede de saneamento exista e permita o encaminhamento dos efluentes ao sistema público, desativando o sistema individual de tratamento, o qual deverá ser demolido ou entulhado, e proceder à recuperação ambiental do local onde o mesmo se encontra atualmente instalado.",
TUA20240216000439,T000048,L047225.2023.RH5A.V1,Impende sobre o titular desta licença a responsabilidade de verificar o cumprimento das normas constantes na autorização de descarga supra mencionada.,
TUA20240216000439,T000049,L047225.2023.RH5A.V1,"O titular obriga-se a observar todos os preceitos legais no que concerne a segurança, gestão de resíduos e conservação da natureza e também a legislação e os regulamentos específicos das atividades complementares que simultaneamente venham a ser desenvolvidas no local.",
TUA20240216000439,T000050,L047225.2023.RH5A.V1,O titular obriga-se a manter o sistema de tratamento adotado em bom estado de funcionamento e conservação.,
TUA20240216000439,T000051,L047225.2023.RH5A.V1,"O titular obriga-se a manter um registo atualizado dos valores do autocontrolo, para efeitos de inspeção ou fiscalização por parte das Entidades Competentes.",
TUA20240216000439,T000052,L047225.2023.RH5A.V1,O titular obriga-se a implementar o programa de autocontrolo descrito no respetivo Anexo e a enviar à Entidade Licenciadora os dados obtidos com o formato e periodicidade definidos no mesmo.,
TUA20240216000439,T000053,L047225.2023.RH5A.V1,"O titular da licença deve respeitar as condições de descarga indicadas no respetivo Anexo, não podendo efetuar qualquer operação deliberada de diluição das águas residuais. A avaliação de conformidade é determinada com base nos parâmetros definidos e de acordo com o mencionado no Anexo.",
TUA20240216000439,T000054,L047225.2023.RH5A.V1,Fazem parte integrante do presente título todos os anexos autenticados que o acompanham.,
TUA20240216000439,T000055,L047225.2023.RH5A.V1,"Para efeitos de fiscalização ou inspeção poderão ser recolhidas amostras compostas num dado período temporal, inferior a 24 horas, em função do caudal. Caso o sistema não disponha de medidor de caudal com registo automático, será utilizado o caudal máximo previsto no título para efeitos de avaliação da respetiva conformidade das amostras.",
TUA20240216000439,T000056,L047225.2023.RH5A.V1,As condições de descarga poderão vir a ser alteradas em função dos resultados do autocontrolo e da evolução da qualidade do meio recetor ou de outras restrições de utilização local que o justifiquem.,
TUA20240216000439,T000057,L047225.2023.RH5A.V1,"Qualquer alteração no funcionamento do sistema de produção e/ou de tratamento, mesmo que não prejudique as condições impostas nesta licença, deve ser comunicada à Entidade Licenciadora no prazo máximo de cinco dias.",
TUA20240216000439,T000058,L047225.2023.RH5A.V1,"Qualquer descarga de águas residuais urbanas e/ou industriais, bem como de outras atividades económicas ou serviços, nas redes de drenagem ou diretamente na ETAR, só poderá ocorrer mediante autorização do titular da presente licença e ficará sujeita às disposições constantes dessa autorização não podendo, em qualquer caso, comprometer o cumprimento das condições impostas nesta licença. Qualquer nova situação desta natureza deverá ser comunicada à Entidade Licenciadora.",
TUA20240216000439,T000059,L047225.2023.RH5A.V1,"A descarga das águas residuais na água não deve provocar alteração da sua qualidade, nem colocar em risco os seus usos, sendo efetuada de modo a não prejudicar o escoamento natural da corrente e a não contribuir para o aumento dos riscos de erosão no local, ficando o titular responsável pela tomada das medidas consideradas necessárias para a correção das situações que possam ocorrer.",
TUA20240216000439,T000060,L047225.2023.RH5A.V1,"O titular obriga-se a efetuar as ações de manutenção, preventivas e corretivas, necessárias ao bom funcionamento da ETAR, incluindo a limpeza dos respetivos órgãos de tratamento devendo guardar os registos detalhados da sua realização, com indicação do destino final das lamas ou outros resíduos produzidos, para efeitos de inspeção ou fiscalização por parte das Entidades Competentes.",
TUA20240216000439,T000061,L047225.2023.RH5A.V1,O titular assume a responsabilidade pela eficiência e eficácia dos processos de tratamento e dos procedimentos a adotar com vista a minimizar os efeitos decorrentes da rejeição de águas residuais e a cumprir os objetivos de qualidade definidos para a massa de água recetora.,
TUA20240216000440,T000073,L008275.2018.RH5A.V1,O titular obriga-se a implementar as medidas de prevenção de acidentes e de emergência descritas no projeto.,
TUA20240216000440,T000074,L008275.2018.RH5A.V1,"O titular obriga-se a solicitar a ligação ao coletor municipal assim que a rede de saneamento exista e permita o encaminhamento dos efluentes ao sistema público, desativando o sistema individual de tratamento, o qual deverá ser demolido ou entulhado, e proceder à recuperação ambiental do local onde o mesmo se encontra atualmente instalado.",
TUA20240216000440,T000075,L008275.2018.RH5A.V1,Impende sobre o titular desta licença a responsabilidade de verificar o cumprimento das normas constantes na autorização de descarga supra mencionada.,
TUA20240216000440,T000076,L008275.2018.RH5A.V1,"O titular obriga-se a observar todos os preceitos legais no que concerne a segurança, gestão de resíduos e conservação da natureza e também a legislação e os regulamentos específicos das atividades complementares que simultaneamente venham a ser desenvolvidas no local.",
TUA20240216000440,T000077,L008275.2018.RH5A.V1,O titular obriga-se a manter o sistema de tratamento adotado em bom estado de funcionamento e conservação.,
TUA20240216000440,T000078,L008275.2018.RH5A.V1,"O titular obriga-se a manter um registo atualizado dos valores do autocontrolo, para efeitos de inspeção ou fiscalização por parte das Entidades Competentes.",
TUA20240216000440,T000079,L008275.2018.RH5A.V1,O titular obriga-se a implementar o programa de autocontrolo descrito no respetivo Anexo e a enviar à Entidade Licenciadora os dados obtidos com o formato e periodicidade definidos no mesmo.,
TUA20240216000440,T000080,L008275.2018.RH5A.V1,"O titular da licença deve respeitar as condições de descarga indicadas no respetivo Anexo, não podendo efetuar qualquer operação deliberada de diluição das águas residuais. A avaliação de conformidade é determinada com base nos parâmetros definidos e de acordo com o mencionado no Anexo.",
TUA20240216000440,T000081,L008275.2018.RH5A.V1,Fazem parte integrante do presente título todos os anexos autenticados que o acompanham.,
TUA20240216000440,T000082,L008275.2018.RH5A.V1,"Para efeitos de fiscalização ou inspeção poderão ser recolhidas amostras compostas num dado período temporal, inferior a 24 horas, em função do caudal. Caso o sistema não disponha de medidor de caudal com registo automático, será utilizado o caudal máximo previsto no título para efeitos de avaliação da respetiva conformidade das amostras.",
TUA20240216000440,T000083,L008275.2018.RH5A.V1,As condições de descarga poderão vir a ser alteradas em função dos resultados do autocontrolo e da evolução da qualidade do meio recetor ou de outras restrições de utilização local que o justifiquem.,
TUA20240216000440,T000084,L008275.2018.RH5A.V1,"Qualquer alteração no funcionamento do sistema de produção e/ou de tratamento, mesmo que não prejudique as condições impostas nesta licença, deve ser comunicada à Entidade Licenciadora no prazo máximo de cinco dias.",
TUA20240216000440,T000085,L008275.2018.RH5A.V1,"Qualquer descarga de águas residuais urbanas e/ou industriais, bem como de outras atividades económicas ou serviços, nas redes de drenagem ou diretamente na ETAR, só poderá ocorrer mediante autorização do titular da presente licença e ficará sujeita às disposições constantes dessa autorização não podendo, em qualquer caso, comprometer o cumprimento das condições impostas nesta licença. Qualquer nova situação desta natureza deverá ser comunicada à Entidade Licenciadora.",
TUA20240216000440,T000086,L008275.2018.RH5A.V1,"A descarga das águas residuais na água não deve provocar alteração da sua qualidade, nem colocar em risco os seus usos, sendo efetuada de modo a não prejudicar o escoamento natural da corrente e a não contribuir para o aumento dos riscos de erosão no local, ficando o titular responsável pela tomada das medidas consideradas necessárias para a correção das situações que possam ocorrer.",
TUA20240216000440,T000087,L008275.2018.RH5A.V1,"O titular obriga-se a efetuar as ações de manutenção, preventivas e corretivas, necessárias ao bom funcionamento da ETAR, incluindo a limpeza dos respetivos órgãos de tratamento devendo guardar os registos detalhados da sua realização, com indicação do destino final das lamas ou outros resíduos produzidos, para efeitos de inspeção ou fiscalização por parte das Entidades Competentes.",
TUA20240216000440,T000088,L008275.2018.RH5A.V1,O titular assume a responsabilidade pela eficiência e eficácia dos processos de tratamento e dos procedimentos a adotar com vista a minimizar os efeitos decorrentes da rejeição de águas residuais e a cumprir os objetivos de qualidade definidos para a massa de água recetora.,
TUA20240216000462,T000045,L006005.2021.RH5A.V1,O titular obriga-se a implementar as medidas de prevenção de acidentes e de emergência descritas no projeto.,
TUA20240216000462,T000046,L006005.2021.RH5A.V1,Impende sobre o titular desta licença a responsabilidade de verificar o cumprimento das normas constantes na autorização de descarga supra mencionada.,
TUA20240216000462,T000047,L006005.2021.RH5A.V1,"O titular obriga-se a observar todos os preceitos legais no que concerne a segurança, gestão de resíduos e conservação da natureza e também a legislação e os regulamentos específicos das atividades complementares que simultaneamente venham a ser desenvolvidas no local.",
TUA20240216000462,T000048,L006005.2021.RH5A.V1,O titular obriga-se a manter o sistema de tratamento adotado em bom estado de funcionamento e conservação.,
TUA20240216000462,T000049,L006005.2021.RH5A.V1,"O titular obriga-se a manter um registo atualizado dos valores do autocontrolo, para efeitos de inspeção ou fiscalização por parte das Entidades Competentes.",
TUA20240216000462,T000050,L006005.2021.RH5A.V1,O titular obriga-se a implementar o programa de autocontrolo descrito no respetivo Anexo e a enviar à Entidade Licenciadora os dados obtidos com o formato e periodicidade definidos no mesmo.,
TUA20240216000462,T000051,L006005.2021.RH5A.V1,"O titular da licença deve respeitar as condições de descarga indicadas no respetivo Anexo, não podendo efetuar qualquer operação deliberada de diluição das águas residuais. A avaliação de conformidade é determinada com base nos parâmetros definidos e de acordo com o mencionado no Anexo.",
TUA20240216000462,T000052,L006005.2021.RH5A.V1,"Sempre que se verifique a necessidade de proceder a uma rejeição de emergência da(s) Estação(ões) Elevatória(s), o titular deverá de imediato tomar todas as medidas com vista a minimizar os efeitos daí decorrentes e comunicar a ocorrência à Entidade Licenciadora num prazo máximo de 24 horas seguintes à mesma.",
TUA20240216000462,T000053,L006005.2021.RH5A.V1,Fazem parte integrante do presente título todos os anexos autenticados que o acompanham.,
TUA20240216000462,T000054,L006005.2021.RH5A.V1,"A ligação, às redes de drenagem da ETAR geridas pelo titular desta licença, das águas residuais de atividades económicas ou serviços localizados dentro da malha urbana ou diretamente na ETAR que produzam ou utilizem substâncias classificadas como poluentes específicos e/ou substâncias prioritárias/perigosas prioritárias para os meios aquáticos ou que sejam suscetíveis de comprometer o cumprimento das condições impostas nesta licença, nos termos do regulamento previsto no artigo 9º, do Decreto-Lei n.º 152/97, de 19 de junho, com as alterações introduzidas pelos Decretos-Leis n.os 348/98, de 9 de novembro, e 149/2004, de 22 de junho e 198/2008, de 8 de outubro, deve ser encarada com precaução, não podendo, em quaisquer circunstâncias, comprometer o cumprimento das condições impostas nesta licença.",
TUA20240216000462,T000055,L006005.2021.RH5A.V1,"Para efeitos de fiscalização ou inspeção poderão ser recolhidas amostras compostas num dado período temporal, inferior a 24 horas, em função do caudal. Caso o sistema não disponha de medidor de caudal com registo automático, será utilizado o caudal máximo previsto no título para efeitos de avaliação da respetiva conformidade das amostras.",
TUA20240216000462,T000056,L006005.2021.RH5A.V1,As condições de descarga poderão vir a ser alteradas em função dos resultados do autocontrolo e da evolução da qualidade do meio recetor ou de outras restrições de utilização local que o justifiquem.,
TUA20240216000462,,,"Qualquer descarga de águas residuais urbanas e/ou industriais, bem como de outras atividades económicas ou serviços, nas redes de drenagem ou diretamente na ETAR, só poderá ocorrer mediante autorização do titular da presente licença e ficará sujeita às disposições constantes dessa autorização não podendo, em qualquer caso, comprometer o cumprimento das condições impostas nesta licença. Qualquer nova situação desta",
TUA20240216000462,T000058,L006005.2021.RH5A.V1,natureza deverá ser comunicada à Entidade Licenciadora.,
TUA20240216000462,T000059,L006005.2021.RH5A.V1,"Não deverá ocorrer obstrução da linha de água, promovendo o titular a limpeza de todos os materiais que eventualmente caiam para a mesma. As intervenções deverão ser executadas de forma a evitar que as escorrências e/ou detritos sejam lançados na linha de água ou colocados nas suas margens.",
TUA20240216000462,T000060,L006005.2021.RH5A.V1,"A descarga das águas residuais na água não deve provocar alteração da sua qualidade, nem colocar em risco os seus usos, sendo efetuada de modo a não prejudicar o escoamento natural da corrente e a não contribuir para o aumento dos riscos de erosão no local, ficando o titular responsável pela tomada das medidas consideradas necessárias para a correção das situações que possam ocorrer.",
TUA20240216000462,T000061,L006005.2021.RH5A.V1,"O titular obriga-se a efetuar as ações de manutenção, preventivas e corretivas, necessárias ao bom funcionamento da ETAR, incluindo a limpeza dos respetivos órgãos de tratamento devendo guardar os registos detalhados da sua realização, com indicação do destino final das lamas ou outros resíduos produzidos, para efeitos de inspeção ou fiscalização por parte das Entidades Competentes.",
TUA20240216000462,T000062,L006005.2021.RH5A.V1,O titular assume a responsabilidade pela eficiência e eficácia dos processos de tratamento e dos procedimentos a adotar com vista a minimizar os efeitos decorrentes da rejeição de águas residuais e a cumprir os objetivos de qualidade definidos para a massa de água recetora.,
TUA20240223000530,T000096,L031504.2023.RH5A.V1,O titular obriga-se a implementar as medidas de prevenção de acidentes e de emergência descritas no projeto.,
TUA20240223000530,T000097,L031504.2023.RH5A.V1,"O titular obriga-se a solicitar a ligação ao coletor municipal assim que a rede de saneamento exista e permita o encaminhamento dos efluentes ao sistema público, desativando o sistema individual de tratamento, o qual deverá ser demolido ou entulhado, e proceder à recuperação ambiental do local onde o mesmo se encontra atualmente instalado.",
TUA20240223000530,T000098,L031504.2023.RH5A.V1,Impende sobre o titular desta licença a responsabilidade de verificar o cumprimento das normas constantes na autorização de descarga supra mencionada.,
TUA20240223000530,T000099,L031504.2023.RH5A.V1,"O titular obriga-se a observar todos os preceitos legais no que concerne a segurança, gestão de resíduos e conservação da natureza e também a legislação e os regulamentos específicos das atividades complementares que simultaneamente venham a ser desenvolvidas no local.",
TUA20240223000530,T000100,L031504.2023.RH5A.V1,O titular obriga-se a manter o sistema de tratamento adotado em bom estado de funcionamento e conservação.,
TUA20240223000530,T000101,L031504.2023.RH5A.V1,"O titular obriga-se a manter um registo atualizado dos valores do autocontrolo, para efeitos de inspeção ou fiscalização por parte das Entidades Competentes.",
TUA20240223000530,T000102,L031504.2023.RH5A.V1,O titular obriga-se a implementar o programa de autocontrolo descrito no respetivo Anexo e a enviar à Entidade Licenciadora os dados obtidos com o formato e periodicidade definidos no mesmo.,
TUA20240223000530,T000103,L031504.2023.RH5A.V1,"O titular da licença deve respeitar as condições de descarga indicadas no respetivo Anexo, não podendo efetuar qualquer operação deliberada de diluição das águas residuais. A avaliação de conformidade é determinada com base nos parâmetros definidos e de acordo com o mencionado no Anexo.",
TUA20240223000530,T000104,L031504.2023.RH5A.V1,Fazem parte integrante do presente título todos os anexos autenticados que o acompanham.,
TUA20240223000530,T000105,L031504.2023.RH5A.V1,"Para efeitos de fiscalização ou inspeção poderão ser recolhidas amostras compostas num dado período temporal, inferior a 24 horas, em função do caudal. Caso o sistema não disponha de medidor de caudal com registo automático, será utilizado o caudal máximo previsto no título para efeitos de avaliação da respetiva conformidade das amostras.",
TUA20240223000530,T000106,L031504.2023.RH5A.V1,As condições de descarga poderão vir a ser alteradas em função dos resultados do autocontrolo e da evolução da qualidade do meio recetor ou de outras restrições de utilização local que o justifiquem.,
TUA20240223000530,T000107,L031504.2023.RH5A.V1,"Qualquer alteração no funcionamento do sistema de produção e/ou de tratamento, mesmo que não prejudique as condições impostas nesta licença, deve ser comunicada à Entidade Licenciadora no prazo máximo de cinco dias.",
TUA20240223000530,T000108,L031504.2023.RH5A.V1,"Qualquer descarga de águas residuais urbanas e/ou industriais, bem como de outras atividades económicas ou serviços, nas redes de drenagem ou diretamente na ETAR, só poderá ocorrer mediante autorização do titular da presente licença e ficará sujeita às disposições constantes dessa autorização não podendo, em qualquer caso, comprometer o cumprimento das condições impostas nesta licença. Qualquer nova situação desta natureza deverá ser comunicada à Entidade Licenciadora.",
TUA20240223000530,T000109,L031504.2023.RH5A.V1,"A descarga das águas residuais na água não deve provocar alteração da sua qualidade, nem colocar em risco os seus usos, sendo efetuada de modo a não prejudicar o escoamento natural da corrente e a não contribuir para o aumento dos riscos de erosão no local, ficando o titular responsável pela tomada das medidas consideradas necessárias para a correção das situações que possam ocorrer.",
TUA20240223000530,T000110,L031504.2023.RH5A.V1,"O titular obriga-se a efetuar as ações de manutenção, preventivas e corretivas, necessárias ao bom funcionamento da ETAR, incluindo a limpeza dos respetivos órgãos de tratamento devendo guardar os registos detalhados da sua realização, com indicação do destino final das lamas ou outros resíduos produzidos, para efeitos de inspeção ou fiscalização por parte das Entidades Competentes.",
TUA20240223000530,T000111,L031504.2023.RH5A.V1,O titular assume a responsabilidade pela eficiência e eficácia dos processos de tratamento e dos procedimentos a adotar com vista a minimizar os efeitos decorrentes da rejeição de águas residuais e a cumprir os objetivos de qualidade definidos para a massa de água recetora.,
TUA20240229000598,T000057,L047273.2023.RH5A.V1,O titular obriga-se a implementar as medidas de prevenção de acidentes e de emergência descritas no projeto.,
TUA20240229000598,T000058,L047273.2023.RH5A.V1,"O titular obriga-se a solicitar a ligação ao coletor municipal assim que a rede de saneamento exista e permita o encaminhamento dos efluentes ao sistema público, desativando o sistema individual de tratamento, o qual deverá ser demolido ou entulhado, e proceder à recuperação ambiental do local onde o mesmo se encontra atualmente instalado.",
TUA20240229000598,T000059,L047273.2023.RH5A.V1,Impende sobre o titular desta licença a responsabilidade de verificar o cumprimento das normas constantes na autorização de descarga supra mencionada.,
TUA20240229000598,T000060,L047273.2023.RH5A.V1,"O titular obriga-se a observar todos os preceitos legais no que concerne a segurança, gestão de resíduos e conservação da natureza e também a legislação e os regulamentos específicos das atividades complementares que simultaneamente venham a ser desenvolvidas no local.",
TUA20240229000598,T000061,L047273.2023.RH5A.V1,O titular obriga-se a manter o sistema de tratamento adotado em bom estado de funcionamento e conservação.,
TUA20240229000598,T000062,L047273.2023.RH5A.V1,"O titular obriga-se a manter um registo atualizado dos valores do autocontrolo, para efeitos de inspeção ou fiscalização por parte das Entidades Competentes.",
TUA20240229000598,T000063,L047273.2023.RH5A.V1,O titular obriga-se a implementar o programa de autocontrolo descrito no respetivo Anexo e a enviar à Entidade Licenciadora os dados obtidos com o formato e periodicidade definidos no mesmo.,
TUA20240229000598,T000064,L047273.2023.RH5A.V1,"O titular da licença deve respeitar as condições de descarga indicadas no respetivo Anexo, não podendo efetuar qualquer operação deliberada de diluição das águas residuais. A avaliação de conformidade é determinada com base nos parâmetros definidos e de acordo com o mencionado no Anexo.",
TUA20240229000598,T000065,L047273.2023.RH5A.V1,Fazem parte integrante do presente título todos os anexos autenticados que o acompanham.,
TUA20240229000598,T000066,L047273.2023.RH5A.V1,"Para efeitos de fiscalização ou inspeção poderão ser recolhidas amostras compostas num dado período temporal, inferior a 24 horas, em função do caudal. Caso o sistema não disponha de medidor de caudal com registo automático, será utilizado o caudal máximo previsto no título para efeitos de avaliação da respetiva conformidade das amostras.",
TUA20240229000598,T000067,L047273.2023.RH5A.V1,As condições de descarga poderão vir a ser alteradas em função dos resultados do autocontrolo e da evolução da qualidade do meio recetor ou de outras restrições de utilização local que o justifiquem.,
TUA20240229000598,T000068,L047273.2023.RH5A.V1,"Qualquer alteração no funcionamento do sistema de produção e/ou de tratamento, mesmo que não prejudique as condições impostas nesta licença, deve ser comunicada à Entidade Licenciadora no prazo máximo de cinco dias.",
TUA20240229000598,T000069,L047273.2023.RH5A.V1,"Qualquer descarga de águas residuais urbanas e/ou industriais, bem como de outras atividades económicas ou serviços, nas redes de drenagem ou diretamente na ETAR, só poderá ocorrer mediante autorização do titular da presente licença e ficará sujeita às disposições constantes dessa autorização não podendo, em qualquer caso, comprometer o cumprimento das condições impostas nesta licença. Qualquer nova situação desta natureza deverá ser comunicada à Entidade Licenciadora.",
TUA20240229000598,T000070,L047273.2023.RH5A.V1,"A descarga das águas residuais na água não deve provocar alteração da sua qualidade, nem colocar em risco os seus usos, sendo efetuada de modo a não prejudicar o escoamento natural da corrente e a não contribuir para o aumento dos riscos de erosão no local, ficando o titular responsável pela tomada das medidas consideradas necessárias para a correção das situações que possam ocorrer.",
TUA20240229000598,T000071,L047273.2023.RH5A.V1,"O titular obriga-se a efetuar as ações de manutenção, preventivas e corretivas, necessárias ao bom funcionamento da ETAR, incluindo a limpeza dos respetivos órgãos de tratamento devendo guardar os registos detalhados da sua realização, com indicação do destino final das lamas ou outros resíduos produzidos, para efeitos de inspeção ou fiscalização por parte das Entidades Competentes.",
TUA20240229000598,T000072,L047273.2023.RH5A.V1,O titular assume a responsabilidade pela eficiência e eficácia dos processos de tratamento e dos procedimentos a adotar com vista a minimizar os efeitos decorrentes da rejeição de águas residuais e a cumprir os objetivos de qualidade definidos para a massa de água recetora.,
TUA20240901002617,T000045,L060851.2024.RH7.V1,As intervenções na faixa marginal afeta ao domínio hídrico só deverão ser efetuadas após a autorização dos proprietários dos terrenos marginais.,
TUA20240901002617,T000046,L060851.2024.RH7.V1,O titular obriga-se a implementar as medidas de prevenção de acidentes e de emergência descritas no projeto.,
TUA20240901002617,T000047,L060851.2024.RH7.V1,"Não poderão ser ocupadas áreas do Domínio Hídrico (leito e margens do curso de água), para instalação de estaleiros e depósitos de materiais.",
TUA20240901002617,T000048,L060851.2024.RH7.V1,"A descarga das águas residuais no solo não deve provocar alteração da qualidade das águas subterrâneas, ficando assim condicionada à natureza do terreno de infiltração, às suas condições de permeabilidade e à altura do nível freático bem como a outros possíveis fatores decorrentes da necessidade de preservação do ambiente e de defesa da saúde pública, ficando a entidade gestora do sistema responsável pela tomada das medidas consideradas necessárias para a correção da situação a ocorrer.",
TUA20240901002617,T000049,L060851.2024.RH7.V1,Impende sobre o titular desta licença a responsabilidade de verificar o cumprimento das normas constantes na autorização de descarga supra mencionada.,
TUA20240901002617,T000050,L060851.2024.RH7.V1,"O titular obriga-se a observar todos os preceitos legais no que concerne a segurança, gestão de resíduos e conservação da natureza e também a legislação e os regulamentos específicos das atividades complementares que simultaneamente venham a ser desenvolvidas no local.",
TUA20240901002617,T000051,L060851.2024.RH7.V1,O titular obriga-se a manter o sistema de tratamento adotado em bom estado de funcionamento e conservação.,
TUA20240901002617,T000052,L060851.2024.RH7.V1,"Os atravessamentos de linhas de água devem ser perpendiculares às mesmas, não poderão diminuir as secções de vazão, devendo as condutas serem revestidas e implantadas a cota tal que permita futuros trabalhos de limpeza e desobstrução das linhas de água, evitando-se, assim, a ocorrência de eventuais acidentes.",
TUA20240901002617,T000053,L060851.2024.RH7.V1,"O titular obriga-se a manter um registo atualizado dos valores do autocontrolo, para efeitos de inspeção ou fiscalização por parte das Entidades Competentes.",
TUA20240901002617,T000054,L060851.2024.RH7.V1,O titular obriga-se a implementar o programa de autocontrolo descrito no respetivo Anexo e a enviar à Entidade Licenciadora os dados obtidos com o formato e periodicidade definidos no mesmo.,
TUA20240901002617,T000055,L060851.2024.RH7.V1,"Sempre que forem autorizadas descargas de águas residuais de indústrias localizadas fora da malha urbana, a autorização de descarga, prevista na cláusula anterior, fica sujeita à aprovação da Entidade Licenciadora.",
TUA20240901002617,T000056,L060851.2024.RH7.V1,"O titular da licença deve respeitar as condições de descarga indicadas no respetivo Anexo, não podendo efetuar qualquer operação deliberada de diluição das águas residuais. A avaliação de conformidade é determinada com base nos parâmetros definidos e de acordo com o mencionado no Anexo.",
TUA20240901002617,T000057,L060851.2024.RH7.V1,"Sempre que se verifique a necessidade de proceder a uma rejeição de emergência da(s) Estação(ões) Elevatória(s), o titular deverá de imediato tomar todas as medidas com vista a minimizar os efeitos daí decorrentes e comunicar a ocorrência à Entidade Licenciadora num prazo máximo de 24 horas seguintes à mesma.",
TUA20240901002617,T000058,L060851.2024.RH7.V1,Fazem parte integrante do presente título todos os anexos autenticados que o acompanham.,
TUA20240901002617,T000059,L060851.2024.RH7.V1,"Como medida preventiva e minimizadora das consequências inerentes a uma rejeição de emergência no domínio hídrico, o titular deverá diligenciar no sentido de dotar a(s) Estação(ões) Elevatória(s) de um gerador de emergência.",
TUA20240901002617,T000060,L060851.2024.RH7.V1,"A ligação, às redes de drenagem da ETAR geridas pelo titular desta licença, das águas residuais de atividades económicas ou serviços localizados dentro da malha urbana ou diretamente na ETAR que produzam ou utilizem substâncias classificadas como poluentes específicos e/ou substâncias prioritárias/perigosas prioritárias para os meios aquáticos ou que sejam suscetíveis de comprometer o cumprimento das condições impostas nesta licença, nos termos do regulamento previsto no artigo 9º, do Decreto-Lei n.º 152/97, de 19 de junho, com as alterações introduzidas pelos Decretos-Leis n.os 348/98, de 9 de novembro, e 149/2004, de 22 de junho e 198/2008, de 8 de outubro, deve ser encarada com precaução, não podendo, em quaisquer circunstâncias, comprometer o cumprimento das condições impostas nesta licença.",
TUA20240901002617,T000061,L060851.2024.RH7.V1,"Todas as intervenções a efetuar na margem da linha de água deverão culminar com a reposição da situação inicial. No final da obra deverão ser retirados todos os materiais de construção que eventualmente se encontrem no leito e margens da linha de água, devendo os mesmos ficar devidamente regularizados e compactados de modo a que sejam repostas as condições verificadas antes da obra.",
TUA20240901002617,T000062,L060851.2024.RH7.V1,"Para efeitos de fiscalização ou inspeção poderão ser recolhidas amostras compostas num dado período temporal, inferior a 24 horas, em função do caudal. Caso o sistema não disponha de medidor de caudal com registo automático, será utilizado o caudal máximo previsto no título para efeitos de avaliação da respetiva conformidade das amostras.",
TUA20240901002617,T000063,L060851.2024.RH7.V1,As condições de descarga poderão vir a ser alteradas em função dos resultados do autocontrolo e da evolução da qualidade do meio recetor ou de outras restrições de utilização local que o justifiquem.,
TUA20240901002617,T000064,L060851.2024.RH7.V1,"Qualquer alteração no funcionamento do sistema de produção e/ou de tratamento, mesmo que não prejudique as condições impostas nesta licença, deve ser comunicada à Entidade Licenciadora no prazo máximo de cinco dias.",
TUA20240901002617,T000065,L060851.2024.RH7.V1,"Qualquer descarga de águas residuais urbanas e/ou industriais, bem como de outras atividades económicas ou serviços, nas redes de drenagem ou diretamente na ETAR, só poderá ocorrer mediante autorização do titular da presente licença e ficará sujeita às disposições constantes dessa autorização não podendo, em qualquer caso, comprometer o cumprimento das condições impostas nesta licença. Qualquer nova situação desta natureza deverá ser comunicada à Entidade Licenciadora.",
TUA20240901002617,,,"Não deverá ocorrer obstrução da linha de água, promovendo o titular a limpeza de todos os materiais que eventualmente caiam para a mesma. As",
TUA20240901002617,Código,Código TURH,Condição,
TUA20240901002617,T000066,L060851.2024.RH7.V1,intervenções deverão ser executadas de forma a evitar que as escorrências e/ou detritos sejam lançados na linha de água ou colocados nas suas margens.,
TUA20240901002617,T000067,L060851.2024.RH7.V1,"A descarga das águas residuais na água não deve provocar alteração da sua qualidade, nem colocar em risco os seus usos, sendo efetuada de modo a não prejudicar o escoamento natural da corrente e a não contribuir para o aumento dos riscos de erosão no local, ficando o titular responsável pela tomada das medidas consideradas necessárias para a correção das situações que possam ocorrer.",
TUA20240901002617,T000068,L060851.2024.RH7.V1,"O titular obriga-se a efetuar as ações de manutenção, preventivas e corretivas, necessárias ao bom funcionamento da ETAR, incluindo a limpeza dos respetivos órgãos de tratamento devendo guardar os registos detalhados da sua realização, com indicação do destino final das lamas ou outros resíduos produzidos, para efeitos de inspeção ou fiscalização por parte das Entidades Competentes.",
TUA20240901002617,T000069,L060851.2024.RH7.V1,O titular assume a responsabilidade pela eficiência e eficácia dos processos de tratamento e dos procedimentos a adotar com vista a minimizar os efeitos decorrentes da rejeição de águas residuais e a cumprir os objetivos de qualidade definidos para a massa de água recetora.,
TUA20240901002617,T000070,L060851.2024.RH7.V1,"O titular obriga-se a enviar e a manter um dossier organizado contendo as Fichas de Dados de Segurança de todas as substâncias e/ou preparações perigosas utilizadas, devidamente redigidas em língua portuguesa, devendo, quando existem alterações ou a introdução de novas substâncias enviar, semestralmente, à Entidade Licenciadora a respetiva atualização.",
TUA20241030003256,T000058,L064067.2024.RH7.V1,As intervenções na faixa marginal afeta ao domínio hídrico só deverão ser efetuadas após a autorização dos proprietários dos terrenos marginais.,
TUA20241030003256,T000059,L064067.2024.RH7.V1,O titular obriga-se a implementar as medidas de prevenção de acidentes e de emergência descritas no projeto.,
TUA20241030003256,T000060,L064067.2024.RH7.V1,"Não poderão ser ocupadas áreas do Domínio Hídrico (leito e margens do curso de água), para instalação de estaleiros e depósitos de materiais.",
TUA20241030003256,T000061,L064067.2024.RH7.V1,"A descarga das águas residuais no solo não deve provocar alteração da qualidade das águas subterrâneas, ficando assim condicionada à natureza do terreno de infiltração, às suas condições de permeabilidade e à altura do nível freático bem como a outros possíveis fatores decorrentes da necessidade de preservação do ambiente e de defesa da saúde pública, ficando a entidade gestora do sistema responsável pela tomada das medidas consideradas necessárias para a correção da situação a ocorrer.",
TUA20241030003256,T000062,L064067.2024.RH7.V1,Impende sobre o titular desta licença a responsabilidade de verificar o cumprimento das normas constantes na autorização de descarga supra mencionada.,
TUA20241030003256,T000063,L064067.2024.RH7.V1,"O titular obriga-se a observar todos os preceitos legais no que concerne a segurança, gestão de resíduos e conservação da natureza e também a legislação e os regulamentos específicos das atividades complementares que simultaneamente venham a ser desenvolvidas no local.",
TUA20241030003256,T000064,L064067.2024.RH7.V1,O titular obriga-se a manter o sistema de tratamento adotado em bom estado de funcionamento e conservação.,
TUA20241030003256,T000065,L064067.2024.RH7.V1,"Os atravessamentos de linhas de água devem ser perpendiculares às mesmas, não poderão diminuir as secções de vazão, devendo as condutas serem revestidas e implantadas a cota tal que permita futuros trabalhos de limpeza e desobstrução das linhas de água, evitando-se, assim, a ocorrência de eventuais acidentes.",
TUA20241030003256,T000066,L064067.2024.RH7.V1,"O titular obriga-se a manter um registo atualizado dos valores do autocontrolo, para efeitos de inspeção ou fiscalização por parte das Entidades Competentes.",
TUA20241030003256,T000067,L064067.2024.RH7.V1,O titular obriga-se a implementar o programa de autocontrolo descrito no respetivo Anexo e a enviar à Entidade Licenciadora os dados obtidos com o formato e periodicidade definidos no mesmo.,
TUA20241030003256,T000068,L064067.2024.RH7.V1,"Sempre que forem autorizadas descargas de águas residuais de indústrias localizadas fora da malha urbana, a autorização de descarga, prevista na cláusula anterior, fica sujeita à aprovação da Entidade Licenciadora.",
TUA20241030003256,T000069,L064067.2024.RH7.V1,"O titular da licença deve respeitar as condições de descarga indicadas no respetivo Anexo, não podendo efetuar qualquer operação deliberada de diluição das águas residuais. A avaliação de conformidade é determinada com base nos parâmetros definidos e de acordo com o mencionado no Anexo.",
TUA20241030003256,T000070,L064067.2024.RH7.V1,Fazem parte integrante do presente título todos os anexos autenticados que o acompanham.,
TUA20241030003256,T000071,L064067.2024.RH7.V1,"A ligação, às redes de drenagem da ETAR geridas pelo titular desta licença, das águas residuais de atividades económicas ou serviços localizados dentro da malha urbana ou diretamente na ETAR que produzam ou utilizem substâncias classificadas como poluentes específicos e/ou substâncias prioritárias/perigosas prioritárias para os meios aquáticos ou que sejam suscetíveis de comprometer o cumprimento das condições impostas nesta licença, nos termos do regulamento previsto no artigo 9º, do Decreto-Lei n.º 152/97, de 19 de junho, com as alterações introduzidas pelos Decretos-Leis n.os 348/98, de 9 de novembro, e 149/2004, de 22 de junho e 198/2008, de 8 de outubro, deve ser encarada com precaução, não podendo, em quaisquer circunstâncias, comprometer o cumprimento das condições impostas nesta licença.",
TUA20241030003256,T000072,L064067.2024.RH7.V1,"Todas as intervenções a efetuar na margem da linha de água deverão culminar com a reposição da situação inicial. No final da obra deverão ser retirados todos os materiais de construção que eventualmente se encontrem no leito e margens da linha de água, devendo os mesmos ficar devidamente regularizados e compactados de modo a que sejam repostas as condições verificadas antes da obra.",
TUA20241030003256,T000073,L064067.2024.RH7.V1,"Para efeitos de fiscalização ou inspeção poderão ser recolhidas amostras compostas num dado período temporal, inferior a 24 horas, em função do caudal. Caso o sistema não disponha de medidor de caudal com registo automático, será utilizado o caudal máximo previsto no título para efeitos de avaliação da respetiva conformidade das amostras.",
TUA20241030003256,T000074,L064067.2024.RH7.V1,As condições de descarga poderão vir a ser alteradas em função dos resultados do autocontrolo e da evolução da qualidade do meio recetor ou de outras restrições de utilização local que o justifiquem.,
TUA20241030003256,T000075,L064067.2024.RH7.V1,"Qualquer alteração no funcionamento do sistema de produção e/ou de tratamento, mesmo que não prejudique as condições impostas nesta licença, deve ser comunicada à Entidade Licenciadora no prazo máximo de cinco dias.",
TUA20241030003256,T000076,L064067.2024.RH7.V1,"Qualquer descarga de águas residuais urbanas e/ou industriais, bem como de outras atividades económicas ou serviços, nas redes de drenagem ou diretamente na ETAR, só poderá ocorrer mediante autorização do titular da presente licença e ficará sujeita às disposições constantes dessa autorização não podendo, em qualquer caso, comprometer o cumprimento das condições impostas nesta licença. Qualquer nova situação desta natureza deverá ser comunicada à Entidade Licenciadora.",
TUA20241030003256,T000077,L064067.2024.RH7.V1,"Não deverá ocorrer obstrução da linha de água, promovendo o titular a limpeza de todos os materiais que eventualmente caiam para a mesma. As intervenções deverão ser executadas de forma a evitar que as escorrências e/ou detritos sejam lançados na linha de água ou colocados nas suas margens.",
TUA20241030003256,T000078,L064067.2024.RH7.V1,"A descarga das águas residuais na água não deve provocar alteração da sua qualidade, nem colocar em risco os seus usos, sendo efetuada de modo a não prejudicar o escoamento natural da corrente e a não contribuir para o aumento dos riscos de erosão no local, ficando o titular responsável pela tomada das medidas consideradas necessárias para a correção das situações que possam ocorrer.",
TUA20241030003256,,,"O titular obriga-se a efetuar as ações de manutenção, preventivas e corretivas, necessárias ao bom funcionamento da ETAR, incluindo a limpeza",
TUA20241030003256,Código,Código TURH,Condição,
TUA20241030003256,T000079,L064067.2024.RH7.V1,"dos respetivos órgãos de tratamento devendo guardar os registos detalhados da sua realização, com indicação do destino final das lamas ou outros resíduos produzidos, para efeitos de inspeção ou fiscalização por parte das Entidades Competentes.",
TUA20241030003256,T000080,L064067.2024.RH7.V1,O titular assume a responsabilidade pela eficiência e eficácia dos processos de tratamento e dos procedimentos a adotar com vista a minimizar os efeitos decorrentes da rejeição de águas residuais e a cumprir os objetivos de qualidade definidos para a massa de água recetora.,
TUA20241030003256,T000081,L064067.2024.RH7.V1,"O titular obriga-se a enviar e a manter um dossier organizado contendo as Fichas de Dados de Segurança de todas as substâncias e/ou preparações perigosas utilizadas, devidamente redigidas em língua portuguesa, devendo, quando existem alterações ou a introdução de novas substâncias enviar, semestralmente, à Entidade Licenciadora a respetiva atualização.",
TUA20230530001578,T000077,,As intervenções na faixa marginal afeta ao domínio hídrico só deverão ser efetuadas após a autorização dos proprietários dos terrenos marginais.,L043200.2023.RH4A.V2
TUA20230530001578,T000078,,O titular obriga-se a implementar as medidas de prevenção de acidentes e de emergência descritas no projeto.,L043200.2023.RH4A.V2
TUA20230530001578,T000081,,"O titular obriga-se a observar todos os preceitos legais no que concerne a segurança, gestão de resíduos e conservação da natureza e também a legislação e os regulamentos específicos das atividades complementares que simultaneamente venham a ser desenvolvidas no local.",L043200.2023.RH4A.V2
TUA20230530001578,T000082,,O titular obriga-se a manter o sistema de tratamento adotado em bom estado de funcionamento e conservação.,L043200.2023.RH4A.V2
TUA20230530001578,T000083,,"O titular obriga-se a manter um registo atualizado dos valores do autocontrolo, para efeitos de inspeção ou fiscalização por parte das Entidades Competentes.",L043200.2023.RH4A.V2
TUA20230530001578,T000084,,O titular obriga-se a implementar o programa de autocontrolo descrito no presente título e a enviar à Entidade Licenciadora os dados obtidos com o formato e periodicidade definidos no mesmo.,L043200.2023.RH4A.V2
TUA20230530001578,T000086,,"O titular da licença deve respeitar as condições de descarga indicadas no respetivo título, não podendo efetuar qualquer operação deliberada de diluição das águas residuais. A avaliação de conformidade é determinada com base nos parâmetros definidos e de acordo com o mencionado no presente título.",L043200.2023.RH4A.V2
TUA20230530001578,T000087,,Fazem parte integrante do presente título todos os anexos autenticados que o acompanham.,L043200.2023.RH4A.V2
TUA20230530001578,T000088,,"A ligação, às redes de drenagem da ETAR geridas pelo titular desta licença, das águas residuais de atividades económicas ou serviços localizados dentro da malha urbana ou diretamente na ETAR que produzam ou utilizem substâncias classificadas como poluentes específicos e/ou substâncias prioritárias/perigosas prioritárias para os meios aquáticos ou que sejam suscetíveis de comprometer o cumprimento das condições impostas nesta licença, nos termos do regulamento previsto no artigo 9º, do Decreto-Lei n.º 152/97, de 19 de junho, com as alterações introduzidas pelos Decretos-Leis n.os 348/98, de 9 de novembro, e 149/2004, de 22 de junho e 198/2008, de 8 de outubro, deve ser encarada com precaução, não podendo, em quaisquer circunstâncias, comprometer o cumprimento das condições impostas nesta licença.",L043200.2023.RH4A.V2
TUA20230530001578,T000080,,Impende sobre o titular desta licença a responsabilidade de verificar o cumprimento das normas constantes na autorização de descarga supra mencionada.,L043200.2023.RH4A.V2
TUA20230530001578,,,Todas as intervenções a efetuar na margem da linha de água deverão culminar com a reposição da situação inicial. No final da obra deverão ser,
TUA20230530001578,T000089,,"retirados todos os materiais de construção que eventualmente se encontrem no leito e margens da linha de água, devendo os mesmos ficar devidamente regularizados e compactados de modo a que sejam repostas as condições verificadas antes da obra.",L043200.2023.RH4A.V2
TUA20230530001578,T000090,,"Para efeitos de fiscalização ou inspeção poderão ser recolhidas amostras pontuais e/ou compostas, para avaliação da respetiva conformidade com os valores limites de emissão (VLE) expressos em unidades de concentração (massa por volume). No caso das amostras pontuais, consideram-se como não conformes as amostras que excedam o VLE correspondente em mais de 50%.",L043200.2023.RH4A.V2
TUA20230530001578,T000091,,As condições de descarga poderão vir a ser alteradas em função dos resultados do autocontrolo e da evolução da qualidade do meio recetor ou de outras restrições de utilização local que o justifiquem.,L043200.2023.RH4A.V2
TUA20230530001578,T000092,,"Qualquer alteração no funcionamento do sistema de produção e/ou de tratamento, mesmo que não prejudique as condições impostas nesta licença, deve ser comunicada à Entidade Licenciadora no prazo máximo de cinco dias.",L043200.2023.RH4A.V2
TUA20230530001578,T000093,,"Qualquer descarga de águas residuais urbanas e/ou industriais, bem como de outras atividades económicas ou serviços, nas redes de drenagem ou diretamente na ETAR, só poderá ocorrer mediante autorização do titular da presente licença e ficará sujeita às disposições constantes dessa autorização não podendo, em qualquer caso, comprometer o cumprimento das condições impostas nesta licença. Qualquer nova situação desta natureza deverá ser comunicada à Entidade Licenciadora.",L043200.2023.RH4A.V2
TUA20230530001578,T000085,,"Sempre que forem autorizadas descargas de águas residuais de indústrias localizadas fora da malha urbana, a autorização de descarga, prevista na cláusula anterior, fica sujeita à aprovação da Entidade Licenciadora.",L043200.2023.RH4A.V2
TUA20230530001578,T000094,,"Não deverá ocorrer obstrução da linha de água, promovendo o titular a limpeza de todos os materiais que eventualmente caiam para a mesma. As intervenções deverão ser executadas de forma a evitar que as escorrências e/ou detritos sejam lançados na linha de água ou colocados nas suas margens.",L043200.2023.RH4A.V2
TUA20230530001578,T000095,,"A descarga das águas residuais na água não deve provocar alteração da sua qualidade, nem colocar em risco os seus usos, sendo efetuada de modo a não prejudicar o escoamento natural da corrente e a não contribuir para o aumento dos riscos de erosão no local, ficando o titular responsável pela tomada das medidas consideradas necessárias para a correção das situações que possam ocorrer.",L043200.2023.RH4A.V2
TUA20230530001578,T000096,,"O titular obriga-se a efetuar as ações de manutenção, preventivas e corretivas, necessárias ao bom funcionamento da ETAR, incluindo a limpeza dos respetivos órgãos de tratamento devendo guardar os registos detalhados da sua realização, com indicação do destino final das lamas ou outros resíduos produzidos, para efeitos de inspeção ou fiscalização por parte das Entidades Competentes.",L043200.2023.RH4A.V2
TUA20230530001578,T000097,,O titular assume a responsabilidade pela eficiência e eficácia dos processos de tratamento e dos procedimentos a adotar com vista a minimizar os efeitos decorrentes da rejeição de águas residuais e a cumprir os objetivos de qualidade definidos para a massa de água recetora.,L043200.2023.RH4A.V2
TUA20240105000038,T000043,,O titular obriga-se a implementar as medidas de prevenção de acidentes e de emergência descritas no projeto.,L008065.2019.RH3.V1
TUA20240105000038,T000044,,"O titular obriga-se a observar todos os preceitos legais no que concerne a segurança, gestão de resíduos e conservação da natureza e também a legislação e os regulamentos específicos das atividades complementares que simultaneamente venham a ser desenvolvidas no local.",L008065.2019.RH3.V1
TUA20240105000038,T000045,,O titular obriga-se a manter o sistema de tratamento adotado em bom estado de funcionamento e conservação.,L008065.2019.RH3.V1
TUA20240105000038,T000046,,"O titular obriga-se a manter um registo atualizado dos valores do autocontrolo, para efeitos de inspeção ou fiscalização por parte das Entidades Competentes.",L008065.2019.RH3.V1
TUA20240105000038,T000047,,"Sempre que se verifique a necessidade de proceder a uma rejeição de emergência da(s) Estação(ões) Elevatória(s), o titular deverá de imediato tomar todas as medidas com vista a minimizar os efeitos daí decorrentes e comunicar a ocorrência à Entidade Licenciadora num prazo máximo de 24 horas seguintes à mesma.",L008065.2019.RH3.V1
TUA20240105000038,T000048,,"Como medida preventiva e minimizadora das consequências inerentes a uma rejeição de emergência no domínio hídrico, o titular deverá diligenciar no sentido de dotar a(s) Estação(ões) Elevatória(s) de um gerador de emergência.",L008065.2019.RH3.V1
TUA20240105000038,T000049,,"A ligação, às redes de drenagem da ETAR geridas pelo titular desta licença, das águas residuais de atividades económicas ou serviços localizados dentro da malha urbana ou diretamente na ETAR que produzam ou utilizem substâncias classificadas como poluentes específicos e/ou substâncias prioritárias/perigosas prioritárias para os meios aquáticos ou que sejam suscetíveis de comprometer o cumprimento das condições impostas nesta licença, nos termos do regulamento previsto no artigo 9º, do Decreto-Lei n.º 152/97, de 19 de junho, com as alterações introduzidas pelos Decretos-Leis n.os 348/98, de 9 de novembro, e 149/2004, de 22 de junho e 198/2008, de 8 de outubro, deve ser encarada com precaução, não podendo, em quaisquer circunstâncias, comprometer o cumprimento das condições impostas nesta licença.",L008065.2019.RH3.V1
TUA20240105000038,T000050,,"Para efeitos de fiscalização ou inspeção poderão ser recolhidas amostras compostas num dado período temporal, inferior a 24 horas, em função do caudal. Caso o sistema não disponha de medidor de caudal com registo automático, será utilizado o caudal máximo previsto no título para efeitos de avaliação da respetiva conformidade das amostras.",L008065.2019.RH3.V1
TUA20240105000038,T000051,,As condições de descarga poderão vir a ser alteradas em função dos resultados do autocontrolo e da evolução da qualidade do meio recetor ou de outras restrições de utilização local que o justifiquem.,L008065.2019.RH3.V1
TUA20240105000038,T000052,,"Qualquer alteração no funcionamento do sistema de produção e/ou de tratamento, mesmo que não prejudique as condições impostas nesta licença, deve ser comunicada à Entidade Licenciadora no prazo máximo de cinco dias.",L008065.2019.RH3.V1
TUA20240105000038,T000053,,"Qualquer descarga de águas residuais urbanas e/ou industriais, bem como de outras atividades económicas ou serviços, nas redes de drenagem ou diretamente na ETAR, só poderá ocorrer mediante autorização do titular da presente licença e ficará sujeita às disposições constantes dessa autorização não podendo, em qualquer caso, comprometer o cumprimento das condições impostas nesta licença. Qualquer nova situação desta natureza deverá ser comunicada à Entidade Licenciadora.",L008065.2019.RH3.V1
TUA20240105000038,T000054,,"A descarga das águas residuais na água não deve provocar alteração da sua qualidade, nem colocar em risco os seus usos, sendo efetuada de modo a não prejudicar o escoamento natural da corrente e a não contribuir para o aumento dos riscos de erosão no local, ficando o titular responsável pela tomada das medidas consideradas necessárias para a correção das situações que possam ocorrer.",L008065.2019.RH3.V1
TUA20240105000038,T000055,,"O titular obriga-se a efetuar as ações de manutenção, preventivas e corretivas, necessárias ao bom funcionamento da ETAR, incluindo a limpeza dos respetivos órgãos de tratamento devendo guardar os registos detalhados da sua realização, com indicação do destino final das lamas ou outros resíduos produzidos, para efeitos de inspeção ou fiscalização por parte das Entidades Competentes.",L008065.2019.RH3.V1
TUA20240105000038,T000056,,O titular assume a responsabilidade pela eficiência e eficácia dos processos de tratamento e dos procedimentos a adotar com vista a minimizar os efeitos decorrentes da rejeição de águas residuais e a cumprir os objetivos de qualidade definidos para a massa de água recetora.,L008065.2019.RH3.V1
TUA20240110000102,T000042,,O titular obriga-se a implementar as medidas de prevenção de acidentes e de emergência descritas no projeto.,L008067.2019.RH3.V1
TUA20240110000102,T000043,,Impende sobre o titular desta licença a responsabilidade de verificar o cumprimento das normas constantes na autorização de descarga supra mencionada.,L008067.2019.RH3.V1
TUA20240110000102,T000044,,"O titular obriga-se a observar todos os preceitos legais no que concerne a segurança, gestão de resíduos e conservação da natureza e também a legislação e os regulamentos específicos das atividades complementares que simultaneamente venham a ser desenvolvidas no local.",L008067.2019.RH3.V1
TUA20240110000102,T000045,,O titular obriga-se a manter o sistema de tratamento adotado em bom estado de funcionamento e conservação.,L008067.2019.RH3.V1
TUA20240110000102,T000046,,"O titular obriga-se a manter um registo atualizado dos valores do autocontrolo, para efeitos de inspeção ou fiscalização por parte das Entidades Competentes.",L008067.2019.RH3.V1
TUA20240110000102,T000047,,"Sempre que forem autorizadas descargas de águas residuais de indústrias localizadas fora da malha urbana, a autorização de descarga, prevista na cláusula anterior, fica sujeita à aprovação da Entidade Licenciadora.",L008067.2019.RH3.V1
TUA20240110000102,T000048,,"Sempre que se verifique a necessidade de proceder a uma rejeição de emergência da(s) Estação(ões) Elevatória(s), o titular deverá de imediato tomar todas as medidas com vista a minimizar os efeitos daí decorrentes e comunicar a ocorrência à Entidade Licenciadora num prazo máximo de 24 horas seguintes à mesma.",L008067.2019.RH3.V1
TUA20240110000102,T000049,,"Como medida preventiva e minimizadora das consequências inerentes a uma rejeição de emergência no domínio hídrico, o titular deverá diligenciar no sentido de dotar a(s) Estação(ões) Elevatória(s) de um gerador de emergência.",L008067.2019.RH3.V1
TUA20240110000102,T000050,,"A ligação, às redes de drenagem da ETAR geridas pelo titular desta licença, das águas residuais de atividades económicas ou serviços localizados dentro da malha urbana ou diretamente na ETAR que produzam ou utilizem substâncias classificadas como poluentes específicos e/ou substâncias prioritárias/perigosas prioritárias para os meios aquáticos ou que sejam suscetíveis de comprometer o cumprimento das condições impostas nesta licença, nos termos do regulamento previsto no artigo 9º, do Decreto-Lei n.º 152/97, de 19 de junho, com as alterações introduzidas pelos Decretos-Leis n.os 348/98, de 9 de novembro, e 149/2004, de 22 de junho e 198/2008, de 8 de outubro, deve ser encarada com precaução, não podendo, em quaisquer circunstâncias, comprometer o cumprimento das condições impostas nesta licença.",L008067.2019.RH3.V1
TUA20240110000102,T000051,,"Para efeitos de fiscalização ou inspeção poderão ser recolhidas amostras compostas num dado período temporal, inferior a 24 horas, em função do caudal. Caso o sistema não disponha de medidor de caudal com registo automático, será utilizado o caudal máximo previsto no título para efeitos de avaliação da respetiva conformidade das amostras.",L008067.2019.RH3.V1
TUA20240110000102,T000052,,As condições de descarga poderão vir a ser alteradas em função dos resultados do autocontrolo e da evolução da qualidade do meio recetor ou de outras restrições de utilização local que o justifiquem.,L008067.2019.RH3.V1
TUA20240110000102,T000053,,"Qualquer alteração no funcionamento do sistema de produção e/ou de tratamento, mesmo que não prejudique as condições impostas nesta licença, deve ser comunicada à Entidade Licenciadora no prazo máximo de cinco dias.",L008067.2019.RH3.V1
TUA20240110000102,T000054,,"Qualquer descarga de águas residuais urbanas e/ou industriais, bem como de outras atividades económicas ou serviços, nas redes de drenagem ou diretamente na ETAR, só poderá ocorrer mediante autorização do titular da presente licença e ficará sujeita às disposições constantes dessa autorização não podendo, em qualquer caso, comprometer o cumprimento das condições impostas nesta licença. Qualquer nova situação desta natureza deverá ser comunicada à Entidade Licenciadora.",L008067.2019.RH3.V1
TUA20240110000102,T000055,,"A descarga das águas residuais na água não deve provocar alteração da sua qualidade, nem colocar em risco os seus usos, sendo efetuada de modo a não prejudicar o escoamento natural da corrente e a não contribuir para o aumento dos riscos de erosão no local, ficando o titular responsável pela tomada das medidas consideradas necessárias para a correção das situações que possam ocorrer.",L008067.2019.RH3.V1
TUA20240110000102,T000056,,"O titular obriga-se a efetuar as ações de manutenção, preventivas e corretivas, necessárias ao bom funcionamento da ETAR, incluindo a limpeza dos respetivos órgãos de tratamento devendo guardar os registos detalhados da sua realização, com indicação do destino final das lamas ou outros resíduos produzidos, para efeitos de inspeção ou fiscalização por parte das Entidades Competentes.",L008067.2019.RH3.V1
TUA20240110000102,T000057,,O titular assume a responsabilidade pela eficiência e eficácia dos processos de tratamento e dos procedimentos a adotar com vista a minimizar os efeitos decorrentes da rejeição de águas residuais e a cumprir os objetivos de qualidade definidos para a massa de água recetora.,L008067.2019.RH3.V1
TUA20240123000210,T000040,,O titular obriga-se a implementar as medidas de prevenção de acidentes e de emergência descritas no projeto.,L008070.2019.RH3.V1
TUA20240123000210,T000041,,"O titular obriga-se a observar todos os preceitos legais no que concerne a segurança, gestão de resíduos e conservação da natureza e também a legislação e os regulamentos específicos das atividades complementares que simultaneamente venham a ser desenvolvidas no local.",L008070.2019.RH3.V1
TUA20240123000210,T000042,,O titular obriga-se a manter o sistema de tratamento adotado em bom estado de funcionamento e conservação.,L008070.2019.RH3.V1
TUA20240123000210,T000043,,"O titular obriga-se a manter um registo atualizado dos valores do autocontrolo, para efeitos de inspeção ou fiscalização por parte das Entidades Competentes.",L008070.2019.RH3.V1
TUA20240123000210,T000044,,"Sempre que se verifique a necessidade de proceder a uma rejeição de emergência da(s) Estação(ões) Elevatória(s), o titular deverá de imediato tomar todas as medidas com vista a minimizar os efeitos daí decorrentes e comunicar a ocorrência à Entidade Licenciadora num prazo máximo de 24 horas seguintes à mesma.",L008070.2019.RH3.V1
TUA20240123000210,T000045,,"Como medida preventiva e minimizadora das consequências inerentes a uma rejeição de emergência no domínio hídrico, o titular deverá diligenciar no sentido de dotar a(s) Estação(ões) Elevatória(s) de um gerador de emergência.",L008070.2019.RH3.V1
TUA20240123000210,T000046,,"A ligação, às redes de drenagem da ETAR geridas pelo titular desta licença, das águas residuais de atividades económicas ou serviços localizados dentro da malha urbana ou diretamente na ETAR que produzam ou utilizem substâncias classificadas como poluentes específicos e/ou substâncias prioritárias/perigosas prioritárias para os meios aquáticos ou que sejam suscetíveis de comprometer o cumprimento das condições impostas nesta licença, nos termos do regulamento previsto no artigo 9º, do Decreto-Lei n.º 152/97, de 19 de junho, com as alterações introduzidas pelos Decretos-Leis n.os 348/98, de 9 de novembro, e 149/2004, de 22 de junho e 198/2008, de 8 de outubro, deve ser encarada com precaução, não podendo, em quaisquer circunstâncias, comprometer o cumprimento das condições impostas nesta licença.",L008070.2019.RH3.V1
TUA20240123000210,T000047,,"Para efeitos de fiscalização ou inspeção poderão ser recolhidas amostras compostas num dado período temporal, inferior a 24 horas, em função do caudal. Caso o sistema não disponha de medidor de caudal com registo automático, será utilizado o caudal máximo previsto no título para efeitos de avaliação da respetiva conformidade das amostras.",L008070.2019.RH3.V1
TUA20240123000210,T000048,,As condições de descarga poderão vir a ser alteradas em função dos resultados do autocontrolo e da evolução da qualidade do meio recetor ou de outras restrições de utilização local que o justifiquem.,L008070.2019.RH3.V1
TUA20240123000210,T000049,,"Qualquer alteração no funcionamento do sistema de produção e/ou de tratamento, mesmo que não prejudique as condições impostas nesta licença, deve ser comunicada à Entidade Licenciadora no prazo máximo de cinco dias.",L008070.2019.RH3.V1
TUA20240123000210,T000050,,"Qualquer descarga de águas residuais urbanas e/ou industriais, bem como de outras atividades económicas ou serviços, nas redes de drenagem ou diretamente na ETAR, só poderá ocorrer mediante autorização do titular da presente licença e ficará sujeita às disposições constantes dessa autorização não podendo, em qualquer caso, comprometer o cumprimento das condições impostas nesta licença. Qualquer nova situação desta natureza deverá ser comunicada à Entidade Licenciadora.",L008070.2019.RH3.V1
TUA20240123000210,T000051,,"A descarga das águas residuais na água não deve provocar alteração da sua qualidade, nem colocar em risco os seus usos, sendo efetuada de modo a não prejudicar o escoamento natural da corrente e a não contribuir para o aumento dos riscos de erosão no local, ficando o titular responsável pela tomada das medidas consideradas necessárias para a correção das situações que possam ocorrer.",L008070.2019.RH3.V1
TUA20240123000210,T000052,,"O titular obriga-se a efetuar as ações de manutenção, preventivas e corretivas, necessárias ao bom funcionamento da ETAR, incluindo a limpeza dos respetivos órgãos de tratamento devendo guardar os registos detalhados da sua realização, com indicação do destino final das lamas ou outros resíduos produzidos, para efeitos de inspeção ou fiscalização por parte das Entidades Competentes.",L008070.2019.RH3.V1
TUA20240123000210,T000053,,O titular assume a responsabilidade pela eficiência e eficácia dos processos de tratamento e dos procedimentos a adotar com vista a minimizar os efeitos decorrentes da rejeição de águas residuais e a cumprir os objetivos de qualidade definidos para a massa de água recetora.,L008070.2019.RH3.V1
TUA20240227000550,T000044,,O titular obriga-se a implementar as medidas de prevenção de acidentes e de emergência descritas no projeto.,L012483.2019.RH3.V1
TUA20240227000550,T000045,,"O titular obriga-se a observar todos os preceitos legais no que concerne a segurança, gestão de resíduos e conservação da natureza e também a legislação e os regulamentos específicos das atividades complementares que simultaneamente venham a ser desenvolvidas no local.",L012483.2019.RH3.V1
TUA20240227000550,T000046,,O titular obriga-se a manter o sistema de tratamento adotado em bom estado de funcionamento e conservação.,L012483.2019.RH3.V1
TUA20240227000550,T000047,,"O titular obriga-se a manter um registo atualizado dos valores do autocontrolo, para efeitos de inspeção ou fiscalização por parte das Entidades Competentes.",L012483.2019.RH3.V1
TUA20240227000550,T000048,,"Sempre que forem autorizadas descargas de águas residuais de indústrias localizadas fora da malha urbana, a autorização de descarga, prevista na cláusula anterior, fica sujeita à aprovação da Entidade Licenciadora.",L012483.2019.RH3.V1
TUA20240227000550,T000049,,"Sempre que se verifique a necessidade de proceder a uma rejeição de emergência da(s) Estação(ões) Elevatória(s), o titular deverá de imediato tomar todas as medidas com vista a minimizar os efeitos daí decorrentes e comunicar a ocorrência à Entidade Licenciadora num prazo máximo de 24 horas seguintes à mesma.",L012483.2019.RH3.V1
TUA20240227000550,T000050,,"Como medida preventiva e minimizadora das consequências inerentes a uma rejeição de emergência no domínio hídrico, o titular deverá diligenciar no sentido de dotar a(s) Estação(ões) Elevatória(s) de um gerador de emergência.",L012483.2019.RH3.V1
TUA20240227000550,T000051,,"A ligação, às redes de drenagem da ETAR geridas pelo titular desta licença, das águas residuais de atividades económicas ou serviços localizados dentro da malha urbana ou diretamente na ETAR que produzam ou utilizem substâncias classificadas como poluentes específicos e/ou substâncias prioritárias/perigosas prioritárias para os meios aquáticos ou que sejam suscetíveis de comprometer o cumprimento das condições impostas nesta licença, nos termos do regulamento previsto no artigo 9º, do Decreto-Lei n.º 152/97, de 19 de junho, com as alterações introduzidas pelos Decretos-Leis n.os 348/98, de 9 de novembro, e 149/2004, de 22 de junho e 198/2008, de 8 de outubro, deve ser encarada com precaução, não podendo, em quaisquer circunstâncias, comprometer o cumprimento das condições impostas nesta licença.",L012483.2019.RH3.V1
TUA20240227000550,T000052,,"Para efeitos de fiscalização ou inspeção poderão ser recolhidas amostras compostas num dado período temporal, inferior a 24 horas, em função do caudal. Caso o sistema não disponha de medidor de caudal com registo automático, será utilizado o caudal máximo previsto no título para efeitos de avaliação da respetiva conformidade das amostras.",L012483.2019.RH3.V1
TUA20240227000550,T000053,,As condições de descarga poderão vir a ser alteradas em função dos resultados do autocontrolo e da evolução da qualidade do meio recetor ou de outras restrições de utilização local que o justifiquem.,L012483.2019.RH3.V1
TUA20240227000550,T000054,,"Qualquer alteração no funcionamento do sistema de produção e/ou de tratamento, mesmo que não prejudique as condições impostas nesta licença, deve ser comunicada à Entidade Licenciadora no prazo máximo de cinco dias.",L012483.2019.RH3.V1
TUA20240227000550,T000055,,"Qualquer descarga de águas residuais urbanas e/ou industriais, bem como de outras atividades económicas ou serviços, nas redes de drenagem ou diretamente na ETAR, só poderá ocorrer mediante autorização do titular da presente licença e ficará sujeita às disposições constantes dessa autorização não podendo, em qualquer caso, comprometer o cumprimento das condições impostas nesta licença. Qualquer nova situação desta natureza deverá ser comunicada à Entidade Licenciadora.",L012483.2019.RH3.V1
TUA20240227000550,T000056,,"A descarga das águas residuais na água não deve provocar alteração da sua qualidade, nem colocar em risco os seus usos, sendo efetuada de modo a não prejudicar o escoamento natural da corrente e a não contribuir para o aumento dos riscos de erosão no local, ficando o titular responsável pela tomada das medidas consideradas necessárias para a correção das situações que possam ocorrer.",L012483.2019.RH3.V1
TUA20240227000550,T000057,,"O titular obriga-se a efetuar as ações de manutenção, preventivas e corretivas, necessárias ao bom funcionamento da ETAR, incluindo a limpeza dos respetivos órgãos de tratamento devendo guardar os registos detalhados da sua realização, com indicação do destino final das lamas ou outros resíduos produzidos, para efeitos de inspeção ou fiscalização por parte das Entidades Competentes.",L012483.2019.RH3.V1
TUA20240227000550,T000058,,O titular assume a responsabilidade pela eficiência e eficácia dos processos de tratamento e dos procedimentos a adotar com vista a minimizar os efeitos decorrentes da rejeição de águas residuais e a cumprir os objetivos de qualidade definidos para a massa de água recetora.,L012483.2019.RH3.V1
TUA20240308000724,T000041,,O titular obriga-se a implementar as medidas de prevenção de acidentes e de emergência descritas no projeto.,L012485.2019.RH3.V1
TUA20240308000724,T000042,,"O titular obriga-se a observar todos os preceitos legais no que concerne a segurança, gestão de resíduos e conservação da natureza e também a legislação e os regulamentos específicos das atividades complementares que simultaneamente venham a ser desenvolvidas no local.",L012485.2019.RH3.V1
TUA20240308000724,T000043,,O titular obriga-se a manter o sistema de tratamento adotado em bom estado de funcionamento e conservação.,L012485.2019.RH3.V1
TUA20240308000724,T000044,,"O titular obriga-se a manter um registo atualizado dos valores do autocontrolo, para efeitos de inspeção ou fiscalização por parte das Entidades Competentes.",L012485.2019.RH3.V1
TUA20240308000724,T000045,,"Sempre que se verifique a necessidade de proceder a uma rejeição de emergência da(s) Estação(ões) Elevatória(s), o titular deverá de imediato tomar todas as medidas com vista a minimizar os efeitos daí decorrentes e comunicar a ocorrência à Entidade Licenciadora num prazo máximo de 24 horas seguintes à mesma.",L012485.2019.RH3.V1
TUA20240308000724,T000046,,"Como medida preventiva e minimizadora das consequências inerentes a uma rejeição de emergência no domínio hídrico, o titular deverá diligenciar no sentido de dotar a(s) Estação(ões) Elevatória(s) de um gerador de emergência.",L012485.2019.RH3.V1
TUA20240308000724,T000047,,"A ligação, às redes de drenagem da ETAR geridas pelo titular desta licença, das águas residuais de atividades económicas ou serviços localizados dentro da malha urbana ou diretamente na ETAR que produzam ou utilizem substâncias classificadas como poluentes específicos e/ou substâncias prioritárias/perigosas prioritárias para os meios aquáticos ou que sejam suscetíveis de comprometer o cumprimento das condições impostas nesta licença, nos termos do regulamento previsto no artigo 9º, do Decreto-Lei n.º 152/97, de 19 de junho, com as alterações introduzidas pelos Decretos-Leis n.os 348/98, de 9 de novembro, e 149/2004, de 22 de junho e 198/2008, de 8 de outubro, deve ser encarada com precaução, não podendo, em quaisquer circunstâncias, comprometer o cumprimento das condições impostas nesta licença.",L012485.2019.RH3.V1
TUA20240308000724,T000048,,"Para efeitos de fiscalização ou inspeção poderão ser recolhidas amostras compostas num dado período temporal, inferior a 24 horas, em função do caudal. Caso o sistema não disponha de medidor de caudal com registo automático, será utilizado o caudal máximo previsto no título para efeitos de avaliação da respetiva conformidade das amostras.",L012485.2019.RH3.V1
TUA20240308000724,T000049,,As condições de descarga poderão vir a ser alteradas em função dos resultados do autocontrolo e da evolução da qualidade do meio recetor ou de outras restrições de utilização local que o justifiquem.,L012485.2019.RH3.V1
TUA20240308000724,T000050,,"Qualquer alteração no funcionamento do sistema de produção e/ou de tratamento, mesmo que não prejudique as condições impostas nesta licença, deve ser comunicada à Entidade Licenciadora no prazo máximo de cinco dias.",L012485.2019.RH3.V1
TUA20240308000724,T000051,,"Qualquer descarga de águas residuais urbanas e/ou industriais, bem como de outras atividades económicas ou serviços, nas redes de drenagem ou diretamente na ETAR, só poderá ocorrer mediante autorização do titular da presente licença e ficará sujeita às disposições constantes dessa autorização não podendo, em qualquer caso, comprometer o cumprimento das condições impostas nesta licença. Qualquer nova situação desta natureza deverá ser comunicada à Entidade Licenciadora.",L012485.2019.RH3.V1
TUA20240308000724,T000052,,"A descarga das águas residuais na água não deve provocar alteração da sua qualidade, nem colocar em risco os seus usos, sendo efetuada de modo a não prejudicar o escoamento natural da corrente e a não contribuir para o aumento dos riscos de erosão no local, ficando o titular responsável pela tomada das medidas consideradas necessárias para a correção das situações que possam ocorrer.",L012485.2019.RH3.V1
TUA20240308000724,T000053,,"O titular obriga-se a efetuar as ações de manutenção, preventivas e corretivas, necessárias ao bom funcionamento da ETAR, incluindo a limpeza dos respetivos órgãos de tratamento devendo guardar os registos detalhados da sua realização, com indicação do destino final das lamas ou outros resíduos produzidos, para efeitos de inspeção ou fiscalização por parte das Entidades Competentes.",L012485.2019.RH3.V1
TUA20240308000724,T000054,,O titular assume a responsabilidade pela eficiência e eficácia dos processos de tratamento e dos procedimentos a adotar com vista a minimizar os efeitos decorrentes da rejeição de águas residuais e a cumprir os objetivos de qualidade definidos para a massa de água recetora.,L012485.2019.RH3.V1
TUA20240416001180,T000041,,O titular obriga-se a implementar as medidas de prevenção de acidentes e de emergência descritas no projeto.,L012482.2019.RH3.V1
TUA20240416001180,T000042,,"O titular obriga-se a observar todos os preceitos legais no que concerne a segurança, gestão de resíduos e conservação da natureza e também a legislação e os regulamentos específicos das atividades complementares que simultaneamente venham a ser desenvolvidas no local.",L012482.2019.RH3.V1
TUA20240416001180,T000043,,O titular obriga-se a manter o sistema de tratamento adotado em bom estado de funcionamento e conservação.,L012482.2019.RH3.V1
TUA20240416001180,T000044,,"Sempre que se verifique a necessidade de proceder a uma rejeição de emergência da(s) Estação(ões) Elevatória(s), o titular deverá de imediato tomar todas as medidas com vista a minimizar os efeitos daí decorrentes e comunicar a ocorrência à Entidade Licenciadora num prazo máximo de 24 horas seguintes à mesma.",L012482.2019.RH3.V1
TUA20240416001180,T000045,,"Como medida preventiva e minimizadora das consequências inerentes a uma rejeição de emergência no domínio hídrico, o titular deverá diligenciar no sentido de dotar a(s) Estação(ões) Elevatória(s) de um gerador de emergência.",L012482.2019.RH3.V1
TUA20240416001180,T000046,,"A ligação, às redes de drenagem da ETAR geridas pelo titular desta licença, das águas residuais de atividades económicas ou serviços localizados dentro da malha urbana ou diretamente na ETAR que produzam ou utilizem substâncias classificadas como poluentes específicos e/ou substâncias prioritárias/perigosas prioritárias para os meios aquáticos ou que sejam suscetíveis de comprometer o cumprimento das condições impostas nesta licença, nos termos do regulamento previsto no artigo 9º, do Decreto-Lei n.º 152/97, de 19 de junho, com as alterações introduzidas pelos Decretos-Leis n.os 348/98, de 9 de novembro, e 149/2004, de 22 de junho e 198/2008, de 8 de outubro, deve ser encarada com precaução, não podendo, em quaisquer circunstâncias, comprometer o cumprimento das condições impostas nesta licença.",L012482.2019.RH3.V1
TUA20240416001180,T000047,,"Para efeitos de fiscalização ou inspeção poderão ser recolhidas amostras compostas num dado período temporal, inferior a 24 horas, em função do caudal. Caso o sistema não disponha de medidor de caudal com registo automático, será utilizado o caudal máximo previsto no título para efeitos de avaliação da respetiva conformidade das amostras.",L012482.2019.RH3.V1
TUA20240416001180,T000048,,As condições de descarga poderão vir a ser alteradas em função dos resultados do autocontrolo e da evolução da qualidade do meio recetor ou de outras restrições de utilização local que o justifiquem.,L012482.2019.RH3.V1
TUA20240416001180,T000049,,"Qualquer alteração no funcionamento do sistema de produção e/ou de tratamento, mesmo que não prejudique as condições impostas nesta licença, deve ser comunicada à Entidade Licenciadora no prazo máximo de cinco dias.",L012482.2019.RH3.V1
TUA20240416001180,T000050,,"Qualquer descarga de águas residuais urbanas e/ou industriais, bem como de outras atividades económicas ou serviços, nas redes de drenagem ou diretamente na ETAR, só poderá ocorrer mediante autorização do titular da presente licença e ficará sujeita às disposições constantes dessa autorização não podendo, em qualquer caso, comprometer o cumprimento das condições impostas nesta licença. Qualquer nova situação desta natureza deverá ser comunicada à Entidade Licenciadora.",L012482.2019.RH3.V1
TUA20240416001180,T000051,,"A descarga das águas residuais na água não deve provocar alteração da sua qualidade, nem colocar em risco os seus usos, sendo efetuada de modo a não prejudicar o escoamento natural da corrente e a não contribuir para o aumento dos riscos de erosão no local, ficando o titular responsável pela tomada das medidas consideradas necessárias para a correção das situações que possam ocorrer.",L012482.2019.RH3.V1
TUA20240416001180,T000052,,"O titular obriga-se a efetuar as ações de manutenção, preventivas e corretivas, necessárias ao bom funcionamento da ETAR, incluindo a limpeza dos respetivos órgãos de tratamento devendo guardar os registos detalhados da sua realização, com indicação do destino final das lamas ou outros resíduos produzidos, para efeitos de inspeção ou fiscalização por parte das Entidades Competentes.",L012482.2019.RH3.V1
TUA20240416001180,T000053,,O titular assume a responsabilidade pela eficiência e eficácia dos processos de tratamento e dos procedimentos a adotar com vista a minimizar os efeitos decorrentes da rejeição de águas residuais e a cumprir os objetivos de qualidade definidos para a massa de água recetora.,L012482.2019.RH3.V1
TUA20240506001395,T000041,,O titular obriga-se a implementar as medidas de prevenção de acidentes e de emergência descritas no projeto.,L017381.2019.RH3.V1
TUA20240506001395,T000042,,"O titular obriga-se a observar todos os preceitos legais no que concerne a segurança, gestão de resíduos e conservação da natureza e também a legislação e os regulamentos específicos das atividades complementares que simultaneamente venham a ser desenvolvidas no local.",L017381.2019.RH3.V1
TUA20240506001395,T000043,,O titular obriga-se a manter o sistema de tratamento adotado em bom estado de funcionamento e conservação.,L017381.2019.RH3.V1
TUA20240506001395,T000044,,"O titular obriga-se a manter um registo atualizado dos valores do autocontrolo, para efeitos de inspeção ou fiscalização por parte das Entidades Competentes.",L017381.2019.RH3.V1
TUA20240506001395,T000045,,"Sempre que se verifique a necessidade de proceder a uma rejeição de emergência da(s) Estação(ões) Elevatória(s), o titular deverá de imediato tomar todas as medidas com vista a minimizar os efeitos daí decorrentes e comunicar a ocorrência à Entidade Licenciadora num prazo máximo de 24 horas seguintes à mesma.",L017381.2019.RH3.V1
TUA20240506001395,T000046,,"Como medida preventiva e minimizadora das consequências inerentes a uma rejeição de emergência no domínio hídrico, o titular deverá diligenciar no sentido de dotar a(s) Estação(ões) Elevatória(s) de um gerador de emergência.",L017381.2019.RH3.V1
TUA20240506001395,T000047,,"A ligação, às redes de drenagem da ETAR geridas pelo titular desta licença, das águas residuais de atividades económicas ou serviços localizados dentro da malha urbana ou diretamente na ETAR que produzam ou utilizem substâncias classificadas como poluentes específicos e/ou substâncias prioritárias/perigosas prioritárias para os meios aquáticos ou que sejam suscetíveis de comprometer o cumprimento das condições impostas nesta licença, nos termos do regulamento previsto no artigo 9º, do Decreto-Lei n.º 152/97, de 19 de junho, com as alterações introduzidas pelos Decretos-Leis n.os 348/98, de 9 de novembro, e 149/2004, de 22 de junho e 198/2008, de 8 de outubro, deve ser encarada com precaução, não podendo, em quaisquer circunstâncias, comprometer o cumprimento das condições impostas nesta licença.",L017381.2019.RH3.V1
TUA20240506001395,T000048,,"Para efeitos de fiscalização ou inspeção poderão ser recolhidas amostras compostas num dado período temporal, inferior a 24 horas, em função do caudal. Caso o sistema não disponha de medidor de caudal com registo automático, será utilizado o caudal máximo previsto no título para efeitos de avaliação da respetiva conformidade das amostras.",L017381.2019.RH3.V1
TUA20240506001395,T000049,,As condições de descarga poderão vir a ser alteradas em função dos resultados do autocontrolo e da evolução da qualidade do meio recetor ou de outras restrições de utilização local que o justifiquem.,L017381.2019.RH3.V1
TUA20240506001395,T000050,,"Qualquer alteração no funcionamento do sistema de produção e/ou de tratamento, mesmo que não prejudique as condições impostas nesta licença, deve ser comunicada à Entidade Licenciadora no prazo máximo de cinco dias.",L017381.2019.RH3.V1
TUA20240506001395,T000051,,"Qualquer descarga de águas residuais urbanas e/ou industriais, bem como de outras atividades económicas ou serviços, nas redes de drenagem ou diretamente na ETAR, só poderá ocorrer mediante autorização do titular da presente licença e ficará sujeita às disposições constantes dessa autorização não podendo, em qualquer caso, comprometer o cumprimento das condições impostas nesta licença. Qualquer nova situação desta natureza deverá ser comunicada à Entidade Licenciadora.",L017381.2019.RH3.V1
TUA20240506001395,T000052,,"A descarga das águas residuais na água não deve provocar alteração da sua qualidade, nem colocar em risco os seus usos, sendo efetuada de modo a não prejudicar o escoamento natural da corrente e a não contribuir para o aumento dos riscos de erosão no local, ficando o titular responsável pela tomada das medidas consideradas necessárias para a correção das situações que possam ocorrer.",L017381.2019.RH3.V1
TUA20240506001395,T000053,,"O titular obriga-se a efetuar as ações de manutenção, preventivas e corretivas, necessárias ao bom funcionamento da ETAR, incluindo a limpeza dos respetivos órgãos de tratamento devendo guardar os registos detalhados da sua realização, com indicação do destino final das lamas ou outros resíduos produzidos, para efeitos de inspeção ou fiscalização por parte das Entidades Competentes.",L017381.2019.RH3.V1
TUA20240506001395,T000054,,O titular assume a responsabilidade pela eficiência e eficácia dos processos de tratamento e dos procedimentos a adotar com vista a minimizar os efeitos decorrentes da rejeição de águas residuais e a cumprir os objetivos de qualidade definidos para a massa de água recetora.,L017381.2019.RH3.V1
TUA20240506001401,T000045,,O titular obriga-se a implementar as medidas de prevenção de acidentes e de emergência descritas no projeto.,L008066.2019.RH3.V1
TUA20240506001401,T000046,,"O titular obriga-se a observar todos os preceitos legais no que concerne a segurança, gestão de resíduos e conservação da natureza e também a legislação e os regulamentos específicos das atividades complementares que simultaneamente venham a ser desenvolvidas no local.",L008066.2019.RH3.V1
TUA20240506001401,T000047,,O titular obriga-se a manter o sistema de tratamento adotado em bom estado de funcionamento e conservação.,L008066.2019.RH3.V1
TUA20240506001401,T000048,,"O titular obriga-se a manter um registo atualizado dos valores do autocontrolo, para efeitos de inspeção ou fiscalização por parte das Entidades Competentes.",L008066.2019.RH3.V1
TUA20240506001401,T000049,,"Sempre que se verifique a necessidade de proceder a uma rejeição de emergência da(s) Estação(ões) Elevatória(s), o titular deverá de imediato tomar todas as medidas com vista a minimizar os efeitos daí decorrentes e comunicar a ocorrência à Entidade Licenciadora num prazo máximo de 24 horas seguintes à mesma.",L008066.2019.RH3.V1
TUA20240506001401,T000050,,"Como medida preventiva e minimizadora das consequências inerentes a uma rejeição de emergência no domínio hídrico, o titular deverá diligenciar no sentido de dotar a(s) Estação(ões) Elevatória(s) de um gerador de emergência.",L008066.2019.RH3.V1
TUA20240506001401,T000051,,"A ligação, às redes de drenagem da ETAR geridas pelo titular desta licença, das águas residuais de atividades económicas ou serviços localizados dentro da malha urbana ou diretamente na ETAR que produzam ou utilizem substâncias classificadas como poluentes específicos e/ou substâncias prioritárias/perigosas prioritárias para os meios aquáticos ou que sejam suscetíveis de comprometer o cumprimento das condições impostas nesta licença, nos termos do regulamento previsto no artigo 9º, do Decreto-Lei n.º 152/97, de 19 de junho, com as alterações introduzidas pelos Decretos-Leis n.os 348/98, de 9 de novembro, e 149/2004, de 22 de junho e 198/2008, de 8 de outubro, deve ser encarada com precaução, não podendo, em quaisquer circunstâncias, comprometer o cumprimento das condições impostas nesta licença.",L008066.2019.RH3.V1
TUA20240506001401,T000052,,"Para efeitos de fiscalização ou inspeção poderão ser recolhidas amostras compostas num dado período temporal, inferior a 24 horas, em função do caudal. Caso o sistema não disponha de medidor de caudal com registo automático, será utilizado o caudal máximo previsto no título para efeitos de avaliação da respetiva conformidade das amostras.",L008066.2019.RH3.V1
TUA20240506001401,T000053,,As condições de descarga poderão vir a ser alteradas em função dos resultados do autocontrolo e da evolução da qualidade do meio recetor ou de outras restrições de utilização local que o justifiquem.,L008066.2019.RH3.V1
TUA20240506001401,T000054,,"Qualquer alteração no funcionamento do sistema de produção e/ou de tratamento, mesmo que não prejudique as condições impostas nesta licença, deve ser comunicada à Entidade Licenciadora no prazo máximo de cinco dias.",L008066.2019.RH3.V1
TUA20240506001401,T000055,,"Qualquer descarga de águas residuais urbanas e/ou industriais, bem como de outras atividades económicas ou serviços, nas redes de drenagem ou diretamente na ETAR, só poderá ocorrer mediante autorização do titular da presente licença e ficará sujeita às disposições constantes dessa autorização não podendo, em qualquer caso, comprometer o cumprimento das condições impostas nesta licença. Qualquer nova situação desta natureza deverá ser comunicada à Entidade Licenciadora.",L008066.2019.RH3.V1
TUA20240506001401,T000056,,"A descarga das águas residuais na água não deve provocar alteração da sua qualidade, nem colocar em risco os seus usos, sendo efetuada de modo a não prejudicar o escoamento natural da corrente e a não contribuir para o aumento dos riscos de erosão no local, ficando o titular responsável pela tomada das medidas consideradas necessárias para a correção das situações que possam ocorrer.",L008066.2019.RH3.V1
TUA20240506001401,T000057,,"O titular obriga-se a efetuar as ações de manutenção, preventivas e corretivas, necessárias ao bom funcionamento da ETAR, incluindo a limpeza dos respetivos órgãos de tratamento devendo guardar os registos detalhados da sua realização, com indicação do destino final das lamas ou outros resíduos produzidos, para efeitos de inspeção ou fiscalização por parte das Entidades Competentes.",L008066.2019.RH3.V1
TUA20240506001401,T000058,,O titular assume a responsabilidade pela eficiência e eficácia dos processos de tratamento e dos procedimentos a adotar com vista a minimizar os efeitos decorrentes da rejeição de águas residuais e a cumprir os objetivos de qualidade definidos para a massa de água recetora.,L008066.2019.RH3.V1
TUA20240521001568,T000045,,Impende sobre o titular desta licença a responsabilidade de verificar o cumprimento das normas constantes na autorização de descarga supra mencionada.,L015870.2019.RH4A.V1
TUA20240521001568,T000046,,"O titular obriga-se a observar todos os preceitos legais no que concerne a segurança, gestão de resíduos e conservação da natureza e também a legislação e os regulamentos específicos das atividades complementares que simultaneamente venham a ser desenvolvidas no local.",L015870.2019.RH4A.V1
TUA20240521001568,T000047,,O titular obriga-se a manter o sistema de tratamento adotado em bom estado de funcionamento e conservação.,L015870.2019.RH4A.V1
TUA20240521001568,T000048,,"O titular obriga-se a manter um registo atualizado dos valores do autocontrolo, para efeitos de inspeção ou fiscalização por parte das Entidades Competentes.",L015870.2019.RH4A.V1
TUA20240521001568,T000059,,O titular obriga-se a implementar o programa de autocontrolo descrito no presente título e a enviar à Entidade Licenciadora os dados obtidos com o formato e periodicidade definidos no mesmo.,L015870.2019.RH4A.V1
TUA20240521001568,T000049,,"Sempre que forem autorizadas descargas de águas residuais de indústrias localizadas fora da malha urbana, a autorização de descarga fica sujeita à aprovação da Entidade Licenciadora.",L015870.2019.RH4A.V1
TUA20240521001568,T000050,,"O titular da licença deve respeitar as condições de descarga indicadas no presente título, não podendo efetuar qualquer operação deliberada de diluição das águas residuais. A avaliação de conformidade é determinada com base nos parâmetros definidos no mesmo, conforme a legislação em vigor.",L015870.2019.RH4A.V1
TUA20240521001568,T000051,,Fazem parte integrante do presente título todos os anexos autenticados que o acompanham.,L015870.2019.RH4A.V1
TUA20240521001568,T000052,,"A ligação, às redes de drenagem da ETAR geridas pelo titular desta licença, das águas residuais de atividades económicas ou serviços localizados dentro da malha urbana ou diretamente na ETAR que produzam ou utilizem substâncias classificadas como poluentes específicos e/ou substâncias prioritárias/perigosas prioritárias para os meios aquáticos ou que sejam suscetíveis de comprometer o cumprimento das condições impostas nesta licença, nos termos do regulamento previsto no artigo 9º, do Decreto-Lei n.º 152/97, de 19 de junho, com as alterações introduzidas pelos Decretos-Leis n.os 348/98, de 9 de novembro, e 149/2004, de 22 de junho e 198/2008, de 8 de outubro, deve ser encarada com precaução, não podendo, em quaisquer circunstâncias, comprometer o cumprimento das condições impostas nesta licença.",L015870.2019.RH4A.V1
TUA20240521001568,T000053,,As condições de descarga poderão vir a ser alteradas em função dos resultados do autocontrolo e da evolução da qualidade do meio recetor ou de outras restrições de utilização local que o justifiquem.,L015870.2019.RH4A.V1
TUA20240521001568,Código,,Condição,Código Utilização
TUA20240521001568,T000054,,"Qualquer alteração no funcionamento do sistema de produção e/ou de tratamento, mesmo que não prejudique as condições impostas nesta licença, deve ser comunicada à Entidade Licenciadora no prazo máximo de cinco dias.",L015870.2019.RH4A.V1
TUA20240521001568,T000055,,"Qualquer descarga de águas residuais urbanas e/ou industriais, bem como de outras atividades económicas ou serviços, nas redes de drenagem ou diretamente na ETAR, só poderá ocorrer mediante autorização do titular da presente licença e ficará sujeita às disposições constantes dessa autorização não podendo, em qualquer caso, comprometer o cumprimento das condições impostas nesta licença. Qualquer nova situação desta natureza deverá ser comunicada à Entidade Licenciadora.",L015870.2019.RH4A.V1
TUA20240521001568,T000056,,"A descarga das águas residuais na água não deve provocar alteração da sua qualidade, nem colocar em risco os seus usos, sendo efetuada de modo a não prejudicar o escoamento natural da corrente e a não contribuir para o aumento dos riscos de erosão no local, ficando o titular responsável pela tomada das medidas consideradas necessárias para a correção das situações que possam ocorrer.",L015870.2019.RH4A.V1
TUA20240521001568,T000057,,"O titular obriga-se a efetuar as ações de manutenção, preventivas e corretivas, necessárias ao bom funcionamento da ETAR, incluindo a limpeza dos respetivos órgãos de tratamento devendo guardar os registos detalhados da sua realização, com indicação do destino final das lamas ou outros resíduos produzidos, para efeitos de inspeção ou fiscalização por parte das Entidades Competentes.",L015870.2019.RH4A.V1
TUA20240521001568,T000058,,O titular assume a responsabilidade pela eficiência e eficácia dos processos de tratamento e dos procedimentos a adotar com vista a minimizar os efeitos decorrentes da rejeição de águas residuais e a cumprir os objetivos de qualidade definidos para a massa de água recetora.,L015870.2019.RH4A.V1
TUA20240521001569,T000045,,Impende sobre o titular desta licença a responsabilidade de verificar o cumprimento das normas constantes na autorização de descarga supra mencionada.,L015931.2019.RH4A.V1
TUA20240521001569,T000046,,"O titular obriga-se a observar todos os preceitos legais no que concerne a segurança, gestão de resíduos e conservação da natureza e também a legislação e os regulamentos específicos das atividades complementares que simultaneamente venham a ser desenvolvidas no local.",L015931.2019.RH4A.V1
TUA20240521001569,T000047,,O titular obriga-se a manter o sistema de tratamento adotado em bom estado de funcionamento e conservação.,L015931.2019.RH4A.V1
TUA20240521001569,T000048,,"O titular obriga-se a manter um registo atualizado dos valores do autocontrolo, para efeitos de inspeção ou fiscalização por parte das Entidades Competentes.",L015931.2019.RH4A.V1
TUA20240521001569,T000049,,O titular obriga-se a implementar o programa de autocontrolo descrito no rpresente título e a enviar à Entidade Licenciadora os dados obtidos com o formato e periodicidade definidos no mesmo.,L015931.2019.RH4A.V1
TUA20240521001569,T000050,,"Sempre que forem autorizadas descargas de águas residuais de indústrias localizadas fora da malha urbana, a autorização de descarga fica sujeita à aprovação da Entidade Licenciadora.",L015931.2019.RH4A.V1
TUA20240521001569,T000051,,"O titular da licença deve respeitar as condições de descarga indicadas no presente título, não podendo efetuar qualquer operação deliberada de diluição das águas residuais. A avaliação de conformidade é determinada com base nos parâmetros definidos no mesmo, conforme a legislação em vigor.",L015931.2019.RH4A.V1
TUA20240521001569,T000052,,Fazem parte integrante do presente título todos os anexos autenticados que o acompanham.,L015931.2019.RH4A.V1
TUA20240521001569,T000053,,"A ligação, às redes de drenagem da ETAR geridas pelo titular desta licença, das águas residuais de atividades económicas ou serviços localizados dentro da malha urbana ou diretamente na ETAR que produzam ou utilizem substâncias classificadas como poluentes específicos e/ou substâncias prioritárias/perigosas prioritárias para os meios aquáticos ou que sejam suscetíveis de comprometer o cumprimento das condições impostas nesta licença, nos termos do regulamento previsto no artigo 9º, do Decreto-Lei n.º 152/97, de 19 de junho, com as alterações introduzidas pelos Decretos-Leis n.os 348/98, de 9 de novembro, e 149/2004, de 22 de junho e 198/2008, de 8 de outubro, deve ser encarada com precaução, não podendo, em quaisquer circunstâncias, comprometer o cumprimento das condições impostas nesta licença.",L015931.2019.RH4A.V1
TUA20240521001569,T000054,,As condições de descarga poderão vir a ser alteradas em função dos resultados do autocontrolo e da evolução da qualidade do meio recetor ou de outras restrições de utilização local que o justifiquem.,L015931.2019.RH4A.V1
TUA20240521001569,Código,,Condição,Código Utilização
TUA20240521001569,T000055,,"Qualquer alteração no funcionamento do sistema de produção e/ou de tratamento, mesmo que não prejudique as condições impostas nesta licença, deve ser comunicada à Entidade Licenciadora no prazo máximo de cinco dias.",L015931.2019.RH4A.V1
TUA20240521001569,T000056,,"Qualquer descarga de águas residuais urbanas e/ou industriais, bem como de outras atividades económicas ou serviços, nas redes de drenagem ou diretamente na ETAR, só poderá ocorrer mediante autorização do titular da presente licença e ficará sujeita às disposições constantes dessa autorização não podendo, em qualquer caso, comprometer o cumprimento das condições impostas nesta licença. Qualquer nova situação desta natureza deverá ser comunicada à Entidade Licenciadora.",L015931.2019.RH4A.V1
TUA20240521001569,T000057,,"A descarga das águas residuais na água não deve provocar alteração da sua qualidade, nem colocar em risco os seus usos, sendo efetuada de modo a não prejudicar o escoamento natural da corrente e a não contribuir para o aumento dos riscos de erosão no local, ficando o titular responsável pela tomada das medidas consideradas necessárias para a correção das situações que possam ocorrer.",L015931.2019.RH4A.V1
TUA20240521001569,T000058,,"O titular obriga-se a efetuar as ações de manutenção, preventivas e corretivas, necessárias ao bom funcionamento da ETAR, incluindo a limpeza dos respetivos órgãos de tratamento devendo guardar os registos detalhados da sua realização, com indicação do destino final das lamas ou outros resíduos produzidos, para efeitos de inspeção ou fiscalização por parte das Entidades Competentes.",L015931.2019.RH4A.V1
TUA20240521001569,T000059,,O titular assume a responsabilidade pela eficiência e eficácia dos processos de tratamento e dos procedimentos a adotar com vista a minimizar os efeitos decorrentes da rejeição de águas residuais e a cumprir os objetivos de qualidade definidos para a massa de água recetora.,L015931.2019.RH4A.V1
TUA20240521001573,T000046,,"O titular obriga-se a observar todos os preceitos legais no que concerne a segurança, gestão de resíduos e conservação da natureza e também a legislação e os regulamentos específicos das atividades complementares que simultaneamente venham a ser desenvolvidas no local.",L054772.2024.RH4A.V1
TUA20240521001573,T000047,,O titular obriga-se a manter o sistema de tratamento adotado em bom estado de funcionamento e conservação.,L054772.2024.RH4A.V1
TUA20240521001573,T000048,,"O titular obriga-se a manter um registo atualizado dos valores do autocontrolo, para efeitos de inspeção ou fiscalização por parte das Entidades Competentes.",L054772.2024.RH4A.V1
TUA20240521001573,T000049,,O titular obriga-se a implementar o programa de autocontrolo descrito no presente título e a enviar à Entidade Licenciadora os dados obtidos com o formato e periodicidade definidos no mesmo.,L054772.2024.RH4A.V1
TUA20240521001573,T000051,,"O titular da licença deve respeitar as condições de descarga indicadas no presente título, não podendo efetuar qualquer operação deliberada de diluição das águas residuais. A avaliação de conformidade é determinada com base nos parâmetros definidos no mesmo, conforme a legislação em vigor.",L054772.2024.RH4A.V1
TUA20240521001573,T000052,,Fazem parte integrante do presente título todos os anexos autenticados que o acompanham.,L054772.2024.RH4A.V1
TUA20240521001573,T000053,,"A ligação, às redes de drenagem da ETAR geridas pelo titular desta licença, das águas residuais de atividades económicas ou serviços localizados dentro da malha urbana ou diretamente na ETAR que produzam ou utilizem substâncias classificadas como poluentes específicos e/ou substâncias prioritárias/perigosas prioritárias para os meios aquáticos ou que sejam suscetíveis de comprometer o cumprimento das condições impostas nesta licença, nos termos do regulamento previsto no artigo 9º, do Decreto-Lei n.º 152/97, de 19 de junho, com as alterações introduzidas pelos Decretos-Leis n.os 348/98, de 9 de novembro, e 149/2004, de 22 de junho e 198/2008, de 8 de outubro, deve ser encarada com precaução, não podendo, em quaisquer circunstâncias, comprometer o cumprimento das condições impostas nesta licença.",L054772.2024.RH4A.V1
TUA20240521001573,T000045,,Impende sobre o titular desta licença a responsabilidade de verificar o cumprimento das normas constantes na autorização de descarga supra mencionada.,L054772.2024.RH4A.V1
TUA20240521001573,T000054,,As condições de descarga poderão vir a ser alteradas em função dos resultados do autocontrolo e da evolução da qualidade do meio recetor ou de outras restrições de utilização local que o justifiquem.,L054772.2024.RH4A.V1
TUA20240521001573,T000055,,"Qualquer alteração no funcionamento do sistema de produção e/ou de tratamento, mesmo que não prejudique as condições impostas nesta licença, deve ser comunicada à Entidade Licenciadora no prazo máximo de cinco dias.",L054772.2024.RH4A.V1
TUA20240521001573,T000056,,"Qualquer descarga de águas residuais urbanas e/ou industriais, bem como de outras atividades económicas ou serviços, nas redes de drenagem ou diretamente na ETAR, só poderá ocorrer mediante autorização do titular da presente licença e ficará sujeita às disposições constantes dessa autorização não podendo, em qualquer caso, comprometer o cumprimento das condições impostas nesta licença. Qualquer nova situação desta natureza deverá ser comunicada à Entidade Licenciadora.",L054772.2024.RH4A.V1
TUA20240521001573,T000050,,"Sempre que forem autorizadas descargas de águas residuais de indústrias localizadas fora da malha urbana, a autorização de descarga, prevista na cláusula anterior, fica sujeita à aprovação da Entidade Licenciadora.",L054772.2024.RH4A.V1
TUA20240521001573,T000057,,"A descarga das águas residuais na água não deve provocar alteração da sua qualidade, nem colocar em risco os seus usos, sendo efetuada de modo a não prejudicar o escoamento natural da corrente e a não contribuir para o aumento dos riscos de erosão no local, ficando o titular responsável pela tomada das medidas consideradas necessárias para a correção das situações que possam ocorrer.",L054772.2024.RH4A.V1
TUA20240521001573,,,"O titular obriga-se a efetuar as ações de manutenção, preventivas e corretivas, necessárias ao bom funcionamento da ETAR, incluindo a limpeza",
TUA20240521001573,Código,,Condição,Código Utilização
TUA20240521001573,T000058,,"dos respetivos órgãos de tratamento devendo guardar os registos detalhados da sua realização, com indicação do destino final das lamas ou outros resíduos produzidos, para efeitos de inspeção ou fiscalização por parte das Entidades Competentes.",L054772.2024.RH4A.V1
TUA20240521001573,T000059,,O titular assume a responsabilidade pela eficiência e eficácia dos processos de tratamento e dos procedimentos a adotar com vista a minimizar os efeitos decorrentes da rejeição de águas residuais e a cumprir os objetivos de qualidade definidos para a massa de água recetora.,L054772.2024.RH4A.V1
TUA20240521001575,T000046,,Impende sobre o titular desta licença a responsabilidade de verificar o cumprimento das normas constantes na autorização de descarga supra mencionada.,L054786.2024.RH4A.V1
TUA20240521001575,T000047,,"O titular obriga-se a observar todos os preceitos legais no que concerne a segurança, gestão de resíduos e conservação da natureza e também a legislação e os regulamentos específicos das atividades complementares que simultaneamente venham a ser desenvolvidas no local.",L054786.2024.RH4A.V1
TUA20240521001575,T000048,,O titular obriga-se a manter o sistema de tratamento adotado em bom estado de funcionamento e conservação.,L054786.2024.RH4A.V1
TUA20240521001575,T000049,,"O titular obriga-se a manter um registo atualizado dos valores do autocontrolo, para efeitos de inspeção ou fiscalização por parte das Entidades Competentes.",L054786.2024.RH4A.V1
TUA20240521001575,T000050,,O titular obriga-se a implementar o programa de autocontrolo descrito no presente título e a enviar à Entidade Licenciadora os dados obtidos com o formato e periodicidade definidos no mesmo.,L054786.2024.RH4A.V1
TUA20240521001575,T000051,,"Sempre que forem autorizadas descargas de águas residuais de indústrias localizadas fora da malha urbana, a autorização de descarga, prevista na cláusula anterior, fica sujeita à aprovação da Entidade Licenciadora.",L054786.2024.RH4A.V1
TUA20240521001575,T000052,,"O titular da licença deve respeitar as condições de descarga indicadas no presente título, não podendo efetuar qualquer operação deliberada de diluição das águas residuais. A avaliação de conformidade é determinada com base nos parâmetros definidos no mesmo, conforme a legislação em vigor.",L054786.2024.RH4A.V1
TUA20240521001575,T000053,,Fazem parte integrante do presente título todos os anexos autenticados que o acompanham.,L054786.2024.RH4A.V1
TUA20240521001575,T000054,,"A ligação, às redes de drenagem da ETAR geridas pelo titular desta licença, das águas residuais de atividades económicas ou serviços localizados dentro da malha urbana ou diretamente na ETAR que produzam ou utilizem substâncias classificadas como poluentes específicos e/ou substâncias prioritárias/perigosas prioritárias para os meios aquáticos ou que sejam suscetíveis de comprometer o cumprimento das condições impostas nesta licença, nos termos do regulamento previsto no artigo 9º, do Decreto-Lei n.º 152/97, de 19 de junho, com as alterações introduzidas pelos Decretos-Leis n.os 348/98, de 9 de novembro, e 149/2004, de 22 de junho e 198/2008, de 8 de outubro, deve ser encarada com precaução, não podendo, em quaisquer circunstâncias, comprometer o cumprimento das condições impostas nesta licença.",L054786.2024.RH4A.V1
TUA20240521001575,T000055,,As condições de descarga poderão vir a ser alteradas em função dos resultados do autocontrolo e da evolução da qualidade do meio recetor ou de outras restrições de utilização local que o justifiquem.,L054786.2024.RH4A.V1
TUA20240521001575,T000056,,"Qualquer alteração no funcionamento do sistema de produção e/ou de tratamento, mesmo que não prejudique as condições impostas nesta licença, deve ser comunicada à Entidade Licenciadora no prazo máximo de cinco dias.",L054786.2024.RH4A.V1
TUA20240521001575,,,"Qualquer descarga de águas residuais urbanas e/ou industriais, bem como de outras atividades económicas ou serviços, nas redes de drenagem",
TUA20240521001575,Código,,Condição,Código Utilização
TUA20240521001575,T000057,,"ou diretamente na ETAR, só poderá ocorrer mediante autorização do titular da presente licença e ficará sujeita às disposições constantes dessa autorização não podendo, em qualquer caso, comprometer o cumprimento das condições impostas nesta licença. Qualquer nova situação desta natureza deverá ser comunicada à Entidade Licenciadora.",L054786.2024.RH4A.V1
TUA20240521001575,T000058,,"A descarga das águas residuais na água não deve provocar alteração da sua qualidade, nem colocar em risco os seus usos, sendo efetuada de modo a não prejudicar o escoamento natural da corrente e a não contribuir para o aumento dos riscos de erosão no local, ficando o titular responsável pela tomada das medidas consideradas necessárias para a correção das situações que possam ocorrer.",L054786.2024.RH4A.V1
TUA20240521001575,T000059,,"O titular obriga-se a efetuar as ações de manutenção, preventivas e corretivas, necessárias ao bom funcionamento da ETAR, incluindo a limpeza dos respetivos órgãos de tratamento devendo guardar os registos detalhados da sua realização, com indicação do destino final das lamas ou outros resíduos produzidos, para efeitos de inspeção ou fiscalização por parte das Entidades Competentes.",L054786.2024.RH4A.V1
TUA20240521001575,T000060,,O titular assume a responsabilidade pela eficiência e eficácia dos processos de tratamento e dos procedimentos a adotar com vista a minimizar os efeitos decorrentes da rejeição de águas residuais e a cumprir os objetivos de qualidade definidos para a massa de água recetora.,L054786.2024.RH4A.V1
TUA20240521001577,T000046,,Impende sobre o titular desta licença a responsabilidade de verificar o cumprimento das normas constantes na autorização de descarga supra mencionada.,L054809.2024.RH4A.V1
TUA20240521001577,T000047,,"O titular obriga-se a observar todos os preceitos legais no que concerne a segurança, gestão de resíduos e conservação da natureza e também a legislação e os regulamentos específicos das atividades complementares que simultaneamente venham a ser desenvolvidas no local.",L054809.2024.RH4A.V1
TUA20240521001577,T000048,,O titular obriga-se a manter o sistema de tratamento adotado em bom estado de funcionamento e conservação.,L054809.2024.RH4A.V1
TUA20240521001577,T000049,,"O titular obriga-se a manter um registo atualizado dos valores do autocontrolo, para efeitos de inspeção ou fiscalização por parte das Entidades Competentes.",L054809.2024.RH4A.V1
TUA20240521001577,T000050,,O titular obriga-se a implementar o programa de autocontrolo descrito no presente título e a enviar à Entidade Licenciadora os dados obtidos com o formato e periodicidade definidos no mesmo.,L054809.2024.RH4A.V1
TUA20240521001577,T000051,,"Sempre que forem autorizadas descargas de águas residuais de indústrias localizadas fora da malha urbana, a autorização de descarga fica sujeita à aprovação da Entidade Licenciadora.",L054809.2024.RH4A.V1
TUA20240521001577,T000052,,"O titular da licença deve respeitar as condições de descarga indicadas no presente título, não podendo efetuar qualquer operação deliberada de diluição das águas residuais. A avaliação de conformidade é determinada com base nos parâmetros definidos no mesmo, conforme a legislação em vigor.",L054809.2024.RH4A.V1
TUA20240521001577,T000053,,Fazem parte integrante do presente título todos os anexos autenticados que o acompanham.,L054809.2024.RH4A.V1
TUA20240521001577,T000054,,"A ligação, às redes de drenagem da ETAR geridas pelo titular desta licença, das águas residuais de atividades económicas ou serviços localizados dentro da malha urbana ou diretamente na ETAR que produzam ou utilizem substâncias classificadas como poluentes específicos e/ou substâncias prioritárias/perigosas prioritárias para os meios aquáticos ou que sejam suscetíveis de comprometer o cumprimento das condições impostas nesta licença, nos termos do regulamento previsto no artigo 9º, do Decreto-Lei n.º 152/97, de 19 de junho, com as alterações introduzidas pelos Decretos-Leis n.os 348/98, de 9 de novembro, e 149/2004, de 22 de junho e 198/2008, de 8 de outubro, deve ser encarada com precaução, não podendo, em quaisquer circunstâncias, comprometer o cumprimento das condições impostas nesta licença.",L054809.2024.RH4A.V1
TUA20240521001577,T000055,,As condições de descarga poderão vir a ser alteradas em função dos resultados do autocontrolo e da evolução da qualidade do meio recetor ou de outras restrições de utilização local que o justifiquem.,L054809.2024.RH4A.V1
TUA20240521001577,T000056,,"Qualquer alteração no funcionamento do sistema de produção e/ou de tratamento, mesmo que não prejudique as condições impostas nesta licença, deve ser comunicada à Entidade Licenciadora no prazo máximo de cinco dias.",L054809.2024.RH4A.V1
TUA20240521001577,,,"Qualquer descarga de águas residuais urbanas e/ou industriais, bem como de outras atividades económicas ou serviços, nas redes de drenagem",
TUA20240521001577,Código,,Condição,Código Utilização
TUA20240521001577,T000057,,"ou diretamente na ETAR, só poderá ocorrer mediante autorização do titular da presente licença e ficará sujeita às disposições constantes dessa autorização não podendo, em qualquer caso, comprometer o cumprimento das condições impostas nesta licença. Qualquer nova situação desta natureza deverá ser comunicada à Entidade Licenciadora.",L054809.2024.RH4A.V1
TUA20240521001577,T000058,,"A descarga das águas residuais na água não deve provocar alteração da sua qualidade, nem colocar em risco os seus usos, sendo efetuada de modo a não prejudicar o escoamento natural da corrente e a não contribuir para o aumento dos riscos de erosão no local, ficando o titular responsável pela tomada das medidas consideradas necessárias para a correção das situações que possam ocorrer.",L054809.2024.RH4A.V1
TUA20240521001577,T000059,,"O titular obriga-se a efetuar as ações de manutenção, preventivas e corretivas, necessárias ao bom funcionamento da ETAR, incluindo a limpeza dos respetivos órgãos de tratamento devendo guardar os registos detalhados da sua realização, com indicação do destino final das lamas ou outros resíduos produzidos, para efeitos de inspeção ou fiscalização por parte das Entidades Competentes.",L054809.2024.RH4A.V1
TUA20240521001577,T000060,,O titular assume a responsabilidade pela eficiência e eficácia dos processos de tratamento e dos procedimentos a adotar com vista a minimizar os efeitos decorrentes da rejeição de águas residuais e a cumprir os objetivos de qualidade definidos para a massa de água recetora.,L054809.2024.RH4A.V1
TUA20240522001588,T000048,,Impende sobre o titular desta licença a responsabilidade de verificar o cumprimento das normas constantes na autorização de descarga supra mencionada.,L015978.2022.RH4A.V1
TUA20240522001588,T000049,,"O titular obriga-se a observar todos os preceitos legais no que concerne a segurança, gestão de resíduos e conservação da natureza e também a legislação e os regulamentos específicos das atividades complementares que simultaneamente venham a ser desenvolvidas no local.",L015978.2022.RH4A.V1
TUA20240522001588,T000050,,O titular obriga-se a manter o sistema de tratamento adotado em bom estado de funcionamento e conservação.,L015978.2022.RH4A.V1
TUA20240522001588,T000051,,"O titular obriga-se a manter um registo atualizado dos valores do autocontrolo, para efeitos de inspeção ou fiscalização por parte das Entidades Competentes.",L015978.2022.RH4A.V1
TUA20240522001588,T000052,,O titular obriga-se a implementar o programa de autocontrolo descrito nopresente título e a enviar à Entidade Licenciadora os dados obtidos com o formato e periodicidade definidos no mesmo.,L015978.2022.RH4A.V1
TUA20240522001588,T000053,,"Sempre que forem autorizadas descargas de águas residuais de indústrias localizadas fora da malha urbana, a autorização de descarga fica sujeita à aprovação da Entidade Licenciadora.",L015978.2022.RH4A.V1
TUA20240522001588,T000054,,"O titular da licença deve respeitar as condições de descarga indicadas no presente título, não podendo efetuar qualquer operação deliberada de diluição das águas residuais. A avaliação de conformidade é determinada com base nos parâmetros definidos no mesmo, conforme a legislação em vigor.",L015978.2022.RH4A.V1
TUA20240522001588,T000055,,Fazem parte integrante do presente título todos os anexos autenticados que o acompanham.,L015978.2022.RH4A.V1
TUA20240522001588,T000056,,"A ligação, às redes de drenagem da ETAR geridas pelo titular desta licença, das águas residuais de atividades económicas ou serviços localizados dentro da malha urbana ou diretamente na ETAR que produzam ou utilizem substâncias classificadas como poluentes específicos e/ou substâncias prioritárias/perigosas prioritárias para os meios aquáticos ou que sejam suscetíveis de comprometer o cumprimento das condições impostas nesta licença, nos termos do regulamento previsto no artigo 9º, do Decreto-Lei n.º 152/97, de 19 de junho, com as alterações introduzidas pelos Decretos-Leis n.os 348/98, de 9 de novembro, e 149/2004, de 22 de junho e 198/2008, de 8 de outubro, deve ser encarada com precaução, não podendo, em quaisquer circunstâncias, comprometer o cumprimento das condições impostas nesta licença.",L015978.2022.RH4A.V1
TUA20240522001588,T000057,,As condições de descarga poderão vir a ser alteradas em função dos resultados do autocontrolo e da evolução da qualidade do meio recetor ou de outras restrições de utilização local que o justifiquem.,L015978.2022.RH4A.V1
TUA20240522001588,T000058,,"Qualquer alteração no funcionamento do sistema de produção e/ou de tratamento, mesmo que não prejudique as condições impostas nesta licença, deve ser comunicada à Entidade Licenciadora no prazo máximo de cinco dias.",L015978.2022.RH4A.V1
TUA20240522001588,T000059,,"Qualquer descarga de águas residuais urbanas e/ou industriais, bem como de outras atividades económicas ou serviços, nas redes de drenagem ou diretamente na ETAR, só poderá ocorrer mediante autorização do titular da presente licença e ficará sujeita às disposições constantes dessa autorização não podendo, em qualquer caso, comprometer o cumprimento das condições impostas nesta licença. Qualquer nova situação desta natureza deverá ser comunicada à Entidade Licenciadora.",L015978.2022.RH4A.V1
TUA20240522001588,T000060,,"A descarga das águas residuais na água não deve provocar alteração da sua qualidade, nem colocar em risco os seus usos, sendo efetuada de modo a não prejudicar o escoamento natural da corrente e a não contribuir para o aumento dos riscos de erosão no local, ficando o titular responsável pela tomada das medidas consideradas necessárias para a correção das situações que possam ocorrer.",L015978.2022.RH4A.V1
TUA20240522001588,T000061,,"O titular obriga-se a efetuar as ações de manutenção, preventivas e corretivas, necessárias ao bom funcionamento da ETAR, incluindo a limpeza dos respetivos órgãos de tratamento devendo guardar os registos detalhados da sua realização, com indicação do destino final das lamas ou outros resíduos produzidos, para efeitos de inspeção ou fiscalização por parte das Entidades Competentes.",L015978.2022.RH4A.V1
TUA20240522001588,T000062,,O titular assume a responsabilidade pela eficiência e eficácia dos processos de tratamento e dos procedimentos a adotar com vista a minimizar os efeitos decorrentes da rejeição de águas residuais e a cumprir os objetivos de qualidade definidos para a massa de água recetora.,L015978.2022.RH4A.V1
TUA20240604001677,T000059,,Impende sobre o titular desta licença a responsabilidade de verificar o cumprimento das normas constantes na autorização de descarga supra mencionada.,L015874.2019.RH4A.V1
TUA20240604001677,T000060,,"O titular obriga-se a observar todos os preceitos legais no que concerne a segurança, gestão de resíduos e conservação da natureza e também a legislação e os regulamentos específicos das atividades complementares que simultaneamente venham a ser desenvolvidas no local.",L015874.2019.RH4A.V1
TUA20240604001677,T000061,,O titular obriga-se a manter o sistema de tratamento adotado em bom estado de funcionamento e conservação.,L015874.2019.RH4A.V1
TUA20240604001677,T000062,,"O titular obriga-se a manter um registo atualizado dos valores do autocontrolo, para efeitos de inspeção ou fiscalização por parte das Entidades Competentes.",L015874.2019.RH4A.V1
TUA20240604001677,T000063,,O titular obriga-se a implementar o programa de autocontrolo descrito no presente título e a enviar à Entidade Licenciadora os dados obtidos com o formato e periodicidade definidos no mesmo.,L015874.2019.RH4A.V1
TUA20240604001677,T000064,,"Sempre que forem autorizadas descargas de águas residuais de indústrias localizadas fora da malha urbana, a autorização de descarga fica sujeita à aprovação da Entidade Licenciadora.",L015874.2019.RH4A.V1
TUA20240604001677,T000065,,"O titular da licença deve respeitar as condições de descarga indicadas no presente título, não podendo efetuar qualquer operação deliberada de diluição das águas residuais. A avaliação de conformidade é determinada com base nos parâmetros definidos no mesmo, conforme a legislação em vigor.",L015874.2019.RH4A.V1
TUA20240604001677,T000066,,Fazem parte integrante do presente título todos os anexos autenticados que o acompanham.,L015874.2019.RH4A.V1
TUA20240604001677,T000067,,"A ligação, às redes de drenagem da ETAR geridas pelo titular desta licença, das águas residuais de atividades económicas ou serviços localizados dentro da malha urbana ou diretamente na ETAR que produzam ou utilizem substâncias classificadas como poluentes específicos e/ou substâncias prioritárias/perigosas prioritárias para os meios aquáticos ou que sejam suscetíveis de comprometer o cumprimento das condições impostas nesta licença, nos termos do regulamento previsto no artigo 9º, do Decreto-Lei n.º 152/97, de 19 de junho, com as alterações introduzidas pelos Decretos-Leis n.os 348/98, de 9 de novembro, e 149/2004, de 22 de junho e 198/2008, de 8 de outubro, deve ser encarada com precaução, não podendo, em quaisquer circunstâncias, comprometer o cumprimento das condições impostas nesta licença.",L015874.2019.RH4A.V1
TUA20240604001677,T000068,,"Todas as intervenções a efetuar na margem da linha de água deverão culminar com a reposição da situação inicial. No final da obra deverão ser retirados todos os materiais de construção que eventualmente se encontrem no leito e margens da linha de água, devendo os mesmos ficar devidamente regularizados e compactados de modo a que sejam repostas as condições verificadas antes da obra.",L015874.2019.RH4A.V1
TUA20240604001677,T000069,,As condições de descarga poderão vir a ser alteradas em função dos resultados do autocontrolo e da evolução da qualidade do meio recetor ou de outras restrições de utilização local que o justifiquem.,L015874.2019.RH4A.V1
TUA20240604001677,T000070,,"Qualquer alteração no funcionamento do sistema de produção e/ou de tratamento, mesmo que não prejudique as condições impostas nesta licença, deve ser comunicada à Entidade Licenciadora no prazo máximo de cinco dias.",L015874.2019.RH4A.V1
TUA20240604001677,T000071,,"Qualquer descarga de águas residuais urbanas e/ou industriais, bem como de outras atividades económicas ou serviços, nas redes de drenagem ou diretamente na ETAR, só poderá ocorrer mediante autorização do titular da presente licença e ficará sujeita às disposições constantes dessa autorização não podendo, em qualquer caso, comprometer o cumprimento das condições impostas nesta licença. Qualquer nova situação desta natureza deverá ser comunicada à Entidade Licenciadora.",L015874.2019.RH4A.V1
TUA20240604001677,T000072,,"A descarga das águas residuais na água não deve provocar alteração da sua qualidade, nem colocar em risco os seus usos, sendo efetuada de modo a não prejudicar o escoamento natural da corrente e a não contribuir para o aumento dos riscos de erosão no local, ficando o titular responsável pela tomada das medidas consideradas necessárias para a correção das situações que possam ocorrer.",L015874.2019.RH4A.V1
TUA20240604001677,T000073,,"O titular obriga-se a efetuar as ações de manutenção, preventivas e corretivas, necessárias ao bom funcionamento da ETAR, incluindo a limpeza dos respetivos órgãos de tratamento devendo guardar os registos detalhados da sua realização, com indicação do destino final das lamas ou outros resíduos produzidos, para efeitos de inspeção ou fiscalização por parte das Entidades Competentes.",L015874.2019.RH4A.V1
TUA20240604001677,T000074,,O titular assume a responsabilidade pela eficiência e eficácia dos processos de tratamento e dos procedimentos a adotar com vista a minimizar os efeitos decorrentes da rejeição de águas residuais e a cumprir os objetivos de qualidade definidos para a massa de água recetora.,L015874.2019.RH4A.V1
TUA20240719002219,T000059,,Impende sobre o titular desta licença a responsabilidade de verificar o cumprimento das normas constantes na autorização de descarga supra mencionada.,L058799.2024.RH4A.V1
TUA20240719002219,T000060,,"O titular obriga-se a observar todos os preceitos legais no que concerne a segurança, gestão de resíduos e conservação da natureza e também a legislação e os regulamentos específicos das atividades complementares que simultaneamente venham a ser desenvolvidas no local.",L058799.2024.RH4A.V1
TUA20240719002219,T000061,,O titular obriga-se a manter o sistema de tratamento adotado em bom estado de funcionamento e conservação.,L058799.2024.RH4A.V1
TUA20240719002219,T000062,,"O titular obriga-se a manter um registo atualizado dos valores do autocontrolo, para efeitos de inspeção ou fiscalização por parte das Entidades Competentes.",L058799.2024.RH4A.V1
TUA20240719002219,T000063,,O titular obriga-se a implementar o programa de autocontrolo descrito no presente título e a enviar à Entidade Licenciadora os dados obtidos com o formato e periodicidade definidos no mesmo.,L058799.2024.RH4A.V1
TUA20240719002219,T000064,,"Sempre que forem autorizadas descargas de águas residuais de indústrias localizadas fora da malha urbana, a autorização de descarga fica sujeita à aprovação da Entidade Licenciadora.",L058799.2024.RH4A.V1
TUA20240719002219,T000065,,"O titular da licença deve respeitar as condições de descarga indicadas no presente título, não podendo efetuar qualquer operação deliberada de diluição das águas residuais. A avaliação de conformidade é determinada com base nos parâmetros definidos no mesmo, conforme a legislação em vigor.",L058799.2024.RH4A.V1
TUA20240719002219,T000066,,Fazem parte integrante do presente título todos os anexos autenticados que o acompanham.,L058799.2024.RH4A.V1
TUA20240719002219,T000067,,"A ligação, às redes de drenagem da ETAR geridas pelo titular desta licença, das águas residuais de atividades económicas ou serviços localizados dentro da malha urbana ou diretamente na ETAR que produzam ou utilizem substâncias classificadas como poluentes específicos e/ou substâncias prioritárias/perigosas prioritárias para os meios aquáticos ou que sejam suscetíveis de comprometer o cumprimento das condições impostas nesta licença, nos termos do regulamento previsto no artigo 9º, do Decreto-Lei n.º 152/97, de 19 de junho, com as alterações introduzidas pelos Decretos-Leis n.os 348/98, de 9 de novembro, e 149/2004, de 22 de junho e 198/2008, de 8 de outubro, deve ser encarada com precaução, não podendo, em quaisquer circunstâncias, comprometer o cumprimento das condições impostas nesta licença.",L058799.2024.RH4A.V1
TUA20240719002219,T000068,,"Todas as intervenções a efetuar na margem da linha de água deverão culminar com a reposição da situação inicial. No final da obra deverão ser retirados todos os materiais de construção que eventualmente se encontrem no leito e margens da linha de água, devendo os mesmos ficar devidamente regularizados e compactados de modo a que sejam repostas as condições verificadas antes da obra.",L058799.2024.RH4A.V1
TUA20240719002219,T000069,,As condições de descarga poderão vir a ser alteradas em função dos resultados do autocontrolo e da evolução da qualidade do meio recetor ou de outras restrições de utilização local que o justifiquem.,L058799.2024.RH4A.V1
TUA20240719002219,T000070,,"Qualquer alteração no funcionamento do sistema de produção e/ou de tratamento, mesmo que não prejudique as condições impostas nesta licença, deve ser comunicada à Entidade Licenciadora no prazo máximo de cinco dias.",L058799.2024.RH4A.V1
TUA20240719002219,Código,,Condição,Código Utilização
TUA20240719002219,T000071,,"Qualquer descarga de águas residuais urbanas e/ou industriais, bem como de outras atividades económicas ou serviços, nas redes de drenagem ou diretamente na ETAR, só poderá ocorrer mediante autorização do titular da presente licença e ficará sujeita às disposições constantes dessa autorização não podendo, em qualquer caso, comprometer o cumprimento das condições impostas nesta licença. Qualquer nova situação desta natureza deverá ser comunicada à Entidade Licenciadora.",L058799.2024.RH4A.V1
TUA20240719002219,T000072,,"A descarga das águas residuais na água não deve provocar alteração da sua qualidade, nem colocar em risco os seus usos, sendo efetuada de modo a não prejudicar o escoamento natural da corrente e a não contribuir para o aumento dos riscos de erosão no local, ficando o titular responsável pela tomada das medidas consideradas necessárias para a correção das situações que possam ocorrer.",L058799.2024.RH4A.V1
TUA20240719002219,T000073,,"O titular obriga-se a efetuar as ações de manutenção, preventivas e corretivas, necessárias ao bom funcionamento da ETAR, incluindo a limpeza dos respetivos órgãos de tratamento devendo guardar os registos detalhados da sua realização, com indicação do destino final das lamas ou outros resíduos produzidos, para efeitos de inspeção ou fiscalização por parte das Entidades Competentes.",L058799.2024.RH4A.V1
TUA20240719002219,T000074,,O titular assume a responsabilidade pela eficiência e eficácia dos processos de tratamento e dos procedimentos a adotar com vista a minimizar os efeitos decorrentes da rejeição de águas residuais e a cumprir os objetivos de qualidade definidos para a massa de água recetora.,L058799.2024.RH4A.V1
TUA20240719002220,T000050,,Impende sobre o titular desta licença a responsabilidade de verificar o cumprimento das normas constantes na autorização de descarga supra mencionada.,L058803.2024.RH4A.V1
TUA20240719002220,T000051,,"O titular obriga-se a observar todos os preceitos legais no que concerne a segurança, gestão de resíduos e conservação da natureza e também a legislação e os regulamentos específicos das atividades complementares que simultaneamente venham a ser desenvolvidas no local.",L058803.2024.RH4A.V1
TUA20240719002220,T000052,,O titular obriga-se a manter o sistema de tratamento adotado em bom estado de funcionamento e conservação.,L058803.2024.RH4A.V1
TUA20240719002220,T000053,,"O titular obriga-se a manter um registo atualizado dos valores do autocontrolo, para efeitos de inspeção ou fiscalização por parte das Entidades Competentes.",L058803.2024.RH4A.V1
TUA20240719002220,T000054,,O titular obriga-se a implementar o programa de autocontrolo descrito no presente título e a enviar à Entidade Licenciadora os dados obtidos com o formato e periodicidade definidos no mesmo.,L058803.2024.RH4A.V1
TUA20240719002220,T000055,,"Sempre que forem autorizadas descargas de águas residuais de indústrias localizadas fora da malha urbana, a autorização de descarga fica sujeita à aprovação da Entidade Licenciadora.",L058803.2024.RH4A.V1
TUA20240719002220,T000056,,"O titular da licença deve respeitar as condições de descarga indicadas no presente título, não podendo efetuar qualquer operação deliberada de diluição das águas residuais. A avaliação de conformidade é determinada com base nos parâmetros definidos no mesmo, conforme a legislação em vigor.",L058803.2024.RH4A.V1
TUA20240719002220,T000057,,Fazem parte integrante do presente título todos os anexos autenticados que o acompanham.,L058803.2024.RH4A.V1
TUA20240719002220,T000058,,"A ligação, às redes de drenagem da ETAR geridas pelo titular desta licença, das águas residuais de atividades económicas ou serviços localizados dentro da malha urbana ou diretamente na ETAR que produzam ou utilizem substâncias classificadas como poluentes específicos e/ou substâncias prioritárias/perigosas prioritárias para os meios aquáticos ou que sejam suscetíveis de comprometer o cumprimento das condições impostas nesta licença, nos termos do regulamento previsto no artigo 9º, do Decreto-Lei n.º 152/97, de 19 de junho, com as alterações introduzidas pelos Decretos-Leis n.os 348/98, de 9 de novembro, e 149/2004, de 22 de junho e 198/2008, de 8 de outubro, deve ser encarada com precaução, não podendo, em quaisquer circunstâncias, comprometer o cumprimento das condições impostas nesta licença.",L058803.2024.RH4A.V1
TUA20240719002220,T000059,,As condições de descarga poderão vir a ser alteradas em função dos resultados do autocontrolo e da evolução da qualidade do meio recetor ou de outras restrições de utilização local que o justifiquem.,L058803.2024.RH4A.V1
TUA20240719002220,T000060,,"Qualquer alteração no funcionamento do sistema de produção e/ou de tratamento, mesmo que não prejudique as condições impostas nesta licença, deve ser comunicada à Entidade Licenciadora no prazo máximo de cinco dias.",L058803.2024.RH4A.V1
TUA20240719002220,,,"Qualquer descarga de águas residuais urbanas e/ou industriais, bem como de outras atividades económicas ou serviços, nas redes de drenagem ou diretamente na ETAR, só poderá ocorrer mediante autorização do titular da presente licença e ficará sujeita às disposições constantes dessa autorização não podendo, em qualquer caso, comprometer o cumprimento das condições impostas nesta licença. Qualquer nova situação desta",
TUA20240719002220,Código,,Condição,Código Utilização
TUA20240719002220,T000061,,natureza deverá ser comunicada à Entidade Licenciadora.,L058803.2024.RH4A.V1
TUA20240719002220,T000062,,"A descarga das águas residuais na água não deve provocar alteração da sua qualidade, nem colocar em risco os seus usos, sendo efetuada de modo a não prejudicar o escoamento natural da corrente e a não contribuir para o aumento dos riscos de erosão no local, ficando o titular responsável pela tomada das medidas consideradas necessárias para a correção das situações que possam ocorrer.",L058803.2024.RH4A.V1
TUA20240719002220,T000063,,"O titular obriga-se a efetuar as ações de manutenção, preventivas e corretivas, necessárias ao bom funcionamento da ETAR, incluindo a limpeza dos respetivos órgãos de tratamento devendo guardar os registos detalhados da sua realização, com indicação do destino final das lamas ou outros resíduos produzidos, para efeitos de inspeção ou fiscalização por parte das Entidades Competentes.",L058803.2024.RH4A.V1
TUA20240719002220,T000064,,O titular assume a responsabilidade pela eficiência e eficácia dos processos de tratamento e dos procedimentos a adotar com vista a minimizar os efeitos decorrentes da rejeição de águas residuais e a cumprir os objetivos de qualidade definidos para a massa de água recetora.,L058803.2024.RH4A.V1
TUA20240725002275,T000038,,O titular obriga-se a implementar as medidas de prevenção de acidentes e de emergência descritas no projeto.,L020554.2019.RH3.V1
TUA20240725002275,T000039,,"O titular obriga-se a observar todos os preceitos legais no que concerne a segurança, gestão de resíduos e conservação da natureza e também a legislação e os regulamentos específicos das atividades complementares que simultaneamente venham a ser desenvolvidas no local.",L020554.2019.RH3.V1
TUA20240725002275,T000040,,O titular obriga-se a manter o sistema de tratamento adotado em bom estado de funcionamento e conservação.,L020554.2019.RH3.V1
TUA20240725002275,T000041,,"O titular obriga-se a manter um registo atualizado dos valores do autocontrolo, para efeitos de inspeção ou fiscalização por parte das Entidades",L020554.2019.RH3.V1
TUA20240725002275,,,Competentes.,
TUA20240725002275,T000042,,"Sempre que forem autorizadas descargas de águas residuais de indústrias localizadas fora da malha urbana, a autorização de descarga, prevista na cláusula anterior, fica sujeita à aprovação da Entidade Licenciadora.",L020554.2019.RH3.V1
TUA20240725002275,T000043,,"Sempre que se verifique a necessidade de proceder a uma rejeição de emergência da(s) Estação(ões) Elevatória(s), o titular deverá de imediato tomar todas as medidas com vista a minimizar os efeitos daí decorrentes e comunicar a ocorrência à Entidade Licenciadora num prazo máximo de 24 horas seguintes à mesma.",L020554.2019.RH3.V1
TUA20240725002275,T000044,,"Como medida preventiva e minimizadora das consequências inerentes a uma rejeição de emergência no domínio hídrico, o titular deverá diligenciar no sentido de dotar a(s) Estação(ões) Elevatória(s) de um gerador de emergência.",L020554.2019.RH3.V1
TUA20240725002275,T000045,,"A ligação, às redes de drenagem da ETAR geridas pelo titular desta licença, das águas residuais de atividades económicas ou serviços localizados dentro da malha urbana ou diretamente na ETAR que produzam ou utilizem substâncias classificadas como poluentes específicos e/ou substâncias prioritárias/perigosas prioritárias para os meios aquáticos ou que sejam suscetíveis de comprometer o cumprimento das condições impostas nesta licença, nos termos do regulamento previsto no artigo 9º, do Decreto-Lei n.º 152/97, de 19 de junho, com as alterações introduzidas pelos Decretos-Leis n.os 348/98, de 9 de novembro, e 149/2004, de 22 de junho e 198/2008, de 8 de outubro, deve ser encarada com precaução, não podendo, em quaisquer circunstâncias, comprometer o cumprimento das condições impostas nesta licença.",L020554.2019.RH3.V1
TUA20240725002275,T000046,,"Para efeitos de fiscalização ou inspeção poderão ser recolhidas amostras compostas num dado período temporal, inferior a 24 horas, em função do caudal. Caso o sistema não disponha de medidor de caudal com registo automático, será utilizado o caudal máximo previsto no título para efeitos de avaliação da respetiva conformidade das amostras.",L020554.2019.RH3.V1
TUA20240725002275,T000047,,As condições de descarga poderão vir a ser alteradas em função dos resultados do autocontrolo e da evolução da qualidade do meio recetor ou de outras restrições de utilização local que o justifiquem.,L020554.2019.RH3.V1
TUA20240725002275,T000048,,"Qualquer alteração no funcionamento do sistema de produção e/ou de tratamento, mesmo que não prejudique as condições impostas nesta licença, deve ser comunicada à Entidade Licenciadora no prazo máximo de cinco dias.",L020554.2019.RH3.V1
TUA20240725002275,T000049,,"Qualquer descarga de águas residuais urbanas e/ou industriais, bem como de outras atividades económicas ou serviços, nas redes de drenagem ou diretamente na ETAR, só poderá ocorrer mediante autorização do titular da presente licença e ficará sujeita às disposições constantes dessa autorização não podendo, em qualquer caso, comprometer o cumprimento das condições impostas nesta licença. Qualquer nova situação desta natureza deverá ser comunicada à Entidade Licenciadora.",L020554.2019.RH3.V1
TUA20240725002275,T000050,,"A descarga das águas residuais na água não deve provocar alteração da sua qualidade, nem colocar em risco os seus usos, sendo efetuada de modo a não prejudicar o escoamento natural da corrente e a não contribuir para o aumento dos riscos de erosão no local, ficando o titular responsável pela tomada das medidas consideradas necessárias para a correção das situações que possam ocorrer.",L020554.2019.RH3.V1
TUA20240725002275,T000051,,"O titular obriga-se a efetuar as ações de manutenção, preventivas e corretivas, necessárias ao bom funcionamento da ETAR, incluindo a limpeza dos respetivos órgãos de tratamento devendo guardar os registos detalhados da sua realização, com indicação do destino final das lamas ou outros resíduos produzidos, para efeitos de inspeção ou fiscalização por parte das Entidades Competentes.",L020554.2019.RH3.V1
TUA20240725002275,T000052,,O titular assume a responsabilidade pela eficiência e eficácia dos processos de tratamento e dos procedimentos a adotar com vista a minimizar os efeitos decorrentes da rejeição de águas residuais e a cumprir os objetivos de qualidade definidos para a massa de água recetora.,L020554.2019.RH3.V1
TUA20240731002345,T000038,,O titular obriga-se a implementar as medidas de prevenção de acidentes e de emergência descritas no projeto.,L020553.2019.RH3.V1
TUA20240731002345,T000039,,"O titular obriga-se a observar todos os preceitos legais no que concerne a segurança, gestão de resíduos e conservação da natureza e também a legislação e os regulamentos específicos das atividades complementares que simultaneamente venham a ser desenvolvidas no local.",L020553.2019.RH3.V1
TUA20240731002345,T000040,,O titular obriga-se a manter o sistema de tratamento adotado em bom estado de funcionamento e conservação.,L020553.2019.RH3.V1
TUA20240731002345,T000041,,"O titular obriga-se a manter um registo atualizado dos valores do autocontrolo, para efeitos de inspeção ou fiscalização por parte das Entidades",L020553.2019.RH3.V1
TUA20240731002345,,,Competentes.,
TUA20240731002345,T000042,,"Sempre que forem autorizadas descargas de águas residuais de indústrias localizadas fora da malha urbana, a autorização de descarga, prevista na cláusula anterior, fica sujeita à aprovação da Entidade Licenciadora.",L020553.2019.RH3.V1
TUA20240731002345,T000043,,"Sempre que se verifique a necessidade de proceder a uma rejeição de emergência da(s) Estação(ões) Elevatória(s), o titular deverá de imediato tomar todas as medidas com vista a minimizar os efeitos daí decorrentes e comunicar a ocorrência à Entidade Licenciadora num prazo máximo de 24 horas seguintes à mesma.",L020553.2019.RH3.V1
TUA20240731002345,T000044,,"Como medida preventiva e minimizadora das consequências inerentes a uma rejeição de emergência no domínio hídrico, o titular deverá diligenciar no sentido de dotar a(s) Estação(ões) Elevatória(s) de um gerador de emergência.",L020553.2019.RH3.V1
TUA20240731002345,T000045,,"A ligação, às redes de drenagem da ETAR geridas pelo titular desta licença, das águas residuais de atividades económicas ou serviços localizados dentro da malha urbana ou diretamente na ETAR que produzam ou utilizem substâncias classificadas como poluentes específicos e/ou substâncias prioritárias/perigosas prioritárias para os meios aquáticos ou que sejam suscetíveis de comprometer o cumprimento das condições impostas nesta licença, nos termos do regulamento previsto no artigo 9º, do Decreto-Lei n.º 152/97, de 19 de junho, com as alterações introduzidas pelos Decretos-Leis n.os 348/98, de 9 de novembro, e 149/2004, de 22 de junho e 198/2008, de 8 de outubro, deve ser encarada com precaução, não podendo, em quaisquer circunstâncias, comprometer o cumprimento das condições impostas nesta licença.",L020553.2019.RH3.V1
TUA20240731002345,T000046,,"Para efeitos de fiscalização ou inspeção poderão ser recolhidas amostras compostas num dado período temporal, inferior a 24 horas, em função do caudal. Caso o sistema não disponha de medidor de caudal com registo automático, será utilizado o caudal máximo previsto no título para efeitos de avaliação da respetiva conformidade das amostras.",L020553.2019.RH3.V1
TUA20240731002345,T000047,,As condições de descarga poderão vir a ser alteradas em função dos resultados do autocontrolo e da evolução da qualidade do meio recetor ou de outras restrições de utilização local que o justifiquem.,L020553.2019.RH3.V1
TUA20240731002345,T000048,,"Qualquer alteração no funcionamento do sistema de produção e/ou de tratamento, mesmo que não prejudique as condições impostas nesta licença, deve ser comunicada à Entidade Licenciadora no prazo máximo de cinco dias.",L020553.2019.RH3.V1
TUA20240731002345,T000049,,"Qualquer descarga de águas residuais urbanas e/ou industriais, bem como de outras atividades económicas ou serviços, nas redes de drenagem ou diretamente na ETAR, só poderá ocorrer mediante autorização do titular da presente licença e ficará sujeita às disposições constantes dessa autorização não podendo, em qualquer caso, comprometer o cumprimento das condições impostas nesta licença. Qualquer nova situação desta natureza deverá ser comunicada à Entidade Licenciadora.",L020553.2019.RH3.V1
TUA20240731002345,T000050,,"A descarga das águas residuais na água não deve provocar alteração da sua qualidade, nem colocar em risco os seus usos, sendo efetuada de modo a não prejudicar o escoamento natural da corrente e a não contribuir para o aumento dos riscos de erosão no local, ficando o titular responsável pela tomada das medidas consideradas necessárias para a correção das situações que possam ocorrer.",L020553.2019.RH3.V1
TUA20240731002345,T000051,,"O titular obriga-se a efetuar as ações de manutenção, preventivas e corretivas, necessárias ao bom funcionamento da ETAR, incluindo a limpeza dos respetivos órgãos de tratamento devendo guardar os registos detalhados da sua realização, com indicação do destino final das lamas ou outros resíduos produzidos, para efeitos de inspeção ou fiscalização por parte das Entidades Competentes.",L020553.2019.RH3.V1
TUA20240731002345,T000052,,O titular assume a responsabilidade pela eficiência e eficácia dos processos de tratamento e dos procedimentos a adotar com vista a minimizar os efeitos decorrentes da rejeição de águas residuais e a cumprir os objetivos de qualidade definidos para a massa de água recetora.,L020553.2019.RH3.V1
TUA20240731002347,T000040,,O titular obriga-se a implementar as medidas de prevenção de acidentes e de emergência descritas no projeto.,L020555.2019.RH3.V1
TUA20240731002347,T000041,,"O titular obriga-se a observar todos os preceitos legais no que concerne a segurança, gestão de resíduos e conservação da natureza e também a legislação e os regulamentos específicos das atividades complementares que simultaneamente venham a ser desenvolvidas no local.",L020555.2019.RH3.V1
TUA20240731002347,T000042,,O titular obriga-se a manter o sistema de tratamento adotado em bom estado de funcionamento e conservação.,L020555.2019.RH3.V1
TUA20240731002347,T000043,,"O titular obriga-se a manter um registo atualizado dos valores do autocontrolo, para efeitos de inspeção ou fiscalização por parte das Entidades Competentes.",L020555.2019.RH3.V1
TUA20240731002347,T000044,,"Sempre que se verifique a necessidade de proceder a uma rejeição de emergência da(s) Estação(ões) Elevatória(s), o titular deverá de imediato tomar todas as medidas com vista a minimizar os efeitos daí decorrentes e comunicar a ocorrência à Entidade Licenciadora num prazo máximo de 24 horas seguintes à mesma.",L020555.2019.RH3.V1
TUA20240731002347,T000045,,"Como medida preventiva e minimizadora das consequências inerentes a uma rejeição de emergência no domínio hídrico, o titular deverá diligenciar no sentido de dotar a(s) Estação(ões) Elevatória(s) de um gerador de emergência.",L020555.2019.RH3.V1
TUA20240731002347,T000046,,"A ligação, às redes de drenagem da ETAR geridas pelo titular desta licença, das águas residuais de atividades económicas ou serviços localizados dentro da malha urbana ou diretamente na ETAR que produzam ou utilizem substâncias classificadas como poluentes específicos e/ou substâncias prioritárias/perigosas prioritárias para os meios aquáticos ou que sejam suscetíveis de comprometer o cumprimento das condições impostas nesta licença, nos termos do regulamento previsto no artigo 9º, do Decreto-Lei n.º 152/97, de 19 de junho, com as alterações introduzidas pelos Decretos-Leis n.os 348/98, de 9 de novembro, e 149/2004, de 22 de junho e 198/2008, de 8 de outubro, deve ser encarada com precaução, não podendo, em quaisquer circunstâncias, comprometer o cumprimento das condições impostas nesta licença.",L020555.2019.RH3.V1
TUA20240731002347,T000047,,"Para efeitos de fiscalização ou inspeção poderão ser recolhidas amostras compostas num dado período temporal, inferior a 24 horas, em função do caudal. Caso o sistema não disponha de medidor de caudal com registo automático, será utilizado o caudal máximo previsto no título para efeitos de avaliação da respetiva conformidade das amostras.",L020555.2019.RH3.V1
TUA20240731002347,T000048,,As condições de descarga poderão vir a ser alteradas em função dos resultados do autocontrolo e da evolução da qualidade do meio recetor ou de outras restrições de utilização local que o justifiquem.,L020555.2019.RH3.V1
TUA20240731002347,T000049,,"Qualquer alteração no funcionamento do sistema de produção e/ou de tratamento, mesmo que não prejudique as condições impostas nesta licença, deve ser comunicada à Entidade Licenciadora no prazo máximo de cinco dias.",L020555.2019.RH3.V1
TUA20240731002347,T000050,,"Qualquer descarga de águas residuais urbanas e/ou industriais, bem como de outras atividades económicas ou serviços, nas redes de drenagem ou diretamente na ETAR, só poderá ocorrer mediante autorização do titular da presente licença e ficará sujeita às disposições constantes dessa autorização não podendo, em qualquer caso, comprometer o cumprimento das condições impostas nesta licença. Qualquer nova situação desta natureza deverá ser comunicada à Entidade Licenciadora.",L020555.2019.RH3.V1
TUA20240731002347,T000051,,"A descarga das águas residuais na água não deve provocar alteração da sua qualidade, nem colocar em risco os seus usos, sendo efetuada de modo a não prejudicar o escoamento natural da corrente e a não contribuir para o aumento dos riscos de erosão no local, ficando o titular responsável pela tomada das medidas consideradas necessárias para a correção das situações que possam ocorrer.",L020555.2019.RH3.V1
TUA20240731002347,T000052,,"O titular obriga-se a efetuar as ações de manutenção, preventivas e corretivas, necessárias ao bom funcionamento da ETAR, incluindo a limpeza dos respetivos órgãos de tratamento devendo guardar os registos detalhados da sua realização, com indicação do destino final das lamas ou outros resíduos produzidos, para efeitos de inspeção ou fiscalização por parte das Entidades Competentes.",L020555.2019.RH3.V1
TUA20240731002347,T000053,,O titular assume a responsabilidade pela eficiência e eficácia dos processos de tratamento e dos procedimentos a adotar com vista a minimizar os efeitos decorrentes da rejeição de águas residuais e a cumprir os objetivos de qualidade definidos para a massa de água recetora.,L020555.2019.RH3.V1
TUA20240808002408,T000047,,"O titular obriga-se a observar todos os preceitos legais no que concerne a segurança, gestão de resíduos e conservação da natureza e também a legislação e os regulamentos específicos das atividades complementares que simultaneamente venham a ser desenvolvidas no local.",L015944.2019.RH4A.V1
TUA20240808002408,T000048,,O titular obriga-se a manter o sistema de tratamento adotado em bom estado de funcionamento e conservação.,L015944.2019.RH4A.V1
TUA20240808002408,T000049,,"O titular obriga-se a manter um registo atualizado dos valores do autocontrolo, para efeitos de inspeção ou fiscalização por parte das Entidades Competentes.",L015944.2019.RH4A.V1
TUA20240808002408,T000050,,O titular obriga-se a implementar o programa de autocontrolo descrito no presente título e a enviar à Entidade Licenciadora os dados obtidos com o formato e periodicidade definidos no mesmo.,L015944.2019.RH4A.V1
TUA20240808002408,T000051,,"O titular da licença deve respeitar as condições de descarga indicadas no presente título, não podendo efetuar qualquer operação deliberada de diluição das águas residuais. A avaliação de conformidade é determinada com base nos parâmetros definidos e de acordo com o mencionado no mesmo documento, conforme a legislação em vigor.",L015944.2019.RH4A.V1
TUA20240808002408,T000052,,Fazem parte integrante do presente título todos os anexos autenticados que o acompanham.,L015944.2019.RH4A.V1
TUA20240808002408,T000053,,"A ligação, às redes de drenagem da ETAR geridas pelo titular desta licença, das águas residuais de atividades económicas ou serviços localizados dentro da malha urbana ou diretamente na ETAR que produzam ou utilizem substâncias classificadas como poluentes específicos e/ou substâncias prioritárias/perigosas prioritárias para os meios aquáticos ou que sejam suscetíveis de comprometer o cumprimento das condições impostas nesta licença, nos termos do regulamento previsto no artigo 9º, do Decreto-Lei n.º 152/97, de 19 de junho, com as alterações introduzidas pelos Decretos-Leis n.os 348/98, de 9 de novembro, e 149/2004, de 22 de junho e 198/2008, de 8 de outubro, deve ser encarada com precaução, não podendo, em quaisquer circunstâncias, comprometer o cumprimento das condições impostas nesta licença.",L015944.2019.RH4A.V1
TUA20240808002408,T000046,,Impende sobre o titular desta licença a responsabilidade de verificar o cumprimento das normas constantes na autorização de descarga supra mencionada.,L015944.2019.RH4A.V1
TUA20240808002408,T000054,,As condições de descarga poderão vir a ser alteradas em função dos resultados do autocontrolo e da evolução da qualidade do meio recetor ou de outras restrições de utilização local que o justifiquem.,L015944.2019.RH4A.V1
TUA20240808002408,T000055,,"Qualquer alteração no funcionamento do sistema de produção e/ou de tratamento, mesmo que não prejudique as condições impostas nesta licença, deve ser comunicada à Entidade Licenciadora no prazo máximo de cinco dias.",L015944.2019.RH4A.V1
TUA20240808002408,T000056,,"Qualquer descarga de águas residuais urbanas e/ou industriais, bem como de outras atividades económicas ou serviços, nas redes de drenagem ou diretamente na ETAR, só poderá ocorrer mediante autorização do titular da presente licença e ficará sujeita às disposições constantes dessa autorização não podendo, em qualquer caso, comprometer o cumprimento das condições impostas nesta licença. Qualquer nova situação desta natureza deverá ser comunicada à Entidade Licenciadora.",L015944.2019.RH4A.V1
TUA20240808002408,T000060,,"Sempre que forem autorizadas descargas de águas residuais de indústrias localizadas fora da malha urbana, a autorização de descarga, prevista na cláusula anterior, fica sujeita à aprovação da Entidade Licenciadora.",L015944.2019.RH4A.V1
TUA20240808002408,Código,,Condição,Código Utilização
TUA20240808002408,T000057,,"A descarga das águas residuais na água não deve provocar alteração da sua qualidade, nem colocar em risco os seus usos, sendo efetuada de modo a não prejudicar o escoamento natural da corrente e a não contribuir para o aumento dos riscos de erosão no local, ficando o titular responsável pela tomada das medidas consideradas necessárias para a correção das situações que possam ocorrer.",L015944.2019.RH4A.V1
TUA20240808002408,T000058,,"O titular obriga-se a efetuar as ações de manutenção, preventivas e corretivas, necessárias ao bom funcionamento da ETAR, incluindo a limpeza dos respetivos órgãos de tratamento devendo guardar os registos detalhados da sua realização, com indicação do destino final das lamas ou outros resíduos produzidos, para efeitos de inspeção ou fiscalização por parte das Entidades Competentes.",L015944.2019.RH4A.V1
TUA20240808002408,T000059,,O titular assume a responsabilidade pela eficiência e eficácia dos processos de tratamento e dos procedimentos a adotar com vista a minimizar os efeitos decorrentes da rejeição de águas residuais e a cumprir os objetivos de qualidade definidos para a massa de água recetora.,L015944.2019.RH4A.V1
TUA20240904002654,T000049,,"O titular obriga-se a observar todos os preceitos legais no que concerne a segurança, gestão de resíduos e conservação da natureza e também a legislação e os regulamentos específicos das atividades complementares que simultaneamente venham a ser desenvolvidas no local.",L060904.2024.RH4A.V1
TUA20240904002654,T000050,,O titular obriga-se a manter o sistema de tratamento adotado em bom estado de funcionamento e conservação.,L060904.2024.RH4A.V1
TUA20240904002654,T000051,,"O titular obriga-se a manter um registo atualizado dos valores do autocontrolo, para efeitos de inspeção ou fiscalização por parte das Entidades Competentes.",L060904.2024.RH4A.V1
TUA20240904002654,T000052,,O titular obriga-se a implementar o programa de autocontrolo descrito no presente título e a enviar à Entidade Licenciadora os dados obtidos com o formato e periodicidade definidos no mesmo.,L060904.2024.RH4A.V1
TUA20240904002654,T000054,,"O titular da licença deve respeitar as condições de descarga indicadas no presente título, não podendo efetuar qualquer operação deliberada de diluição das águas residuais. A avaliação de conformidade é determinada com base nos parâmetros definidos e de acordo com o mencionado no mesmo documento, conforme a legislação em vigor.",L060904.2024.RH4A.V1
TUA20240904002654,T000055,,Fazem parte integrante do presente título todos os anexos autenticados que o acompanham.,L060904.2024.RH4A.V1
TUA20240904002654,T000056,,"A ligação, às redes de drenagem da ETAR geridas pelo titular desta licença, das águas residuais de atividades económicas ou serviços localizados dentro da malha urbana ou diretamente na ETAR que produzam ou utilizem substâncias classificadas como poluentes específicos e/ou substâncias prioritárias/perigosas prioritárias para os meios aquáticos ou que sejam suscetíveis de comprometer o cumprimento das condições impostas nesta licença, nos termos do regulamento previsto no artigo 9º, do Decreto-Lei n.º 152/97, de 19 de junho, com as alterações introduzidas pelos Decretos-Leis n.os 348/98, de 9 de novembro, e 149/2004, de 22 de junho e 198/2008, de 8 de outubro, deve ser encarada com precaução, não podendo, em quaisquer circunstâncias, comprometer o cumprimento das condições impostas nesta licença.",L060904.2024.RH4A.V1
TUA20240904002654,T000048,,Impende sobre o titular desta licença a responsabilidade de verificar o cumprimento das normas constantes na autorização de descarga supra mencionada.,L060904.2024.RH4A.V1
TUA20240904002654,T000057,,As condições de descarga poderão vir a ser alteradas em função dos resultados do autocontrolo e da evolução da qualidade do meio recetor ou de outras restrições de utilização local que o justifiquem.,L060904.2024.RH4A.V1
TUA20240904002654,T000058,,"Qualquer alteração no funcionamento do sistema de produção e/ou de tratamento, mesmo que não prejudique as condições impostas nesta licença, deve ser comunicada à Entidade Licenciadora no prazo máximo de cinco dias.",L060904.2024.RH4A.V1
TUA20240904002654,T000059,,"Qualquer descarga de águas residuais urbanas e/ou industriais, bem como de outras atividades económicas ou serviços, nas redes de drenagem ou diretamente na ETAR, só poderá ocorrer mediante autorização do titular da presente licença e ficará sujeita às disposições constantes dessa autorização não podendo, em qualquer caso, comprometer o cumprimento das condições impostas nesta licença. Qualquer nova situação desta natureza deverá ser comunicada à Entidade Licenciadora.",L060904.2024.RH4A.V1
TUA20240904002654,T000053,,"Sempre que forem autorizadas descargas de águas residuais de indústrias localizadas fora da malha urbana, a autorização de descarga, prevista na cláusula anterior, fica sujeita à aprovação da Entidade Licenciadora.",L060904.2024.RH4A.V1
TUA20240904002654,T000060,,"A descarga das águas residuais na água não deve provocar alteração da sua qualidade, nem colocar em risco os seus usos, sendo efetuada de modo a não prejudicar o escoamento natural da corrente e a não contribuir para o aumento dos riscos de erosão no local, ficando o titular responsável pela tomada das medidas consideradas necessárias para a correção das situações que possam ocorrer.",L060904.2024.RH4A.V1
TUA20240904002654,T000061,,"O titular obriga-se a efetuar as ações de manutenção, preventivas e corretivas, necessárias ao bom funcionamento da ETAR, incluindo a limpeza dos respetivos órgãos de tratamento devendo guardar os registos detalhados da sua realização, com indicação do destino final das lamas ou outros resíduos produzidos, para efeitos de inspeção ou fiscalização por parte das Entidades Competentes.",L060904.2024.RH4A.V1
TUA20240904002654,Código,,Condição,Código Utilização
TUA20240904002654,T000062,,O titular assume a responsabilidade pela eficiência e eficácia dos processos de tratamento e dos procedimentos a adotar com vista a minimizar os efeitos decorrentes da rejeição de águas residuais e a cumprir os objetivos de qualidade definidos para a massa de água recetora.,L060904.2024.RH4A.V1
TUA20240916002772,T000042,,O titular obriga-se a implementar as medidas de prevenção de acidentes e de emergência descritas no projeto.,L001080.2020.RH5A.V1
TUA20240916002772,T000043,,Impende sobre o titular desta licença a responsabilidade de verificar o cumprimento das normas constantes na autorização de descarga supra mencionada.,L001080.2020.RH5A.V1
TUA20240916002772,T000044,,"O titular obriga-se a observar todos os preceitos legais no que concerne a segurança, gestão de resíduos e conservação da natureza e também a legislação e os regulamentos específicos das atividades complementares que simultaneamente venham a ser desenvolvidas no local.",L001080.2020.RH5A.V1
TUA20240916002772,T000045,,O titular obriga-se a manter o sistema de tratamento adotado em bom estado de funcionamento e conservação.,L001080.2020.RH5A.V1
TUA20240916002772,T000046,,"O titular obriga-se a manter um registo atualizado dos valores do autocontrolo, para efeitos de inspeção ou fiscalização por parte das Entidades Competentes.",L001080.2020.RH5A.V1
TUA20240916002772,T000047,,O titular obriga-se a implementar o programa de autocontrolo descrito na Licença e a enviar à Entidade Licenciadora os dados obtidos com o formato e periodicidade definidos no mesmo.,L001080.2020.RH5A.V1
TUA20240916002772,T000049,,"O titular da licença deve respeitar as condições de descarga indicadas, não podendo efetuar qualquer operação deliberada de diluição das águas residuais. A avaliação de conformidade é determinada com base nos parâmetros definidos e de acordo com o mencionado na Licença.",L001080.2020.RH5A.V1
TUA20240916002772,T000050,,"Sempre que se verifique a necessidade de proceder a uma rejeição de emergência da(s) Estação(ões) Elevatória(s), o titular deverá de imediato tomar todas as medidas com vista a minimizar os efeitos daí decorrentes e comunicar a ocorrência à Entidade Licenciadora num prazo máximo de 24 horas seguintes à mesma.",L001080.2020.RH5A.V1
TUA20240916002772,T000052,,"Para efeitos de fiscalização ou inspeção poderão ser recolhidas amostras compostas num dado período temporal, inferior a 24 horas, em função do caudal. Caso o sistema não disponha de medidor de caudal com registo automático, será utilizado o caudal máximo previsto no título para efeitos de avaliação da respetiva conformidade das amostras.",L001080.2020.RH5A.V1
TUA20240916002772,T000053,,As condições de descarga poderão vir a ser alteradas em função dos resultados do autocontrolo e da evolução da qualidade do meio recetor ou de outras restrições de utilização local que o justifiquem.,L001080.2020.RH5A.V1
TUA20240916002772,T000054,,"Qualquer alteração no funcionamento do sistema de produção e/ou de tratamento, mesmo que não prejudique as condições impostas nesta licença, deve ser comunicada à Entidade Licenciadora no prazo máximo de cinco dias.",L001080.2020.RH5A.V1
TUA20240916002772,T000055,,"Qualquer descarga de águas residuais urbanas e/ou industriais, bem como de outras atividades económicas ou serviços, nas redes de drenagem ou diretamente na ETAR, só poderá ocorrer mediante autorização do titular da presente licença e ficará sujeita às disposições constantes dessa autorização não podendo, em qualquer caso, comprometer o cumprimento das condições impostas nesta licença. Qualquer nova situação desta natureza deverá ser comunicada à Entidade Licenciadora.",L001080.2020.RH5A.V1
TUA20240916002772,T000056,,"Não deverá ocorrer obstrução da linha de água, promovendo o titular a limpeza de todos os materiais que eventualmente caiam para a mesma. As intervenções deverão ser executadas de forma a evitar que as escorrências e/ou detritos sejam lançados na linha de água ou colocados nas suas margens.",L001080.2020.RH5A.V1
TUA20240916002772,T000057,,"A descarga das águas residuais na água não deve provocar alteração da sua qualidade, nem colocar em risco os seus usos, sendo efetuada de modo a não prejudicar o escoamento natural da corrente e a não contribuir para o aumento dos riscos de erosão no local, ficando o titular responsável pela tomada das medidas consideradas necessárias para a correção das situações que possam ocorrer.",L001080.2020.RH5A.V1
TUA20240916002772,T000058,,"O titular obriga-se a efetuar as ações de manutenção, preventivas e corretivas, necessárias ao bom funcionamento da ETAR, incluindo a limpeza dos respetivos órgãos de tratamento devendo guardar os registos detalhados da sua realização, com indicação do destino final das lamas ou outros resíduos produzidos, para efeitos de inspeção ou fiscalização por parte das Entidades Competentes.",L001080.2020.RH5A.V1
TUA20240916002772,T000059,,O titular assume a responsabilidade pela eficiência e eficácia dos processos de tratamento e dos procedimentos a adotar com vista a minimizar os efeitos decorrentes da rejeição de águas residuais e a cumprir os objetivos de qualidade definidos para a massa de água recetora.,L001080.2020.RH5A.V1
TUA20241003002946,T000046,,O titular obriga-se a implementar as medidas de prevenção de acidentes e de emergência descritas no projeto.,L001135.2020.RH5A.V1
TUA20241003002946,T000047,,Impende sobre o titular desta licença a responsabilidade de verificar o cumprimento das normas constantes na autorização de descarga supra mencionada.,L001135.2020.RH5A.V1
TUA20241003002946,T000048,,"O titular obriga-se a observar todos os preceitos legais no que concerne a segurança, gestão de resíduos e conservação da natureza e também a legislação e os regulamentos específicos das atividades complementares que simultaneamente venham a ser desenvolvidas no local.",L001135.2020.RH5A.V1
TUA20241003002946,T000049,,O titular obriga-se a manter o sistema de tratamento adotado em bom estado de funcionamento e conservação.,L001135.2020.RH5A.V1
TUA20241003002946,T000050,,"O titular obriga-se a manter um registo atualizado dos valores do autocontrolo, para efeitos de inspeção ou fiscalização por parte das Entidades Competentes.",L001135.2020.RH5A.V1
TUA20241003002946,T000051,,O titular obriga-se a implementar o programa de autocontrolo descrito e a enviar à Entidade Licenciadora os dados obtidos com o formato e periodicidade definidos no mesmo.,L001135.2020.RH5A.V1
TUA20241003002946,T000052,,"Sempre que forem autorizadas descargas de águas residuais de indústrias localizadas fora da malha urbana, a autorização de descarga, prevista na cláusula anterior, fica sujeita à aprovação da Entidade Licenciadora.",L001135.2020.RH5A.V1
TUA20241003002946,T000053,,"O titular da licença deve respeitar as condições de descarga indicadas, não podendo efetuar qualquer operação deliberada de diluição das águas residuais. A avaliação de conformidade é determinada com base nos parâmetros definidos e de acordo com o mencionado na Licença.",L001135.2020.RH5A.V1
TUA20241003002946,T000054,,"Sempre que se verifique a necessidade de proceder a uma rejeição de emergência da(s) Estação(ões) Elevatória(s), o titular deverá de imediato tomar todas as medidas com vista a minimizar os efeitos daí decorrentes e comunicar a ocorrência à Entidade Licenciadora num prazo máximo de 24 horas seguintes à mesma.",L001135.2020.RH5A.V1
TUA20241003002946,T000055,,Fazem parte integrante do presente título todos os anexos autenticados que o acompanham.,L001135.2020.RH5A.V1
TUA20241003002946,T000056,,"Para efeitos de fiscalização ou inspeção poderão ser recolhidas amostras compostas num dado período temporal, inferior a 24 horas, em função do caudal. Caso o sistema não disponha de medidor de caudal com registo automático, será utilizado o caudal máximo previsto no título para efeitos de avaliação da respetiva conformidade das amostras.",L001135.2020.RH5A.V1
TUA20241003002946,T000057,,As condições de descarga poderão vir a ser alteradas em função dos resultados do autocontrolo e da evolução da qualidade do meio recetor ou de outras restrições de utilização local que o justifiquem.,L001135.2020.RH5A.V1
TUA20241003002946,T000058,,"Qualquer alteração no funcionamento do sistema de produção e/ou de tratamento, mesmo que não prejudique as condições impostas nesta licença, deve ser comunicada à Entidade Licenciadora no prazo máximo de cinco dias.",L001135.2020.RH5A.V1
TUA20241003002946,T000059,,"Qualquer descarga de águas residuais urbanas e/ou industriais, bem como de outras atividades económicas ou serviços, nas redes de drenagem ou diretamente na ETAR, só poderá ocorrer mediante autorização do titular da presente licença e ficará sujeita às disposições constantes dessa autorização não podendo, em qualquer caso, comprometer o cumprimento das condições impostas nesta licença. Qualquer nova situação desta natureza deverá ser comunicada à Entidade Licenciadora.",L001135.2020.RH5A.V1
TUA20241003002946,T000060,,"Não deverá ocorrer obstrução da linha de água, promovendo o titular a limpeza de todos os materiais que eventualmente caiam para a mesma. As intervenções deverão ser executadas de forma a evitar que as escorrências e/ou detritos sejam lançados na linha de água ou colocados nas suas margens.",L001135.2020.RH5A.V1
TUA20241003002946,,,"A descarga das águas residuais na água não deve provocar alteração da sua qualidade, nem colocar em risco os seus usos, sendo efetuada de",
TUA20241003002946,T000061,,"modo a não prejudicar o escoamento natural da corrente e a não contribuir para o aumento dos riscos de erosão no local, ficando o titular responsável pela tomada das medidas consideradas necessárias para a correção das situações que possam ocorrer.",L001135.2020.RH5A.V1
TUA20241003002946,T000062,,"O titular obriga-se a efetuar as ações de manutenção, preventivas e corretivas, necessárias ao bom funcionamento da ETAR, incluindo a limpeza dos respetivos órgãos de tratamento devendo guardar os registos detalhados da sua realização, com indicação do destino final das lamas ou outros resíduos produzidos, para efeitos de inspeção ou fiscalização por parte das Entidades Competentes.",L001135.2020.RH5A.V1
TUA20241003002946,T000063,,O titular assume a responsabilidade pela eficiência e eficácia dos processos de tratamento e dos procedimentos a adotar com vista a minimizar os efeitos decorrentes da rejeição de águas residuais e a cumprir os objetivos de qualidade definidos para a massa de água recetora.,L001135.2020.RH5A.V1
TUA20241014003042,T000039,,O titular obriga-se a implementar as medidas de prevenção de acidentes e de emergência descritas no projeto.,L063042.2024.RH3.V1
TUA20241014003042,T000040,,"A descarga das águas residuais no solo não deve provocar alteração da qualidade das águas subterrâneas, ficando assim condicionada à natureza do terreno de infiltração, às suas condições de permeabilidade e à altura do nível freático bem como a outros possíveis fatores decorrentes da necessidade de preservação do ambiente e de defesa da saúde pública, ficando a entidade gestora do sistema responsável pela tomada das medidas consideradas necessárias para a correção da situação a ocorrer.",L063042.2024.RH3.V1
TUA20241014003042,T000041,,Impende sobre o titular desta licença a responsabilidade de verificar o cumprimento das normas constantes na autorização de descarga supra mencionada.,L063042.2024.RH3.V1
TUA20241014003042,T000042,,"O titular obriga-se a observar todos os preceitos legais no que concerne a segurança, gestão de resíduos e conservação da natureza e também a legislação e os regulamentos específicos das atividades complementares que simultaneamente venham a ser desenvolvidas no local.",L063042.2024.RH3.V1
TUA20241014003042,T000043,,O titular obriga-se a manter o sistema de tratamento adotado em bom estado de funcionamento e conservação.,L063042.2024.RH3.V1
TUA20241014003042,T000044,,"O titular obriga-se a manter um registo atualizado dos valores do autocontrolo, para efeitos de inspeção ou fiscalização por parte das Entidades Competentes.",L063042.2024.RH3.V1
TUA20241014003042,T000045,,"Sempre que forem autorizadas descargas de águas residuais de indústrias localizadas fora da malha urbana, a autorização de descarga, prevista na cláusula anterior, fica sujeita à aprovação da Entidade Licenciadora.",L063042.2024.RH3.V1
TUA20241014003042,T000046,,"Sempre que se verifique a necessidade de proceder a uma rejeição de emergência da(s) Estação(ões) Elevatória(s), o titular deverá de imediato tomar todas as medidas com vista a minimizar os efeitos daí decorrentes e comunicar a ocorrência à Entidade Licenciadora num prazo máximo de 24 horas seguintes à mesma.",L063042.2024.RH3.V1
TUA20241014003042,T000047,,"O sistema complementar de infiltração deve situar-se a uma distância mínima de forma a não interferir com qualquer poço, furo, mina, nascente ou similar, existente no local.",L063042.2024.RH3.V1
TUA20241014003042,T000048,,"Como medida preventiva e minimizadora das consequências inerentes a uma rejeição de emergência no domínio hídrico, o titular deverá diligenciar no sentido de dotar a(s) Estação(ões) Elevatória(s) de um gerador de emergência.",L063042.2024.RH3.V1
TUA20241014003042,T000049,,"A ligação, às redes de drenagem da ETAR geridas pelo titular desta licença, das águas residuais de atividades económicas ou serviços localizados dentro da malha urbana ou diretamente na ETAR que produzam ou utilizem substâncias classificadas como poluentes específicos e/ou substâncias prioritárias/perigosas prioritárias para os meios aquáticos ou que sejam suscetíveis de comprometer o cumprimento das condições impostas nesta licença, nos termos do regulamento previsto no artigo 9º, do Decreto-Lei n.º 152/97, de 19 de junho, com as alterações introduzidas pelos Decretos-Leis n.os 348/98, de 9 de novembro, e 149/2004, de 22 de junho e 198/2008, de 8 de outubro, deve ser encarada com precaução, não podendo, em quaisquer circunstâncias, comprometer o cumprimento das condições impostas nesta licença.",L063042.2024.RH3.V1
TUA20241014003042,T000050,,"Para efeitos de fiscalização ou inspeção poderão ser recolhidas amostras compostas num dado período temporal, inferior a 24 horas, em função do caudal. Caso o sistema não disponha de medidor de caudal com registo automático, será utilizado o caudal máximo previsto no título para efeitos de avaliação da respetiva conformidade das amostras.",L063042.2024.RH3.V1
TUA20241014003042,T000051,,As condições de descarga poderão vir a ser alteradas em função dos resultados do autocontrolo e da evolução da qualidade do meio recetor ou de outras restrições de utilização local que o justifiquem.,L063042.2024.RH3.V1
TUA20241014003042,T000052,,"Qualquer alteração no funcionamento do sistema de produção e/ou de tratamento, mesmo que não prejudique as condições impostas nesta licença, deve ser comunicada à Entidade Licenciadora no prazo máximo de cinco dias.",L063042.2024.RH3.V1
TUA20241014003042,T000053,,"Qualquer descarga de águas residuais urbanas e/ou industriais, bem como de outras atividades económicas ou serviços, nas redes de drenagem ou diretamente na ETAR, só poderá ocorrer mediante autorização do titular da presente licença e ficará sujeita às disposições constantes dessa autorização não podendo, em qualquer caso, comprometer o cumprimento das condições impostas nesta licença. Qualquer nova situação desta natureza deverá ser comunicada à Entidade Licenciadora.",L063042.2024.RH3.V1
TUA20241014003042,T000054,,"O titular obriga-se a efetuar as ações de manutenção, preventivas e corretivas, necessárias ao bom funcionamento da ETAR, incluindo a limpeza dos respetivos órgãos de tratamento devendo guardar os registos detalhados da sua realização, com indicação do destino final das lamas ou outros resíduos produzidos, para efeitos de inspeção ou fiscalização por parte das Entidades Competentes.",L063042.2024.RH3.V1
TUA20241014003042,T000055,,O titular assume a responsabilidade pela eficiência e eficácia dos processos de tratamento e dos procedimentos a adotar com vista a minimizar os efeitos decorrentes da rejeição de águas residuais e a cumprir os objetivos de qualidade definidos para a massa de água recetora.,L063042.2024.RH3.V1
TUA20241022003142,T000072,,"O titular obriga-se a observar todos os preceitos legais no que concerne a segurança, gestão de resíduos e conservação da natureza e também a legislação e os regulamentos específicos das atividades complementares que simultaneamente venham a ser desenvolvidas no local.",L063531.2024.RH4A.V1
TUA20241022003142,T000073,,O titular obriga-se a manter o sistema de tratamento adotado em bom estado de funcionamento e conservação.,L063531.2024.RH4A.V1
TUA20241022003142,T000074,,"O titular obriga-se a manter um registo atualizado dos valores do autocontrolo, para efeitos de inspeção ou fiscalização por parte das Entidades Competentes.",L063531.2024.RH4A.V1
TUA20241022003142,T000075,,O titular obriga-se a implementar o programa de autocontrolo descrito no presente título e a enviar à Entidade Licenciadora os dados obtidos com o formato e periodicidade definidos no mesmo.,L063531.2024.RH4A.V1
TUA20241022003142,T000077,,"O titular da licença deve respeitar as condições de descarga indicadas no presente título, não podendo efetuar qualquer operação deliberada de diluição das águas residuais. A avaliação de conformidade é determinada com base nos parâmetros definidos e de acordo com o mencionado no mesmo documento, conforme a legislação em vigor.",L063531.2024.RH4A.V1
TUA20241022003142,T000078,,Fazem parte integrante do presente título todos os anexos autenticados que o acompanham.,L063531.2024.RH4A.V1
TUA20241022003142,T000079,,"A ligação, às redes de drenagem da ETAR geridas pelo titular desta licença, das águas residuais de atividades económicas ou serviços localizados dentro da malha urbana ou diretamente na ETAR que produzam ou utilizem substâncias classificadas como poluentes específicos e/ou substâncias prioritárias/perigosas prioritárias para os meios aquáticos ou que sejam suscetíveis de comprometer o cumprimento das condições impostas nesta licença, nos termos do regulamento previsto no artigo 9º, do Decreto-Lei n.º 152/97, de 19 de junho, com as alterações introduzidas pelos Decretos-Leis n.os 348/98, de 9 de novembro, e 149/2004, de 22 de junho e 198/2008, de 8 de outubro, deve ser encarada com precaução, não podendo, em quaisquer circunstâncias, comprometer o cumprimento das condições impostas nesta licença.",L063531.2024.RH4A.V1
TUA20241022003142,T000071,,Impende sobre o titular desta licença a responsabilidade de verificar o cumprimento das normas constantes na autorização de descarga supra mencionada.,L063531.2024.RH4A.V1
TUA20241022003142,T000080,,As condições de descarga poderão vir a ser alteradas em função dos resultados do autocontrolo e da evolução da qualidade do meio recetor ou de outras restrições de utilização local que o justifiquem.,L063531.2024.RH4A.V1
TUA20241022003142,,,"Qualquer alteração no funcionamento do sistema de produção e/ou de tratamento, mesmo que não prejudique as condições impostas nesta licença,",
TUA20241022003142,T000081,,deve ser comunicada à Entidade Licenciadora no prazo máximo de cinco dias.,L063531.2024.RH4A.V1
TUA20241022003142,T000082,,"Qualquer descarga de águas residuais urbanas e/ou industriais, bem como de outras atividades económicas ou serviços, nas redes de drenagem ou diretamente na ETAR, só poderá ocorrer mediante autorização do titular da presente licença e ficará sujeita às disposições constantes dessa autorização não podendo, em qualquer caso, comprometer o cumprimento das condições impostas nesta licença. Qualquer nova situação desta natureza deverá ser comunicada à Entidade Licenciadora.",L063531.2024.RH4A.V1
TUA20241022003142,T000076,,"Sempre que forem autorizadas descargas de águas residuais de indústrias localizadas fora da malha urbana, a autorização de descarga, prevista na cláusula anterior, fica sujeita à aprovação da Entidade Licenciadora.",L063531.2024.RH4A.V1
TUA20241022003142,T000083,,"A descarga das águas residuais na água não deve provocar alteração da sua qualidade, nem colocar em risco os seus usos, sendo efetuada de modo a não prejudicar o escoamento natural da corrente e a não contribuir para o aumento dos riscos de erosão no local, ficando o titular responsável pela tomada das medidas consideradas necessárias para a correção das situações que possam ocorrer.",L063531.2024.RH4A.V1
TUA20241022003142,T000084,,"O titular obriga-se a manter um registo atualizado dos dados provenientes do programa de monitorização do meio recetor, para efeitos de inspeção ou fiscalização por parte das Entidades Competentes.",L063531.2024.RH4A.V1
TUA20241022003142,T000085,,O titular obriga-se a implementar o programa de monitorização do meio recetor descrito no presente título e a enviar à Entidade Licenciadora os dados obtidos com o formato e periodicidade definidos no mesmo.,L063531.2024.RH4A.V1
TUA20241022003142,T000086,,"O titular obriga-se a efetuar as ações de manutenção, preventivas e corretivas, necessárias ao bom funcionamento da ETAR, incluindo a limpeza dos respetivos órgãos de tratamento devendo guardar os registos detalhados da sua realização, com indicação do destino final das lamas ou outros resíduos produzidos, para efeitos de inspeção ou fiscalização por parte das Entidades Competentes.",L063531.2024.RH4A.V1
TUA20241022003142,T000087,,O titular assume a responsabilidade pela eficiência e eficácia dos processos de tratamento e dos procedimentos a adotar com vista a minimizar os efeitos decorrentes da rejeição de águas residuais e a cumprir os objetivos de qualidade definidos para a massa de água recetora.,L063531.2024.RH4A.V1
TUA20241122003491,T000081,,"O titular obriga-se a observar todos os preceitos legais no que concerne a segurança, gestão de resíduos e conservação da natureza e também a legislação e os regulamentos específicos das atividades complementares que simultaneamente venham a ser desenvolvidas no local.",L014539.2022.RH4A.V1
TUA20241122003491,T000082,,O titular obriga-se a manter o sistema de tratamento adotado em bom estado de funcionamento e conservação.,L014539.2022.RH4A.V1
TUA20241122003491,T000083,,"O titular obriga-se a manter um registo atualizado dos valores do autocontrolo, para efeitos de inspeção ou fiscalização por parte das Entidades Competentes.",L014539.2022.RH4A.V1
TUA20241122003491,T000084,,O titular obriga-se a implementar o programa de autocontrolo descrito no presente título e a enviar à Entidade Licenciadora os dados obtidos com o formato e periodicidade definidos no mesmo.,L014539.2022.RH4A.V1
TUA20241122003491,T000086,,"O titular da licença deve respeitar as condições de descarga indicadas no presente título, não podendo efetuar qualquer operação deliberada de diluição das águas residuais. A avaliação de conformidade é determinada com base nos parâmetros definidos e de acordo com o mencionado no mesmo documento, conforme a legislação em vigor.",L014539.2022.RH4A.V1
TUA20241122003491,T000087,,Fazem parte integrante do presente título todos os anexos autenticados que o acompanham.,L014539.2022.RH4A.V1
TUA20241122003491,T000088,,"A ligação, às redes de drenagem da ETAR geridas pelo titular desta licença, das águas residuais de atividades económicas ou serviços localizados dentro da malha urbana ou diretamente na ETAR que produzam ou utilizem substâncias classificadas como poluentes específicos e/ou substâncias prioritárias/perigosas prioritárias para os meios aquáticos ou que sejam suscetíveis de comprometer o cumprimento das condições impostas nesta licença, nos termos do regulamento previsto no artigo 9º, do Decreto-Lei n.º 152/97, de 19 de junho, com as alterações introduzidas pelos Decretos-Leis n.os 348/98, de 9 de novembro, e 149/2004, de 22 de junho e 198/2008, de 8 de outubro, deve ser encarada com precaução, não podendo, em quaisquer circunstâncias, comprometer o cumprimento das condições impostas nesta licença.",L014539.2022.RH4A.V1
TUA20241122003491,T000080,,Impende sobre o titular desta licença a responsabilidade de verificar o cumprimento das normas constantes na autorização de descarga supra mencionada.,L014539.2022.RH4A.V1
TUA20241122003491,T000089,,As condições de descarga poderão vir a ser alteradas em função dos resultados do autocontrolo e da evolução da qualidade do meio recetor ou de outras restrições de utilização local que o justifiquem.,L014539.2022.RH4A.V1
TUA20241122003491,T000090,,"Qualquer alteração no funcionamento do sistema de produção e/ou de tratamento, mesmo que não prejudique as condições impostas nesta licença, deve ser comunicada à Entidade Licenciadora no prazo máximo de cinco dias.",L014539.2022.RH4A.V1
TUA20241122003491,T000091,,"Qualquer descarga de águas residuais urbanas e/ou industriais, bem como de outras atividades económicas ou serviços, nas redes de drenagem ou diretamente na ETAR, só poderá ocorrer mediante autorização do titular da presente licença e ficará sujeita às disposições constantes dessa autorização não podendo, em qualquer caso, comprometer o cumprimento das condições impostas nesta licença. Qualquer nova situação desta natureza deverá ser comunicada à Entidade Licenciadora.",L014539.2022.RH4A.V1
TUA20241122003491,T000085,,"Sempre que forem autorizadas descargas de águas residuais de indústrias localizadas fora da malha urbana, a autorização de descarga, prevista na cláusula anterior, fica sujeita à aprovação da Entidade Licenciadora.",L014539.2022.RH4A.V1
TUA20241122003491,T000092,,"A descarga das águas residuais na água não deve provocar alteração da sua qualidade, nem colocar em risco os seus usos, sendo efetuada de modo a não prejudicar o escoamento natural da corrente e a não contribuir para o aumento dos riscos de erosão no local, ficando o titular responsável pela tomada das medidas consideradas necessárias para a correção das situações que possam ocorrer.",L014539.2022.RH4A.V1
TUA20241122003491,T000093,,"O titular obriga-se a manter um registo atualizado dos dados provenientes do programa de monitorização do meio recetor, para efeitos de inspeção ou fiscalização por parte das Entidades Competentes.",L014539.2022.RH4A.V1
TUA20241122003491,T000094,,O titular obriga-se a implementar o programa de monitorização do meio recetor descrito no presente título e a enviar à Entidade Licenciadora os dados obtidos com o formato e periodicidade definidos no mesmo.,L014539.2022.RH4A.V1
TUA20241122003491,T000095,,"O titular obriga-se a efetuar as ações de manutenção, preventivas e corretivas, necessárias ao bom funcionamento da ETAR, incluindo a limpeza dos respetivos órgãos de tratamento devendo guardar os registos detalhados da sua realização, com indicação do destino final das lamas ou outros resíduos produzidos, para efeitos de inspeção ou fiscalização por parte das Entidades Competentes.",L014539.2022.RH4A.V1
TUA20241122003491,T000096,,O titular assume a responsabilidade pela eficiência e eficácia dos processos de tratamento e dos procedimentos a adotar com vista a minimizar os efeitos decorrentes da rejeição de águas residuais e a cumprir os objetivos de qualidade definidos para a massa de água recetora.,L014539.2022.RH4A.V1
TUA20241122003491,T000097,,"O titular obriga-se a enviar e a manter um dossier organizado contendo as Fichas de Dados de Segurança de todas as substâncias e/ou preparações perigosas utilizadas, devidamente redigidas em língua portuguesa, devendo, quando existem alterações ou a introdução de novas substâncias enviar, semestralmente, à Entidade Licenciadora a respetiva atualização.",L014539.2022.RH4A.V1
TUA20241122003495,T000058,,O titular obriga-se a manter o sistema de tratamento adotado em bom estado de funcionamento e conservação.,L014785.2022.RH4A.V1
TUA20241122003495,T000059,,"O titular obriga-se a manter um registo atualizado dos valores do autocontrolo, para efeitos de inspeção ou fiscalização por parte das Entidades Competentes.",L014785.2022.RH4A.V1
TUA20241122003495,T000060,,O titular obriga-se a implementar o programa de autocontrolo descrito no presente título e a enviar à Entidade Licenciadora os dados obtidos com o formato e periodicidade definidos no mesmo.,L014785.2022.RH4A.V1
TUA20241122003495,T000062,,"O titular da licença deve respeitar as condições de descarga indicadas no presente título, não podendo efetuar qualquer operação deliberada de diluição das águas residuais. A avaliação de conformidade é determinada com base nos parâmetros definidos e de acordo com o mencionado no mesmo documento, conforme a legislação em vigor.",L014785.2022.RH4A.V1
TUA20241122003495,T000063,,"Sempre que se verifique a necessidade de proceder a uma rejeição de emergência da(s) Estação(ões) Elevatória(s), o titular deverá de imediato tomar todas as medidas com vista a minimizar os efeitos daí decorrentes e comunicar a ocorrência à Entidade Licenciadora num prazo máximo de 24 horas seguintes à mesma.",L014785.2022.RH4A.V1
TUA20241122003495,T000064,,Fazem parte integrante do presente título todos os anexos autenticados que o acompanham.,L014785.2022.RH4A.V1
TUA20241122003495,T000065,,"A ligação, às redes de drenagem da ETAR geridas pelo titular desta licença, das águas residuais de atividades económicas ou serviços localizados dentro da malha urbana ou diretamente na ETAR que produzam ou utilizem substâncias classificadas como poluentes específicos e/ou substâncias prioritárias/perigosas prioritárias para os meios aquáticos ou que sejam suscetíveis de comprometer o cumprimento das condições impostas nesta licença, nos termos do regulamento previsto no artigo 9º, do Decreto-Lei n.º 152/97, de 19 de junho, com as alterações introduzidas pelos Decretos-Leis n.os 348/98, de 9 de novembro, e 149/2004, de 22 de junho e 198/2008, de 8 de outubro, deve ser encarada com precaução, não podendo, em quaisquer circunstâncias, comprometer o cumprimento das condições impostas nesta licença.",L014785.2022.RH4A.V1
TUA20241122003495,T000057,,Impende sobre o titular desta licença a responsabilidade de verificar o cumprimento das normas constantes na autorização de descarga supra mencionada.,L014785.2022.RH4A.V1
TUA20241122003495,T000066,,As condições de descarga poderão vir a ser alteradas em função dos resultados do autocontrolo e da evolução da qualidade do meio recetor ou de outras restrições de utilização local que o justifiquem.,L014785.2022.RH4A.V1
TUA20241122003495,T000067,,"Qualquer alteração no funcionamento do sistema de produção e/ou de tratamento, mesmo que não prejudique as condições impostas nesta licença, deve ser comunicada à Entidade Licenciadora no prazo máximo de cinco dias.",L014785.2022.RH4A.V1
TUA20241122003495,T000068,,"Qualquer descarga de águas residuais urbanas e/ou industriais, bem como de outras atividades económicas ou serviços, nas redes de drenagem ou diretamente na ETAR, só poderá ocorrer mediante autorização do titular da presente licença e ficará sujeita às disposições constantes dessa autorização não podendo, em qualquer caso, comprometer o cumprimento das condições impostas nesta licença. Qualquer nova situação desta natureza deverá ser comunicada à Entidade Licenciadora.",L014785.2022.RH4A.V1
TUA20241122003495,T000061,,"Sempre que forem autorizadas descargas de águas residuais de indústrias localizadas fora da malha urbana, a autorização de descarga, prevista na cláusula anterior, fica sujeita à aprovação da Entidade Licenciadora.",L014785.2022.RH4A.V1
TUA20241122003495,T000069,,"A descarga das águas residuais na água não deve provocar alteração da sua qualidade, nem colocar em risco os seus usos, sendo efetuada de modo a não prejudicar o escoamento natural da corrente e a não contribuir para o aumento dos riscos de erosão no local, ficando o titular responsável pela tomada das medidas consideradas necessárias para a correção das situações que possam ocorrer.",L014785.2022.RH4A.V1
TUA20241122003495,T000070,,"O titular obriga-se a efetuar as ações de manutenção, preventivas e corretivas, necessárias ao bom funcionamento da ETAR, incluindo a limpeza dos respetivos órgãos de tratamento devendo guardar os registos detalhados da sua realização, com indicação do destino final das lamas ou outros resíduos produzidos, para efeitos de inspeção ou fiscalização por parte das Entidades Competentes.",L014785.2022.RH4A.V1
TUA20241122003495,T000071,,O titular assume a responsabilidade pela eficiência e eficácia dos processos de tratamento e dos procedimentos a adotar com vista a minimizar os efeitos decorrentes da rejeição de águas residuais e a cumprir os objetivos de qualidade definidos para a massa de água recetora.,L014785.2022.RH4A.V1
TUA20241210003651,T000074,,"O titular obriga-se a observar todos os preceitos legais no que concerne a segurança, gestão de resíduos e conservação da natureza e também a legislação e os regulamentos específicos das atividades complementares que simultaneamente venham a ser desenvolvidas no local.",L065853.2024.RH4A.V1
TUA20241210003651,T000075,,O titular obriga-se a manter o sistema de tratamento adotado em bom estado de funcionamento e conservação.,L065853.2024.RH4A.V1
TUA20241210003651,T000076,,"O titular obriga-se a manter um registo atualizado dos valores do autocontrolo, para efeitos de inspeção ou fiscalização por parte das Entidades Competentes.",L065853.2024.RH4A.V1
TUA20241210003651,T000077,,O titular obriga-se a implementar o programa de autocontrolo descrito no presente título e a enviar à Entidade Licenciadora os dados obtidos com o formato e periodicidade definidos no mesmo.,L065853.2024.RH4A.V1
TUA20241210003651,T000079,,"O titular da licença deve respeitar as condições de descarga indicadas no presente título, não podendo efetuar qualquer operação deliberada de diluição das águas residuais. A avaliação de conformidade é determinada com base nos parâmetros definidos e de acordo com o mencionado no mesmo documento, conforme a legislação em vigor.",L065853.2024.RH4A.V1
TUA20241210003651,T000080,,Fazem parte integrante do presente título todos os anexos autenticados que o acompanham.,L065853.2024.RH4A.V1
TUA20241210003651,T000081,,"A ligação, às redes de drenagem da ETAR geridas pelo titular desta licença, das águas residuais de atividades económicas ou serviços localizados dentro da malha urbana ou diretamente na ETAR que produzam ou utilizem substâncias classificadas como poluentes específicos e/ou substâncias prioritárias/perigosas prioritárias para os meios aquáticos ou que sejam suscetíveis de comprometer o cumprimento das condições impostas nesta licença, nos termos do regulamento previsto no artigo 9º, do Decreto-Lei n.º 152/97, de 19 de junho, com as alterações introduzidas pelos Decretos-Leis n.os 348/98, de 9 de novembro, e 149/2004, de 22 de junho e 198/2008, de 8 de outubro, deve ser encarada com precaução, não podendo, em quaisquer circunstâncias, comprometer o cumprimento das condições impostas nesta licença.",L065853.2024.RH4A.V1
TUA20241210003651,T000073,,Impende sobre o titular desta licença a responsabilidade de verificar o cumprimento das normas constantes na autorização de descarga supra mencionada.,L065853.2024.RH4A.V1
TUA20241210003651,T000082,,As condições de descarga poderão vir a ser alteradas em função dos resultados do autocontrolo e da evolução da qualidade do meio recetor ou de outras restrições de utilização local que o justifiquem.,L065853.2024.RH4A.V1
TUA20241210003651,T000083,,"Qualquer alteração no funcionamento do sistema de produção e/ou de tratamento, mesmo que não prejudique as condições impostas nesta licença, deve ser comunicada à Entidade Licenciadora no prazo máximo de cinco dias.",L065853.2024.RH4A.V1
TUA20241210003651,T000084,,"Qualquer descarga de águas residuais urbanas e/ou industriais, bem como de outras atividades económicas ou serviços, nas redes de drenagem ou diretamente na ETAR, só poderá ocorrer mediante autorização do titular da presente licença e ficará sujeita às disposições constantes dessa autorização não podendo, em qualquer caso, comprometer o cumprimento das condições impostas nesta licença. Qualquer nova situação desta natureza deverá ser comunicada à Entidade Licenciadora.",L065853.2024.RH4A.V1
TUA20241210003651,T000078,,"Sempre que forem autorizadas descargas de águas residuais de indústrias localizadas fora da malha urbana, a autorização de descarga, prevista na cláusula anterior, fica sujeita à aprovação da Entidade Licenciadora.",L065853.2024.RH4A.V1
TUA20241210003651,T000085,,"A descarga das águas residuais na água não deve provocar alteração da sua qualidade, nem colocar em risco os seus usos, sendo efetuada de modo a não prejudicar o escoamento natural da corrente e a não contribuir para o aumento dos riscos de erosão no local, ficando o titular responsável pela tomada das medidas consideradas necessárias para a correção das situações que possam ocorrer.",L065853.2024.RH4A.V1
TUA20241210003651,T000086,,"O titular obriga-se a manter um registo atualizado dos dados provenientes do programa de monitorização do meio recetor, para efeitos de inspeção ou fiscalização por parte das Entidades Competentes.",L065853.2024.RH4A.V1
TUA20241210003651,T000087,,O titular obriga-se a implementar o programa de monitorização do meio recetor descrito no presente título e a enviar à Entidade Licenciadora os dados obtidos com o formato e periodicidade definidos no mesmo.,L065853.2024.RH4A.V1
TUA20241210003651,T000088,,"O titular obriga-se a efetuar as ações de manutenção, preventivas e corretivas, necessárias ao bom funcionamento da ETAR, incluindo a limpeza dos respetivos órgãos de tratamento devendo guardar os registos detalhados da sua realização, com indicação do destino final das lamas ou outros resíduos produzidos, para efeitos de inspeção ou fiscalização por parte das Entidades Competentes.",L065853.2024.RH4A.V1
TUA20241210003651,T000089,,O titular assume a responsabilidade pela eficiência e eficácia dos processos de tratamento e dos procedimentos a adotar com vista a minimizar os efeitos decorrentes da rejeição de águas residuais e a cumprir os objetivos de qualidade definidos para a massa de água recetora.,L065853.2024.RH4A.V1
TUA20250226000655,T000048,,"Qualquer alteração no funcionamento do sistema de produção e/ou de tratamento, mesmo que não prejudique as condições impostas nesta licença, deve ser comunicada à Entidade Licenciadora no prazo máximo de cinco dias.",L070191.2025.RH7.V1
TUA20250226000655,T000049,,"Qualquer descarga de águas residuais urbanas e/ou industriais, bem como de outras atividades económicas ou serviços, nas redes de drenagem ou diretamente na ETAR, só poderá ocorrer mediante autorização do titular da presente licença e ficará sujeita às disposições constantes dessa autorização não podendo, em qualquer caso, comprometer o cumprimento das condições impostas nesta licença. Qualquer nova situação desta natureza deverá ser comunicada à Entidade Licenciadora.",L070191.2025.RH7.V1
TUA20250226000655,T000050,,"Sempre que forem autorizadas descargas de águas residuais de indústrias localizadas fora da malha urbana, a autorização de descarga, prevista na cláusula anterior, fica sujeita à aprovação da Entidade Licenciadora.",L070191.2025.RH7.V1
TUA20250226000655,T000051,,"A ligação, às redes de drenagem da ETAR geridas pelo titular desta licença, das águas residuais de atividades económicas ou serviços localizados dentro da malha urbana ou diretamente na ETAR que produzam ou utilizem substâncias classificadas como poluentes específicos e/ou substâncias prioritárias/perigosas prioritárias para os meios aquáticos ou que sejam suscetíveis de comprometer o cumprimento das condições impostas nesta licença, nos termos do regulamento previsto no artigo 9º, do Decreto-Lei n.º 152/97, de 19 de junho, com as alterações introduzidas pelos Decretos-Leis n.os 348/98, de 9 de novembro, e 149/2004, de 22 de junho e 198/2008, de 8 de outubro, deve ser encarada com precaução, não podendo, em quaisquer circunstâncias, comprometer o cumprimento das condições impostas nesta licença.",L070191.2025.RH7.V1
TUA20250226000655,T000052,,Impende sobre o titular desta licença a responsabilidade de verificar o cumprimento das normas constantes na autorização de descarga supra mencionada.,L070191.2025.RH7.V1
TUA20250226000655,T000053,,O titular assume a responsabilidade pela eficiência e eficácia dos processos de tratamento e dos procedimentos a adotar com vista a minimizar os efeitos decorrentes da rejeição de águas residuais e a cumprir os objetivos de qualidade definidos para a massa de água recetora.,L070191.2025.RH7.V1
TUA20250226000655,T000054,,"O titular obriga-se a garantir que os órgãos de tratamento, à exceção dos de infiltração no solo, são completamente estanques.",L070191.2025.RH7.V1
TUA20250226000655,T000055,,"A descarga das águas residuais na água não deve provocar alteração da sua qualidade, nem colocar em risco os seus usos, sendo efetuada de modo a não prejudicar o escoamento natural da corrente e a não contribuir para o aumento dos riscos de erosão no local, ficando o titular responsável pela tomada das medidas consideradas necessárias para a correção das situações que possam ocorrer.",L070191.2025.RH7.V1
TUA20250226000655,T000056,,O titular obriga-se a manter o sistema de tratamento adotado em bom estado de funcionamento e conservação.,L070191.2025.RH7.V1
TUA20250226000655,T000057,,"O titular obriga-se a observar todos os preceitos legais no que concerne a segurança, gestão de resíduos e conservação da natureza e também a legislação e os regulamentos específicos das atividades complementares que simultaneamente venham a ser desenvolvidas no local.",L070191.2025.RH7.V1
TUA20250226000655,T000058,,"O titular obriga-se a enviar e a manter um dossier organizado contendo as Fichas de Dados de Segurança de todas as substâncias e/ou preparações perigosas utilizadas, devidamente redigidas em língua portuguesa, devendo, quando existem alterações ou a introdução de novas substâncias enviar, semestralmente, à Entidade Licenciadora a respetiva atualização.",L070191.2025.RH7.V1
TUA20250226000655,T000059,,"O titular obriga-se a efetuar as ações de manutenção, preventivas e corretivas, necessárias ao bom funcionamento da ETAR, incluindo a limpeza dos respetivos órgãos de tratamento devendo guardar os registos detalhados da sua realização, com indicação do destino final das lamas ou outros resíduos produzidos, para efeitos de inspeção ou fiscalização por parte das Entidades Competentes.",L070191.2025.RH7.V1
TUA20250226000655,T000060,,O titular obriga-se a implementar as medidas de prevenção de acidentes e de emergência descritas no projeto.,L070191.2025.RH7.V1
TUA20250226000655,,,"O titular da licença deve respeitar as condições de descarga indicadas no respetivo Anexo, não podendo efetuar qualquer operação deliberada de",
TUA20250226000655,T000061,,diluição das águas residuais. A avaliação de conformidade é determinada com base nos parâmetros definidos e de acordo com o mencionado no Anexo.,L070191.2025.RH7.V1
TUA20250226000655,T000062,,O titular obriga-se a implementar o programa de autocontrolo descrito no respetivo Anexo e a enviar à Entidade Licenciadora os dados obtidos com o formato e periodicidade definidos no mesmo.,L070191.2025.RH7.V1
TUA20250226000655,T000063,,"O titular obriga-se a manter um registo atualizado dos valores do autocontrolo, para efeitos de inspeção ou fiscalização por parte das Entidades Competentes.",L070191.2025.RH7.V1
TUA20250226000655,T000064,,As condições de descarga poderão vir a ser alteradas em função dos resultados do autocontrolo e da evolução da qualidade do meio recetor ou de outras restrições de utilização local que o justifiquem.,L070191.2025.RH7.V1
TUA20250226000655,T000065,,"Para efeitos de fiscalização ou inspeção poderão ser recolhidas amostras compostas num dado período temporal, inferior a 24 horas, em função do caudal. Caso o sistema não disponha de medidor de caudal com registo automático, será utilizado o caudal máximo previsto no título para efeitos de avaliação da respetiva conformidade das amostras.",L070191.2025.RH7.V1
TUA20250226000655,T000066,,Fazem parte integrante do presente título todos os anexos autenticados que o acompanham.,L070191.2025.RH7.V1
TUA20250317000834,T000074,,"O titular obriga-se a observar todos os preceitos legais no que concerne a segurança, gestão de resíduos e conservação da natureza e também a legislação e os regulamentos específicos das atividades complementares que simultaneamente venham a ser desenvolvidas no local.",L014699.2022.RH4A.V1
TUA20250317000834,T000075,,O titular obriga-se a manter o sistema de tratamento adotado em bom estado de funcionamento e conservação.,L014699.2022.RH4A.V1
TUA20250317000834,T000076,,"O titular obriga-se a manter um registo atualizado dos valores do autocontrolo, para efeitos de inspeção ou fiscalização por parte das Entidades Competentes.",L014699.2022.RH4A.V1
TUA20250317000834,T000077,,O titular obriga-se a implementar o programa de autocontrolo descrito no respetivo presente título e a enviar à Entidade Licenciadora os dados obtidos com o formato e periodicidade definidos no mesmo.,L014699.2022.RH4A.V1
TUA20250317000834,T000079,,"O titular da licença deve respeitar as condições de descarga indicadas no presente título, não podendo efetuar qualquer operação deliberada de diluição das águas residuais. A avaliação de conformidade é determinada com base nos parâmetros definidos e de acordo com o mencionado no mesmo documento, conforme a legislação em vigor.",L014699.2022.RH4A.V1
TUA20250317000834,T000080,,Fazem parte integrante do presente título todos os anexos autenticados que o acompanham.,L014699.2022.RH4A.V1
TUA20250317000834,T000081,,"A ligação, às redes de drenagem da ETAR geridas pelo titular desta licença, das águas residuais de atividades económicas ou serviços localizados dentro da malha urbana ou diretamente na ETAR que produzam ou utilizem substâncias classificadas como poluentes específicos e/ou substâncias prioritárias/perigosas prioritárias para os meios aquáticos ou que sejam suscetíveis de comprometer o cumprimento das condições impostas nesta licença, nos termos do regulamento previsto no artigo 9º, do Decreto-Lei n.º 152/97, de 19 de junho, com as alterações introduzidas pelos Decretos-Leis n.os 348/98, de 9 de novembro, e 149/2004, de 22 de junho e 198/2008, de 8 de outubro, deve ser encarada com precaução, não podendo, em quaisquer circunstâncias, comprometer o cumprimento das condições impostas nesta licença.",L014699.2022.RH4A.V1
TUA20250317000834,T000073,,Impende sobre o titular desta licença a responsabilidade de verificar o cumprimento das normas constantes na autorização de descarga supra mencionada.,L014699.2022.RH4A.V1
TUA20250317000834,T000082,,As condições de descarga poderão vir a ser alteradas em função dos resultados do autocontrolo e da evolução da qualidade do meio recetor ou de outras restrições de utilização local que o justifiquem.,L014699.2022.RH4A.V1
TUA20250317000834,T000083,,"Qualquer alteração no funcionamento do sistema de produção e/ou de tratamento, mesmo que não prejudique as condições impostas nesta licença, deve ser comunicada à Entidade Licenciadora no prazo máximo de cinco dias.",L014699.2022.RH4A.V1
TUA20250317000834,T000084,,"Qualquer descarga de águas residuais urbanas e/ou industriais, bem como de outras atividades económicas ou serviços, nas redes de drenagem ou diretamente na ETAR, só poderá ocorrer mediante autorização do titular da presente licença e ficará sujeita às disposições constantes dessa autorização não podendo, em qualquer caso, comprometer o cumprimento das condições impostas nesta licença. Qualquer nova situação desta natureza deverá ser comunicada à Entidade Licenciadora.",L014699.2022.RH4A.V1
TUA20250317000834,T000078,,"Sempre que forem autorizadas descargas de águas residuais de indústrias localizadas fora da malha urbana, a autorização de descarga, prevista na cláusula anterior, fica sujeita à aprovação da Entidade Licenciadora.",L014699.2022.RH4A.V1
TUA20250317000834,T000085,,"A descarga das águas residuais na água não deve provocar alteração da sua qualidade, nem colocar em risco os seus usos, sendo efetuada de modo a não prejudicar o escoamento natural da corrente e a não contribuir para o aumento dos riscos de erosão no local, ficando o titular responsável pela tomada das medidas consideradas necessárias para a correção das situações que possam ocorrer.",L014699.2022.RH4A.V1
TUA20250317000834,T000086,,"O titular obriga-se a manter um registo atualizado dos dados provenientes do programa de monitorização do meio recetor, para efeitos de inspeção ou fiscalização por parte das Entidades Competentes.",L014699.2022.RH4A.V1
TUA20250317000834,T000087,,O titular obriga-se a implementar o programa de monitorização do meio recetor descrito no presente título e a enviar à Entidade Licenciadora os dados obtidos com o formato e periodicidade definidos no mesmo.,L014699.2022.RH4A.V1
TUA20250317000834,T000088,,"O titular obriga-se a efetuar as ações de manutenção, preventivas e corretivas, necessárias ao bom funcionamento da ETAR, incluindo a limpeza dos respetivos órgãos de tratamento devendo guardar os registos detalhados da sua realização, com indicação do destino final das lamas ou outros resíduos produzidos, para efeitos de inspeção ou fiscalização por parte das Entidades Competentes.",L014699.2022.RH4A.V1
TUA20250317000834,T000089,,O titular assume a responsabilidade pela eficiência e eficácia dos processos de tratamento e dos procedimentos a adotar com vista a minimizar os efeitos decorrentes da rejeição de águas residuais e a cumprir os objetivos de qualidade definidos para a massa de água recetora.,L014699.2022.RH4A.V1
TUA20250416001449,T000113,,"O titular obriga-se a observar todos os preceitos legais no que concerne a segurança, gestão de resíduos e conservação da natureza e também a legislação e os regulamentos específicos das atividades complementares que simultaneamente venham a ser desenvolvidas no local.",L032810.2023.RH4A.V1
TUA20250416001449,T000114,,O titular obriga-se a manter o sistema de tratamento adotado em bom estado de funcionamento e conservação.,L032810.2023.RH4A.V1
TUA20250416001449,T000115,,"O titular obriga-se a manter um registo atualizado dos valores do autocontrolo, para efeitos de inspeção ou fiscalização por parte das Entidades Competentes.",L032810.2023.RH4A.V1
TUA20250416001449,T000116,,O titular obriga-se a implementar o programa de autocontrolo descrito no presente título e a enviar à Entidade Licenciadora os dados obtidos com o formato e periodicidade definidos no mesmo.,L032810.2023.RH4A.V1
TUA20250416001449,T000118,,"O titular da licença deve respeitar as condições de descarga indicadas no presente título, não podendo efetuar qualquer operação deliberada de diluição das águas residuais. A avaliação de conformidade é determinada com base nos parâmetros definidos e de acordo com o mencionado no mesmo documento, conforme a legislação em vigor.",L032810.2023.RH4A.V1
TUA20250416001449,T000119,,Fazem parte integrante do presente título todos os anexos autenticados que o acompanham.,L032810.2023.RH4A.V1
TUA20250416001449,T000120,,"A ligação, às redes de drenagem da ETAR geridas pelo titular desta licença, das águas residuais de atividades económicas ou serviços localizados dentro da malha urbana ou diretamente na ETAR que produzam ou utilizem substâncias classificadas como poluentes específicos e/ou substâncias prioritárias/perigosas prioritárias para os meios aquáticos ou que sejam suscetíveis de comprometer o cumprimento das condições impostas nesta licença, nos termos do regulamento previsto no artigo 9º, do Decreto-Lei n.º 152/97, de 19 de junho, com as alterações introduzidas pelos Decretos-Leis n.os 348/98, de 9 de novembro, e 149/2004, de 22 de junho e 198/2008, de 8 de outubro, deve ser encarada com precaução, não podendo, em quaisquer circunstâncias, comprometer o cumprimento das condições impostas nesta licença.",L032810.2023.RH4A.V1
TUA20250416001449,T000112,,Impende sobre o titular desta licença a responsabilidade de verificar o cumprimento das normas constantes na autorização de descarga supra mencionada.,L032810.2023.RH4A.V1
TUA20250416001449,T000121,,As condições de descarga poderão vir a ser alteradas em função dos resultados do autocontrolo e da evolução da qualidade do meio recetor ou de outras restrições de utilização local que o justifiquem.,L032810.2023.RH4A.V1
TUA20250416001449,T000122,,"Qualquer alteração no funcionamento do sistema de produção e/ou de tratamento, mesmo que não prejudique as condições impostas nesta licença, deve ser comunicada à Entidade Licenciadora no prazo máximo de cinco dias.",L032810.2023.RH4A.V1
TUA20250416001449,T000123,,"Qualquer descarga de águas residuais urbanas e/ou industriais, bem como de outras atividades económicas ou serviços, nas redes de drenagem ou diretamente na ETAR, só poderá ocorrer mediante autorização do titular da presente licença e ficará sujeita às disposições constantes dessa autorização não podendo, em qualquer caso, comprometer o cumprimento das condições impostas nesta licença. Qualquer nova situação desta natureza deverá ser comunicada à Entidade Licenciadora.",L032810.2023.RH4A.V1
TUA20250416001449,T000117,,"Sempre que forem autorizadas descargas de águas residuais de indústrias localizadas fora da malha urbana, a autorização de descarga, prevista na cláusula anterior, fica sujeita à aprovação da Entidade Licenciadora.",L032810.2023.RH4A.V1
TUA20250416001449,,,"A descarga das águas residuais na água não deve provocar alteração da sua qualidade, nem colocar em risco os seus usos, sendo efetuada de modo a não prejudicar o escoamento natural da corrente e a não contribuir para o aumento dos riscos de erosão no local, ficando o titular",
TUA20250416001449,T000124,,responsável pela tomada das medidas consideradas necessárias para a correção das situações que possam ocorrer.,L032810.2023.RH4A.V1
TUA20250416001449,T000125,,"O titular obriga-se a manter um registo atualizado dos dados provenientes do programa de monitorização do meio recetor, para efeitos de inspeção ou fiscalização por parte das Entidades Competentes.",L032810.2023.RH4A.V1
TUA20250416001449,T000126,,O titular obriga-se a implementar o programa de monitorização do meio recetor descrito no presente título e a enviar à Entidade Licenciadora os dados obtidos com o formato e periodicidade definidos no mesmo.,L032810.2023.RH4A.V1
TUA20250416001449,T000127,,"O titular obriga-se a efetuar as ações de manutenção, preventivas e corretivas, necessárias ao bom funcionamento da ETAR, incluindo a limpeza dos respetivos órgãos de tratamento devendo guardar os registos detalhados da sua realização, com indicação do destino final das lamas ou outros resíduos produzidos, para efeitos de inspeção ou fiscalização por parte das Entidades Competentes.",L032810.2023.RH4A.V1
TUA20250416001449,T000128,,O titular assume a responsabilidade pela eficiência e eficácia dos processos de tratamento e dos procedimentos a adotar com vista a minimizar os efeitos decorrentes da rejeição de águas residuais e a cumprir os objetivos de qualidade definidos para a massa de água recetora.,L032810.2023.RH4A.V1
TUA20250416001449,T000129,,"O titular obriga-se a enviar e a manter um dossier organizado contendo as Fichas de Dados de Segurança de todas as substâncias e/ou preparações perigosas utilizadas, devidamente redigidas em língua portuguesa, devendo, quando existem alterações ou a introdução de novas substâncias enviar, semestralmente, à Entidade Licenciadora a respetiva atualização.",L032810.2023.RH4A.V1
TUA20250602001876,T000065,,"Qualquer alteração no funcionamento do sistema de produção e/ou de tratamento, mesmo que não prejudique as condições impostas nesta licença, deve ser comunicada à Entidade Licenciadora no prazo máximo de cinco dias.",L075151.2025.RH6.V1
TUA20250602001876,T000066,,"Qualquer descarga de águas residuais urbanas e/ou industriais, bem como de outras atividades económicas ou serviços, nas redes de drenagem ou diretamente na ETAR, só poderá ocorrer mediante autorização do titular da presente licença e ficará sujeita às disposições constantes dessa autorização não podendo, em qualquer caso, comprometer o cumprimento das condições impostas nesta licença. Qualquer nova situação desta natureza deverá ser comunicada à Entidade Licenciadora.",L075151.2025.RH6.V1
TUA20250602001876,T000067,,"Sempre que forem autorizadas descargas de águas residuais de indústrias localizadas fora da malha urbana, a autorização de descarga, prevista na cláusula anterior, fica sujeita à aprovação da Entidade Licenciadora.",L075151.2025.RH6.V1
TUA20250602001876,T000068,,"A ligação, às redes de drenagem da ETAR geridas pelo titular desta licença, das águas residuais de atividades económicas ou serviços localizados dentro da malha urbana ou diretamente na ETAR que produzam ou utilizem substâncias classificadas como poluentes específicos e/ou substâncias prioritárias/perigosas prioritárias para os meios aquáticos ou que sejam suscetíveis de comprometer o cumprimento das condições impostas nesta licença, nos termos do regulamento previsto no artigo 9º, do Decreto-Lei n.º 152/97, de 19 de junho, com as alterações introduzidas pelos Decretos-Leis n.os 348/98, de 9 de novembro, e 149/2004, de 22 de junho e 198/2008, de 8 de outubro, deve ser encarada com precaução, não podendo, em quaisquer circunstâncias, comprometer o cumprimento das condições impostas nesta licença.",L075151.2025.RH6.V1
TUA20250602001876,T000069,,Impende sobre o titular desta licença a responsabilidade de verificar o cumprimento das normas constantes na autorização de descarga supra mencionada.,L075151.2025.RH6.V1
TUA20250602001876,T000070,,O titular assume a responsabilidade pela eficiência e eficácia dos processos de tratamento e dos procedimentos a adotar com vista a minimizar os efeitos decorrentes da rejeição de águas residuais e a cumprir os objetivos de qualidade definidos para a massa de água recetora.,L075151.2025.RH6.V1
TUA20250602001876,T000071,,"O titular obriga-se a garantir que os órgãos de tratamento, à exceção dos de infiltração no solo, são completamente estanques.",L075151.2025.RH6.V1
TUA20250602001876,T000072,,"A descarga das águas residuais na água não deve provocar alteração da sua qualidade, nem colocar em risco os seus usos, sendo efetuada de modo a não prejudicar o escoamento natural da corrente e a não contribuir para o aumento dos riscos de erosão no local, ficando o titular responsável pela tomada das medidas consideradas necessárias para a correção das situações que possam ocorrer.",L075151.2025.RH6.V1
TUA20250602001876,T000073,,O titular obriga-se a manter o sistema de tratamento adotado em bom estado de funcionamento e conservação.,L075151.2025.RH6.V1
TUA20250602001876,T000074,,"O titular obriga-se a observar todos os preceitos legais no que concerne a segurança, gestão de resíduos e conservação da natureza e também a legislação e os regulamentos específicos das atividades complementares que simultaneamente venham a ser desenvolvidas no local.",L075151.2025.RH6.V1
TUA20250602001876,T000075,,"O titular obriga-se a enviar e a manter um dossier organizado contendo as Fichas de Dados de Segurança de todas as substâncias e/ou preparações perigosas utilizadas, devidamente redigidas em língua portuguesa, devendo, quando existem alterações ou a introdução de novas substâncias enviar, semestralmente, à Entidade Licenciadora a respetiva atualização.",L075151.2025.RH6.V1
TUA20250602001876,T000076,,"O titular obriga-se a efetuar as ações de manutenção, preventivas e corretivas, necessárias ao bom funcionamento da ETAR, incluindo a limpeza dos respetivos órgãos de tratamento devendo guardar os registos detalhados da sua realização, com indicação do destino final das lamas ou outros resíduos produzidos, para efeitos de inspeção ou fiscalização por parte das Entidades Competentes.",L075151.2025.RH6.V1
TUA20250602001876,T000077,,O titular obriga-se a implementar as medidas de prevenção de acidentes e de emergência descritas no projeto.,L075151.2025.RH6.V1
TUA20250602001876,,,"O titular da licença deve respeitar as condições de descarga indicadas no respetivo Anexo, não podendo efetuar qualquer operação deliberada de diluição das águas residuais. A avaliação de conformidade é determinada com base nos parâmetros definidos e de acordo com o mencionado no",
TUA20250602001876,T000078,,Anexo.,L075151.2025.RH6.V1
TUA20250602001876,T000079,,O titular obriga-se a implementar o programa de autocontrolo descrito no respetivo Anexo e a enviar à Entidade Licenciadora os dados obtidos com o formato e periodicidade definidos no mesmo.,L075151.2025.RH6.V1
TUA20250602001876,T000080,,"O titular obriga-se a manter um registo atualizado dos valores do autocontrolo, para efeitos de inspeção ou fiscalização por parte das Entidades Competentes.",L075151.2025.RH6.V1
TUA20250602001876,T000081,,As condições de descarga poderão vir a ser alteradas em função dos resultados do autocontrolo e da evolução da qualidade do meio recetor ou de outras restrições de utilização local que o justifiquem.,L075151.2025.RH6.V1
TUA20250602001876,T000082,,"Para efeitos de fiscalização ou inspeção poderão ser recolhidas amostras compostas num dado período temporal, inferior a 24 horas, em função do caudal. Caso o sistema não disponha de medidor de caudal com registo automático, será utilizado o caudal máximo previsto no título para efeitos de avaliação da respetiva conformidade das amostras.",L075151.2025.RH6.V1
TUA20250602001876,T000083,,Fazem parte integrante do presente título todos os anexos autenticados que o acompanham.,L075151.2025.RH6.V1
TUA20250722002408,T000063,,"O titular obriga-se a observar todos os preceitos legais no que concerne a segurança, gestão de resíduos e conservação da natureza e também a legislação e os regulamentos específicos das atividades complementares que simultaneamente venham a ser desenvolvidas no local.",L017803.2020.RH4A.V1
TUA20250722002408,T000064,,O titular obriga-se a manter o sistema de tratamento adotado em bom estado de funcionamento e conservação.,L017803.2020.RH4A.V1
TUA20250722002408,T000065,,"O titular obriga-se a manter um registo atualizado dos valores do autocontrolo, para efeitos de inspeção ou fiscalização por parte das Entidades Competentes.",L017803.2020.RH4A.V1
TUA20250722002408,T000066,,O titular obriga-se a implementar o programa de autocontrolo descrito no presente título e a enviar à Entidade Licenciadora os dados obtidos com o formato e periodicidade definidos no mesmo.,L017803.2020.RH4A.V1
TUA20250722002408,T000068,,"O titular da licença deve respeitar as condições de descarga indicadas no presente título, não podendo efetuar qualquer operação deliberada de diluição das águas residuais. A avaliação de conformidade é determinada com base nos parâmetros definidos e de acordo com o mencionado no mesmo documento, conforme a legislação em vigor.",L017803.2020.RH4A.V1
TUA20250722002408,T000069,,Fazem parte integrante do presente título todos os anexos autenticados que o acompanham.,L017803.2020.RH4A.V1
TUA20250722002408,T000070,,"A ligação, às redes de drenagem da ETAR geridas pelo titular desta licença, das águas residuais de atividades económicas ou serviços localizados dentro da malha urbana ou diretamente na ETAR que produzam ou utilizem substâncias classificadas como poluentes específicos e/ou substâncias prioritárias/perigosas prioritárias para os meios aquáticos ou que sejam suscetíveis de comprometer o cumprimento das condições impostas nesta licença, nos termos do regulamento previsto no artigo 9º, do Decreto-Lei n.º 152/97, de 19 de junho, com as alterações introduzidas pelos Decretos-Leis n.os 348/98, de 9 de novembro, e 149/2004, de 22 de junho e 198/2008, de 8 de outubro, deve ser encarada com precaução, não podendo, em quaisquer circunstâncias, comprometer o cumprimento das condições impostas nesta licença.",L017803.2020.RH4A.V1
TUA20250722002408,T000062,,Impende sobre o titular desta licença a responsabilidade de verificar o cumprimento das normas constantes na autorização de descarga supra mencionada.,L017803.2020.RH4A.V1
TUA20250722002408,T000071,,As condições de descarga poderão vir a ser alteradas em função dos resultados do autocontrolo e da evolução da qualidade do meio recetor ou de outras restrições de utilização local que o justifiquem.,L017803.2020.RH4A.V1
TUA20250722002408,T000072,,"Qualquer alteração no funcionamento do sistema de produção e/ou de tratamento, mesmo que não prejudique as condições impostas nesta licença, deve ser comunicada à Entidade Licenciadora no prazo máximo de cinco dias.",L017803.2020.RH4A.V1
TUA20250722002408,T000073,,"Qualquer descarga de águas residuais urbanas e/ou industriais, bem como de outras atividades económicas ou serviços, nas redes de drenagem ou diretamente na ETAR, só poderá ocorrer mediante autorização do titular da presente licença e ficará sujeita às disposições constantes dessa autorização não podendo, em qualquer caso, comprometer o cumprimento das condições impostas nesta licença. Qualquer nova situação desta natureza deverá ser comunicada à Entidade Licenciadora.",L017803.2020.RH4A.V1
TUA20250722002408,,,"Sempre que forem autorizadas descargas de águas residuais de indústrias localizadas fora da malha urbana, a autorização de descarga, prevista",
TUA20250722002408,T000067,,"na cláusula anterior, fica sujeita à aprovação da Entidade Licenciadora.",L017803.2020.RH4A.V1
TUA20250722002408,T000074,,"A descarga das águas residuais na água não deve provocar alteração da sua qualidade, nem colocar em risco os seus usos, sendo efetuada de modo a não prejudicar o escoamento natural da corrente e a não contribuir para o aumento dos riscos de erosão no local, ficando o titular responsável pela tomada das medidas consideradas necessárias para a correção das situações que possam ocorrer.",L017803.2020.RH4A.V1
TUA20250722002408,T000075,,"O titular obriga-se a efetuar as ações de manutenção, preventivas e corretivas, necessárias ao bom funcionamento da ETAR, incluindo a limpeza dos respetivos órgãos de tratamento devendo guardar os registos detalhados da sua realização, com indicação do destino final das lamas ou outros resíduos produzidos, para efeitos de inspeção ou fiscalização por parte das Entidades Competentes.",L017803.2020.RH4A.V1
TUA20250722002408,T000076,,O titular assume a responsabilidade pela eficiência e eficácia dos processos de tratamento e dos procedimentos a adotar com vista a minimizar os efeitos decorrentes da rejeição de águas residuais e a cumprir os objetivos de qualidade definidos para a massa de água recetora.,L017803.2020.RH4A.V1
TUA20260202000317,T000039,,O titular obriga-se a implementar as medidas de prevenção de acidentes e de emergência descritas no projeto.,L014337.2019.RH5A.V1
TUA20260202000317,T000040,,Impende sobre o titular desta licença a responsabilidade de verificar o cumprimento das normas constantes na autorização de descarga supra mencionada.,L014337.2019.RH5A.V1
TUA20260202000317,T000041,,"O titular obriga-se a observar todos os preceitos legais no que concerne a segurança, gestão de resíduos e conservação da natureza e também a legislação e os regulamentos específicos das atividades complementares que simultaneamente venham a ser desenvolvidas no local.",L014337.2019.RH5A.V1
TUA20260202000317,T000042,,O titular obriga-se a manter o sistema de tratamento adotado em bom estado de funcionamento e conservação.,L014337.2019.RH5A.V1
TUA20260202000317,T000043,,"O titular obriga-se a manter um registo atualizado dos valores do autocontrolo, para efeitos de inspeção ou fiscalização por parte das Entidades Competentes.",L014337.2019.RH5A.V1
