Nº TUA,Código,Código TURH,Condição,Coluna 3,Código Utilização
TUA20220411000574,T000028,L006681.2022.RH5A,"Em caso de incumprimento da presente licença, o titular fica sujeito às sanções previstas no Decreto-Lei n.º 226-A/2007, de 31 de maio.",,
TUA20220411000574,T000029,L006681.2022.RH5A,A matéria tributável da componente E é determinada com base no Anexo – Programa de autocontrolo a implementar.,,
TUA20220411000574,T000030,L006681.2022.RH5A,"As despesas com vistorias extraordinárias inerentes à emissão desta licença, ou as que resultarem de reclamações justificadas, serão suportadas pelo seu titular.",,
TUA20220411000574,T000031,L006681.2022.RH5A,"O titular pode, caso se mantenham as condições que determinaram a sua atribuição, solicitar a renovação desta licença, no prazo de 6 meses antes do seu termo.",,
TUA20220411000574,T000032,L006681.2022.RH5A,"A licença só poderá ser transmitida mediante autorização da entidade licenciadora de acordo com o disposto no artigo 26º do Decreto-Lei n.º 226-A/2007, de 31 de maio.",,
TUA20220411000574,T000033,L006681.2022.RH5A,"Para efeitos de fiscalização ou inspeção, o titular fica obrigado a facultar, às Entidades Competentes, esta licença, bem como o acesso à área, construções e equipamentos a ela associados e aos registos detalhados do controlo da operação do sistema de tratamento.",,
TUA20220411000574,T000034,L006681.2022.RH5A,"O titular fica obrigado a informar a Entidade Licenciadora, no prazo máximo de 24 horas, de qualquer acidente ou anomalia ocorrido nas instalações que afete o cumprimento das condições indicadas nesta licença bem como das medidas já implementadas e/ou previstas para correção da situação.",,
TUA20220411000574,T000035,L006681.2022.RH5A,"A licença só poderá ser transacionada e temporariamente cedida mediante autorização da Entidade Licenciadora de acordo com o disposto no artigo 27.º do Decreto-Lei n.º 226-A/2007, de 31 de maio.",,
TUA20220411000574,T000036,L006681.2022.RH5A,"A licença caduca nas condições previstas no presente título e no artigo 33.º do Decreto-Lei n.º 226-A/2007, de 31 de maio.",,
TUA20220411000574,Código,Código TURH,Condição,,
TUA20220411000574,T000037,L006681.2022.RH5A,"O titular fica sujeito, de acordo com o Decreto-Lei n.º 97/2008, de 11 de junho, na sua redação atual, ao pagamento da Taxa de Recursos Hídricos (TRH) calculada de acordo com a seguinte fórmula: TRH = E + O, em que E – descarga de efluentes e O – ocupação do domínio público hídrico do Estado, se aplicável.",,
TUA20220411000574,T000038,L006681.2022.RH5A,"A presente licença pode ser revista ou revogada nos casos previstos nos artigos 28.º e 32.º do Decreto-Lei n.º 226-A/2007, de 31 de maio.",,
TUA20220411000574,T000039,L006681.2022.RH5A,"O titular obriga-se a cumprir o disposto na presente licença, em todas as leis e regulamentos vigentes, na parte em que lhe for aplicável, bem como outras normas ou regulamentos que venham a ser posteriormente aprovados e a entrar em vigor, quer as suas disposições se harmonizem ou não com os direitos e obrigações que à presente licença sejam aplicáveis.",,
TUA20220411000574,T000040,L006681.2022.RH5A,"Sem prejuízo das sanções aplicáveis, sempre que o registo atualizado dos valores do autocontrolo, referido no ponto 4 que antecede, não seja entregue com a periodicidade definida na Licença, a componente E será calculada tendo por base as características do efluente bruto estabelecidas no projeto de execução da ETAR ou incluídas na presente licença.",,
TUA20220411000574,T000041,L006681.2022.RH5A,As vistorias que sejam realizadas pela Entidade Licenciadora na sequência dos episódios abrangidos no ponto que antecede são suportadas pelo utilizador.,,
TUA20220411000574,T000042,L006681.2022.RH5A,"O pagamento da taxa de recursos hídricos devida é efetuado no ano seguinte àquele a que a taxa respeite até ao termo disposto na Nota de Liquidação respetiva e deve ser feito de acordo com o previsto no número 4 do artigo 16.º do Decreto-Lei n.º 97/2008, de 11 de junho, na sua redação atual.",,
TUA20220411000574,T000043,L006681.2022.RH5A,"A falta de pagamento atempado fica sujeito a juros de mora à taxa legal em vigor, conforme dispõe o número 5 do artigo 16.º do Decreto-Lei n.º 97/2008, de 11 de junho, na sua redação atual.",,
TUA20220411000574,T000044,L006681.2022.RH5A,"A rejeição de águas residuais será exclusivamente realizada no local e nas condições indicadas nesta licença, não estando autorizadas quaisquer outras descargas de efluentes, e não podendo o objeto da presente licença ser alterado sem prévia autorização da Entidade Licenciadora.",,
TUA20220411000574,T000045,L006681.2022.RH5A,"O titular deverá respeitar todas as leis e regulamentos aplicáveis e munir-se de quaisquer outras autorizações, licenças e registos legalmente exigíveis.",,
TUA20220411000574,T000046,L006681.2022.RH5A,"A Entidade Licenciadora reserva-se o direito de restringir excecionalmente o regime de utilização dos recursos hídricos agora atribuído, nomeadamente na decorrência de secas, cheias e acidentes, nos termos da presente licença e no regime legal aplicável.",,
TUA20220420000646,T000028,L006976.2022.RH5A,"Em caso de incumprimento da presente licença, o titular fica sujeito às sanções previstas no Decreto-Lei n.º 226-A/2007, de 31 de maio.",,
TUA20220420000646,T000029,L006976.2022.RH5A,A matéria tributável da componente E é determinada com base no Anexo – Programa de autocontrolo a implementar.,,
TUA20220420000646,T000030,L006976.2022.,"As despesas com vistorias extraordinárias inerentes à emissão desta licença, ou as que resultarem de reclamações justificadas, serão suportadas pelo seu",,
TUA20220420000646,Código,Código TURH,Condição,,
TUA20220420000646,,RH5A,titular.,,
TUA20220420000646,T000031,L006976.2022.RH5A,"O titular pode, caso se mantenham as condições que determinaram a sua atribuição, solicitar a renovação desta licença, no prazo de 6 meses antes do seu termo.",,
TUA20220420000646,T000032,L006976.2022.RH5A,"A licença só poderá ser transmitida mediante autorização da entidade licenciadora de acordo com o disposto no artigo 26º do Decreto-Lei n.º 226-A/2007, de 31 de maio.",,
TUA20220420000646,T000033,L006976.2022.RH5A,"Para efeitos de fiscalização ou inspeção, o titular fica obrigado a facultar, às Entidades Competentes, esta licença, bem como o acesso à área, construções e equipamentos a ela associados e aos registos detalhados do controlo da operação do sistema de tratamento.",,
TUA20220420000646,T000034,L006976.2022.RH5A,"O titular fica obrigado a informar a Entidade Licenciadora, no prazo máximo de 24 horas, de qualquer acidente ou anomalia ocorrido nas instalações que afete o cumprimento das condições indicadas nesta licença bem como das medidas já implementadas e/ou previstas para correção da situação.",,
TUA20220420000646,T000035,L006976.2022.RH5A,"A licença só poderá ser transacionada e temporariamente cedida mediante autorização da Entidade Licenciadora de acordo com o disposto no artigo 27.º do Decreto-Lei n.º 226-A/2007, de 31 de maio.",,
TUA20220420000646,T000036,L006976.2022.RH5A,"A licença caduca nas condições previstas no presente título e no artigo 33.º do Decreto-Lei n.º 226-A/2007, de 31 de maio.",,
TUA20220420000646,T000037,L006976.2022.RH5A,"O titular fica sujeito, de acordo com o Decreto-Lei n.º 97/2008, de 11 de junho, na sua redação atual, ao pagamento da Taxa de Recursos Hídricos (TRH) calculada de acordo com a seguinte fórmula: TRH = E + O, em que E – descarga de efluentes e O – ocupação do domínio público hídrico do Estado, se aplicável.",,
TUA20220420000646,T000038,L006976.2022.RH5A,"A presente licença pode ser revista ou revogada nos casos previstos nos artigos 28.º e 32.º do Decreto-Lei n.º 226-A/2007, de 31 de maio.",,
TUA20220420000646,T000039,L006976.2022.RH5A,"O titular obriga-se a cumprir o disposto na presente licença, em todas as leis e regulamentos vigentes, na parte em que lhe for aplicável, bem como outras normas ou regulamentos que venham a ser posteriormente aprovados e a entrar em vigor, quer as suas disposições se harmonizem ou não com os direitos e obrigações que à presente licença sejam aplicáveis.",,
TUA20220420000646,T000040,L006976.2022.RH5A,"Sem prejuízo das sanções aplicáveis, sempre que o registo atualizado dos valores do autocontrolo, referido no ponto 4 que antecede, não seja entregue com a periodicidade definida na Licença, a componente E será calculada tendo por base as características do efluente bruto estabelecidas no projeto de execução da ETAR ou incluídas na presente licença.",,
TUA20220420000646,T000041,L006976.2022.RH5A,As vistorias que sejam realizadas pela Entidade Licenciadora na sequência dos episódios abrangidos no ponto que antecede são suportadas pelo utilizador.,,
TUA20220420000646,T000042,L006976.2022.RH5A,"O pagamento da taxa de recursos hídricos devida é efetuado no ano seguinte àquele a que a taxa respeite até ao termo disposto na Nota de Liquidação respetiva e deve ser feito de acordo com o previsto no número 4 do artigo 16.º do Decreto-Lei n.º 97/2008, de 11 de junho, na sua redação atual.",,
TUA20220420000646,T000043,L006976.2022.RH5A,"A falta de pagamento atempado fica sujeito a juros de mora à taxa legal em vigor, conforme dispõe o número 5 do artigo 16.º do Decreto-Lei n.º 97/2008, de 11 de junho, na sua redação atual.",,
TUA20220420000646,T000044,L006976.2022.RH5A,"A rejeição de águas residuais será exclusivamente realizada no local e nas condições indicadas nesta licença, não estando autorizadas quaisquer outras descargas de efluentes, e não podendo o objeto da presente licença ser alterado sem prévia autorização da Entidade Licenciadora.",,
TUA20220420000646,T000045,L006976.2022.RH5A,"O titular deverá respeitar todas as leis e regulamentos aplicáveis e munir-se de quaisquer outras autorizações, licenças e registos legalmente exigíveis.",,
TUA20220420000646,T000046,L006976.2022.RH5A,"A Entidade Licenciadora reserva-se o direito de restringir excecionalmente o regime de utilização dos recursos hídricos agora atribuído, nomeadamente na decorrência de secas, cheias e acidentes, nos termos da presente licença e no regime legal aplicável.",,
TUA20220511000842,T000037,L008397.2022.RH5A,"Em caso de incumprimento da presente licença, o titular fica sujeito às sanções previstas no Decreto-Lei n.º 226-A/2007, de 31 de maio.",,
TUA20220511000842,T000038,L008397.2022.RH5A,A matéria tributável da componente E é determinada com base no Anexo – Programa de autocontrolo a implementar.,,
TUA20220511000842,T000039,L008397.2022.RH5A,"As despesas com vistorias extraordinárias inerentes à emissão desta licença, ou as que resultarem de reclamações justificadas, serão suportadas pelo seu titular.",,
TUA20220511000842,T000040,L008397.2022.RH5A,"O titular pode, caso se mantenham as condições que determinaram a sua atribuição, solicitar a renovação desta licença, no prazo de 6 meses antes do seu termo.",,
TUA20220511000842,T000041,L008397.2022.RH5A,"A licença só poderá ser transmitida mediante autorização da entidade licenciadora de acordo com o disposto no artigo 26º do Decreto-Lei n.º 226-A/2007, de 31 de maio.",,
TUA20220511000842,T000042,L008397.2022.RH5A,"Para efeitos de fiscalização ou inspeção, o titular fica obrigado a facultar, às Entidades Competentes, esta licença, bem como o acesso à área, construções e equipamentos a ela associados e aos registos detalhados do controlo da operação do sistema de tratamento.",,
TUA20220511000842,T000043,L008397.2022.RH5A,"O titular fica obrigado a informar a Entidade Licenciadora, no prazo máximo de 24 horas, de qualquer acidente ou anomalia ocorrido nas instalações que afete o cumprimento das condições indicadas nesta licença bem como das medidas já implementadas e/ou previstas para correção da situação.",,
TUA20220511000842,T000044,L008397.2022.RH5A,"A licença só poderá ser transacionada e temporariamente cedida mediante autorização da Entidade Licenciadora de acordo com o disposto no artigo 27.º do Decreto-Lei n.º 226-A/2007, de 31 de maio.",,
TUA20220511000842,T000045,L008397.2022.,"A licença caduca nas condições previstas no presente título e no artigo 33.º do Decreto-Lei n.º 226-A/2007, de 31 de maio.",,
TUA20220511000842,Código,Código TURH,Condição,,
TUA20220511000842,,RH5A,,,
TUA20220511000842,T000046,L008397.2022.RH5A,"O titular fica sujeito, de acordo com o Decreto-Lei n.º 97/2008, de 11 de junho, na sua redação atual, ao pagamento da Taxa de Recursos Hídricos (TRH) calculada de acordo com a seguinte fórmula: TRH = E + O, em que E – descarga de efluentes e O – ocupação do domínio público hídrico do Estado, se aplicável.",,
TUA20220511000842,T000047,L008397.2022.RH5A,"A presente licença pode ser revista ou revogada nos casos previstos nos artigos 28.º e 32.º do Decreto-Lei n.º 226-A/2007, de 31 de maio.",,
TUA20220511000842,T000048,L008397.2022.RH5A,"O titular obriga-se a cumprir o disposto na presente licença, em todas as leis e regulamentos vigentes, na parte em que lhe for aplicável, bem como outras normas ou regulamentos que venham a ser posteriormente aprovados e a entrar em vigor, quer as suas disposições se harmonizem ou não com os direitos e obrigações que à presente licença sejam aplicáveis.",,
TUA20220511000842,T000049,L008397.2022.RH5A,"Sem prejuízo das sanções aplicáveis, sempre que o registo atualizado dos valores do autocontrolo, referido no ponto 4 que antecede, não seja entregue com a periodicidade definida na Licença, a componente E será calculada tendo por base as características do efluente bruto estabelecidas no projeto de execução da ETAR ou incluídas na presente licença.",,
TUA20220511000842,T000050,L008397.2022.RH5A,As vistorias que sejam realizadas pela Entidade Licenciadora na sequência dos episódios abrangidos no ponto que antecede são suportadas pelo utilizador.,,
TUA20220511000842,T000051,L008397.2022.RH5A,"O pagamento da taxa de recursos hídricos devida é efetuado no ano seguinte àquele a que a taxa respeite até ao termo disposto na Nota de Liquidação respetiva e deve ser feito de acordo com o previsto no número 4 do artigo 16.º do Decreto-Lei n.º 97/2008, de 11 de junho, na sua redação atual.",,
TUA20220511000842,T000052,L008397.2022.RH5A,"A falta de pagamento atempado fica sujeito a juros de mora à taxa legal em vigor, conforme dispõe o número 5 do artigo 16.º do Decreto-Lei n.º 97/2008, de 11 de junho, na sua redação atual.",,
TUA20220511000842,T000053,L008397.2022.RH5A,"A rejeição de águas residuais será exclusivamente realizada no local e nas condições indicadas nesta licença, não estando autorizadas quaisquer outras descargas de efluentes, e não podendo o objeto da presente licença ser alterado sem prévia autorização da Entidade Licenciadora.",,
TUA20220511000842,T000054,L008397.2022.RH5A,"O titular deverá respeitar todas as leis e regulamentos aplicáveis e munir-se de quaisquer outras autorizações, licenças e registos legalmente exigíveis.",,
TUA20220511000842,T000055,L008397.2022.RH5A,"A Entidade Licenciadora reserva-se o direito de restringir excecionalmente o regime de utilização dos recursos hídricos agora atribuído, nomeadamente na decorrência de secas, cheias e acidentes, nos termos da presente licença e no regime legal aplicável.",,
TUA20220511000844,T000027,L007123.2022.RH5A,"Em caso de incumprimento da presente licença, o titular fica sujeito às sanções previstas no Decreto-Lei n.º 226-A/2007, de 31 de maio.",,
TUA20220511000844,T000028,L007123.2022.RH5A,A matéria tributável da componente E é determinada com base no Anexo – Programa de autocontrolo a implementar.,,
TUA20220511000844,T000029,L007123.2022.RH5A,"As despesas com vistorias extraordinárias inerentes à emissão desta licença, ou as que resultarem de reclamações justificadas, serão suportadas pelo seu titular.",,
TUA20220511000844,T000030,L007123.2022.RH5A,"O titular pode, caso se mantenham as condições que determinaram a sua atribuição, solicitar a renovação desta licença, no prazo de 6 meses antes do seu termo.",,
TUA20220511000844,T000031,L007123.2022.RH5A,"A licença só poderá ser transmitida mediante autorização da entidade licenciadora de acordo com o disposto no artigo 26º do Decreto-Lei n.º 226-A/2007, de 31 de maio.",,
TUA20220511000844,T000032,L007123.2022.RH5A,"Para efeitos de fiscalização ou inspeção, o titular fica obrigado a facultar, às Entidades Competentes, esta licença, bem como o acesso à área, construções e equipamentos a ela associados e aos registos detalhados do controlo da operação do sistema de tratamento.",,
TUA20220511000844,T000033,L007123.2022.RH5A,"O titular fica obrigado a informar a Entidade Licenciadora, no prazo máximo de 24 horas, de qualquer acidente ou anomalia ocorrido nas instalações que afete o cumprimento das condições indicadas nesta licença bem como das medidas já implementadas e/ou previstas para correção da situação.",,
TUA20220511000844,T000034,L007123.2022.RH5A,"A licença só poderá ser transacionada e temporariamente cedida mediante autorização da Entidade Licenciadora de acordo com o disposto no artigo 27.º do Decreto-Lei n.º 226-A/2007, de 31 de maio.",,
TUA20220511000844,T000035,L007123.2022.RH5A,"A licença caduca nas condições previstas no presente título e no artigo 33.º do Decreto-Lei n.º 226-A/2007, de 31 de maio.",,
TUA20220511000844,T000036,L007123.2022.RH5A,"O titular fica sujeito, de acordo com o Decreto-Lei n.º 97/2008, de 11 de junho, na sua redação atual, ao pagamento da Taxa de Recursos Hídricos (TRH) calculada de acordo com a seguinte fórmula: TRH = E + O, em que E – descarga de efluentes e O – ocupação do domínio público hídrico do Estado, se aplicável.",,
TUA20220511000844,T000037,L007123.2022.RH5A,"A presente licença pode ser revista ou revogada nos casos previstos nos artigos 28.º e 32.º do Decreto-Lei n.º 226-A/2007, de 31 de maio.",,
TUA20220511000844,T000038,L007123.2022.RH5A,"O titular obriga-se a cumprir o disposto na presente licença, em todas as leis e regulamentos vigentes, na parte em que lhe for aplicável, bem como outras normas ou regulamentos que venham a ser posteriormente aprovados e a entrar em vigor, quer as suas disposições se harmonizem ou não com os direitos e obrigações que à presente licença sejam aplicáveis.",,
TUA20220511000844,T000039,L007123.2022.RH5A,"Sem prejuízo das sanções aplicáveis, sempre que o registo atualizado dos valores do autocontrolo, referido no ponto 4 que antecede, não seja entregue com a periodicidade definida na Licença, a componente E será calculada tendo por base as características do efluente bruto estabelecidas no projeto de execução da ETAR ou incluídas na presente licença.",,
TUA20220511000844,T000040,L007123.2022.RH5A,As vistorias que sejam realizadas pela Entidade Licenciadora na sequência dos episódios abrangidos no ponto que antecede são suportadas pelo utilizador.,,
TUA20220511000844,T000041,L007123.2022.RH5A,"O pagamento da taxa de recursos hídricos devida é efetuado no ano seguinte àquele a que a taxa respeite até ao termo disposto na Nota de Liquidação respetiva e deve ser feito de acordo com o previsto no número 4 do artigo 16.º do Decreto-Lei n.º 97/2008, de 11 de junho, na sua redação atual.",,
TUA20220511000844,T000042,L007123.2022.RH5A,"A falta de pagamento atempado fica sujeito a juros de mora à taxa legal em vigor, conforme dispõe o número 5 do artigo 16.º do Decreto-Lei n.º 97/2008, de 11 de junho, na sua redação atual.",,
TUA20220511000844,Código,Código TURH,Condição,,
TUA20220511000844,T000043,L007123.2022.RH5A,"A rejeição de águas residuais será exclusivamente realizada no local e nas condições indicadas nesta licença, não estando autorizadas quaisquer outras descargas de efluentes, e não podendo o objeto da presente licença ser alterado sem prévia autorização da Entidade Licenciadora.",,
TUA20220511000844,T000044,L007123.2022.RH5A,"O titular deverá respeitar todas as leis e regulamentos aplicáveis e munir-se de quaisquer outras autorizações, licenças e registos legalmente exigíveis.",,
TUA20220511000844,T000045,L007123.2022.RH5A,"A Entidade Licenciadora reserva-se o direito de restringir excecionalmente o regime de utilização dos recursos hídricos agora atribuído, nomeadamente na decorrência de secas, cheias e acidentes, nos termos da presente licença e no regime legal aplicável.",,
TUA20220511000845,T000026,L006972.2022.RH5A,"Em caso de incumprimento da presente licença, o titular fica sujeito às sanções previstas no Decreto-Lei n.º 226-A/2007, de 31 de maio.",,
TUA20220511000845,T000027,L006972.2022.RH5A,A matéria tributável da componente E é determinada com base no Anexo – Programa de autocontrolo a implementar.,,
TUA20220511000845,T000028,L006972.2022.RH5A,"As despesas com vistorias extraordinárias inerentes à emissão desta licença, ou as que resultarem de reclamações justificadas, serão suportadas pelo seu titular.",,
TUA20220511000845,T000029,L006972.2022.RH5A,"O titular pode, caso se mantenham as condições que determinaram a sua atribuição, solicitar a renovação desta licença, no prazo de 6 meses antes do seu termo.",,
TUA20220511000845,T000030,L006972.2022.RH5A,"A licença só poderá ser transmitida mediante autorização da entidade licenciadora de acordo com o disposto no artigo 26º do Decreto-Lei n.º 226-A/2007, de 31 de maio.",,
TUA20220511000845,T000031,L006972.2022.RH5A,"Para efeitos de fiscalização ou inspeção, o titular fica obrigado a facultar, às Entidades Competentes, esta licença, bem como o acesso à área, construções e equipamentos a ela associados e aos registos detalhados do controlo da operação do sistema de tratamento.",,
TUA20220511000845,T000032,L006972.2022.RH5A,"O titular fica obrigado a informar a Entidade Licenciadora, no prazo máximo de 24 horas, de qualquer acidente ou anomalia ocorrido nas instalações que afete o cumprimento das condições indicadas nesta licença bem como das medidas já implementadas e/ou previstas para correção da situação.",,
TUA20220511000845,T000033,L006972.2022.RH5A,"A licença só poderá ser transacionada e temporariamente cedida mediante autorização da Entidade Licenciadora de acordo com o disposto no artigo 27.º do Decreto-Lei n.º 226-A/2007, de 31 de maio.",,
TUA20220511000845,T000034,L006972.2022.RH5A,"A licença caduca nas condições previstas no presente título e no artigo 33.º do Decreto-Lei n.º 226-A/2007, de 31 de maio.",,
TUA20220511000845,T000035,L006972.2022.RH5A,"O titular fica sujeito, de acordo com o Decreto-Lei n.º 97/2008, de 11 de junho, na sua redação atual, ao pagamento da Taxa de Recursos Hídricos (TRH) calculada de acordo com a seguinte fórmula: TRH = E + O, em que E – descarga de efluentes e O – ocupação do domínio público hídrico do Estado, se aplicável.",,
TUA20220511000845,T000036,L006972.2022.RH5A,"A presente licença pode ser revista ou revogada nos casos previstos nos artigos 28.º e 32.º do Decreto-Lei n.º 226-A/2007, de 31 de maio.",,
TUA20220511000845,T000037,L006972.2022.RH5A,"O titular obriga-se a cumprir o disposto na presente licença, em todas as leis e regulamentos vigentes, na parte em que lhe for aplicável, bem como outras normas ou regulamentos que venham a ser posteriormente aprovados e a entrar em vigor, quer as suas disposições se harmonizem ou não com os direitos e obrigações que à presente licença sejam aplicáveis.",,
TUA20220511000845,T000038,L006972.2022.RH5A,"Sem prejuízo das sanções aplicáveis, sempre que o registo atualizado dos valores do autocontrolo, referido no ponto 4 que antecede, não seja entregue com a periodicidade definida na Licença, a componente E será calculada tendo por base as características do efluente bruto estabelecidas no projeto de execução da ETAR ou incluídas na presente licença.",,
TUA20220511000845,T000039,L006972.2022.RH5A,As vistorias que sejam realizadas pela Entidade Licenciadora na sequência dos episódios abrangidos no ponto que antecede são suportadas pelo utilizador.,,
TUA20220511000845,T000040,L006972.2022.RH5A,"O pagamento da taxa de recursos hídricos devida é efetuado no ano seguinte àquele a que a taxa respeite até ao termo disposto na Nota de Liquidação respetiva e deve ser feito de acordo com o previsto no número 4 do artigo 16.º do Decreto-Lei n.º 97/2008, de 11 de junho, na sua redação atual.",,
TUA20220511000845,T000041,L006972.2022.RH5A,"A falta de pagamento atempado fica sujeito a juros de mora à taxa legal em vigor, conforme dispõe o número 5 do artigo 16.º do Decreto-Lei n.º 97/2008, de 11 de junho, na sua redação atual.",,
TUA20220511000845,T000042,L006972.2022.RH5A,"A rejeição de águas residuais será exclusivamente realizada no local e nas condições indicadas nesta licença, não estando autorizadas quaisquer outras descargas de efluentes, e não podendo o objeto da presente licença ser alterado sem prévia autorização da Entidade Licenciadora.",,
TUA20220511000845,Código,Código TURH,Condição,,
TUA20220511000845,T000043,L006972.2022.RH5A,"O titular deverá respeitar todas as leis e regulamentos aplicáveis e munir-se de quaisquer outras autorizações, licenças e registos legalmente exigíveis.",,
TUA20220511000845,T000044,L006972.2022.RH5A,"A Entidade Licenciadora reserva-se o direito de restringir excecionalmente o regime de utilização dos recursos hídricos agora atribuído, nomeadamente na decorrência de secas, cheias e acidentes, nos termos da presente licença e no regime legal aplicável.",,
TUA20220718001522,T000032,L012980.2022.RH5A,"Em caso de incumprimento da presente licença, o titular fica sujeito às sanções previstas no Decreto-Lei n.º 226-A/2007, de 31 de maio.",,
TUA20220718001522,T000033,L012980.2022.RH5A,A matéria tributável da componente E é determinada com base no Anexo – Programa de autocontrolo a implementar.,,
TUA20220718001522,T000034,L012980.2022.RH5A,"As despesas com vistorias extraordinárias inerentes à emissão desta licença, ou as que resultarem de reclamações justificadas, serão suportadas pelo seu titular.",,
TUA20220718001522,T000035,L012980.2022.RH5A,"O titular pode, caso se mantenham as condições que determinaram a sua atribuição, solicitar a renovação desta licença, no prazo de 6 meses antes do seu termo.",,
TUA20220718001522,,L012980.2022.,"A licença só poderá ser transmitida mediante autorização da entidade licenciadora de acordo com o disposto no artigo 26º do Decreto-Lei n.º 226-A/2007,",,
TUA20220718001522,Código,Código TURH,Condição,,
TUA20220718001522,T000036,RH5A,de 31 de maio.,,
TUA20220718001522,T000037,L012980.2022.RH5A,"Para efeitos de fiscalização ou inspeção, o titular fica obrigado a facultar, às Entidades Competentes, esta licença, bem como o acesso à área, construções e equipamentos a ela associados e aos registos detalhados do controlo da operação do sistema de tratamento.",,
TUA20220718001522,T000038,L012980.2022.RH5A,"O titular fica obrigado a informar a Entidade Licenciadora, no prazo máximo de 24 horas, de qualquer acidente ou anomalia ocorrido nas instalações que afete o cumprimento das condições indicadas nesta licença bem como das medidas já implementadas e/ou previstas para correção da situação.",,
TUA20220718001522,T000039,L012980.2022.RH5A,"A licença só poderá ser transacionada e temporariamente cedida mediante autorização da Entidade Licenciadora de acordo com o disposto no artigo 27.º do Decreto-Lei n.º 226-A/2007, de 31 de maio.",,
TUA20220718001522,T000040,L012980.2022.RH5A,"A licença caduca nas condições previstas no presente título e no artigo 33.º do Decreto-Lei n.º 226-A/2007, de 31 de maio.",,
TUA20220718001522,T000041,L012980.2022.RH5A,"O titular fica sujeito, de acordo com o Decreto-Lei n.º 97/2008, de 11 de junho, na sua redação atual, ao pagamento da Taxa de Recursos Hídricos (TRH) calculada de acordo com a seguinte fórmula: TRH = E + O, em que E – descarga de efluentes e O – ocupação do domínio público hídrico do Estado, se aplicável.",,
TUA20220718001522,T000042,L012980.2022.RH5A,"A presente licença pode ser revista ou revogada nos casos previstos nos artigos 28.º e 32.º do Decreto-Lei n.º 226-A/2007, de 31 de maio.",,
TUA20220718001522,T000043,L012980.2022.RH5A,"O titular obriga-se a cumprir o disposto na presente licença, em todas as leis e regulamentos vigentes, na parte em que lhe for aplicável, bem como outras normas ou regulamentos que venham a ser posteriormente aprovados e a entrar em vigor, quer as suas disposições se harmonizem ou não com os direitos e obrigações que à presente licença sejam aplicáveis.",,
TUA20220718001522,T000044,L012980.2022.RH5A,"Sem prejuízo das sanções aplicáveis, sempre que o registo atualizado dos valores do autocontrolo, referido no ponto 4 que antecede, não seja entregue com a periodicidade definida na Licença, a componente E será calculada tendo por base as características do efluente bruto estabelecidas no projeto de execução da ETAR ou incluídas na presente licença.",,
TUA20220718001522,T000045,L012980.2022.RH5A,As vistorias que sejam realizadas pela Entidade Licenciadora na sequência dos episódios abrangidos no ponto que antecede são suportadas pelo utilizador.,,
TUA20220718001522,T000046,L012980.2022.RH5A,"O pagamento da taxa de recursos hídricos devida é efetuado no ano seguinte àquele a que a taxa respeite até ao termo disposto na Nota de Liquidação respetiva e deve ser feito de acordo com o previsto no número 4 do artigo 16.º do Decreto-Lei n.º 97/2008, de 11 de junho, na sua redação atual.",,
TUA20220718001522,T000047,L012980.2022.RH5A,"A falta de pagamento atempado fica sujeito a juros de mora à taxa legal em vigor, conforme dispõe o número 5 do artigo 16.º do Decreto-Lei n.º 97/2008, de 11 de junho, na sua redação atual.",,
TUA20220718001522,T000048,L012980.2022.RH5A,"A rejeição de águas residuais será exclusivamente realizada no local e nas condições indicadas nesta licença, não estando autorizadas quaisquer outras descargas de efluentes, e não podendo o objeto da presente licença ser alterado sem prévia autorização da Entidade Licenciadora.",,
TUA20220718001522,T000049,L012980.2022.RH5A,"O titular deverá respeitar todas as leis e regulamentos aplicáveis e munir-se de quaisquer outras autorizações, licenças e registos legalmente exigíveis.",,
TUA20220718001522,T000050,L012980.2022.RH5A,"A Entidade Licenciadora reserva-se o direito de restringir excecionalmente o regime de utilização dos recursos hídricos agora atribuído, nomeadamente na decorrência de secas, cheias e acidentes, nos termos da presente licença e no regime legal aplicável.",,
TUA20220720001537,T000043,L013050.2022.RH5A,"Em caso de incumprimento da presente licença, o titular fica sujeito às sanções previstas no Decreto-Lei n.º 226-A/2007, de 31 de maio.",,
TUA20220720001537,T000044,L013050.2022.RH5A,A matéria tributável da componente E é determinada com base no Anexo – Programa de autocontrolo a implementar.,,
TUA20220720001537,T000045,L013050.2022.RH5A,"As despesas com vistorias extraordinárias inerentes à emissão desta licença, ou as que resultarem de reclamações justificadas, serão suportadas pelo seu titular.",,
TUA20220720001537,T000046,L013050.2022.RH5A,"O titular pode, caso se mantenham as condições que determinaram a sua atribuição, solicitar a renovação desta licença, no prazo de 6 meses antes do seu termo.",,
TUA20220720001537,T000047,L013050.2022.RH5A,"A licença só poderá ser transmitida mediante autorização da entidade licenciadora de acordo com o disposto no artigo 26º do Decreto-Lei n.º 226-A/2007, de 31 de maio.",,
TUA20220720001537,T000048,L013050.2022.RH5A,"Para efeitos de fiscalização ou inspeção, o titular fica obrigado a facultar, às Entidades Competentes, esta licença, bem como o acesso à área, construções e equipamentos a ela associados e aos registos detalhados do controlo da operação do sistema de tratamento.",,
TUA20220720001537,T000049,L013050.2022.RH5A,"O titular fica obrigado a informar a Entidade Licenciadora, no prazo máximo de 24 horas, de qualquer acidente ou anomalia ocorrido nas instalações que afete o cumprimento das condições indicadas nesta licença bem como das medidas já implementadas e/ou previstas para correção da situação.",,
TUA20220720001537,T000050,L013050.2022.RH5A,"A licença só poderá ser transacionada e temporariamente cedida mediante autorização da Entidade Licenciadora de acordo com o disposto no artigo 27.º do Decreto-Lei n.º 226-A/2007, de 31 de maio.",,
TUA20220720001537,Código,Código TURH,,Condição,
TUA20220720001537,T000051,L013050.2022.RH5A,,"A licença caduca nas condições previstas no presente título e no artigo 33.º do Decreto-Lei n.º 226-A/2007, de 31 de maio.",
TUA20220720001537,T000052,L013050.2022.RH5A,,"O titular fica sujeito, de acordo com o Decreto-Lei n.º 97/2008, de 11 de junho, na sua redação atual, ao pagamento da Taxa de Recursos Hídricos (TRH) calculada de acordo com a seguinte fórmula: TRH = E + O, em que E – descarga de efluentes e O – ocupação do domínio público hídrico do Estado, se aplicável.",
TUA20220720001537,T000053,L013050.2022.RH5A,,"A presente licença pode ser revista ou revogada nos casos previstos nos artigos 28.º e 32.º do Decreto-Lei n.º 226-A/2007, de 31 de maio.",
TUA20220720001537,T000054,L013050.2022.RH5A,,"O titular obriga-se a cumprir o disposto na presente licença, em todas as leis e regulamentos vigentes, na parte em que lhe for aplicável, bem como outras normas ou regulamentos que venham a ser posteriormente aprovados e a entrar em vigor, quer as suas disposições se harmonizem ou não com os direitos e obrigações que à presente licença sejam aplicáveis.",
TUA20220720001537,T000055,L013050.2022.RH5A,,"Sem prejuízo das sanções aplicáveis, sempre que o registo atualizado dos valores do autocontrolo, referido no ponto 4 que antecede, não seja entregue com a periodicidade definida na Licença, a componente E será calculada tendo por base as características do efluente bruto estabelecidas no projeto de execução da ETAR ou incluídas na presente licença.",
TUA20220720001537,T000056,L013050.2022.RH5A,,As vistorias que sejam realizadas pela Entidade Licenciadora na sequência dos episódios abrangidos no ponto que antecede são suportadas pelo utilizador.,
TUA20220720001537,T000057,L013050.2022.RH5A,,"O pagamento da taxa de recursos hídricos devida é efetuado no ano seguinte àquele a que a taxa respeite até ao termo disposto na Nota de Liquidação respetiva e deve ser feito de acordo com o previsto no número 4 do artigo 16.º do Decreto-Lei n.º 97/2008, de 11 de junho, na sua redação atual.",
TUA20220720001537,T000058,L013050.2022.RH5A,,"A falta de pagamento atempado fica sujeito a juros de mora à taxa legal em vigor, conforme dispõe o número 5 do artigo 16.º do Decreto-Lei n.º 97/2008, de 11 de junho, na sua redação atual.",
TUA20220720001537,T000059,L013050.2022.RH5A,,"A rejeição de águas residuais será exclusivamente realizada no local e nas condições indicadas nesta licença, não estando autorizadas quaisquer outras descargas de efluentes, e não podendo o objeto da presente licença ser alterado sem prévia autorização da Entidade Licenciadora.",
TUA20220720001537,T000060,L013050.2022.RH5A,,"O titular deverá respeitar todas as leis e regulamentos aplicáveis e munir-se de quaisquer outras autorizações, licenças e registos legalmente exigíveis.",
TUA20220720001537,T000061,L013050.2022.RH5A,,"A Entidade Licenciadora reserva-se o direito de restringir excecionalmente o regime de utilização dos recursos hídricos agora atribuído, nomeadamente na decorrência de secas, cheias e acidentes, nos termos da presente licença e no regime legal aplicável.",
TUA20220720001538,T000032,L012836.2022.RH5A,"Em caso de incumprimento da presente licença, o titular fica sujeito às sanções previstas no Decreto-Lei n.º 226-A/2007, de 31 de maio.",,
TUA20220720001538,T000033,L012836.2022.RH5A,A matéria tributável da componente E é determinada com base no Anexo – Programa de autocontrolo a implementar.,,
TUA20220720001538,T000034,L012836.2022.RH5A,"As despesas com vistorias extraordinárias inerentes à emissão desta licença, ou as que resultarem de reclamações justificadas, serão suportadas pelo seu titular.",,
TUA20220720001538,T000035,L012836.2022.RH5A,"O titular pode, caso se mantenham as condições que determinaram a sua atribuição, solicitar a renovação desta licença, no prazo de 6 meses antes do seu termo.",,
TUA20220720001538,T000036,L012836.2022.RH5A,"A licença só poderá ser transmitida mediante autorização da entidade licenciadora de acordo com o disposto no artigo 26º do Decreto-Lei n.º 226-A/2007, de 31 de maio.",,
TUA20220720001538,T000037,L012836.2022.RH5A,"Para efeitos de fiscalização ou inspeção, o titular fica obrigado a facultar, às Entidades Competentes, esta licença, bem como o acesso à área, construções e equipamentos a ela associados e aos registos detalhados do controlo da operação do sistema de tratamento.",,
TUA20220720001538,T000038,L012836.2022.RH5A,"O titular fica obrigado a informar a Entidade Licenciadora, no prazo máximo de 24 horas, de qualquer acidente ou anomalia ocorrido nas instalações que afete o cumprimento das condições indicadas nesta licença bem como das medidas já implementadas e/ou previstas para correção da situação.",,
TUA20220720001538,T000039,L012836.2022.RH5A,"A licença só poderá ser transacionada e temporariamente cedida mediante autorização da Entidade Licenciadora de acordo com o disposto no artigo 27.º do Decreto-Lei n.º 226-A/2007, de 31 de maio.",,
TUA20220720001538,T000040,L012836.2022.RH5A,"A licença caduca nas condições previstas no presente título e no artigo 33.º do Decreto-Lei n.º 226-A/2007, de 31 de maio.",,
TUA20220720001538,,,"O titular fica sujeito, de acordo com o Decreto-Lei n.º 97/2008, de 11 de junho, na sua redação atual, ao pagamento da Taxa de Recursos Hídricos (TRH) calculada de acordo com a seguinte fórmula: TRH = E + O, em que E – descarga de efluentes e O – ocupação do domínio público hídrico do",,
TUA20220720001538,Código,Código TURH,,Condição,
TUA20220720001538,T000041,L012836.2022.RH5A,,"Estado, se aplicável.",
TUA20220720001538,T000042,L012836.2022.RH5A,,"A presente licença pode ser revista ou revogada nos casos previstos nos artigos 28.º e 32.º do Decreto-Lei n.º 226-A/2007, de 31 de maio.",
TUA20220720001538,T000043,L012836.2022.RH5A,,"O titular obriga-se a cumprir o disposto na presente licença, em todas as leis e regulamentos vigentes, na parte em que lhe for aplicável, bem como outras normas ou regulamentos que venham a ser posteriormente aprovados e a entrar em vigor, quer as suas disposições se harmonizem ou não com os direitos e obrigações que à presente licença sejam aplicáveis.",
TUA20220720001538,T000044,L012836.2022.RH5A,,"Sem prejuízo das sanções aplicáveis, sempre que o registo atualizado dos valores do autocontrolo, referido no ponto 4 que antecede, não seja entregue com a periodicidade definida na Licença, a componente E será calculada tendo por base as características do efluente bruto estabelecidas no projeto de execução da ETAR ou incluídas na presente licença.",
TUA20220720001538,T000045,L012836.2022.RH5A,,As vistorias que sejam realizadas pela Entidade Licenciadora na sequência dos episódios abrangidos no ponto que antecede são suportadas pelo utilizador.,
TUA20220720001538,T000046,L012836.2022.RH5A,,"O pagamento da taxa de recursos hídricos devida é efetuado no ano seguinte àquele a que a taxa respeite até ao termo disposto na Nota de Liquidação respetiva e deve ser feito de acordo com o previsto no número 4 do artigo 16.º do Decreto-Lei n.º 97/2008, de 11 de junho, na sua redação atual.",
TUA20220720001538,T000047,L012836.2022.RH5A,,"A falta de pagamento atempado fica sujeito a juros de mora à taxa legal em vigor, conforme dispõe o número 5 do artigo 16.º do Decreto-Lei n.º 97/2008, de 11 de junho, na sua redação atual.",
TUA20220720001538,T000048,L012836.2022.RH5A,,"A rejeição de águas residuais será exclusivamente realizada no local e nas condições indicadas nesta licença, não estando autorizadas quaisquer outras descargas de efluentes, e não podendo o objeto da presente licença ser alterado sem prévia autorização da Entidade Licenciadora.",
TUA20220720001538,T000049,L012836.2022.RH5A,,"O titular deverá respeitar todas as leis e regulamentos aplicáveis e munir-se de quaisquer outras autorizações, licenças e registos legalmente exigíveis.",
TUA20220720001538,T000050,L012836.2022.RH5A,,"A Entidade Licenciadora reserva-se o direito de restringir excecionalmente o regime de utilização dos recursos hídricos agora atribuído, nomeadamente na decorrência de secas, cheias e acidentes, nos termos da presente licença e no regime legal aplicável.",
TUA20220919002148,T000026,L016764.2022.RH5A,"Em caso de incumprimento da presente licença, o titular fica sujeito às sanções previstas no Decreto-Lei n.º 226-A/2007, de 31 de maio.",,
TUA20220919002148,T000027,L016764.2022.RH5A,A matéria tributável da componente E é determinada com base no Anexo – Programa de autocontrolo a implementar.,,
TUA20220919002148,T000028,L016764.2022.RH5A,"As despesas com vistorias extraordinárias inerentes à emissão desta licença, ou as que resultarem de reclamações justificadas, serão suportadas pelo seu titular.",,
TUA20220919002148,T000029,L016764.2022.RH5A,"O titular pode, caso se mantenham as condições que determinaram a sua atribuição, solicitar a renovação desta licença, no prazo de 6 meses antes do seu termo.",,
TUA20220919002148,T000030,L016764.2022.RH5A,"A licença só poderá ser transmitida mediante autorização da entidade licenciadora de acordo com o disposto no artigo 26º do Decreto-Lei n.º 226-A/2007, de 31 de maio.",,
TUA20220919002148,T000031,L016764.2022.RH5A,"Para efeitos de fiscalização ou inspeção, o titular fica obrigado a facultar, às Entidades Competentes, esta licença, bem como o acesso à área, construções e equipamentos a ela associados e aos registos detalhados do controlo da operação do sistema de tratamento.",,
TUA20220919002148,T000032,L016764.2022.RH5A,"O titular fica obrigado a informar a Entidade Licenciadora, no prazo máximo de 24 horas, de qualquer acidente ou anomalia ocorrido nas instalações que afete o cumprimento das condições indicadas nesta licença bem como das medidas já implementadas e/ou previstas para correção da situação.",,
TUA20220919002148,T000033,L016764.2022.RH5A,"A licença só poderá ser transacionada e temporariamente cedida mediante autorização da Entidade Licenciadora de acordo com o disposto no artigo 27.º do Decreto-Lei n.º 226-A/2007, de 31 de maio.",,
TUA20220919002148,T000034,L016764.2022.RH5A,"A licença caduca nas condições previstas no presente título e no artigo 33.º do Decreto-Lei n.º 226-A/2007, de 31 de maio.",,
TUA20220919002148,T000035,L016764.2022.RH5A,"O titular fica sujeito, de acordo com o Decreto-Lei n.º 97/2008, de 11 de junho, na sua redação atual, ao pagamento da Taxa de Recursos Hídricos (TRH) calculada de acordo com a seguinte fórmula: TRH = E + O, em que E – descarga de efluentes e O – ocupação do domínio público hídrico do Estado, se aplicável.",,
TUA20220919002148,T000036,L016764.2022.RH5A,"A presente licença pode ser revista ou revogada nos casos previstos nos artigos 28.º e 32.º do Decreto-Lei n.º 226-A/2007, de 31 de maio.",,
TUA20220919002148,T000037,L016764.2022.RH5A,"O titular obriga-se a cumprir o disposto na presente licença, em todas as leis e regulamentos vigentes, na parte em que lhe for aplicável, bem como outras normas ou regulamentos que venham a ser posteriormente aprovados e a entrar em vigor, quer as suas disposições se harmonizem ou não com os direitos e obrigações que à presente licença sejam aplicáveis.",,
TUA20220919002148,T000038,L016764.2022.RH5A,"Sem prejuízo das sanções aplicáveis, sempre que o registo atualizado dos valores do autocontrolo, referido no ponto 4 que antecede, não seja entregue com a periodicidade definida na Licença, a componente E será calculada tendo por base as características do efluente bruto estabelecidas no projeto de execução da ETAR ou incluídas na presente licença.",,
TUA20220919002148,T000039,L016764.2022.RH5A,As vistorias que sejam realizadas pela Entidade Licenciadora na sequência dos episódios abrangidos no ponto que antecede são suportadas pelo utilizador.,,
TUA20220919002148,T000040,L016764.2022.RH5A,"O pagamento da taxa de recursos hídricos devida é efetuado no ano seguinte àquele a que a taxa respeite até ao termo disposto na Nota de Liquidação respetiva e deve ser feito de acordo com o previsto no número 4 do artigo 16.º do Decreto-Lei n.º 97/2008, de 11 de junho, na sua redação atual.",,
TUA20220919002148,Código,Código TURH,Condição,,
TUA20220919002148,T000041,L016764.2022.RH5A,"A falta de pagamento atempado fica sujeito a juros de mora à taxa legal em vigor, conforme dispõe o número 5 do artigo 16.º do Decreto-Lei n.º 97/2008, de 11 de junho, na sua redação atual.",,
TUA20220919002148,T000042,L016764.2022.RH5A,"A rejeição de águas residuais será exclusivamente realizada no local e nas condições indicadas nesta licença, não estando autorizadas quaisquer outras descargas de efluentes, e não podendo o objeto da presente licença ser alterado sem prévia autorização da Entidade Licenciadora.",,
TUA20220919002148,T000043,L016764.2022.RH5A,"O titular deverá respeitar todas as leis e regulamentos aplicáveis e munir-se de quaisquer outras autorizações, licenças e registos legalmente exigíveis.",,
TUA20220919002148,T000044,L016764.2022.RH5A,"A Entidade Licenciadora reserva-se o direito de restringir excecionalmente o regime de utilização dos recursos hídricos agora atribuído, nomeadamente na decorrência de secas, cheias e acidentes, nos termos da presente licença e no regime legal aplicável.",,
TUA20220922002189,T000024,L002661.2018.RH3,"Em caso de incumprimento da presente licença, o titular fica sujeito às sanções previstas no Decreto-Lei n.º 226-A/2007, de 31 de maio.",,
TUA20220922002189,T000025,L002661.2018.RH3,A matéria tributável da componente E é determinada com base no programa de autocontrolo a implementar descrito em EXP8.3.16.,,
TUA20220922002189,T000026,L002661.2018.RH3,"As despesas com vistorias extraordinárias inerentes à emissão desta licença, ou as que resultarem de reclamações justificadas, serão suportadas pelo seu titular.",,
TUA20220922002189,T000027,L002661.2018.RH3,"O titular pode, caso se mantenham as condições que determinaram a sua atribuição, solicitar a renovação desta licença, no prazo de 6 meses antes do seu termo.",,
TUA20220922002189,T000028,L002661.2018.RH3,"A licença só poderá ser transmitida mediante autorização da entidade licenciadora de acordo com o disposto no artigo 26º do Decreto-Lei n.º 226-A/2007, de 31 de maio.",,
TUA20220922002189,T000029,L002661.2018.RH3,"Para efeitos de fiscalização ou inspeção, o titular fica obrigado a facultar, às Entidades Competentes, esta licença, bem como o acesso à área, construções e equipamentos a ela associados e aos registos detalhados do controlo da operação do sistema de tratamento.",,
TUA20220922002189,T000030,L002661.2018.RH3,"O titular fica obrigado a informar a Entidade Licenciadora, no prazo máximo de 24 horas, de qualquer acidente ou anomalia ocorrido nas instalações que afete o cumprimento das condições indicadas nesta licença bem como das medidas já implementadas e/ou previstas para correção da situação.",,
TUA20220922002189,T000031,L002661.2018.RH3,"A licença só poderá ser transacionada e temporariamente cedida mediante autorização da Entidade Licenciadora de acordo com o disposto no artigo 27.º do Decreto-Lei n.º 226-A/2007, de 31 de maio.",,
TUA20220922002189,T000032,L002661.2018.RH3,"A licença caduca nas condições previstas no presente título e no artigo 33.º do Decreto-Lei n.º 226-A/2007, de 31 de maio.",,
TUA20220922002189,T000033,L002661.2018.RH3,"O titular fica sujeito, de acordo com o Decreto-Lei n.º 97/2008, de 11 de junho, na sua redação atual, ao pagamento da Taxa de Recursos Hídricos (TRH) calculada de acordo com a seguinte fórmula: TRH = E + O, em que E – descarga de efluentes e O – ocupação do domínio público hídrico do Estado, se aplicável.",,
TUA20220922002189,T000034,L002661.2018.RH3,"A presente licença pode ser revista ou revogada nos casos previstos nos artigos 28.º e 32.º do Decreto-Lei n.º 226-A/2007, de 31 de maio.",,
TUA20220922002189,T000035,L002661.2018.RH3,"O titular obriga-se a cumprir o disposto na presente licença, em todas as leis e regulamentos vigentes, na parte em que lhe for aplicável, bem como outras normas ou regulamentos que venham a ser posteriormente aprovados e a entrar em vigor, quer as suas disposições se harmonizem ou não com os direitos e obrigações que à presente licença sejam aplicáveis.",,
TUA20220922002189,T000036,L002661.2018.RH3,"Sem prejuízo das sanções aplicáveis, sempre que o registo atualizado dos valores do autocontrolo, referido em T000025, não seja reportado com a frequência trimestral ou até ao dia quinze (15) de janeiro do ano seguinte ao que diz respeito a taxa de recursos hídricos, a componente E será calculada tendo por base as características do efluente bruto estabelecidas no projeto de execução da ETAR ou incluídas na presente licença.",,
TUA20220922002189,T000037,L002661.2018.RH3,"O pagamento da taxa de recursos hídricos devida é efetuado no ano seguinte àquele a que a taxa respeite até ao termo disposto na Nota de Liquidação respetiva e deve ser feito de acordo com o previsto no número 4 do artigo 16.º do Decreto-Lei n.º 97/2008, de 11 de junho, na sua redação atual.",,
TUA20220922002189,T000038,L002661.2018.RH3,"A falta de pagamento atempado fica sujeito a juros de mora à taxa legal em vigor, conforme dispõe o número 5 do artigo 16.º do Decreto-Lei n.º 97/2008, de 11 de junho, na sua redação atual.",,
TUA20220922002189,T000039,L002661.2018.RH3,"A rejeição de águas residuais será exclusivamente realizada no local e nas condições indicadas nesta licença, não estando autorizadas quaisquer outras descargas de efluentes, e não podendo o objeto da presente licença ser alterado sem prévia autorização da Entidade Licenciadora.",,
TUA20220922002189,T000040,L002661.2018.RH3,"O titular deverá respeitar todas as leis e regulamentos aplicáveis e munir-se de quaisquer outras autorizações, licenças e registos legalmente exigíveis.",,
TUA20220922002189,T000041,L002661.2018.RH3,"A Entidade Licenciadora reserva-se o direito de restringir excecionalmente o regime de utilização dos recursos hídricos agora atribuído, nomeadamente na decorrência de secas, cheias e acidentes, nos termos da presente licença e no regime legal aplicável.",,
TUA20220922002190,T000025,L002662.2018.RH3,"Em caso de incumprimento da presente licença, o titular fica sujeito às sanções previstas no Decreto-Lei n.º 226-A/2007, de 31 de maio.",,
TUA20220922002190,T000026,L002662.2018.RH3,A matéria tributável da componente E é determinada com base no programa de autocontrolo a implementar descrito em EXP8.3.16.,,
TUA20220922002190,T000027,L002662.2018.RH3,"As despesas com vistorias extraordinárias inerentes à emissão desta licença, ou as que resultarem de reclamações justificadas, serão suportadas pelo seu titular.",,
TUA20220922002190,T000028,L002662.2018.RH3,"O titular pode, caso se mantenham as condições que determinaram a sua atribuição, solicitar a renovação desta licença, no prazo de 6 meses antes do seu termo.",,
TUA20220922002190,T000029,L002662.2018.RH3,"A licença só poderá ser transmitida mediante autorização da entidade licenciadora de acordo com o disposto no artigo 26º do Decreto-Lei n.º 226-A/2007, de 31 de maio.",,
TUA20220922002190,T000030,L002662.2018.RH3,"Para efeitos de fiscalização ou inspeção, o titular fica obrigado a facultar, às Entidades Competentes, esta licença, bem como o acesso à área, construções e equipamentos a ela associados e aos registos detalhados do controlo da operação do sistema de tratamento.",,
TUA20220922002190,T000031,L002662.2018.RH3,"O titular fica obrigado a informar a Entidade Licenciadora, no prazo máximo de 24 horas, de qualquer acidente ou anomalia ocorrido nas instalações que afete o cumprimento das condições indicadas nesta licença bem como das medidas já implementadas e/ou previstas para correção da situação.",,
TUA20220922002190,T000032,L002662.2018.RH3,"A licença só poderá ser transacionada e temporariamente cedida mediante autorização da Entidade Licenciadora de acordo com o disposto no artigo 27.º do Decreto-Lei n.º 226-A/2007, de 31 de maio.",,
TUA20220922002190,T000033,L002662.2018.RH3,"A licença caduca nas condições previstas no presente título e no artigo 33.º do Decreto-Lei n.º 226-A/2007, de 31 de maio.",,
TUA20220922002190,T000034,L002662.2018.RH3,"O titular fica sujeito, de acordo com o Decreto-Lei n.º 97/2008, de 11 de junho, na sua redação atual, ao pagamento da Taxa de Recursos Hídricos (TRH) calculada de acordo com a seguinte fórmula: TRH = E + O, em que E – descarga de efluentes e O – ocupação do domínio público hídrico do Estado, se aplicável.",,
TUA20220922002190,T000035,L002662.2018.RH3,"A presente licença pode ser revista ou revogada nos casos previstos nos artigos 28.º e 32.º do Decreto-Lei n.º 226-A/2007, de 31 de maio.",,
TUA20220922002190,T000036,L002662.2018.RH3,"O titular obriga-se a cumprir o disposto na presente licença, em todas as leis e regulamentos vigentes, na parte em que lhe for aplicável, bem como outras normas ou regulamentos que venham a ser posteriormente aprovados e a entrar em vigor, quer as suas disposições se harmonizem ou não com os direitos e obrigações que à presente licença sejam aplicáveis.",,
TUA20220922002190,T000037,L002662.2018.RH3,"Sem prejuízo das sanções aplicáveis, sempre que o registo atualizado dos valores do autocontrolo, referido em T000026, não seja reportado com a frequência trimestral ou até ao dia quinze (15) de janeiro do ano seguinte ao que diz respeito a taxa de recursos hídricos, a componente E será calculada tendo por base as características do efluente bruto estabelecidas no projeto de execução da ETAR ou incluídas na presente licença.",,
TUA20220922002190,T000038,L002662.2018.RH3,"O pagamento da taxa de recursos hídricos devida é efetuado no ano seguinte àquele a que a taxa respeite até ao termo disposto na Nota de Liquidação respetiva e deve ser feito de acordo com o previsto no número 4 do artigo 16.º do Decreto-Lei n.º 97/2008, de 11 de junho, na sua redação atual.",,
TUA20220922002190,T000039,L002662.2018.RH3,"A falta de pagamento atempado fica sujeito a juros de mora à taxa legal em vigor, conforme dispõe o número 5 do artigo 16.º do Decreto-Lei n.º 97/2008, de 11 de junho, na sua redação atual.",,
TUA20220922002190,T000040,L002662.2018.RH3,"A rejeição de águas residuais será exclusivamente realizada no local e nas condições indicadas nesta licença, não estando autorizadas quaisquer outras descargas de efluentes, e não podendo o objeto da presente licença ser alterado sem prévia autorização da Entidade Licenciadora.",,
TUA20220922002190,T000041,L002662.2018.RH3,"O titular deverá respeitar todas as leis e regulamentos aplicáveis e munir-se de quaisquer outras autorizações, licenças e registos legalmente exigíveis.",,
TUA20220922002190,T000042,L002662.2018.RH3,"A Entidade Licenciadora reserva-se o direito de restringir excecionalmente o regime de utilização dos recursos hídricos agora atribuído, nomeadamente na decorrência de secas, cheias e acidentes, nos termos da presente licença e no regime legal aplicável.",,
TUA20220927002236,T000024,L003469.2017.RH3,"Em caso de incumprimento da presente licença, o titular fica sujeito às sanções previstas no Decreto-Lei n.º 226-A/2007, de 31 de maio.",,
TUA20220927002236,T000025,L003469.2017.RH3,A matéria tributável da componente E é determinada com base no programa de autocontrolo a implementar descrito em EXP8.3.16.,,
TUA20220927002236,T000026,L003469.2017.RH3,"As despesas com vistorias extraordinárias inerentes à emissão desta licença, ou as que resultarem de reclamações justificadas, serão suportadas pelo seu titular.",,
TUA20220927002236,T000027,L003469.2017.RH3,"O titular pode, caso se mantenham as condições que determinaram a sua atribuição, solicitar a renovação desta licença, no prazo de 6 meses antes do seu termo.",,
TUA20220927002236,T000028,L003469.2017.RH3,"A licença só poderá ser transmitida mediante autorização da entidade licenciadora de acordo com o disposto no artigo 26º do Decreto-Lei n.º 226-A/2007, de 31 de maio.",,
TUA20220927002236,T000029,L003469.2017.RH3,"Para efeitos de fiscalização ou inspeção, o titular fica obrigado a facultar, às Entidades Competentes, esta licença, bem como o acesso à área, construções e equipamentos a ela associados e aos registos detalhados do controlo da operação do sistema de tratamento.",,
TUA20220927002236,T000030,L003469.2017.RH3,"O titular fica obrigado a informar a Entidade Licenciadora, no prazo máximo de 24 horas, de qualquer acidente ou anomalia ocorrido nas instalações que afete o cumprimento das condições indicadas nesta licença bem como das medidas já implementadas e/ou previstas para correção da situação.",,
TUA20220927002236,T000031,L003469.2017.RH3,"A licença só poderá ser transacionada e temporariamente cedida mediante autorização da Entidade Licenciadora de acordo com o disposto no artigo 27.º do Decreto-Lei n.º 226-A/2007, de 31 de maio.",,
TUA20220927002236,T000032,L003469.2017.RH3,"A licença caduca nas condições previstas no presente título e no artigo 33.º do Decreto-Lei n.º 226-A/2007, de 31 de maio.",,
TUA20220927002236,T000033,L003469.2017.RH3,"O titular fica sujeito, de acordo com o Decreto-Lei n.º 97/2008, de 11 de junho, na sua redação atual, ao pagamento da Taxa de Recursos Hídricos (TRH) calculada de acordo com a seguinte fórmula: TRH = E + O, em que E – descarga de efluentes e O – ocupação do domínio público hídrico do Estado, se aplicável.",,
TUA20220927002236,T000034,L003469.2017.RH3,"A presente licença pode ser revista ou revogada nos casos previstos nos artigos 28.º e 32.º do Decreto-Lei n.º 226-A/2007, de 31 de maio.",,
TUA20220927002236,T000035,L003469.2017.RH3,"O titular obriga-se a cumprir o disposto na presente licença, em todas as leis e regulamentos vigentes, na parte em que lhe for aplicável, bem como outras normas ou regulamentos que venham a ser posteriormente aprovados e a entrar em vigor, quer as suas disposições se harmonizem ou não com os direitos e obrigações que à presente licença sejam aplicáveis.",,
TUA20220927002236,T000036,L003469.2017.RH3,"Sem prejuízo das sanções aplicáveis, sempre que o registo atualizado dos valores do autocontrolo, referido em T000025, não seja reportado com a frequência trimestral ou até ao dia quinze (15) de janeiro do ano seguinte ao que diz respeito a taxa de recursos hídricos, a componente E será calculada tendo por base as características do efluente bruto estabelecidas no projeto de execução da ETAR ou incluídas na presente licença.",,
TUA20220927002236,T000037,L003469.2017.RH3,"O pagamento da taxa de recursos hídricos devida é efetuado no ano seguinte àquele a que a taxa respeite até ao termo disposto na Nota de Liquidação respetiva e deve ser feito de acordo com o previsto no número 4 do artigo 16.º do Decreto-Lei n.º 97/2008, de 11 de junho, na sua redação atual.",,
TUA20220927002236,T000038,L003469.2017.RH3,"A falta de pagamento atempado fica sujeito a juros de mora à taxa legal em vigor, conforme dispõe o número 5 do artigo 16.º do Decreto-Lei n.º 97/2008, de 11 de junho, na sua redação atual.",,
TUA20220927002236,T000039,L003469.2017.RH3,"A rejeição de águas residuais será exclusivamente realizada no local e nas condições indicadas nesta licença, não estando autorizadas quaisquer outras descargas de efluentes, e não podendo o objeto da presente licença ser alterado sem prévia autorização da Entidade Licenciadora.",,
TUA20220927002236,T000040,L003469.2017.RH3,"O titular deverá respeitar todas as leis e regulamentos aplicáveis e munir-se de quaisquer outras autorizações, licenças e registos legalmente exigíveis.",,
TUA20220927002236,T000041,L003469.2017.RH3,"A Entidade Licenciadora reserva-se o direito de restringir excecionalmente o regime de utilização dos recursos hídricos agora atribuído, nomeadamente na decorrência de secas, cheias e acidentes, nos termos da presente licença e no regime legal aplicável.",,
TUA20220930002259,T000024,L002663.2018.RH3,"Em caso de incumprimento da presente licença, o titular fica sujeito às sanções previstas no Decreto-Lei n.º 226-A/2007, de 31 de maio.",,
TUA20220930002259,T000025,L002663.2018.RH3,A matéria tributável da componente E é determinada com base no programa de autocontrolo a implementar descrito em EXP8.3.16.,,
TUA20220930002259,T000026,L002663.2018.RH3,"As despesas com vistorias extraordinárias inerentes à emissão desta licença, ou as que resultarem de reclamações justificadas, serão suportadas pelo seu titular.",,
TUA20220930002259,T000027,L002663.2018.RH3,"O titular pode, caso se mantenham as condições que determinaram a sua atribuição, solicitar a renovação desta licença, no prazo de 6 meses antes do seu termo.",,
TUA20220930002259,T000028,L002663.2018.RH3,"A licença só poderá ser transmitida mediante autorização da entidade licenciadora de acordo com o disposto no artigo 26º do Decreto-Lei n.º 226-A/2007, de 31 de maio.",,
TUA20220930002259,T000029,L002663.2018.RH3,"Para efeitos de fiscalização ou inspeção, o titular fica obrigado a facultar, às Entidades Competentes, esta licença, bem como o acesso à área, construções e equipamentos a ela associados e aos registos detalhados do controlo da operação do sistema de tratamento.",,
TUA20220930002259,T000030,L002663.2018.RH3,"O titular fica obrigado a informar a Entidade Licenciadora, no prazo máximo de 24 horas, de qualquer acidente ou anomalia ocorrido nas instalações que afete o cumprimento das condições indicadas nesta licença bem como das medidas já implementadas e/ou previstas para correção da situação.",,
TUA20220930002259,T000031,L002663.2018.RH3,"A licença só poderá ser transacionada e temporariamente cedida mediante autorização da Entidade Licenciadora de acordo com o disposto no artigo 27.º do Decreto-Lei n.º 226-A/2007, de 31 de maio.",,
TUA20220930002259,T000032,L002663.2018.RH3,"A licença caduca nas condições previstas no presente título e no artigo 33.º do Decreto-Lei n.º 226-A/2007, de 31 de maio.",,
TUA20220930002259,T000033,L002663.2018.RH3,"O titular fica sujeito, de acordo com o Decreto-Lei n.º 97/2008, de 11 de junho, na sua redação atual, ao pagamento da Taxa de Recursos Hídricos (TRH) calculada de acordo com a seguinte fórmula: TRH = E + O, em que E – descarga de efluentes e O – ocupação do domínio público hídrico do Estado, se aplicável.",,
TUA20220930002259,T000034,L002663.2018.RH3,"A presente licença pode ser revista ou revogada nos casos previstos nos artigos 28.º e 32.º do Decreto-Lei n.º 226-A/2007, de 31 de maio.",,
TUA20220930002259,T000035,L002663.2018.RH3,"O titular obriga-se a cumprir o disposto na presente licença, em todas as leis e regulamentos vigentes, na parte em que lhe for aplicável, bem como outras normas ou regulamentos que venham a ser posteriormente aprovados e a entrar em vigor, quer as suas disposições se harmonizem ou não com os direitos e obrigações que à presente licença sejam aplicáveis.",,
TUA20220930002259,T000036,L002663.2018.RH3,"Sem prejuízo das sanções aplicáveis, sempre que o registo atualizado dos valores do autocontrolo, referido em T000025, não seja reportado com a frequência trimestral ou até ao dia quinze (15) de janeiro do ano seguinte ao que diz respeito a taxa de recursos hídricos, a componente E será calculada tendo por base as características do efluente bruto estabelecidas no projeto de execução da ETAR ou incluídas na presente licença.",,
TUA20220930002259,T000037,L002663.2018.RH3,"O pagamento da taxa de recursos hídricos devida é efetuado no ano seguinte àquele a que a taxa respeite até ao termo disposto na Nota de Liquidação respetiva e deve ser feito de acordo com o previsto no número 4 do artigo 16.º do Decreto-Lei n.º 97/2008, de 11 de junho, na sua redação atual.",,
TUA20220930002259,T000038,L002663.2018.RH3,"A falta de pagamento atempado fica sujeito a juros de mora à taxa legal em vigor, conforme dispõe o número 5 do artigo 16.º do Decreto-Lei n.º 97/2008, de 11 de junho, na sua redação atual.",,
TUA20220930002259,T000039,L002663.2018.RH3,"A rejeição de águas residuais será exclusivamente realizada no local e nas condições indicadas nesta licença, não estando autorizadas quaisquer outras descargas de efluentes, e não podendo o objeto da presente licença ser alterado sem prévia autorização da Entidade Licenciadora.",,
TUA20220930002259,T000040,L002663.2018.RH3,"O titular deverá respeitar todas as leis e regulamentos aplicáveis e munir-se de quaisquer outras autorizações, licenças e registos legalmente exigíveis.",,
TUA20220930002259,T000041,L002663.2018.RH3,"A Entidade Licenciadora reserva-se o direito de restringir excecionalmente o regime de utilização dos recursos hídricos agora atribuído, nomeadamente na decorrência de secas, cheias e acidentes, nos termos da presente licença e no regime legal aplicável.",,
TUA20221010002354,T000026,L017862.2017.RH5A,"Em caso de incumprimento da presente licença, o titular fica sujeito às sanções previstas no Decreto-Lei n.º 226-A/2007, de 31 de maio.",,
TUA20221010002354,T000027,L017862.2017.RH5A,A matéria tributável da componente E é determinada com base no Anexo – Programa de autocontrolo a implementar.,,
TUA20221010002354,T000028,L017862.2017.RH5A,"As despesas com vistorias extraordinárias inerentes à emissão desta licença, ou as que resultarem de reclamações justificadas, serão suportadas pelo seu titular.",,
TUA20221010002354,T000029,L017862.2017.RH5A,"O titular pode, caso se mantenham as condições que determinaram a sua atribuição, solicitar a renovação desta licença, no prazo de 6 meses antes do seu termo.",,
TUA20221010002354,T000030,L017862.2017.RH5A,"A licença só poderá ser transmitida mediante autorização da entidade licenciadora de acordo com o disposto no artigo 26º do Decreto-Lei n.º 226-A/2007, de 31 de maio.",,
TUA20221010002354,T000031,L017862.2017.RH5A,"Para efeitos de fiscalização ou inspeção, o titular fica obrigado a facultar, às Entidades Competentes, esta licença, bem como o acesso à área, construções e equipamentos a ela associados e aos registos detalhados do controlo da operação do sistema de tratamento.",,
TUA20221010002354,T000032,L017862.2017.RH5A,"O titular fica obrigado a informar a Entidade Licenciadora, no prazo máximo de 24 horas, de qualquer acidente ou anomalia ocorrido nas instalações que afete o cumprimento das condições indicadas nesta licença bem como das medidas já implementadas e/ou previstas para correção da situação.",,
TUA20221010002354,T000033,L017862.2017.RH5A,"A licença só poderá ser transacionada e temporariamente cedida mediante autorização da Entidade Licenciadora de acordo com o disposto no artigo 27.º do Decreto-Lei n.º 226-A/2007, de 31 de maio.",,
TUA20221010002354,T000034,L017862.2017.RH5A,"A licença caduca nas condições previstas no presente título e no artigo 33.º do Decreto-Lei n.º 226-A/2007, de 31 de maio.",,
TUA20221010002354,T000035,L017862.2017.RH5A,"O titular fica sujeito, de acordo com o Decreto-Lei n.º 97/2008, de 11 de junho, na sua redação atual, ao pagamento da Taxa de Recursos Hídricos (TRH) calculada de acordo com a seguinte fórmula: TRH = E + O, em que E – descarga de efluentes e O – ocupação do domínio público hídrico do Estado, se aplicável.",,
TUA20221010002354,T000036,L017862.2017.RH5A,"A presente licença pode ser revista ou revogada nos casos previstos nos artigos 28.º e 32.º do Decreto-Lei n.º 226-A/2007, de 31 de maio.",,
TUA20221010002354,,,"O titular obriga-se a cumprir o disposto na presente licença, em todas as leis e regulamentos vigentes, na parte em que lhe for aplicável, bem como outras normas ou regulamentos que venham a ser posteriormente aprovados e a entrar em vigor, quer as suas disposições se harmonizem ou não com os",,
TUA20221010002354,Código,Código TURH,Condição,,
TUA20221010002354,T000037,L017862.2017.RH5A,direitos e obrigações que à presente licença sejam aplicáveis.,,
TUA20221010002354,T000038,L017862.2017.RH5A,"Sem prejuízo das sanções aplicáveis, sempre que o registo atualizado dos valores do autocontrolo, referido no ponto 4 que antecede, não seja entregue com a periodicidade definida na Licença, a componente E será calculada tendo por base as características do efluente bruto estabelecidas no projeto de execução da ETAR ou incluídas na presente licença.",,
TUA20221010002354,T000039,L017862.2017.RH5A,As vistorias que sejam realizadas pela Entidade Licenciadora na sequência dos episódios abrangidos no ponto que antecede são suportadas pelo utilizador.,,
TUA20221010002354,T000040,L017862.2017.RH5A,"O pagamento da taxa de recursos hídricos devida é efetuado no ano seguinte àquele a que a taxa respeite até ao termo disposto na Nota de Liquidação respetiva e deve ser feito de acordo com o previsto no número 4 do artigo 16.º do Decreto-Lei n.º 97/2008, de 11 de junho, na sua redação atual.",,
TUA20221010002354,T000041,L017862.2017.RH5A,"A falta de pagamento atempado fica sujeito a juros de mora à taxa legal em vigor, conforme dispõe o número 5 do artigo 16.º do Decreto-Lei n.º 97/2008, de 11 de junho, na sua redação atual.",,
TUA20221010002354,T000042,L017862.2017.RH5A,"A rejeição de águas residuais será exclusivamente realizada no local e nas condições indicadas nesta licença, não estando autorizadas quaisquer outras descargas de efluentes, e não podendo o objeto da presente licença ser alterado sem prévia autorização da Entidade Licenciadora.",,
TUA20221010002354,T000043,L017862.2017.RH5A,"O titular deverá respeitar todas as leis e regulamentos aplicáveis e munir-se de quaisquer outras autorizações, licenças e registos legalmente exigíveis.",,
TUA20221010002354,T000044,L017862.2017.RH5A,"A Entidade Licenciadora reserva-se o direito de restringir excecionalmente o regime de utilização dos recursos hídricos agora atribuído, nomeadamente na decorrência de secas, cheias e acidentes, nos termos da presente licença e no regime legal aplicável.",,
TUA20221010002355,T000030,L017689.2017.RH5A,"Em caso de incumprimento da presente licença, o titular fica sujeito às sanções previstas no Decreto-Lei n.º 226-A/2007, de 31 de maio.",,
TUA20221010002355,T000031,L017689.2017.RH5A,A matéria tributável da componente E é determinada com base no Anexo – Programa de autocontrolo a implementar.,,
TUA20221010002355,T000032,L017689.2017.RH5A,"As despesas com vistorias extraordinárias inerentes à emissão desta licença, ou as que resultarem de reclamações justificadas, serão suportadas pelo seu titular.",,
TUA20221010002355,T000033,L017689.2017.RH5A,"O titular pode, caso se mantenham as condições que determinaram a sua atribuição, solicitar a renovação desta licença, no prazo de 6 meses antes do seu termo.",,
TUA20221010002355,T000034,L017689.2017.RH5A,"A licença só poderá ser transmitida mediante autorização da entidade licenciadora de acordo com o disposto no artigo 26º do Decreto-Lei n.º 226-A/2007, de 31 de maio.",,
TUA20221010002355,T000035,L017689.2017.RH5A,"Para efeitos de fiscalização ou inspeção, o titular fica obrigado a facultar, às Entidades Competentes, esta licença, bem como o acesso à área, construções e equipamentos a ela associados e aos registos detalhados do controlo da operação do sistema de tratamento.",,
TUA20221010002355,T000036,L017689.2017.RH5A,"O titular fica obrigado a informar a Entidade Licenciadora, no prazo máximo de 24 horas, de qualquer acidente ou anomalia ocorrido nas instalações que afete o cumprimento das condições indicadas nesta licença bem como das medidas já implementadas e/ou previstas para correção da situação.",,
TUA20221010002355,T000037,L017689.2017.RH5A,"A licença só poderá ser transacionada e temporariamente cedida mediante autorização da Entidade Licenciadora de acordo com o disposto no artigo 27.º do Decreto-Lei n.º 226-A/2007, de 31 de maio.",,
TUA20221010002355,T000038,L017689.2017.RH5A,"A licença caduca nas condições previstas no presente título e no artigo 33.º do Decreto-Lei n.º 226-A/2007, de 31 de maio.",,
TUA20221010002355,T000039,L017689.2017.RH5A,"O titular fica sujeito, de acordo com o Decreto-Lei n.º 97/2008, de 11 de junho, na sua redação atual, ao pagamento da Taxa de Recursos Hídricos (TRH) calculada de acordo com a seguinte fórmula: TRH = E + O, em que E – descarga de efluentes e O – ocupação do domínio público hídrico do Estado, se aplicável.",,
TUA20221010002355,T000040,L017689.2017.RH5A,"A presente licença pode ser revista ou revogada nos casos previstos nos artigos 28.º e 32.º do Decreto-Lei n.º 226-A/2007, de 31 de maio.",,
TUA20221010002355,T000041,L017689.2017.RH5A,"O titular obriga-se a cumprir o disposto na presente licença, em todas as leis e regulamentos vigentes, na parte em que lhe for aplicável, bem como outras normas ou regulamentos que venham a ser posteriormente aprovados e a entrar em vigor, quer as suas disposições se harmonizem ou não com os direitos e obrigações que à presente licença sejam aplicáveis.",,
TUA20221010002355,T000042,L017689.2017.RH5A,"Sem prejuízo das sanções aplicáveis, sempre que o registo atualizado dos valores do autocontrolo, referido no ponto 4 que antecede, não seja entregue com a periodicidade definida na Licença, a componente E será calculada tendo por base as características do efluente bruto estabelecidas no projeto de execução da ETAR ou incluídas na presente licença.",,
TUA20221010002355,T000043,L017689.2017.RH5A,As vistorias que sejam realizadas pela Entidade Licenciadora na sequência dos episódios abrangidos no ponto que antecede são suportadas pelo utilizador.,,
TUA20221010002355,T000044,L017689.2017.RH5A,"O pagamento da taxa de recursos hídricos devida é efetuado no ano seguinte àquele a que a taxa respeite até ao termo disposto na Nota de Liquidação respetiva e deve ser feito de acordo com o previsto no número 4 do artigo 16.º do Decreto-Lei n.º 97/2008, de 11 de junho, na sua redação atual.",,
TUA20221010002355,T000045,L017689.2017.RH5A,"A falta de pagamento atempado fica sujeito a juros de mora à taxa legal em vigor, conforme dispõe o número 5 do artigo 16.º do Decreto-Lei n.º 97/2008, de 11 de junho, na sua redação atual.",,
TUA20221010002355,T000046,L017689.2017.RH5A,"A rejeição de águas residuais será exclusivamente realizada no local e nas condições indicadas nesta licença, não estando autorizadas quaisquer outras descargas de efluentes, e não podendo o objeto da presente licença ser alterado sem prévia autorização da Entidade Licenciadora.",,
TUA20221010002355,T000047,L017689.2017.RH5A,"O titular deverá respeitar todas as leis e regulamentos aplicáveis e munir-se de quaisquer outras autorizações, licenças e registos legalmente exigíveis.",,
TUA20221010002355,T000048,L017689.2017.RH5A,"A Entidade Licenciadora reserva-se o direito de restringir excecionalmente o regime de utilização dos recursos hídricos agora atribuído, nomeadamente na decorrência de secas, cheias e acidentes, nos termos da presente licença e no regime legal aplicável.",,
TUA20221010002356,T000030,L017985.2022.RH5A,"Em caso de incumprimento da presente licença, o titular fica sujeito às sanções previstas no Decreto-Lei n.º 226-A/2007, de 31 de maio.",,
TUA20221010002356,T000031,L017985.2022.RH5A,A matéria tributável da componente E é determinada com base no Anexo – Programa de autocontrolo a implementar.,,
TUA20221010002356,T000032,L017985.2022.RH5A,"As despesas com vistorias extraordinárias inerentes à emissão desta licença, ou as que resultarem de reclamações justificadas, serão suportadas pelo seu titular.",,
TUA20221010002356,T000033,L017985.2022.RH5A,"O titular pode, caso se mantenham as condições que determinaram a sua atribuição, solicitar a renovação desta licença, no prazo de 6 meses antes do seu termo.",,
TUA20221010002356,T000034,L017985.2022.RH5A,"A licença só poderá ser transmitida mediante autorização da entidade licenciadora de acordo com o disposto no artigo 26º do Decreto-Lei n.º 226-A/2007, de 31 de maio.",,
TUA20221010002356,T000035,L017985.2022.RH5A,"Para efeitos de fiscalização ou inspeção, o titular fica obrigado a facultar, às Entidades Competentes, esta licença, bem como o acesso à área, construções e equipamentos a ela associados e aos registos detalhados do controlo da operação do sistema de tratamento.",,
TUA20221010002356,T000036,L017985.2022.RH5A,"O titular fica obrigado a informar a Entidade Licenciadora, no prazo máximo de 24 horas, de qualquer acidente ou anomalia ocorrido nas instalações que afete o cumprimento das condições indicadas nesta licença bem como das medidas já implementadas e/ou previstas para correção da situação.",,
TUA20221010002356,T000037,L017985.2022.RH5A,"A licença só poderá ser transacionada e temporariamente cedida mediante autorização da Entidade Licenciadora de acordo com o disposto no artigo 27.º do Decreto-Lei n.º 226-A/2007, de 31 de maio.",,
TUA20221010002356,T000038,L017985.2022.RH5A,"A licença caduca nas condições previstas no presente título e no artigo 33.º do Decreto-Lei n.º 226-A/2007, de 31 de maio.",,
TUA20221010002356,T000039,L017985.2022.RH5A,"O titular fica sujeito, de acordo com o Decreto-Lei n.º 97/2008, de 11 de junho, na sua redação atual, ao pagamento da Taxa de Recursos Hídricos (TRH) calculada de acordo com a seguinte fórmula: TRH = E + O, em que E – descarga de efluentes e O – ocupação do domínio público hídrico do Estado, se aplicável.",,
TUA20221010002356,T000040,L017985.2022.RH5A,"A presente licença pode ser revista ou revogada nos casos previstos nos artigos 28.º e 32.º do Decreto-Lei n.º 226-A/2007, de 31 de maio.",,
TUA20221010002356,T000041,L017985.2022.RH5A,"O titular obriga-se a cumprir o disposto na presente licença, em todas as leis e regulamentos vigentes, na parte em que lhe for aplicável, bem como outras normas ou regulamentos que venham a ser posteriormente aprovados e a entrar em vigor, quer as suas disposições se harmonizem ou não com os direitos e obrigações que à presente licença sejam aplicáveis.",,
TUA20221010002356,T000042,L017985.2022.RH5A,"Sem prejuízo das sanções aplicáveis, sempre que o registo atualizado dos valores do autocontrolo, referido no ponto 4 que antecede, não seja entregue com a periodicidade definida na Licença, a componente E será calculada tendo por base as características do efluente bruto estabelecidas no projeto de execução da ETAR ou incluídas na presente licença.",,
TUA20221010002356,T000043,L017985.2022.RH5A,As vistorias que sejam realizadas pela Entidade Licenciadora na sequência dos episódios abrangidos no ponto que antecede são suportadas pelo utilizador.,,
TUA20221010002356,T000044,L017985.2022.RH5A,"O pagamento da taxa de recursos hídricos devida é efetuado no ano seguinte àquele a que a taxa respeite até ao termo disposto na Nota de Liquidação respetiva e deve ser feito de acordo com o previsto no número 4 do artigo 16.º do Decreto-Lei n.º 97/2008, de 11 de junho, na sua redação atual.",,
TUA20221010002356,T000045,L017985.2022.RH5A,"A falta de pagamento atempado fica sujeito a juros de mora à taxa legal em vigor, conforme dispõe o número 5 do artigo 16.º do Decreto-Lei n.º 97/2008, de 11 de junho, na sua redação atual.",,
TUA20221010002356,T000046,L017985.2022.RH5A,"A rejeição de águas residuais será exclusivamente realizada no local e nas condições indicadas nesta licença, não estando autorizadas quaisquer outras descargas de efluentes, e não podendo o objeto da presente licença ser alterado sem prévia autorização da Entidade Licenciadora.",,
TUA20221010002356,T000047,L017985.2022.RH5A,"O titular deverá respeitar todas as leis e regulamentos aplicáveis e munir-se de quaisquer outras autorizações, licenças e registos legalmente exigíveis.",,
TUA20221010002356,T000048,L017985.2022.RH5A,"A Entidade Licenciadora reserva-se o direito de restringir excecionalmente o regime de utilização dos recursos hídricos agora atribuído, nomeadamente na decorrência de secas, cheias e acidentes, nos termos da presente licença e no regime legal aplicável.",,
TUA20221010002358,T000030,L017897.2017.RH5A,"Em caso de incumprimento da presente licença, o titular fica sujeito às sanções previstas no Decreto-Lei n.º 226-A/2007, de 31 de maio.",,
TUA20221010002358,T000031,L017897.2017.RH5A,A matéria tributável da componente E é determinada com base no Anexo – Programa de autocontrolo a implementar.,,
TUA20221010002358,T000032,L017897.2017.RH5A,"As despesas com vistorias extraordinárias inerentes à emissão desta licença, ou as que resultarem de reclamações justificadas, serão suportadas pelo seu titular.",,
TUA20221010002358,T000033,L017897.2017.RH5A,"O titular pode, caso se mantenham as condições que determinaram a sua atribuição, solicitar a renovação desta licença, no prazo de 6 meses antes do seu termo.",,
TUA20221010002358,T000034,L017897.2017.RH5A,"A licença só poderá ser transmitida mediante autorização da entidade licenciadora de acordo com o disposto no artigo 26º do Decreto-Lei n.º 226-A/2007, de 31 de maio.",,
TUA20221010002358,T000035,L017897.2017.RH5A,"Para efeitos de fiscalização ou inspeção, o titular fica obrigado a facultar, às Entidades Competentes, esta licença, bem como o acesso à área, construções e equipamentos a ela associados e aos registos detalhados do controlo da operação do sistema de tratamento.",,
TUA20221010002358,T000036,L017897.2017.RH5A,"O titular fica obrigado a informar a Entidade Licenciadora, no prazo máximo de 24 horas, de qualquer acidente ou anomalia ocorrido nas instalações que afete o cumprimento das condições indicadas nesta licença bem como das medidas já implementadas e/ou previstas para correção da situação.",,
TUA20221010002358,T000037,L017897.2017.RH5A,"A licença só poderá ser transacionada e temporariamente cedida mediante autorização da Entidade Licenciadora de acordo com o disposto no artigo 27.º do Decreto-Lei n.º 226-A/2007, de 31 de maio.",,
TUA20221010002358,T000038,L017897.2017.RH5A,"A licença caduca nas condições previstas no presente título e no artigo 33.º do Decreto-Lei n.º 226-A/2007, de 31 de maio.",,
TUA20221010002358,T000039,L017897.2017.RH5A,"O titular fica sujeito, de acordo com o Decreto-Lei n.º 97/2008, de 11 de junho, na sua redação atual, ao pagamento da Taxa de Recursos Hídricos (TRH) calculada de acordo com a seguinte fórmula: TRH = E + O, em que E – descarga de efluentes e O – ocupação do domínio público hídrico do Estado, se aplicável.",,
TUA20221010002358,T000040,L017897.2017.RH5A,"A presente licença pode ser revista ou revogada nos casos previstos nos artigos 28.º e 32.º do Decreto-Lei n.º 226-A/2007, de 31 de maio.",,
TUA20221010002358,T000041,L017897.2017.RH5A,"O titular obriga-se a cumprir o disposto na presente licença, em todas as leis e regulamentos vigentes, na parte em que lhe for aplicável, bem como outras normas ou regulamentos que venham a ser posteriormente aprovados e a entrar em vigor, quer as suas disposições se harmonizem ou não com os direitos e obrigações que à presente licença sejam aplicáveis.",,
TUA20221010002358,Código,Código TURH,Condição,,
TUA20221010002358,T000042,L017897.2017.RH5A,"Sem prejuízo das sanções aplicáveis, sempre que o registo atualizado dos valores do autocontrolo, referido no ponto 4 que antecede, não seja entregue com a periodicidade definida na Licença, a componente E será calculada tendo por base as características do efluente bruto estabelecidas no projeto de execução da ETAR ou incluídas na presente licença.",,
TUA20221010002358,T000043,L017897.2017.RH5A,As vistorias que sejam realizadas pela Entidade Licenciadora na sequência dos episódios abrangidos no ponto que antecede são suportadas pelo utilizador.,,
TUA20221010002358,T000044,L017897.2017.RH5A,"O pagamento da taxa de recursos hídricos devida é efetuado no ano seguinte àquele a que a taxa respeite até ao termo disposto na Nota de Liquidação respetiva e deve ser feito de acordo com o previsto no número 4 do artigo 16.º do Decreto-Lei n.º 97/2008, de 11 de junho, na sua redação atual.",,
TUA20221010002358,T000045,L017897.2017.RH5A,"A falta de pagamento atempado fica sujeito a juros de mora à taxa legal em vigor, conforme dispõe o número 5 do artigo 16.º do Decreto-Lei n.º 97/2008, de 11 de junho, na sua redação atual.",,
TUA20221010002358,T000046,L017897.2017.RH5A,"A rejeição de águas residuais será exclusivamente realizada no local e nas condições indicadas nesta licença, não estando autorizadas quaisquer outras descargas de efluentes, e não podendo o objeto da presente licença ser alterado sem prévia autorização da Entidade Licenciadora.",,
TUA20221010002358,T000047,L017897.2017.RH5A,"O titular deverá respeitar todas as leis e regulamentos aplicáveis e munir-se de quaisquer outras autorizações, licenças e registos legalmente exigíveis.",,
TUA20221010002358,T000048,L017897.2017.RH5A,"A Entidade Licenciadora reserva-se o direito de restringir excecionalmente o regime de utilização dos recursos hídricos agora atribuído, nomeadamente na decorrência de secas, cheias e acidentes, nos termos da presente licença e no regime legal aplicável.",,
TUA20221010002359,T000025,L016800.2022.RH5A,"Em caso de incumprimento da presente licença, o titular fica sujeito às sanções previstas no Decreto-Lei n.º 226-A/2007, de 31 de maio.",,
TUA20221010002359,T000026,L016800.2022.RH5A,A matéria tributável da componente E é determinada com base no Anexo – Programa de autocontrolo a implementar.,,
TUA20221010002359,T000027,L016800.2022.RH5A,"As despesas com vistorias extraordinárias inerentes à emissão desta licença, ou as que resultarem de reclamações justificadas, serão suportadas pelo seu titular.",,
TUA20221010002359,T000028,L016800.2022.RH5A,"O titular pode, caso se mantenham as condições que determinaram a sua atribuição, solicitar a renovação desta licença, no prazo de 6 meses antes do seu termo.",,
TUA20221010002359,T000029,L016800.2022.RH5A,"A licença só poderá ser transmitida mediante autorização da entidade licenciadora de acordo com o disposto no artigo 26º do Decreto-Lei n.º 226-A/2007, de 31 de maio.",,
TUA20221010002359,T000030,L016800.2022.RH5A,"Para efeitos de fiscalização ou inspeção, o titular fica obrigado a facultar, às Entidades Competentes, esta licença, bem como o acesso à área, construções e equipamentos a ela associados e aos registos detalhados do controlo da operação do sistema de tratamento.",,
TUA20221010002359,T000031,L016800.2022.RH5A,"O titular fica obrigado a informar a Entidade Licenciadora, no prazo máximo de 24 horas, de qualquer acidente ou anomalia ocorrido nas instalações que afete o cumprimento das condições indicadas nesta licença bem como das medidas já implementadas e/ou previstas para correção da situação.",,
TUA20221010002359,T000032,L016800.2022.RH5A,"A licença só poderá ser transacionada e temporariamente cedida mediante autorização da Entidade Licenciadora de acordo com o disposto no artigo 27.º do Decreto-Lei n.º 226-A/2007, de 31 de maio.",,
TUA20221010002359,T000033,L016800.2022.RH5A,"A licença caduca nas condições previstas no presente título e no artigo 33.º do Decreto-Lei n.º 226-A/2007, de 31 de maio.",,
TUA20221010002359,T000034,L016800.2022.RH5A,"O titular fica sujeito, de acordo com o Decreto-Lei n.º 97/2008, de 11 de junho, na sua redação atual, ao pagamento da Taxa de Recursos Hídricos (TRH) calculada de acordo com a seguinte fórmula: TRH = E + O, em que E – descarga de efluentes e O – ocupação do domínio público hídrico do Estado, se aplicável.",,
TUA20221010002359,T000035,L016800.2022.RH5A,"A presente licença pode ser revista ou revogada nos casos previstos nos artigos 28.º e 32.º do Decreto-Lei n.º 226-A/2007, de 31 de maio.",,
TUA20221010002359,,,"O titular obriga-se a cumprir o disposto na presente licença, em todas as leis e regulamentos vigentes, na parte em que lhe for aplicável, bem como outras",,
TUA20221010002359,Código,Código TURH,Condição,,
TUA20221010002359,T000036,L016800.2022.RH5A,"normas ou regulamentos que venham a ser posteriormente aprovados e a entrar em vigor, quer as suas disposições se harmonizem ou não com os direitos e obrigações que à presente licença sejam aplicáveis.",,
TUA20221010002359,T000037,L016800.2022.RH5A,"Sem prejuízo das sanções aplicáveis, sempre que o registo atualizado dos valores do autocontrolo, referido no ponto 4 que antecede, não seja entregue com a periodicidade definida na Licença, a componente E será calculada tendo por base as características do efluente bruto estabelecidas no projeto de execução da ETAR ou incluídas na presente licença.",,
TUA20221010002359,T000038,L016800.2022.RH5A,As vistorias que sejam realizadas pela Entidade Licenciadora na sequência dos episódios abrangidos no ponto que antecede são suportadas pelo utilizador.,,
TUA20221010002359,T000039,L016800.2022.RH5A,"O pagamento da taxa de recursos hídricos devida é efetuado no ano seguinte àquele a que a taxa respeite até ao termo disposto na Nota de Liquidação respetiva e deve ser feito de acordo com o previsto no número 4 do artigo 16.º do Decreto-Lei n.º 97/2008, de 11 de junho, na sua redação atual.",,
TUA20221010002359,T000040,L016800.2022.RH5A,"A falta de pagamento atempado fica sujeito a juros de mora à taxa legal em vigor, conforme dispõe o número 5 do artigo 16.º do Decreto-Lei n.º 97/2008, de 11 de junho, na sua redação atual.",,
TUA20221010002359,T000041,L016800.2022.RH5A,"A rejeição de águas residuais será exclusivamente realizada no local e nas condições indicadas nesta licença, não estando autorizadas quaisquer outras descargas de efluentes, e não podendo o objeto da presente licença ser alterado sem prévia autorização da Entidade Licenciadora.",,
TUA20221010002359,T000042,L016800.2022.RH5A,"O titular deverá respeitar todas as leis e regulamentos aplicáveis e munir-se de quaisquer outras autorizações, licenças e registos legalmente exigíveis.",,
TUA20221010002359,T000043,L016800.2022.RH5A,"A Entidade Licenciadora reserva-se o direito de restringir excecionalmente o regime de utilização dos recursos hídricos agora atribuído, nomeadamente na decorrência de secas, cheias e acidentes, nos termos da presente licença e no regime legal aplicável.",,
TUA20221017002426,T000031,L018800.2022.RH5A,"Em caso de incumprimento da presente licença, o titular fica sujeito às sanções previstas no Decreto-Lei n.º 226-A/2007, de 31 de maio.",,
TUA20221017002426,T000032,L018800.2022.RH5A,A matéria tributável da componente E é determinada com base no Anexo – Programa de autocontrolo a implementar.,,
TUA20221017002426,T000033,L018800.2022.RH5A,"As despesas com vistorias extraordinárias inerentes à emissão desta licença, ou as que resultarem de reclamações justificadas, serão suportadas pelo seu titular.",,
TUA20221017002426,T000034,L018800.2022.RH5A,"O titular pode, caso se mantenham as condições que determinaram a sua atribuição, solicitar a renovação desta licença, no prazo de 6 meses antes do seu termo.",,
TUA20221017002426,T000035,L018800.2022.RH5A,"A licença só poderá ser transmitida mediante autorização da entidade licenciadora de acordo com o disposto no artigo 26º do Decreto-Lei n.º 226-A/2007, de 31 de maio.",,
TUA20221017002426,T000036,L018800.2022.RH5A,"Para efeitos de fiscalização ou inspeção, o titular fica obrigado a facultar, às Entidades Competentes, esta licença, bem como o acesso à área, construções e equipamentos a ela associados e aos registos detalhados do controlo da operação do sistema de tratamento.",,
TUA20221017002426,T000037,L018800.2022.RH5A,"O titular fica obrigado a informar a Entidade Licenciadora, no prazo máximo de 24 horas, de qualquer acidente ou anomalia ocorrido nas instalações que afete o cumprimento das condições indicadas nesta licença bem como das medidas já implementadas e/ou previstas para correção da situação.",,
TUA20221017002426,T000038,L018800.2022.RH5A,"A licença só poderá ser transacionada e temporariamente cedida mediante autorização da Entidade Licenciadora de acordo com o disposto no artigo 27.º do Decreto-Lei n.º 226-A/2007, de 31 de maio.",,
TUA20221017002426,T000039,L018800.2022.RH5A,"A licença caduca nas condições previstas no presente título e no artigo 33.º do Decreto-Lei n.º 226-A/2007, de 31 de maio.",,
TUA20221017002426,T000040,L018800.2022.RH5A,"O titular fica sujeito, de acordo com o Decreto-Lei n.º 97/2008, de 11 de junho, na sua redação atual, ao pagamento da Taxa de Recursos Hídricos (TRH) calculada de acordo com a seguinte fórmula: TRH = E + O, em que E – descarga de efluentes e O – ocupação do domínio público hídrico do Estado, se aplicável.",,
TUA20221017002426,T000041,L018800.2022.RH5A,"A presente licença pode ser revista ou revogada nos casos previstos nos artigos 28.º e 32.º do Decreto-Lei n.º 226-A/2007, de 31 de maio.",,
TUA20221017002426,T000042,L018800.2022.RH5A,"O titular obriga-se a cumprir o disposto na presente licença, em todas as leis e regulamentos vigentes, na parte em que lhe for aplicável, bem como outras normas ou regulamentos que venham a ser posteriormente aprovados e a entrar em vigor, quer as suas disposições se harmonizem ou não com os direitos e obrigações que à presente licença sejam aplicáveis.",,
TUA20221017002426,T000043,L018800.2022.RH5A,"Sem prejuízo das sanções aplicáveis, sempre que o registo atualizado dos valores do autocontrolo, referido no ponto 4 que antecede, não seja entregue com a periodicidade definida na Licença, a componente E será calculada tendo por base as características do efluente bruto estabelecidas no projeto de execução da ETAR ou incluídas na presente licença.",,
TUA20221017002426,T000044,L018800.2022.RH5A,As vistorias que sejam realizadas pela Entidade Licenciadora na sequência dos episódios abrangidos no ponto que antecede são suportadas pelo utilizador.,,
TUA20221017002426,T000045,L018800.2022.RH5A,"O pagamento da taxa de recursos hídricos devida é efetuado no ano seguinte àquele a que a taxa respeite até ao termo disposto na Nota de Liquidação respetiva e deve ser feito de acordo com o previsto no número 4 do artigo 16.º do Decreto-Lei n.º 97/2008, de 11 de junho, na sua redação atual.",,
TUA20221017002426,T000046,L018800.2022.RH5A,"A falta de pagamento atempado fica sujeito a juros de mora à taxa legal em vigor, conforme dispõe o número 5 do artigo 16.º do Decreto-Lei n.º 97/2008, de 11 de junho, na sua redação atual.",,
TUA20221017002426,T000047,L018800.2022.RH5A,"A rejeição de águas residuais será exclusivamente realizada no local e nas condições indicadas nesta licença, não estando autorizadas quaisquer outras descargas de efluentes, e não podendo o objeto da presente licença ser alterado sem prévia autorização da Entidade Licenciadora.",,
TUA20221017002426,T000048,L018800.2022.RH5A,"O titular deverá respeitar todas as leis e regulamentos aplicáveis e munir-se de quaisquer outras autorizações, licenças e registos legalmente exigíveis.",,
TUA20221017002426,T000049,L018800.2022.RH5A,"A Entidade Licenciadora reserva-se o direito de restringir excecionalmente o regime de utilização dos recursos hídricos agora atribuído, nomeadamente na decorrência de secas, cheias e acidentes, nos termos da presente licença e no regime legal aplicável.",,
TUA20221017002427,T000031,L017875.2017.RH5A,"Em caso de incumprimento da presente licença, o titular fica sujeito às sanções previstas no Decreto-Lei n.º 226-A/2007, de 31 de maio.",,
TUA20221017002427,T000032,L017875.2017.RH5A,A matéria tributável da componente E é determinada com base no Anexo – Programa de autocontrolo a implementar.,,
TUA20221017002427,T000033,L017875.2017.RH5A,"As despesas com vistorias extraordinárias inerentes à emissão desta licença, ou as que resultarem de reclamações justificadas, serão suportadas pelo seu titular.",,
TUA20221017002427,T000034,L017875.2017.RH5A,"O titular pode, caso se mantenham as condições que determinaram a sua atribuição, solicitar a renovação desta licença, no prazo de 6 meses antes do seu termo.",,
TUA20221017002427,T000035,L017875.2017.RH5A,"A licença só poderá ser transmitida mediante autorização da entidade licenciadora de acordo com o disposto no artigo 26º do Decreto-Lei n.º 226-A/2007, de 31 de maio.",,
TUA20221017002427,T000036,L017875.2017.RH5A,"Para efeitos de fiscalização ou inspeção, o titular fica obrigado a facultar, às Entidades Competentes, esta licença, bem como o acesso à área, construções e equipamentos a ela associados e aos registos detalhados do controlo da operação do sistema de tratamento.",,
TUA20221017002427,Código,Código TURH,Condição,,
TUA20221017002427,T000037,L017875.2017.RH5A,"O titular fica obrigado a informar a Entidade Licenciadora, no prazo máximo de 24 horas, de qualquer acidente ou anomalia ocorrido nas instalações que afete o cumprimento das condições indicadas nesta licença bem como das medidas já implementadas e/ou previstas para correção da situação.",,
TUA20221017002427,T000038,L017875.2017.RH5A,"A licença só poderá ser transacionada e temporariamente cedida mediante autorização da Entidade Licenciadora de acordo com o disposto no artigo 27.º do Decreto-Lei n.º 226-A/2007, de 31 de maio.",,
TUA20221017002427,T000039,L017875.2017.RH5A,"A licença caduca nas condições previstas no presente título e no artigo 33.º do Decreto-Lei n.º 226-A/2007, de 31 de maio.",,
TUA20221017002427,T000040,L017875.2017.RH5A,"O titular fica sujeito, de acordo com o Decreto-Lei n.º 97/2008, de 11 de junho, na sua redação atual, ao pagamento da Taxa de Recursos Hídricos (TRH) calculada de acordo com a seguinte fórmula: TRH = E + O, em que E – descarga de efluentes e O – ocupação do domínio público hídrico do Estado, se aplicável.",,
TUA20221017002427,T000041,L017875.2017.RH5A,"A presente licença pode ser revista ou revogada nos casos previstos nos artigos 28.º e 32.º do Decreto-Lei n.º 226-A/2007, de 31 de maio.",,
TUA20221017002427,T000042,L017875.2017.RH5A,"O titular obriga-se a cumprir o disposto na presente licença, em todas as leis e regulamentos vigentes, na parte em que lhe for aplicável, bem como outras normas ou regulamentos que venham a ser posteriormente aprovados e a entrar em vigor, quer as suas disposições se harmonizem ou não com os direitos e obrigações que à presente licença sejam aplicáveis.",,
TUA20221017002427,T000043,L017875.2017.RH5A,"Sem prejuízo das sanções aplicáveis, sempre que o registo atualizado dos valores do autocontrolo, referido no ponto 4 que antecede, não seja entregue com a periodicidade definida na Licença, a componente E será calculada tendo por base as características do efluente bruto estabelecidas no projeto de execução da ETAR ou incluídas na presente licença.",,
TUA20221017002427,T000044,L017875.2017.RH5A,As vistorias que sejam realizadas pela Entidade Licenciadora na sequência dos episódios abrangidos no ponto que antecede são suportadas pelo utilizador.,,
TUA20221017002427,T000045,L017875.2017.RH5A,"O pagamento da taxa de recursos hídricos devida é efetuado no ano seguinte àquele a que a taxa respeite até ao termo disposto na Nota de Liquidação respetiva e deve ser feito de acordo com o previsto no número 4 do artigo 16.º do Decreto-Lei n.º 97/2008, de 11 de junho, na sua redação atual.",,
TUA20221017002427,T000046,L017875.2017.RH5A,"A falta de pagamento atempado fica sujeito a juros de mora à taxa legal em vigor, conforme dispõe o número 5 do artigo 16.º do Decreto-Lei n.º 97/2008, de 11 de junho, na sua redação atual.",,
TUA20221017002427,T000047,L017875.2017.RH5A,"A rejeição de águas residuais será exclusivamente realizada no local e nas condições indicadas nesta licença, não estando autorizadas quaisquer outras descargas de efluentes, e não podendo o objeto da presente licença ser alterado sem prévia autorização da Entidade Licenciadora.",,
TUA20221017002427,T000048,L017875.2017.RH5A,"O titular deverá respeitar todas as leis e regulamentos aplicáveis e munir-se de quaisquer outras autorizações, licenças e registos legalmente exigíveis.",,
TUA20221017002427,T000049,L017875.2017.RH5A,"A Entidade Licenciadora reserva-se o direito de restringir excecionalmente o regime de utilização dos recursos hídricos agora atribuído, nomeadamente na decorrência de secas, cheias e acidentes, nos termos da presente licença e no regime legal aplicável.",,
TUA20230116000179,T000020,L025479.2023.RH5A.V1,"Em caso de incumprimento da presente licença, o titular fica sujeito às sanções previstas no Decreto-Lei n.º 226-A/2007, de 31 de maio.",,
TUA20230116000179,T000021,L025479.2023.RH5A.V1,A matéria tributável da componente E é determinada com base no Anexo – Programa de autocontrolo a implementar.,,
TUA20230116000179,T000022,L025479.2023.RH5A.V1,"As despesas com vistorias extraordinárias inerentes à emissão desta licença, ou as que resultarem de reclamações justificadas, serão suportadas pelo seu titular.",,
TUA20230116000179,T000022,RH5A.V1,titular.,,
TUA20230116000179,,L025479.2023.,"O titular pode, caso se mantenham as condições que determinaram a sua atribuição, solicitar a renovação desta licença, no prazo de 6 meses antes do",,
TUA20230116000179,Código,Código TURH,Condição,,
TUA20230116000179,T000023,RH5A.V1,seu termo.,,
TUA20230116000179,T000024,L025479.2023.RH5A.V1,"A licença só poderá ser transmitida mediante autorização da entidade licenciadora de acordo com o disposto no artigo 26º do Decreto-Lei n.º 226-A/2007, de 31 de maio.",,
TUA20230116000179,T000025,L025479.2023.RH5A.V1,"Para efeitos de fiscalização ou inspeção, o titular fica obrigado a facultar, às Entidades Competentes, esta licença, bem como o acesso à área, construções e equipamentos a ela associados e aos registos detalhados do controlo da operação do sistema de tratamento.",,
TUA20230116000179,T000026,L025479.2023.RH5A.V1,"O titular fica obrigado a informar a Entidade Licenciadora, no prazo máximo de 24 horas, de qualquer acidente ou anomalia ocorrido nas instalações que afete o cumprimento das condições indicadas nesta licença bem como das medidas já implementadas e/ou previstas para correção da situação.",,
TUA20230116000179,T000027,L025479.2023.RH5A.V1,"A licença só poderá ser transacionada e temporariamente cedida mediante autorização da Entidade Licenciadora de acordo com o disposto no artigo 27.º do Decreto-Lei n.º 226-A/2007, de 31 de maio.",,
TUA20230116000179,T000028,L025479.2023.RH5A.V1,"A licença caduca nas condições previstas no presente título e no artigo 33.º do Decreto-Lei n.º 226-A/2007, de 31 de maio.",,
TUA20230116000179,T000029,L025479.2023.RH5A.V1,"O titular fica sujeito, de acordo com o Decreto-Lei n.º 97/2008, de 11 de junho, na sua redação atual, ao pagamento da Taxa de Recursos Hídricos (TRH) calculada de acordo com a seguinte fórmula: TRH = E + O, em que E – descarga de efluentes e O – ocupação do domínio público hídrico do Estado, se aplicável.",,
TUA20230116000179,T000030,L025479.2023.RH5A.V1,"A presente licença pode ser revista ou revogada nos casos previstos nos artigos 28.º e 32.º do Decreto-Lei n.º 226-A/2007, de 31 de maio.",,
TUA20230116000179,T000031,L025479.2023.RH5A.V1,"O titular obriga-se a cumprir o disposto na presente licença, em todas as leis e regulamentos vigentes, na parte em que lhe for aplicável, bem como outras normas ou regulamentos que venham a ser posteriormente aprovados e a entrar em vigor, quer as suas disposições se harmonizem ou não com os direitos e obrigações que à presente licença sejam aplicáveis.",,
TUA20230116000179,T000032,L025479.2023.RH5A.V1,"Sem prejuízo das sanções aplicáveis, sempre que o registo atualizado dos valores do autocontrolo, referido no ponto 4 que antecede, não seja entregue com a periodicidade definida na Licença, a componente E será calculada tendo por base as características do efluente bruto estabelecidas no projeto de execução da ETAR ou incluídas na presente licença.",,
TUA20230116000179,T000033,L025479.2023.RH5A.V1,As vistorias que sejam realizadas pela Entidade Licenciadora na sequência dos episódios abrangidos no ponto que antecede são suportadas pelo utilizador.,,
TUA20230116000179,T000034,L025479.2023.RH5A.V1,"O pagamento da taxa de recursos hídricos devida é efetuado no ano seguinte àquele a que a taxa respeite até ao termo disposto na Nota de Liquidação respetiva e deve ser feito de acordo com o previsto no número 4 do artigo 16.º do Decreto-Lei n.º 97/2008, de 11 de junho, na sua redação atual.",,
TUA20230116000179,T000035,L025479.2023.RH5A.V1,"A falta de pagamento atempado fica sujeito a juros de mora à taxa legal em vigor, conforme dispõe o número 5 do artigo 16.º do Decreto-Lei n.º 97/2008, de 11 de junho, na sua redação atual.",,
TUA20230116000179,T000036,L025479.2023.RH5A.V1,"A rejeição de águas residuais será exclusivamente realizada no local e nas condições indicadas nesta licença, não estando autorizadas quaisquer outras descargas de efluentes, e não podendo o objeto da presente licença ser alterado sem prévia autorização da Entidade Licenciadora.",,
TUA20230116000179,T000037,L025479.2023.RH5A.V1,"O titular deverá respeitar todas as leis e regulamentos aplicáveis e munir-se de quaisquer outras autorizações, licenças e registos legalmente exigíveis.",,
TUA20230116000179,T000038,L025479.2023.RH5A.V1,"A Entidade Licenciadora reserva-se o direito de restringir excecionalmente o regime de utilização dos recursos hídricos agora atribuído, nomeadamente na decorrência de secas, cheias e acidentes, nos termos da presente licença e no regime legal aplicável.",,
TUA20230116000180,T000026,L025473.2023.RH5A.V1,"Em caso de incumprimento da presente licença, o titular fica sujeito às sanções previstas no Decreto-Lei n.º 226-A/2007, de 31 de maio.",,
TUA20230116000180,T000027,L025473.2023.RH5A.V1,A matéria tributável da componente E é determinada com base no Anexo – Programa de autocontrolo a implementar.,,
TUA20230116000180,T000028,L025473.2023.RH5A.V1,"As despesas com vistorias extraordinárias inerentes à emissão desta licença, ou as que resultarem de reclamações justificadas, serão suportadas pelo seu titular.",,
TUA20230116000180,T000029,L025473.2023.RH5A.V1,"O titular pode, caso se mantenham as condições que determinaram a sua atribuição, solicitar a renovação desta licença, no prazo de 6 meses antes do seu termo.",,
TUA20230116000180,T000030,L025473.2023.RH5A.V1,"A licença só poderá ser transmitida mediante autorização da entidade licenciadora de acordo com o disposto no artigo 26º do Decreto-Lei n.º 226-A/2007, de 31 de maio.",,
TUA20230116000180,T000031,L025473.2023.RH5A.V1,"Para efeitos de fiscalização ou inspeção, o titular fica obrigado a facultar, às Entidades Competentes, esta licença, bem como o acesso à área, construções e equipamentos a ela associados e aos registos detalhados do controlo da operação do sistema de tratamento.",,
TUA20230116000180,T000032,L025473.2023.RH5A.V1,"O titular fica obrigado a informar a Entidade Licenciadora, no prazo máximo de 24 horas, de qualquer acidente ou anomalia ocorrido nas instalações que afete o cumprimento das condições indicadas nesta licença bem como das medidas já implementadas e/ou previstas para correção da situação.",,
TUA20230116000180,T000033,L025473.2023.RH5A.V1,"A licença só poderá ser transacionada e temporariamente cedida mediante autorização da Entidade Licenciadora de acordo com o disposto no artigo 27.º do Decreto-Lei n.º 226-A/2007, de 31 de maio.",,
TUA20230116000180,T000034,L025473.2023.RH5A.V1,"A licença caduca nas condições previstas no presente título e no artigo 33.º do Decreto-Lei n.º 226-A/2007, de 31 de maio.",,
TUA20230116000180,T000035,L025473.2023.RH5A.V1,"O titular fica sujeito, de acordo com o Decreto-Lei n.º 97/2008, de 11 de junho, na sua redação atual, ao pagamento da Taxa de Recursos Hídricos (TRH) calculada de acordo com a seguinte fórmula: TRH = E + O, em que E – descarga de efluentes e O – ocupação do domínio público hídrico do Estado, se aplicável.",,
TUA20230116000180,T000036,L025473.2023.RH5A.V1,"A presente licença pode ser revista ou revogada nos casos previstos nos artigos 28.º e 32.º do Decreto-Lei n.º 226-A/2007, de 31 de maio.",,
TUA20230116000180,T000037,L025473.2023.RH5A.V1,"O titular obriga-se a cumprir o disposto na presente licença, em todas as leis e regulamentos vigentes, na parte em que lhe for aplicável, bem como outras normas ou regulamentos que venham a ser posteriormente aprovados e a entrar em vigor, quer as suas disposições se harmonizem ou não com os direitos e obrigações que à presente licença sejam aplicáveis.",,
TUA20230116000180,T000038,L025473.2023.RH5A.V1,"Sem prejuízo das sanções aplicáveis, sempre que o registo atualizado dos valores do autocontrolo, referido no ponto 4 que antecede, não seja entregue com a periodicidade definida na Licença, a componente E será calculada tendo por base as características do efluente bruto estabelecidas no projeto de execução da ETAR ou incluídas na presente licença.",,
TUA20230116000180,T000039,L025473.2023.RH5A.V1,As vistorias que sejam realizadas pela Entidade Licenciadora na sequência dos episódios abrangidos no ponto que antecede são suportadas pelo utilizador.,,
TUA20230116000180,T000040,L025473.2023.RH5A.V1,"O pagamento da taxa de recursos hídricos devida é efetuado no ano seguinte àquele a que a taxa respeite até ao termo disposto na Nota de Liquidação respetiva e deve ser feito de acordo com o previsto no número 4 do artigo 16.º do Decreto-Lei n.º 97/2008, de 11 de junho, na sua redação atual.",,
TUA20230116000180,T000041,L025473.2023.RH5A.V1,"A falta de pagamento atempado fica sujeito a juros de mora à taxa legal em vigor, conforme dispõe o número 5 do artigo 16.º do Decreto-Lei n.º 97/2008, de 11 de junho, na sua redação atual.",,
TUA20230116000180,Código,Código TURH,Condição,,
TUA20230116000180,T000042,L025473.2023.RH5A.V1,"A rejeição de águas residuais será exclusivamente realizada no local e nas condições indicadas nesta licença, não estando autorizadas quaisquer outras descargas de efluentes, e não podendo o objeto da presente licença ser alterado sem prévia autorização da Entidade Licenciadora.",,
TUA20230116000180,T000043,L025473.2023.RH5A.V1,"O titular deverá respeitar todas as leis e regulamentos aplicáveis e munir-se de quaisquer outras autorizações, licenças e registos legalmente exigíveis.",,
TUA20230116000180,T000044,L025473.2023.RH5A.V1,"A Entidade Licenciadora reserva-se o direito de restringir excecionalmente o regime de utilização dos recursos hídricos agora atribuído, nomeadamente na decorrência de secas, cheias e acidentes, nos termos da presente licença e no regime legal aplicável.",,
TUA20230117000197,T000037,L001739.2013.RH5-T1.V1,"Em caso de incumprimento da presente licença, o titular fica sujeito às sanções previstas no Decreto-Lei n.º 226-A/2007, de 31 de maio.",,
TUA20230117000197,T000038,L001739.2013.RH5-T1.V1,A matéria tributável da componente E é determinada com base no Anexo – Programa de autocontrolo a implementar.,,
TUA20230117000197,T000039,L001739.2013.RH5-T1.V1,"As despesas com vistorias extraordinárias inerentes à emissão desta licença, ou as que resultarem de reclamações justificadas, serão suportadas pelo seu titular.",,
TUA20230117000197,T000040,L001739.2013.RH5-T1.V1,"O titular pode, caso se mantenham as condições que determinaram a sua atribuição, solicitar a renovação desta licença, no prazo de 6 meses antes do seu termo.",,
TUA20230117000197,T000041,L001739.2013.RH5-T1.V1,"A licença só poderá ser transmitida mediante autorização da entidade licenciadora de acordo com o disposto no artigo 26º do Decreto-Lei n.º 226-A/2007, de 31 de maio.",,
TUA20230117000197,T000042,L001739.2013.RH5-T1.V1,"Para efeitos de fiscalização ou inspeção, o titular fica obrigado a facultar, às Entidades Competentes, esta licença, bem como o acesso à área, construções e equipamentos a ela associados e aos registos detalhados do controlo da operação do sistema de tratamento.",,
TUA20230117000197,T000043,L001739.2013.RH5-T1.V1,"O titular fica obrigado a informar a Entidade Licenciadora, no prazo máximo de 24 horas, de qualquer acidente ou anomalia ocorrido nas instalações que afete o cumprimento das condições indicadas nesta licença bem como das medidas já implementadas e/ou previstas para correção da situação.",,
TUA20230117000197,T000044,L001739.2013.RH5-T1.V1,"A licença só poderá ser transacionada e temporariamente cedida mediante autorização da Entidade Licenciadora de acordo com o disposto no artigo 27.º do Decreto-Lei n.º 226-A/2007, de 31 de maio.",,
TUA20230117000197,T000045,L001739.2013.RH5-T1.V1,"A licença caduca nas condições previstas no presente título e no artigo 33.º do Decreto-Lei n.º 226-A/2007, de 31 de maio.",,
TUA20230117000197,T000046,L001739.2013.RH5-T1.V1,"O titular fica sujeito, de acordo com o Decreto-Lei n.º 97/2008, de 11 de junho, na sua redação atual, ao pagamento da Taxa de Recursos Hídricos (TRH) calculada de acordo com a seguinte fórmula: TRH = E + O, em que E – descarga de efluentes e O – ocupação do domínio público hídrico do Estado, se aplicável.",,
TUA20230117000197,T000047,L001739.2013.RH5-T1.V1,"A presente licença pode ser revista ou revogada nos casos previstos nos artigos 28.º e 32.º do Decreto-Lei n.º 226-A/2007, de 31 de maio.",,
TUA20230117000197,T000048,L001739.2013.RH5-T1.V1,"O titular obriga-se a cumprir o disposto na presente licença, em todas as leis e regulamentos vigentes, na parte em que lhe for aplicável, bem como outras normas ou regulamentos que venham a ser posteriormente aprovados e a entrar em vigor, quer as suas disposições se harmonizem ou não com os direitos e obrigações que à presente licença sejam aplicáveis.",,
TUA20230117000197,T000049,L001739.2013.RH5-T1.V1,"Sem prejuízo das sanções aplicáveis, sempre que o registo atualizado dos valores do autocontrolo, referido no ponto 4 que antecede, não seja entregue com a periodicidade definida na Licença, a componente E será calculada tendo por base as características do efluente bruto estabelecidas no projeto de execução da ETAR ou incluídas na presente licença.",,
TUA20230117000197,T000050,L001739.2013.RH5-T1.V1,As vistorias que sejam realizadas pela Entidade Licenciadora na sequência dos episódios abrangidos no ponto que antecede são suportadas pelo utilizador.,,
TUA20230117000197,T000051,L001739.2013.RH5-T1.V1,"O pagamento da taxa de recursos hídricos devida é efetuado no ano seguinte àquele a que a taxa respeite até ao termo disposto na Nota de Liquidação respetiva e deve ser feito de acordo com o previsto no número 4 do artigo 16.º do Decreto-Lei n.º 97/2008, de 11 de junho, na sua redação atual.",,
TUA20230117000197,T000052,L001739.2013.RH5-,"A falta de pagamento atempado fica sujeito a juros de mora à taxa legal em vigor, conforme dispõe o número 5 do artigo 16.º do Decreto-Lei n.º 97/2008,",,
TUA20230117000197,Código,Código TURH,Condição,,
TUA20230117000197,,T1.V1,"de 11 de junho, na sua redação atual.",,
TUA20230117000197,T000053,L001739.2013.RH5-T1.V1,"A rejeição de águas residuais será exclusivamente realizada no local e nas condições indicadas nesta licença, não estando autorizadas quaisquer outras descargas de efluentes, e não podendo o objeto da presente licença ser alterado sem prévia autorização da Entidade Licenciadora.",,
TUA20230117000197,T000054,L001739.2013.RH5-T1.V1,"O titular deverá respeitar todas as leis e regulamentos aplicáveis e munir-se de quaisquer outras autorizações, licenças e registos legalmente exigíveis.",,
TUA20230117000197,T000055,L001739.2013.RH5-T1.V1,"A Entidade Licenciadora reserva-se o direito de restringir excecionalmente o regime de utilização dos recursos hídricos agora atribuído, nomeadamente na decorrência de secas, cheias e acidentes, nos termos da presente licença e no regime legal aplicável.",,
TUA20230125000254,T000027,L009134.2018.RH3.V1,"Em caso de incumprimento da presente licença, o titular fica sujeito às sanções previstas no Decreto-Lei n.º 226-A/2007, de 31 de maio.",,
TUA20230125000254,T000028,L009134.2018.RH3.V1,A matéria tributável da componente E é determinada com base no programa de autocontrolo a implementar descrito em EXP8.3.16.,,
TUA20230125000254,T000029,L009134.2018.RH3.V1,"As despesas com vistorias extraordinárias inerentes à emissão desta licença, ou as que resultarem de reclamações justificadas, serão suportadas pelo seu titular.",,
TUA20230125000254,T000030,L009134.2018.RH3.V1,"O titular pode, caso se mantenham as condições que determinaram a sua atribuição, solicitar a renovação desta licença, no prazo de 6 meses antes do seu termo.",,
TUA20230125000254,T000031,L009134.2018.RH3.V1,"A licença só poderá ser transmitida mediante autorização da entidade licenciadora de acordo com o disposto no artigo 26º do Decreto-Lei n.º 226-A/2007, de 31 de maio.",,
TUA20230125000254,T000032,L009134.2018.RH3.V1,"Para efeitos de fiscalização ou inspeção, o titular fica obrigado a facultar, às Entidades Competentes, esta licença, bem como o acesso à área, construções e equipamentos a ela associados e aos registos detalhados do controlo da operação do sistema de tratamento.",,
TUA20230125000254,T000033,L009134.2018.RH3.V1,"O titular fica obrigado a informar a Entidade Licenciadora, no prazo máximo de 24 horas, de qualquer acidente ou anomalia ocorrido nas instalações que afete o cumprimento das condições indicadas nesta licença bem como das medidas já implementadas e/ou previstas para correção da situação.",,
TUA20230125000254,T000034,L009134.2018.RH3.V1,"A licença só poderá ser transacionada e temporariamente cedida mediante autorização da Entidade Licenciadora de acordo com o disposto no artigo 27.º do Decreto-Lei n.º 226-A/2007, de 31 de maio.",,
TUA20230125000254,T000035,L009134.2018.RH3.V1,"A licença caduca nas condições previstas no presente título e no artigo 33.º do Decreto-Lei n.º 226-A/2007, de 31 de maio.",,
TUA20230125000254,T000036,L009134.2018.RH3.V1,"O titular fica sujeito, de acordo com o Decreto-Lei n.º 97/2008, de 11 de junho, na sua redação atual, ao pagamento da Taxa de Recursos Hídricos (TRH) calculada de acordo com a seguinte fórmula: TRH = E + O, em que E – descarga de efluentes e O – ocupação do domínio público hídrico do Estado, se aplicável.",,
TUA20230125000254,T000037,L009134.2018.RH3.V1,"A presente licença pode ser revista ou revogada nos casos previstos nos artigos 28.º e 32.º do Decreto-Lei n.º 226-A/2007, de 31 de maio.",,
TUA20230125000254,T000038,L009134.2018.RH3.V1,"O titular obriga-se a cumprir o disposto na presente licença, em todas as leis e regulamentos vigentes, na parte em que lhe for aplicável, bem como outras normas ou regulamentos que venham a ser posteriormente aprovados e a entrar em vigor, quer as suas disposições se harmonizem ou não com os direitos e obrigações que à presente licença sejam aplicáveis.",,
TUA20230125000254,T000039,L009134.2018.RH3.V1,"Sem prejuízo das sanções aplicáveis, sempre que o registo atualizado dos valores do autocontrolo, referido em T000028, não seja reportado com a frequência trimestral ou até ao dia quinze (15) de janeiro do ano seguinte ao que diz respeito a taxa de recursos hídricos, a componente E será calculada tendo por base as características do efluente bruto estabelecidas no projeto de execução da ETAR ou incluídas na presente licença.",,
TUA20230125000254,T000040,L009134.2018.RH3.V1,"O pagamento da taxa de recursos hídricos devida é efetuado no ano seguinte àquele a que a taxa respeite até ao termo disposto na Nota de Liquidação respetiva e deve ser feito de acordo com o previsto no número 4 do artigo 16.º do Decreto-Lei n.º 97/2008, de 11 de junho, na sua redação atual.",,
TUA20230125000254,T000041,L009134.2018.RH3.V1,"A falta de pagamento atempado fica sujeito a juros de mora à taxa legal em vigor, conforme dispõe o número 5 do artigo 16.º do Decreto-Lei n.º 97/2008, de 11 de junho, na sua redação atual.",,
TUA20230125000254,T000042,L009134.2018.RH3.V1,"A rejeição de águas residuais será exclusivamente realizada no local e nas condições indicadas nesta licença, não estando autorizadas quaisquer outras descargas de efluentes, e não podendo o objeto da presente licença ser alterado sem prévia autorização da Entidade Licenciadora.",,
TUA20230125000254,T000043,L009134.2018.RH3.V1,"O titular deverá respeitar todas as leis e regulamentos aplicáveis e munir-se de quaisquer outras autorizações, licenças e registos legalmente exigíveis.",,
TUA20230125000254,T000044,L009134.2018.RH3.V1,"A Entidade Licenciadora reserva-se o direito de restringir excecionalmente o regime de utilização dos recursos hídricos agora atribuído, nomeadamente na decorrência de secas, cheias e acidentes, nos termos da presente licença e no regime legal aplicável.",,
TUA20230125000271,T000037,L009128.2018.RH3.V1,"Em caso de incumprimento da presente licença, o titular fica sujeito às sanções previstas no Decreto-Lei n.º 226-A/2007, de 31 de maio.",,
TUA20230125000271,T000038,L009128.2018.RH3.V1,A matéria tributável da componente E é determinada com base no programa de autocontrolo a implementar descrito em EXP8.3.16.,,
TUA20230125000271,T000039,L009128.2018.RH3.V1,"As despesas com vistorias extraordinárias inerentes à emissão desta licença, ou as que resultarem de reclamações justificadas, serão suportadas pelo seu titular.",,
TUA20230125000271,T000040,L009128.2018.RH3.V1,"O titular pode, caso se mantenham as condições que determinaram a sua atribuição, solicitar a renovação desta licença, no prazo de 6 meses antes do seu termo.",,
TUA20230125000271,T000041,L009128.2018.RH3.V1,"A licença só poderá ser transmitida mediante autorização da entidade licenciadora de acordo com o disposto no artigo 26º do Decreto-Lei n.º 226-A/2007, de 31 de maio.",,
TUA20230125000271,T000042,L009128.2018.RH3.V1,"Para efeitos de fiscalização ou inspeção, o titular fica obrigado a facultar, às Entidades Competentes, esta licença, bem como o acesso à área, construções e equipamentos a ela associados e aos registos detalhados do controlo da operação do sistema de tratamento.",,
TUA20230125000271,T000043,L009128.2018.RH3.V1,"O titular fica obrigado a informar a Entidade Licenciadora, no prazo máximo de 24 horas, de qualquer acidente ou anomalia ocorrido nas instalações que afete o cumprimento das condições indicadas nesta licença bem como das medidas já implementadas e/ou previstas para correção da situação.",,
TUA20230125000271,T000044,L009128.2018.RH3.V1,"A licença só poderá ser transacionada e temporariamente cedida mediante autorização da Entidade Licenciadora de acordo com o disposto no artigo 27.º do Decreto-Lei n.º 226-A/2007, de 31 de maio.",,
TUA20230125000271,T000045,L009128.2018.RH3.V1,"A licença caduca nas condições previstas no presente título e no artigo 33.º do Decreto-Lei n.º 226-A/2007, de 31 de maio.",,
TUA20230125000271,T000046,L009128.2018.RH3.V1,"O titular fica sujeito, de acordo com o Decreto-Lei n.º 97/2008, de 11 de junho, na sua redação atual, ao pagamento da Taxa de Recursos Hídricos (TRH) calculada de acordo com a seguinte fórmula: TRH = E + O, em que E – descarga de efluentes e O – ocupação do domínio público hídrico do Estado, se aplicável.",,
TUA20230125000271,T000047,L009128.2018.RH3.V1,"A presente licença pode ser revista ou revogada nos casos previstos nos artigos 28.º e 32.º do Decreto-Lei n.º 226-A/2007, de 31 de maio.",,
TUA20230125000271,T000048,L009128.2018.RH3.V1,"O titular obriga-se a cumprir o disposto na presente licença, em todas as leis e regulamentos vigentes, na parte em que lhe for aplicável, bem como outras normas ou regulamentos que venham a ser posteriormente aprovados e a entrar em vigor, quer as suas disposições se harmonizem ou não com os direitos e obrigações que à presente licença sejam aplicáveis.",,
TUA20230125000271,T000049,L009128.2018.RH3.V1,"Sem prejuízo das sanções aplicáveis, sempre que o registo atualizado dos valores do autocontrolo, referido em T000038, não seja reportado com a frequência trimestral ou até ao dia quinze (15) de janeiro do ano seguinte ao que diz respeito a taxa de recursos hídricos, a componente E será calculada tendo por base as características do efluente bruto estabelecidas no projeto de execução da ETAR ou incluídas na presente licença.",,
TUA20230125000271,T000050,L009128.2018.RH3.V1,"O pagamento da taxa de recursos hídricos devida é efetuado no ano seguinte àquele a que a taxa respeite até ao termo disposto na Nota de Liquidação respetiva e deve ser feito de acordo com o previsto no número 4 do artigo 16.º do Decreto-Lei n.º 97/2008, de 11 de junho, na sua redação atual.",,
TUA20230125000271,T000051,L009128.2018.RH3.V1,"A falta de pagamento atempado fica sujeito a juros de mora à taxa legal em vigor, conforme dispõe o número 5 do artigo 16.º do Decreto-Lei n.º 97/2008, de 11 de junho, na sua redação atual.",,
TUA20230125000271,T000052,L009128.2018.RH3.V1,"A rejeição de águas residuais será exclusivamente realizada no local e nas condições indicadas nesta licença, não estando autorizadas quaisquer outras descargas de efluentes, e não podendo o objeto da presente licença ser alterado sem prévia autorização da Entidade Licenciadora.",,
TUA20230125000271,T000053,L009128.2018.RH3.V1,"O titular deverá respeitar todas as leis e regulamentos aplicáveis e munir-se de quaisquer outras autorizações, licenças e registos legalmente exigíveis.",,
TUA20230125000271,T000054,L009128.2018.RH3.V1,"A Entidade Licenciadora reserva-se o direito de restringir excecionalmente o regime de utilização dos recursos hídricos agora atribuído, nomeadamente na decorrência de secas, cheias e acidentes, nos termos da presente licença e no regime legal aplicável.",,
TUA20230125000272,T000025,L009112.2018.RH3.V1,"Em caso de incumprimento da presente licença, o titular fica sujeito às sanções previstas no Decreto-Lei n.º 226-A/2007, de 31 de maio.",,
TUA20230125000272,T000026,L009112.2018.RH3.V1,A matéria tributável da componente E é determinada com base no programa de autocontrolo a implementar descrito em EXP8.3.16.,,
TUA20230125000272,T000027,L009112.2018.RH3.V1,"As despesas com vistorias extraordinárias inerentes à emissão desta licença, ou as que resultarem de reclamações justificadas, serão suportadas pelo seu titular.",,
TUA20230125000272,T000028,L009112.2018.RH3.V1,"O titular pode, caso se mantenham as condições que determinaram a sua atribuição, solicitar a renovação desta licença, no prazo de 6 meses antes do seu termo.",,
TUA20230125000272,T000029,L009112.2018.RH3.V1,"A licença só poderá ser transmitida mediante autorização da entidade licenciadora de acordo com o disposto no artigo 26º do Decreto-Lei n.º 226-A/2007, de 31 de maio.",,
TUA20230125000272,T000030,L009112.2018.RH3.V1,"Para efeitos de fiscalização ou inspeção, o titular fica obrigado a facultar, às Entidades Competentes, esta licença, bem como o acesso à área, construções e equipamentos a ela associados e aos registos detalhados do controlo da operação do sistema de tratamento.",,
TUA20230125000272,T000031,L009112.2018.RH3.V1,"O titular fica obrigado a informar a Entidade Licenciadora, no prazo máximo de 24 horas, de qualquer acidente ou anomalia ocorrido nas instalações que afete o cumprimento das condições indicadas nesta licença bem como das medidas já implementadas e/ou previstas para correção da situação.",,
TUA20230125000272,T000032,L009112.2018.RH3.V1,"A licença só poderá ser transacionada e temporariamente cedida mediante autorização da Entidade Licenciadora de acordo com o disposto no artigo 27.º do Decreto-Lei n.º 226-A/2007, de 31 de maio.",,
TUA20230125000272,T000033,L009112.2018.RH3.V1,"A licença caduca nas condições previstas no presente título e no artigo 33.º do Decreto-Lei n.º 226-A/2007, de 31 de maio.",,
TUA20230125000272,T000034,L009112.2018.RH3.V1,"O titular fica sujeito, de acordo com o Decreto-Lei n.º 97/2008, de 11 de junho, na sua redação atual, ao pagamento da Taxa de Recursos Hídricos (TRH) calculada de acordo com a seguinte fórmula: TRH = E + O, em que E – descarga de efluentes e O – ocupação do domínio público hídrico do Estado, se aplicável.",,
TUA20230125000272,T000035,L009112.2018.RH3.V1,"A presente licença pode ser revista ou revogada nos casos previstos nos artigos 28.º e 32.º do Decreto-Lei n.º 226-A/2007, de 31 de maio.",,
TUA20230125000272,T000036,L009112.2018.RH3.V1,"O titular obriga-se a cumprir o disposto na presente licença, em todas as leis e regulamentos vigentes, na parte em que lhe for aplicável, bem como outras normas ou regulamentos que venham a ser posteriormente aprovados e a entrar em vigor, quer as suas disposições se harmonizem ou não com os direitos e obrigações que à presente licença sejam aplicáveis.",,
TUA20230125000272,T000037,L009112.2018.RH3.V1,"Sem prejuízo das sanções aplicáveis, sempre que o registo atualizado dos valores do autocontrolo, referido em T000026, não seja reportado com a frequência trimestral ou até ao dia quinze (15) de janeiro do ano seguinte ao que diz respeito a taxa de recursos hídricos, a componente E será calculada tendo por base as características do efluente bruto estabelecidas no projeto de execução da ETAR ou incluídas na presente licença.",,
TUA20230125000272,T000038,L009112.2018.RH3.V1,"O pagamento da taxa de recursos hídricos devida é efetuado no ano seguinte àquele a que a taxa respeite até ao termo disposto na Nota de Liquidação respetiva e deve ser feito de acordo com o previsto no número 4 do artigo 16.º do Decreto-Lei n.º 97/2008, de 11 de junho, na sua redação atual.",,
TUA20230125000272,T000039,L009112.2018.RH3.V1,"A falta de pagamento atempado fica sujeito a juros de mora à taxa legal em vigor, conforme dispõe o número 5 do artigo 16.º do Decreto-Lei n.º 97/2008, de 11 de junho, na sua redação atual.",,
TUA20230125000272,T000040,L009112.2018.RH3.V1,"A rejeição de águas residuais será exclusivamente realizada no local e nas condições indicadas nesta licença, não estando autorizadas quaisquer outras descargas de efluentes, e não podendo o objeto da presente licença ser alterado sem prévia autorização da Entidade Licenciadora.",,
TUA20230125000272,T000041,L009112.2018.RH3.V1,"O titular deverá respeitar todas as leis e regulamentos aplicáveis e munir-se de quaisquer outras autorizações, licenças e registos legalmente exigíveis.",,
TUA20230125000272,T000042,L009112.2018.RH3.V1,"A Entidade Licenciadora reserva-se o direito de restringir excecionalmente o regime de utilização dos recursos hídricos agora atribuído, nomeadamente na decorrência de secas, cheias e acidentes, nos termos da presente licença e no regime legal aplicável.",,
TUA20230130000331,T000028,L026674.2023.RH5A.V1,"Em caso de incumprimento da presente licença, o titular fica sujeito às sanções previstas no Decreto-Lei n.º 226-A/2007, de 31 de maio.",,
TUA20230130000331,T000029,L026674.2023.RH5A.V1,A matéria tributável da componente E é determinada com base no Anexo – Programa de autocontrolo a implementar.,,
TUA20230130000331,T000030,L026674.2023.RH5A.V1,"As despesas com vistorias extraordinárias inerentes à emissão desta licença, ou as que resultarem de reclamações justificadas, serão suportadas pelo seu titular.",,
TUA20230130000331,T000031,L026674.2023.RH5A.V1,"O titular pode, caso se mantenham as condições que determinaram a sua atribuição, solicitar a renovação desta licença, no prazo de 6 meses antes do seu termo.",,
TUA20230130000331,T000032,L026674.2023.RH5A.V1,"A licença só poderá ser transmitida mediante autorização da entidade licenciadora de acordo com o disposto no artigo 26º do Decreto-Lei n.º 226-A/2007, de 31 de maio.",,
TUA20230130000331,T000033,L026674.2023.RH5A.V1,"Para efeitos de fiscalização ou inspeção, o titular fica obrigado a facultar, às Entidades Competentes, esta licença, bem como o acesso à área, construções e equipamentos a ela associados e aos registos detalhados do controlo da operação do sistema de tratamento.",,
TUA20230130000331,T000034,L026674.2023.RH5A.V1,"O titular fica obrigado a informar a Entidade Licenciadora, no prazo máximo de 24 horas, de qualquer acidente ou anomalia ocorrido nas instalações que afete o cumprimento das condições indicadas nesta licença bem como das medidas já implementadas e/ou previstas para correção da situação.",,
TUA20230130000331,T000035,L026674.2023.RH5A.V1,"A licença só poderá ser transacionada e temporariamente cedida mediante autorização da Entidade Licenciadora de acordo com o disposto no artigo 27.º do Decreto-Lei n.º 226-A/2007, de 31 de maio.",,
TUA20230130000331,T000036,L026674.2023.RH5A.V1,"A licença caduca nas condições previstas no presente título e no artigo 33.º do Decreto-Lei n.º 226-A/2007, de 31 de maio.",,
TUA20230130000331,T000037,L026674.2023.RH5A.V1,"O titular fica sujeito, de acordo com o Decreto-Lei n.º 97/2008, de 11 de junho, na sua redação atual, ao pagamento da Taxa de Recursos Hídricos (TRH) calculada de acordo com a seguinte fórmula: TRH = E + O, em que E – descarga de efluentes e O – ocupação do domínio público hídrico do Estado, se aplicável.",,
TUA20230130000331,T000038,L026674.2023.RH5A.V1,"A presente licença pode ser revista ou revogada nos casos previstos nos artigos 28.º e 32.º do Decreto-Lei n.º 226-A/2007, de 31 de maio.",,
TUA20230130000331,T000039,L026674.2023.RH5A.V1,"O titular obriga-se a cumprir o disposto na presente licença, em todas as leis e regulamentos vigentes, na parte em que lhe for aplicável, bem como outras normas ou regulamentos que venham a ser posteriormente aprovados e a entrar em vigor, quer as suas disposições se harmonizem ou não com os direitos e obrigações que à presente licença sejam aplicáveis.",,
TUA20230130000331,T000040,L026674.2023.RH5A.V1,"Sem prejuízo das sanções aplicáveis, sempre que o registo atualizado dos valores do autocontrolo, referido no ponto 4 que antecede, não seja entregue com a periodicidade definida na Licença, a componente E será calculada tendo por base as características do efluente bruto estabelecidas no projeto de execução da ETAR ou incluídas na presente licença.",,
TUA20230130000331,T000041,L026674.2023.RH5A.V1,As vistorias que sejam realizadas pela Entidade Licenciadora na sequência dos episódios abrangidos no ponto que antecede são suportadas pelo utilizador.,,
TUA20230130000331,T000042,L026674.2023.RH5A.V1,"O pagamento da taxa de recursos hídricos devida é efetuado no ano seguinte àquele a que a taxa respeite até ao termo disposto na Nota de Liquidação respetiva e deve ser feito de acordo com o previsto no número 4 do artigo 16.º do Decreto-Lei n.º 97/2008, de 11 de junho, na sua redação atual.",,
TUA20230130000331,T000043,L026674.2023.RH5A.V1,"A falta de pagamento atempado fica sujeito a juros de mora à taxa legal em vigor, conforme dispõe o número 5 do artigo 16.º do Decreto-Lei n.º 97/2008, de 11 de junho, na sua redação atual.",,
TUA20230130000331,Código,Código TURH,Condição,,
TUA20230130000331,T000044,L026674.2023.RH5A.V1,"A rejeição de águas residuais será exclusivamente realizada no local e nas condições indicadas nesta licença, não estando autorizadas quaisquer outras descargas de efluentes, e não podendo o objeto da presente licença ser alterado sem prévia autorização da Entidade Licenciadora.",,
TUA20230130000331,T000045,L026674.2023.RH5A.V1,"O titular deverá respeitar todas as leis e regulamentos aplicáveis e munir-se de quaisquer outras autorizações, licenças e registos legalmente exigíveis.",,
TUA20230130000331,T000046,L026674.2023.RH5A.V1,"A Entidade Licenciadora reserva-se o direito de restringir excecionalmente o regime de utilização dos recursos hídricos agora atribuído, nomeadamente na decorrência de secas, cheias e acidentes, nos termos da presente licença e no regime legal aplicável.",,
TUA20230130000332,T000028,L026655.2023.RH5A.V1,"Em caso de incumprimento da presente licença, o titular fica sujeito às sanções previstas no Decreto-Lei n.º 226-A/2007, de 31 de maio.",,
TUA20230130000332,T000029,L026655.2023.RH5A.V1,A matéria tributável da componente E é determinada com base no Anexo – Programa de autocontrolo a implementar.,,
TUA20230130000332,T000030,L026655.2023.RH5A.V1,"As despesas com vistorias extraordinárias inerentes à emissão desta licença, ou as que resultarem de reclamações justificadas, serão suportadas pelo seu titular.",,
TUA20230130000332,T000031,L026655.2023.RH5A.V1,"O titular pode, caso se mantenham as condições que determinaram a sua atribuição, solicitar a renovação desta licença, no prazo de 6 meses antes do seu termo.",,
TUA20230130000332,T000032,L026655.2023.RH5A.V1,"A licença só poderá ser transmitida mediante autorização da entidade licenciadora de acordo com o disposto no artigo 26º do Decreto-Lei n.º 226-A/2007, de 31 de maio.",,
TUA20230130000332,T000033,L026655.2023.RH5A.V1,"Para efeitos de fiscalização ou inspeção, o titular fica obrigado a facultar, às Entidades Competentes, esta licença, bem como o acesso à área, construções e equipamentos a ela associados e aos registos detalhados do controlo da operação do sistema de tratamento.",,
TUA20230130000332,T000034,L026655.2023.RH5A.V1,"O titular fica obrigado a informar a Entidade Licenciadora, no prazo máximo de 24 horas, de qualquer acidente ou anomalia ocorrido nas instalações que afete o cumprimento das condições indicadas nesta licença bem como das medidas já implementadas e/ou previstas para correção da situação.",,
TUA20230130000332,T000035,L026655.2023.RH5A.V1,"A licença só poderá ser transacionada e temporariamente cedida mediante autorização da Entidade Licenciadora de acordo com o disposto no artigo 27.º do Decreto-Lei n.º 226-A/2007, de 31 de maio.",,
TUA20230130000332,T000036,L026655.2023.RH5A.V1,"A licença caduca nas condições previstas no presente título e no artigo 33.º do Decreto-Lei n.º 226-A/2007, de 31 de maio.",,
TUA20230130000332,T000037,L026655.2023.RH5A.V1,"O titular fica sujeito, de acordo com o Decreto-Lei n.º 97/2008, de 11 de junho, na sua redação atual, ao pagamento da Taxa de Recursos Hídricos (TRH) calculada de acordo com a seguinte fórmula: TRH = E + O, em que E – descarga de efluentes e O – ocupação do domínio público hídrico do Estado, se aplicável.",,
TUA20230130000332,T000038,L026655.2023.RH5A.V1,"A presente licença pode ser revista ou revogada nos casos previstos nos artigos 28.º e 32.º do Decreto-Lei n.º 226-A/2007, de 31 de maio.",,
TUA20230130000332,T000039,L026655.2023.RH5A.V1,"O titular obriga-se a cumprir o disposto na presente licença, em todas as leis e regulamentos vigentes, na parte em que lhe for aplicável, bem como outras normas ou regulamentos que venham a ser posteriormente aprovados e a entrar em vigor, quer as suas disposições se harmonizem ou não com os direitos e obrigações que à presente licença sejam aplicáveis.",,
TUA20230130000332,T000040,L026655.2023.RH5A.V1,"Sem prejuízo das sanções aplicáveis, sempre que o registo atualizado dos valores do autocontrolo, referido no ponto 4 que antecede, não seja entregue com a periodicidade definida na Licença, a componente E será calculada tendo por base as características do efluente bruto estabelecidas no projeto de execução da ETAR ou incluídas na presente licença.",,
TUA20230130000332,T000041,L026655.2023.RH5A.V1,As vistorias que sejam realizadas pela Entidade Licenciadora na sequência dos episódios abrangidos no ponto que antecede são suportadas pelo utilizador.,,
TUA20230130000332,T000042,L026655.2023.RH5A.V1,"O pagamento da taxa de recursos hídricos devida é efetuado no ano seguinte àquele a que a taxa respeite até ao termo disposto na Nota de Liquidação respetiva e deve ser feito de acordo com o previsto no número 4 do artigo 16.º do Decreto-Lei n.º 97/2008, de 11 de junho, na sua redação atual.",,
TUA20230130000332,T000043,L026655.2023.RH5A.V1,"A falta de pagamento atempado fica sujeito a juros de mora à taxa legal em vigor, conforme dispõe o número 5 do artigo 16.º do Decreto-Lei n.º 97/2008, de 11 de junho, na sua redação atual.",,
TUA20230130000332,Código,Código TURH,Condição,,
TUA20230130000332,T000044,L026655.2023.RH5A.V1,"A rejeição de águas residuais será exclusivamente realizada no local e nas condições indicadas nesta licença, não estando autorizadas quaisquer outras descargas de efluentes, e não podendo o objeto da presente licença ser alterado sem prévia autorização da Entidade Licenciadora.",,
TUA20230130000332,T000045,L026655.2023.RH5A.V1,"O titular deverá respeitar todas as leis e regulamentos aplicáveis e munir-se de quaisquer outras autorizações, licenças e registos legalmente exigíveis.",,
TUA20230130000332,T000046,L026655.2023.RH5A.V1,"A Entidade Licenciadora reserva-se o direito de restringir excecionalmente o regime de utilização dos recursos hídricos agora atribuído, nomeadamente na decorrência de secas, cheias e acidentes, nos termos da presente licença e no regime legal aplicável.",,
TUA20230130000333,T000028,L026342.2023.RH5A.V1,"Em caso de incumprimento da presente licença, o titular fica sujeito às sanções previstas no Decreto-Lei n.º 226-A/2007, de 31 de maio.",,
TUA20230130000333,T000029,L026342.2023.RH5A.V1,A matéria tributável da componente E é determinada com base no Anexo – Programa de autocontrolo a implementar.,,
TUA20230130000333,T000030,L026342.2023.RH5A.V1,"As despesas com vistorias extraordinárias inerentes à emissão desta licença, ou as que resultarem de reclamações justificadas, serão suportadas pelo seu titular.",,
TUA20230130000333,T000031,L026342.2023.RH5A.V1,"O titular pode, caso se mantenham as condições que determinaram a sua atribuição, solicitar a renovação desta licença, no prazo de 6 meses antes do seu termo.",,
TUA20230130000333,T000032,L026342.2023.RH5A.V1,"A licença só poderá ser transmitida mediante autorização da entidade licenciadora de acordo com o disposto no artigo 26º do Decreto-Lei n.º 226-A/2007, de 31 de maio.",,
TUA20230130000333,T000033,L026342.2023.RH5A.V1,"Para efeitos de fiscalização ou inspeção, o titular fica obrigado a facultar, às Entidades Competentes, esta licença, bem como o acesso à área, construções e equipamentos a ela associados e aos registos detalhados do controlo da operação do sistema de tratamento.",,
TUA20230130000333,T000034,L026342.2023.RH5A.V1,"O titular fica obrigado a informar a Entidade Licenciadora, no prazo máximo de 24 horas, de qualquer acidente ou anomalia ocorrido nas instalações que afete o cumprimento das condições indicadas nesta licença bem como das medidas já implementadas e/ou previstas para correção da situação.",,
TUA20230130000333,T000035,L026342.2023.RH5A.V1,"A licença só poderá ser transacionada e temporariamente cedida mediante autorização da Entidade Licenciadora de acordo com o disposto no artigo 27.º do Decreto-Lei n.º 226-A/2007, de 31 de maio.",,
TUA20230130000333,T000036,L026342.2023.RH5A.V1,"A licença caduca nas condições previstas no presente título e no artigo 33.º do Decreto-Lei n.º 226-A/2007, de 31 de maio.",,
TUA20230130000333,T000037,L026342.2023.RH5A.V1,"O titular fica sujeito, de acordo com o Decreto-Lei n.º 97/2008, de 11 de junho, na sua redação atual, ao pagamento da Taxa de Recursos Hídricos (TRH) calculada de acordo com a seguinte fórmula: TRH = E + O, em que E – descarga de efluentes e O – ocupação do domínio público hídrico do Estado, se aplicável.",,
TUA20230130000333,T000038,L026342.2023.RH5A.V1,"A presente licença pode ser revista ou revogada nos casos previstos nos artigos 28.º e 32.º do Decreto-Lei n.º 226-A/2007, de 31 de maio.",,
TUA20230130000333,T000039,L026342.2023.RH5A.V1,"O titular obriga-se a cumprir o disposto na presente licença, em todas as leis e regulamentos vigentes, na parte em que lhe for aplicável, bem como outras normas ou regulamentos que venham a ser posteriormente aprovados e a entrar em vigor, quer as suas disposições se harmonizem ou não com os direitos e obrigações que à presente licença sejam aplicáveis.",,
TUA20230130000333,T000040,L026342.2023.RH5A.V1,"Sem prejuízo das sanções aplicáveis, sempre que o registo atualizado dos valores do autocontrolo, referido no ponto 4 que antecede, não seja entregue com a periodicidade definida na Licença, a componente E será calculada tendo por base as características do efluente bruto estabelecidas no projeto de execução da ETAR ou incluídas na presente licença.",,
TUA20230130000333,T000041,L026342.2023.RH5A.V1,As vistorias que sejam realizadas pela Entidade Licenciadora na sequência dos episódios abrangidos no ponto que antecede são suportadas pelo utilizador.,,
TUA20230130000333,T000042,L026342.2023.RH5A.V1,"O pagamento da taxa de recursos hídricos devida é efetuado no ano seguinte àquele a que a taxa respeite até ao termo disposto na Nota de Liquidação respetiva e deve ser feito de acordo com o previsto no número 4 do artigo 16.º do Decreto-Lei n.º 97/2008, de 11 de junho, na sua redação atual.",,
TUA20230130000333,T000043,L026342.2023.RH5A.V1,"A falta de pagamento atempado fica sujeito a juros de mora à taxa legal em vigor, conforme dispõe o número 5 do artigo 16.º do Decreto-Lei n.º 97/2008, de 11 de junho, na sua redação atual.",,
TUA20230130000333,Código,Código TURH,Condição,,
TUA20230130000333,T000044,L026342.2023.RH5A.V1,"A rejeição de águas residuais será exclusivamente realizada no local e nas condições indicadas nesta licença, não estando autorizadas quaisquer outras descargas de efluentes, e não podendo o objeto da presente licença ser alterado sem prévia autorização da Entidade Licenciadora.",,
TUA20230130000333,T000045,L026342.2023.RH5A.V1,"O titular deverá respeitar todas as leis e regulamentos aplicáveis e munir-se de quaisquer outras autorizações, licenças e registos legalmente exigíveis.",,
TUA20230130000333,T000046,L026342.2023.RH5A.V1,"A Entidade Licenciadora reserva-se o direito de restringir excecionalmente o regime de utilização dos recursos hídricos agora atribuído, nomeadamente na decorrência de secas, cheias e acidentes, nos termos da presente licença e no regime legal aplicável.",,
TUA20230130000335,T000026,L026309.2023.RH5A.V1,"Em caso de incumprimento da presente licença, o titular fica sujeito às sanções previstas no Decreto-Lei n.º 226-A/2007, de 31 de maio.",,
TUA20230130000335,T000027,L026309.2023.RH5A.V1,A matéria tributável da componente E é determinada com base no Anexo – Programa de autocontrolo a implementar.,,
TUA20230130000335,T000028,L026309.2023.RH5A.V1,"As despesas com vistorias extraordinárias inerentes à emissão desta licença, ou as que resultarem de reclamações justificadas, serão suportadas pelo seu titular.",,
TUA20230130000335,T000029,L026309.2023.RH5A.V1,"O titular pode, caso se mantenham as condições que determinaram a sua atribuição, solicitar a renovação desta licença, no prazo de 6 meses antes do seu termo.",,
TUA20230130000335,T000030,L026309.2023.RH5A.V1,"A licença só poderá ser transmitida mediante autorização da entidade licenciadora de acordo com o disposto no artigo 26º do Decreto-Lei n.º 226-A/2007, de 31 de maio.",,
TUA20230130000335,T000031,L026309.2023.RH5A.V1,"Para efeitos de fiscalização ou inspeção, o titular fica obrigado a facultar, às Entidades Competentes, esta licença, bem como o acesso à área, construções e equipamentos a ela associados e aos registos detalhados do controlo da operação do sistema de tratamento.",,
TUA20230130000335,T000032,L026309.2023.RH5A.V1,"O titular fica obrigado a informar a Entidade Licenciadora, no prazo máximo de 24 horas, de qualquer acidente ou anomalia ocorrido nas instalações que afete o cumprimento das condições indicadas nesta licença bem como das medidas já implementadas e/ou previstas para correção da situação.",,
TUA20230130000335,T000033,L026309.2023.RH5A.V1,"A licença só poderá ser transacionada e temporariamente cedida mediante autorização da Entidade Licenciadora de acordo com o disposto no artigo 27.º do Decreto-Lei n.º 226-A/2007, de 31 de maio.",,
TUA20230130000335,T000034,L026309.2023.RH5A.V1,"A licença caduca nas condições previstas no presente título e no artigo 33.º do Decreto-Lei n.º 226-A/2007, de 31 de maio.",,
TUA20230130000335,T000035,L026309.2023.RH5A.V1,"O titular fica sujeito, de acordo com o Decreto-Lei n.º 97/2008, de 11 de junho, na sua redação atual, ao pagamento da Taxa de Recursos Hídricos (TRH) calculada de acordo com a seguinte fórmula: TRH = E + O, em que E – descarga de efluentes e O – ocupação do domínio público hídrico do Estado, se aplicável.",,
TUA20230130000335,T000036,L026309.2023.RH5A.V1,"A presente licença pode ser revista ou revogada nos casos previstos nos artigos 28.º e 32.º do Decreto-Lei n.º 226-A/2007, de 31 de maio.",,
TUA20230130000335,T000037,L026309.2023.RH5A.V1,"O titular obriga-se a cumprir o disposto na presente licença, em todas as leis e regulamentos vigentes, na parte em que lhe for aplicável, bem como outras normas ou regulamentos que venham a ser posteriormente aprovados e a entrar em vigor, quer as suas disposições se harmonizem ou não com os direitos e obrigações que à presente licença sejam aplicáveis.",,
TUA20230130000335,T000038,L026309.2023.RH5A.V1,"Sem prejuízo das sanções aplicáveis, sempre que o registo atualizado dos valores do autocontrolo, referido no ponto 4 que antecede, não seja entregue com a periodicidade definida na Licença, a componente E será calculada tendo por base as características do efluente bruto estabelecidas no projeto de execução da ETAR ou incluídas na presente licença.",,
TUA20230130000335,T000039,L026309.2023.RH5A.V1,As vistorias que sejam realizadas pela Entidade Licenciadora na sequência dos episódios abrangidos no ponto que antecede são suportadas pelo utilizador.,,
TUA20230130000335,T000040,L026309.2023.RH5A.V1,"O pagamento da taxa de recursos hídricos devida é efetuado no ano seguinte àquele a que a taxa respeite até ao termo disposto na Nota de Liquidação respetiva e deve ser feito de acordo com o previsto no número 4 do artigo 16.º do Decreto-Lei n.º 97/2008, de 11 de junho, na sua redação atual.",,
TUA20230130000335,T000041,L026309.2023.RH5A.V1,"A falta de pagamento atempado fica sujeito a juros de mora à taxa legal em vigor, conforme dispõe o número 5 do artigo 16.º do Decreto-Lei n.º 97/2008, de 11 de junho, na sua redação atual.",,
TUA20230130000335,Código,Código TURH,Condição,,
TUA20230130000335,T000042,L026309.2023.RH5A.V1,"A rejeição de águas residuais será exclusivamente realizada no local e nas condições indicadas nesta licença, não estando autorizadas quaisquer outras descargas de efluentes, e não podendo o objeto da presente licença ser alterado sem prévia autorização da Entidade Licenciadora.",,
TUA20230130000335,T000043,L026309.2023.RH5A.V1,"O titular deverá respeitar todas as leis e regulamentos aplicáveis e munir-se de quaisquer outras autorizações, licenças e registos legalmente exigíveis.",,
TUA20230130000335,T000044,L026309.2023.RH5A.V1,"A Entidade Licenciadora reserva-se o direito de restringir excecionalmente o regime de utilização dos recursos hídricos agora atribuído, nomeadamente na decorrência de secas, cheias e acidentes, nos termos da presente licença e no regime legal aplicável.",,
TUA20230130000336,T000028,L026283.2023.RH5A.V1,"Em caso de incumprimento da presente licença, o titular fica sujeito às sanções previstas no Decreto-Lei n.º 226-A/2007, de 31 de maio.",,
TUA20230130000336,T000029,L026283.2023.RH5A.V1,A matéria tributável da componente E é determinada com base no Anexo – Programa de autocontrolo a implementar.,,
TUA20230130000336,T000030,L026283.2023.RH5A.V1,"As despesas com vistorias extraordinárias inerentes à emissão desta licença, ou as que resultarem de reclamações justificadas, serão suportadas pelo seu titular.",,
TUA20230130000336,T000031,L026283.2023.RH5A.V1,"O titular pode, caso se mantenham as condições que determinaram a sua atribuição, solicitar a renovação desta licença, no prazo de 6 meses antes do seu termo.",,
TUA20230130000336,T000032,L026283.2023.RH5A.V1,"A licença só poderá ser transmitida mediante autorização da entidade licenciadora de acordo com o disposto no artigo 26º do Decreto-Lei n.º 226-A/2007, de 31 de maio.",,
TUA20230130000336,T000033,L026283.2023.RH5A.V1,"Para efeitos de fiscalização ou inspeção, o titular fica obrigado a facultar, às Entidades Competentes, esta licença, bem como o acesso à área, construções e equipamentos a ela associados e aos registos detalhados do controlo da operação do sistema de tratamento.",,
TUA20230130000336,T000034,L026283.2023.RH5A.V1,"O titular fica obrigado a informar a Entidade Licenciadora, no prazo máximo de 24 horas, de qualquer acidente ou anomalia ocorrido nas instalações que afete o cumprimento das condições indicadas nesta licença bem como das medidas já implementadas e/ou previstas para correção da situação.",,
TUA20230130000336,T000035,L026283.2023.RH5A.V1,"A licença só poderá ser transacionada e temporariamente cedida mediante autorização da Entidade Licenciadora de acordo com o disposto no artigo 27.º do Decreto-Lei n.º 226-A/2007, de 31 de maio.",,
TUA20230130000336,T000036,L026283.2023.RH5A.V1,"A licença caduca nas condições previstas no presente título e no artigo 33.º do Decreto-Lei n.º 226-A/2007, de 31 de maio.",,
TUA20230130000336,T000037,L026283.2023.RH5A.V1,"O titular fica sujeito, de acordo com o Decreto-Lei n.º 97/2008, de 11 de junho, na sua redação atual, ao pagamento da Taxa de Recursos Hídricos (TRH) calculada de acordo com a seguinte fórmula: TRH = E + O, em que E – descarga de efluentes e O – ocupação do domínio público hídrico do Estado, se aplicável.",,
TUA20230130000336,T000038,L026283.2023.RH5A.V1,"A presente licença pode ser revista ou revogada nos casos previstos nos artigos 28.º e 32.º do Decreto-Lei n.º 226-A/2007, de 31 de maio.",,
TUA20230130000336,T000039,L026283.2023.RH5A.V1,"O titular obriga-se a cumprir o disposto na presente licença, em todas as leis e regulamentos vigentes, na parte em que lhe for aplicável, bem como outras normas ou regulamentos que venham a ser posteriormente aprovados e a entrar em vigor, quer as suas disposições se harmonizem ou não com os direitos e obrigações que à presente licença sejam aplicáveis.",,
TUA20230130000336,T000040,L026283.2023.RH5A.V1,"Sem prejuízo das sanções aplicáveis, sempre que o registo atualizado dos valores do autocontrolo, referido no ponto 4 que antecede, não seja entregue com a periodicidade definida na Licença, a componente E será calculada tendo por base as características do efluente bruto estabelecidas no projeto de execução da ETAR ou incluídas na presente licença.",,
TUA20230130000336,T000041,L026283.2023.RH5A.V1,As vistorias que sejam realizadas pela Entidade Licenciadora na sequência dos episódios abrangidos no ponto que antecede são suportadas pelo utilizador.,,
TUA20230130000336,T000042,L026283.2023.RH5A.V1,"O pagamento da taxa de recursos hídricos devida é efetuado no ano seguinte àquele a que a taxa respeite até ao termo disposto na Nota de Liquidação respetiva e deve ser feito de acordo com o previsto no número 4 do artigo 16.º do Decreto-Lei n.º 97/2008, de 11 de junho, na sua redação atual.",,
TUA20230130000336,T000043,L026283.2023.RH5A.V1,"A falta de pagamento atempado fica sujeito a juros de mora à taxa legal em vigor, conforme dispõe o número 5 do artigo 16.º do Decreto-Lei n.º 97/2008, de 11 de junho, na sua redação atual.",,
TUA20230130000336,Código,Código TURH,Condição,,
TUA20230130000336,T000044,L026283.2023.RH5A.V1,"A rejeição de águas residuais será exclusivamente realizada no local e nas condições indicadas nesta licença, não estando autorizadas quaisquer outras descargas de efluentes, e não podendo o objeto da presente licença ser alterado sem prévia autorização da Entidade Licenciadora.",,
TUA20230130000336,T000045,L026283.2023.RH5A.V1,"O titular deverá respeitar todas as leis e regulamentos aplicáveis e munir-se de quaisquer outras autorizações, licenças e registos legalmente exigíveis.",,
TUA20230130000336,T000046,L026283.2023.RH5A.V1,"A Entidade Licenciadora reserva-se o direito de restringir excecionalmente o regime de utilização dos recursos hídricos agora atribuído, nomeadamente na decorrência de secas, cheias e acidentes, nos termos da presente licença e no regime legal aplicável.",,
TUA20230202000373,T000025,L009125.2018.RH3.V1,"Em caso de incumprimento da presente licença, o titular fica sujeito às sanções previstas no Decreto-Lei n.º 226-A/2007, de 31 de maio.",,
TUA20230202000373,T000026,L009125.2018.RH3.V1,A matéria tributável da componente E é determinada com base no programa de autocontrolo a implementar descrito em EXP8.3.16.,,
TUA20230202000373,T000027,L009125.2018.RH3.V1,"As despesas com vistorias extraordinárias inerentes à emissão desta licença, ou as que resultarem de reclamações justificadas, serão suportadas pelo seu titular.",,
TUA20230202000373,T000028,L009125.2018.RH3.V1,"O titular pode, caso se mantenham as condições que determinaram a sua atribuição, solicitar a renovação desta licença, no prazo de 6 meses antes do seu termo.",,
TUA20230202000373,T000029,L009125.2018.RH3.V1,"A licença só poderá ser transmitida mediante autorização da entidade licenciadora de acordo com o disposto no artigo 26º do Decreto-Lei n.º 226-A/2007, de 31 de maio.",,
TUA20230202000373,T000030,L009125.2018.RH3.V1,"Para efeitos de fiscalização ou inspeção, o titular fica obrigado a facultar, às Entidades Competentes, esta licença, bem como o acesso à área, construções e equipamentos a ela associados e aos registos detalhados do controlo da operação do sistema de tratamento.",,
TUA20230202000373,T000031,L009125.2018.RH3.V1,"O titular fica obrigado a informar a Entidade Licenciadora, no prazo máximo de 24 horas, de qualquer acidente ou anomalia ocorrido nas instalações que afete o cumprimento das condições indicadas nesta licença bem como das medidas já implementadas e/ou previstas para correção da situação.",,
TUA20230202000373,T000032,L009125.2018.RH3.V1,"A licença só poderá ser transacionada e temporariamente cedida mediante autorização da Entidade Licenciadora de acordo com o disposto no artigo 27.º do Decreto-Lei n.º 226-A/2007, de 31 de maio.",,
TUA20230202000373,T000033,L009125.2018.RH3.V1,"A licença caduca nas condições previstas no presente título e no artigo 33.º do Decreto-Lei n.º 226-A/2007, de 31 de maio.",,
TUA20230202000373,T000034,L009125.2018.RH3.V1,"O titular fica sujeito, de acordo com o Decreto-Lei n.º 97/2008, de 11 de junho, na sua redação atual, ao pagamento da Taxa de Recursos Hídricos (TRH) calculada de acordo com a seguinte fórmula: TRH = E + O, em que E – descarga de efluentes e O – ocupação do domínio público hídrico do Estado, se aplicável.",,
TUA20230202000373,T000035,L009125.2018.RH3.V1,"A presente licença pode ser revista ou revogada nos casos previstos nos artigos 28.º e 32.º do Decreto-Lei n.º 226-A/2007, de 31 de maio.",,
TUA20230202000373,T000036,L009125.2018.RH3.V1,"O titular obriga-se a cumprir o disposto na presente licença, em todas as leis e regulamentos vigentes, na parte em que lhe for aplicável, bem como outras normas ou regulamentos que venham a ser posteriormente aprovados e a entrar em vigor, quer as suas disposições se harmonizem ou não com os direitos e obrigações que à presente licença sejam aplicáveis.",,
TUA20230202000373,T000037,L009125.2018.RH3.V1,"Sem prejuízo das sanções aplicáveis, sempre que o registo atualizado dos valores do autocontrolo, referido em T000026, não seja reportado com a frequência trimestral ou até ao dia quinze (15) de janeiro do ano seguinte ao que diz respeito a taxa de recursos hídricos, a componente E será calculada tendo por base as características do efluente bruto estabelecidas no projeto de execução da ETAR ou incluídas na presente licença.",,
TUA20230202000373,T000038,L009125.2018.RH3.V1,"O pagamento da taxa de recursos hídricos devida é efetuado no ano seguinte àquele a que a taxa respeite até ao termo disposto na Nota de Liquidação respetiva e deve ser feito de acordo com o previsto no número 4 do artigo 16.º do Decreto-Lei n.º 97/2008, de 11 de junho, na sua redação atual.",,
TUA20230202000373,T000039,L009125.2018.RH3.V1,"A falta de pagamento atempado fica sujeito a juros de mora à taxa legal em vigor, conforme dispõe o número 5 do artigo 16.º do Decreto-Lei n.º 97/2008, de 11 de junho, na sua redação atual.",,
TUA20230202000373,T000040,L009125.2018.RH3.V1,"A rejeição de águas residuais será exclusivamente realizada no local e nas condições indicadas nesta licença, não estando autorizadas quaisquer outras descargas de efluentes, e não podendo o objeto da presente licença ser alterado sem prévia autorização da Entidade Licenciadora.",,
TUA20230202000373,T000041,L009125.2018.RH3.V1,"O titular deverá respeitar todas as leis e regulamentos aplicáveis e munir-se de quaisquer outras autorizações, licenças e registos legalmente exigíveis.",,
TUA20230202000373,T000042,L009125.2018.RH3.V1,"A Entidade Licenciadora reserva-se o direito de restringir excecionalmente o regime de utilização dos recursos hídricos agora atribuído, nomeadamente na decorrência de secas, cheias e acidentes, nos termos da presente licença e no regime legal aplicável.",,
TUA20230202000374,T000026,L009126.2018.RH3.V1,"Em caso de incumprimento da presente licença, o titular fica sujeito às sanções previstas no Decreto-Lei n.º 226-A/2007, de 31 de maio.",,
TUA20230202000374,T000027,L009126.2018.RH3.V1,A matéria tributável da componente E é determinada com base no programa de autocontrolo a implementar descrito em EXP8.3.16.,,
TUA20230202000374,T000028,L009126.2018.RH3.V1,"As despesas com vistorias extraordinárias inerentes à emissão desta licença, ou as que resultarem de reclamações justificadas, serão suportadas pelo seu titular.",,
TUA20230202000374,T000029,L009126.2018.RH3.V1,"O titular pode, caso se mantenham as condições que determinaram a sua atribuição, solicitar a renovação desta licença, no prazo de 6 meses antes do seu termo.",,
TUA20230202000374,T000030,L009126.2018.RH3.V1,"A licença só poderá ser transmitida mediante autorização da entidade licenciadora de acordo com o disposto no artigo 26º do Decreto-Lei n.º 226-A/2007, de 31 de maio.",,
TUA20230202000374,T000031,L009126.2018.RH3.V1,"Para efeitos de fiscalização ou inspeção, o titular fica obrigado a facultar, às Entidades Competentes, esta licença, bem como o acesso à área, construções e equipamentos a ela associados e aos registos detalhados do controlo da operação do sistema de tratamento.",,
TUA20230202000374,T000032,L009126.2018.RH3.V1,"O titular fica obrigado a informar a Entidade Licenciadora, no prazo máximo de 24 horas, de qualquer acidente ou anomalia ocorrido nas instalações que afete o cumprimento das condições indicadas nesta licença bem como das medidas já implementadas e/ou previstas para correção da situação.",,
TUA20230202000374,T000033,L009126.2018.RH3.V1,"A licença só poderá ser transacionada e temporariamente cedida mediante autorização da Entidade Licenciadora de acordo com o disposto no artigo 27.º do Decreto-Lei n.º 226-A/2007, de 31 de maio.",,
TUA20230202000374,T000034,L009126.2018.RH3.V1,"A licença caduca nas condições previstas no presente título e no artigo 33.º do Decreto-Lei n.º 226-A/2007, de 31 de maio.",,
TUA20230202000374,T000035,L009126.2018.RH3.V1,"O titular fica sujeito, de acordo com o Decreto-Lei n.º 97/2008, de 11 de junho, na sua redação atual, ao pagamento da Taxa de Recursos Hídricos (TRH) calculada de acordo com a seguinte fórmula: TRH = E + O, em que E – descarga de efluentes e O – ocupação do domínio público hídrico do Estado, se aplicável.",,
TUA20230202000374,T000036,L009126.2018.RH3.V1,"A presente licença pode ser revista ou revogada nos casos previstos nos artigos 28.º e 32.º do Decreto-Lei n.º 226-A/2007, de 31 de maio.",,
TUA20230202000374,T000037,L009126.2018.RH3.V1,"O titular obriga-se a cumprir o disposto na presente licença, em todas as leis e regulamentos vigentes, na parte em que lhe for aplicável, bem como outras normas ou regulamentos que venham a ser posteriormente aprovados e a entrar em vigor, quer as suas disposições se harmonizem ou não com os direitos e obrigações que à presente licença sejam aplicáveis.",,
TUA20230202000374,T000038,L009126.2018.RH3.V1,"Sem prejuízo das sanções aplicáveis, sempre que o registo atualizado dos valores do autocontrolo, referido em T000027, não seja reportado com a frequência trimestral ou até ao dia quinze (15) de janeiro do ano seguinte ao que diz respeito a taxa de recursos hídricos, a componente E será calculada tendo por base as características do efluente bruto estabelecidas no projeto de execução da ETAR ou incluídas na presente licença.",,
TUA20230202000374,T000039,L009126.2018.RH3.V1,"O pagamento da taxa de recursos hídricos devida é efetuado no ano seguinte àquele a que a taxa respeite até ao termo disposto na Nota de Liquidação respetiva e deve ser feito de acordo com o previsto no número 4 do artigo 16.º do Decreto-Lei n.º 97/2008, de 11 de junho, na sua redação atual.",,
TUA20230202000374,T000040,L009126.2018.RH3.V1,"A falta de pagamento atempado fica sujeito a juros de mora à taxa legal em vigor, conforme dispõe o número 5 do artigo 16.º do Decreto-Lei n.º 97/2008, de 11 de junho, na sua redação atual.",,
TUA20230202000374,T000041,L009126.2018.RH3.V1,"A rejeição de águas residuais será exclusivamente realizada no local e nas condições indicadas nesta licença, não estando autorizadas quaisquer outras descargas de efluentes, e não podendo o objeto da presente licença ser alterado sem prévia autorização da Entidade Licenciadora.",,
TUA20230202000374,T000042,L009126.2018.RH3.V1,"O titular deverá respeitar todas as leis e regulamentos aplicáveis e munir-se de quaisquer outras autorizações, licenças e registos legalmente exigíveis.",,
TUA20230202000374,T000043,L009126.2018.RH3.V1,"A Entidade Licenciadora reserva-se o direito de restringir excecionalmente o regime de utilização dos recursos hídricos agora atribuído, nomeadamente na decorrência de secas, cheias e acidentes, nos termos da presente licença e no regime legal aplicável.",,
TUA20230202000375,T000026,L009113.2018.RH3.V1,"Em caso de incumprimento da presente licença, o titular fica sujeito às sanções previstas no Decreto-Lei n.º 226-A/2007, de 31 de maio.",,
TUA20230202000375,T000027,L009113.2018.RH3.V1,A matéria tributável da componente E é determinada com base no programa de autocontrolo a implementar descrito em EXP8.3.16.,,
TUA20230202000375,T000028,L009113.2018.RH3.V1,"As despesas com vistorias extraordinárias inerentes à emissão desta licença, ou as que resultarem de reclamações justificadas, serão suportadas pelo seu titular.",,
TUA20230202000375,T000029,L009113.2018.RH3.V1,"O titular pode, caso se mantenham as condições que determinaram a sua atribuição, solicitar a renovação desta licença, no prazo de 6 meses antes do seu termo.",,
TUA20230202000375,T000030,L009113.2018.RH3.V1,"A licença só poderá ser transmitida mediante autorização da entidade licenciadora de acordo com o disposto no artigo 26º do Decreto-Lei n.º 226-A/2007, de 31 de maio.",,
TUA20230202000375,T000031,L009113.2018.RH3.V1,"Para efeitos de fiscalização ou inspeção, o titular fica obrigado a facultar, às Entidades Competentes, esta licença, bem como o acesso à área, construções e equipamentos a ela associados e aos registos detalhados do controlo da operação do sistema de tratamento.",,
TUA20230202000375,T000032,L009113.2018.RH3.V1,"O titular fica obrigado a informar a Entidade Licenciadora, no prazo máximo de 24 horas, de qualquer acidente ou anomalia ocorrido nas instalações que afete o cumprimento das condições indicadas nesta licença bem como das medidas já implementadas e/ou previstas para correção da situação.",,
TUA20230202000375,T000033,L009113.2018.RH3.V1,"A licença só poderá ser transacionada e temporariamente cedida mediante autorização da Entidade Licenciadora de acordo com o disposto no artigo 27.º do Decreto-Lei n.º 226-A/2007, de 31 de maio.",,
TUA20230202000375,T000034,L009113.2018.RH3.V1,"A licença caduca nas condições previstas no presente título e no artigo 33.º do Decreto-Lei n.º 226-A/2007, de 31 de maio.",,
TUA20230202000375,T000035,L009113.2018.RH3.V1,"O titular fica sujeito, de acordo com o Decreto-Lei n.º 97/2008, de 11 de junho, na sua redação atual, ao pagamento da Taxa de Recursos Hídricos (TRH) calculada de acordo com a seguinte fórmula: TRH = E + O, em que E – descarga de efluentes e O – ocupação do domínio público hídrico do Estado, se aplicável.",,
TUA20230202000375,T000036,L009113.2018.RH3.V1,"A presente licença pode ser revista ou revogada nos casos previstos nos artigos 28.º e 32.º do Decreto-Lei n.º 226-A/2007, de 31 de maio.",,
TUA20230202000375,T000037,L009113.2018.RH3.V1,"O titular obriga-se a cumprir o disposto na presente licença, em todas as leis e regulamentos vigentes, na parte em que lhe for aplicável, bem como outras normas ou regulamentos que venham a ser posteriormente aprovados e a entrar em vigor, quer as suas disposições se harmonizem ou não com os direitos e obrigações que à presente licença sejam aplicáveis.",,
TUA20230202000375,T000038,L009113.2018.RH3.V1,"Sem prejuízo das sanções aplicáveis, sempre que o registo atualizado dos valores do autocontrolo, referido em T000027, não seja reportado com a frequência trimestral ou até ao dia quinze (15) de janeiro do ano seguinte ao que diz respeito a taxa de recursos hídricos, a componente E será calculada tendo por base as características do efluente bruto estabelecidas no projeto de execução da ETAR ou incluídas na presente licença",,
TUA20230202000375,T000039,L009113.2018.RH3.V1,"O pagamento da taxa de recursos hídricos devida é efetuado no ano seguinte àquele a que a taxa respeite até ao termo disposto na Nota de Liquidação respetiva e deve ser feito de acordo com o previsto no número 4 do artigo 16.º do Decreto-Lei n.º 97/2008, de 11 de junho, na sua redação atual.",,
TUA20230202000375,T000040,L009113.2018.RH3.V1,"A falta de pagamento atempado fica sujeito a juros de mora à taxa legal em vigor, conforme dispõe o número 5 do artigo 16.º do Decreto-Lei n.º 97/2008, de 11 de junho, na sua redação atual.",,
TUA20230202000375,T000041,L009113.2018.RH3.V1,"A rejeição de águas residuais será exclusivamente realizada no local e nas condições indicadas nesta licença, não estando autorizadas quaisquer outras descargas de efluentes, e não podendo o objeto da presente licença ser alterado sem prévia autorização da Entidade Licenciadora.",,
TUA20230202000375,T000042,L009113.2018.RH3.V1,"O titular deverá respeitar todas as leis e regulamentos aplicáveis e munir-se de quaisquer outras autorizações, licenças e registos legalmente exigíveis.",,
TUA20230202000375,T000043,L009113.2018.RH3.V1,"A Entidade Licenciadora reserva-se o direito de restringir excecionalmente o regime de utilização dos recursos hídricos agora atribuído, nomeadamente na decorrência de secas, cheias e acidentes, nos termos da presente licença e no regime legal aplicável.",,
TUA20230202000376,T000031,L009132.2018.RH3.V1,"Em caso de incumprimento da presente licença, o titular fica sujeito às sanções previstas no Decreto-Lei n.º 226-A/2007, de 31 de maio.",,
TUA20230202000376,T000032,L009132.2018.RH3.V1,A matéria tributável da componente E é determinada com base no programa de autocontrolo a implementar descrito em EXP8.3.16.,,
TUA20230202000376,T000033,L009132.2018.RH3.V1,"As despesas com vistorias extraordinárias inerentes à emissão desta licença, ou as que resultarem de reclamações justificadas, serão suportadas pelo seu titular.",,
TUA20230202000376,T000034,L009132.2018.RH3.V1,"O titular pode, caso se mantenham as condições que determinaram a sua atribuição, solicitar a renovação desta licença, no prazo de 6 meses antes do seu termo.",,
TUA20230202000376,T000035,L009132.2018.RH3.V1,"A licença só poderá ser transmitida mediante autorização da entidade licenciadora de acordo com o disposto no artigo 26º do Decreto-Lei n.º 226-A/2007, de 31 de maio.",,
TUA20230202000376,T000036,L009132.2018.RH3.V1,"Para efeitos de fiscalização ou inspeção, o titular fica obrigado a facultar, às Entidades Competentes, esta licença, bem como o acesso à área, construções e equipamentos a ela associados e aos registos detalhados do controlo da operação do sistema de tratamento.",,
TUA20230202000376,T000037,L009132.2018.RH3.V1,"O titular fica obrigado a informar a Entidade Licenciadora, no prazo máximo de 24 horas, de qualquer acidente ou anomalia ocorrido nas instalações que afete o cumprimento das condições indicadas nesta licença bem como das medidas já implementadas e/ou previstas para correção da situação.",,
TUA20230202000376,T000038,L009132.2018.RH3.V1,"A licença só poderá ser transacionada e temporariamente cedida mediante autorização da Entidade Licenciadora de acordo com o disposto no artigo 27.º do Decreto-Lei n.º 226-A/2007, de 31 de maio.",,
TUA20230202000376,T000039,L009132.2018.RH3.V1,"A licença caduca nas condições previstas no presente título e no artigo 33.º do Decreto-Lei n.º 226-A/2007, de 31 de maio.",,
TUA20230202000376,T000040,L009132.2018.RH3.V1,"O titular fica sujeito, de acordo com o Decreto-Lei n.º 97/2008, de 11 de junho, na sua redação atual, ao pagamento da Taxa de Recursos Hídricos (TRH) calculada de acordo com a seguinte fórmula: TRH = E + O, em que E – descarga de efluentes e O – ocupação do domínio público hídrico do Estado, se aplicável.",,
TUA20230202000376,T000041,L009132.2018.RH3.V1,"A presente licença pode ser revista ou revogada nos casos previstos nos artigos 28.º e 32.º do Decreto-Lei n.º 226-A/2007, de 31 de maio.",,
TUA20230202000376,T000042,L009132.2018.RH3.V1,"O titular obriga-se a cumprir o disposto na presente licença, em todas as leis e regulamentos vigentes, na parte em que lhe for aplicável, bem como outras normas ou regulamentos que venham a ser posteriormente aprovados e a entrar em vigor, quer as suas disposições se harmonizem ou não com os direitos e obrigações que à presente licença sejam aplicáveis.",,
TUA20230202000376,T000043,L009132.2018.RH3.V1,"Sem prejuízo das sanções aplicáveis, sempre que o registo atualizado dos valores do autocontrolo, referido em T000032, não seja reportado com a frequência trimestral ou até ao dia quinze (15) de janeiro do ano seguinte ao que diz respeito a taxa de recursos hídricos, a componente E será calculada tendo por base as características do efluente bruto estabelecidas no projeto de execução da ETAR ou incluídas na presente licença",,
TUA20230202000376,T000044,L009132.2018.RH3.V1,"O pagamento da taxa de recursos hídricos devida é efetuado no ano seguinte àquele a que a taxa respeite até ao termo disposto na Nota de Liquidação respetiva e deve ser feito de acordo com o previsto no número 4 do artigo 16.º do Decreto-Lei n.º 97/2008, de 11 de junho, na sua redação atual.",,
TUA20230202000376,T000045,L009132.2018.RH3.V1,"A falta de pagamento atempado fica sujeito a juros de mora à taxa legal em vigor, conforme dispõe o número 5 do artigo 16.º do Decreto-Lei n.º 97/2008, de 11 de junho, na sua redação atual.",,
TUA20230202000376,T000046,L009132.2018.RH3.V1,"A rejeição de águas residuais será exclusivamente realizada no local e nas condições indicadas nesta licença, não estando autorizadas quaisquer outras descargas de efluentes, e não podendo o objeto da presente licença ser alterado sem prévia autorização da Entidade Licenciadora.",,
TUA20230202000376,T000047,L009132.2018.RH3.V1,"O titular deverá respeitar todas as leis e regulamentos aplicáveis e munir-se de quaisquer outras autorizações, licenças e registos legalmente exigíveis.",,
TUA20230202000376,T000048,L009132.2018.RH3.V1,"A Entidade Licenciadora reserva-se o direito de restringir excecionalmente o regime de utilização dos recursos hídricos agora atribuído, nomeadamente na decorrência de secas, cheias e acidentes, nos termos da presente licença e no regime legal aplicável.",,
TUA20230202000377,T000020,L009127.2018.RH3.V1,"Em caso de incumprimento da presente licença, o titular fica sujeito às sanções previstas no Decreto-Lei n.º 226-A/2007, de 31 de maio.",,
TUA20230202000377,T000021,L009127.2018.RH3.V1,A matéria tributável da componente E é determinada com base no programa de autocontrolo a implementar descrito em EXP8.3.16.,,
TUA20230202000377,T000022,L009127.2018.RH3.V1,"As despesas com vistorias extraordinárias inerentes à emissão desta licença, ou as que resultarem de reclamações justificadas, serão suportadas pelo seu titular.",,
TUA20230202000377,T000023,L009127.2018.RH3.V1,"O titular pode, caso se mantenham as condições que determinaram a sua atribuição, solicitar a renovação desta licença, no prazo de 6 meses antes do seu termo.",,
TUA20230202000377,T000024,L009127.2018.RH3.V1,"A licença só poderá ser transmitida mediante autorização da entidade licenciadora de acordo com o disposto no artigo 26º do Decreto-Lei n.º 226-A/2007, de 31 de maio.",,
TUA20230202000377,T000025,L009127.2018.RH3.V1,"Para efeitos de fiscalização ou inspeção, o titular fica obrigado a facultar, às Entidades Competentes, esta licença, bem como o acesso à área, construções e equipamentos a ela associados e aos registos detalhados do controlo da operação do sistema de tratamento.",,
TUA20230202000377,T000026,L009127.2018.RH3.V1,"O titular fica obrigado a informar a Entidade Licenciadora, no prazo máximo de 24 horas, de qualquer acidente ou anomalia ocorrido nas instalações que afete o cumprimento das condições indicadas nesta licença bem como das medidas já implementadas e/ou previstas para correção da situação.",,
TUA20230202000377,T000027,L009127.2018.RH3.V1,"A licença só poderá ser transacionada e temporariamente cedida mediante autorização da Entidade Licenciadora de acordo com o disposto no artigo 27.º do Decreto-Lei n.º 226-A/2007, de 31 de maio.",,
TUA20230202000377,T000028,L009127.2018.RH3.V1,"A licença caduca nas condições previstas no presente título e no artigo 33.º do Decreto-Lei n.º 226-A/2007, de 31 de maio.",,
TUA20230202000377,T000029,L009127.2018.RH3.V1,"O titular fica sujeito, de acordo com o Decreto-Lei n.º 97/2008, de 11 de junho, na sua redação atual, ao pagamento da Taxa de Recursos Hídricos (TRH) calculada de acordo com a seguinte fórmula: TRH = E + O, em que E – descarga de efluentes e O – ocupação do domínio público hídrico do Estado, se aplicável.",,
TUA20230202000377,T000030,L009127.2018.RH3.V1,"A presente licença pode ser revista ou revogada nos casos previstos nos artigos 28.º e 32.º do Decreto-Lei n.º 226-A/2007, de 31 de maio.",,
TUA20230202000377,T000031,L009127.2018.RH3.V1,"O titular obriga-se a cumprir o disposto na presente licença, em todas as leis e regulamentos vigentes, na parte em que lhe for aplicável, bem como outras normas ou regulamentos que venham a ser posteriormente aprovados e a entrar em vigor, quer as suas disposições se harmonizem ou não com os direitos e obrigações que à presente licença sejam aplicáveis.",,
TUA20230202000377,T000032,L009127.2018.RH3.V1,"Sem prejuízo das sanções aplicáveis, sempre que o registo atualizado dos valores do autocontrolo, referido em T000021, não seja reportado com a frequência trimestral ou até ao dia quinze (15) de janeiro do ano seguinte ao que diz respeito a taxa de recursos hídricos, a componente E será calculada tendo por base as características do efluente bruto estabelecidas no projeto de execução da ETAR ou incluídas na presente licença.",,
TUA20230202000377,T000033,L009127.2018.RH3.V1,"O pagamento da taxa de recursos hídricos devida é efetuado no ano seguinte àquele a que a taxa respeite até ao termo disposto na Nota de Liquidação respetiva e deve ser feito de acordo com o previsto no número 4 do artigo 16.º do Decreto-Lei n.º 97/2008, de 11 de junho, na sua redação atual.",,
TUA20230202000377,T000034,L009127.2018.RH3.V1,"A falta de pagamento atempado fica sujeito a juros de mora à taxa legal em vigor, conforme dispõe o número 5 do artigo 16.º do Decreto-Lei n.º 97/2008, de 11 de junho, na sua redação atual.",,
TUA20230202000377,T000035,L009127.2018.RH3.V1,"A rejeição de águas residuais será exclusivamente realizada no local e nas condições indicadas nesta licença, não estando autorizadas quaisquer outras descargas de efluentes, e não podendo o objeto da presente licença ser alterado sem prévia autorização da Entidade Licenciadora.",,
TUA20230202000377,T000036,L009127.2018.RH3.V1,"O titular deverá respeitar todas as leis e regulamentos aplicáveis e munir-se de quaisquer outras autorizações, licenças e registos legalmente exigíveis.",,
TUA20230202000377,T000037,L009127.2018.RH3.V1,"A Entidade Licenciadora reserva-se o direito de restringir excecionalmente o regime de utilização dos recursos hídricos agora atribuído, nomeadamente na decorrência de secas, cheias e acidentes, nos termos da presente licença e no regime legal aplicável.",,
TUA20230202000378,T000026,L009139.2018.RH3.V1,"Em caso de incumprimento da presente licença, o titular fica sujeito às sanções previstas no Decreto-Lei n.º 226-A/2007, de 31 de maio.",,
TUA20230202000378,T000027,L009139.2018.RH3.V1,A matéria tributável da componente E é determinada com base no programa de autocontrolo a implementar descrito em EXP8.3.16.,,
TUA20230202000378,T000028,L009139.2018.RH3.V1,"As despesas com vistorias extraordinárias inerentes à emissão desta licença, ou as que resultarem de reclamações justificadas, serão suportadas pelo seu titular.",,
TUA20230202000378,T000029,L009139.2018.RH3.V1,"O titular pode, caso se mantenham as condições que determinaram a sua atribuição, solicitar a renovação desta licença, no prazo de 6 meses antes do seu termo.",,
TUA20230202000378,T000030,L009139.2018.RH3.V1,"A licença só poderá ser transmitida mediante autorização da entidade licenciadora de acordo com o disposto no artigo 26º do Decreto-Lei n.º 226-A/2007, de 31 de maio.",,
TUA20230202000378,T000031,L009139.2018.RH3.V1,"Para efeitos de fiscalização ou inspeção, o titular fica obrigado a facultar, às Entidades Competentes, esta licença, bem como o acesso à área, construções e equipamentos a ela associados e aos registos detalhados do controlo da operação do sistema de tratamento.",,
TUA20230202000378,T000032,L009139.2018.RH3.V1,"O titular fica obrigado a informar a Entidade Licenciadora, no prazo máximo de 24 horas, de qualquer acidente ou anomalia ocorrido nas instalações que afete o cumprimento das condições indicadas nesta licença bem como das medidas já implementadas e/ou previstas para correção da situação.",,
TUA20230202000378,T000033,L009139.2018.RH3.V1,"A licença só poderá ser transacionada e temporariamente cedida mediante autorização da Entidade Licenciadora de acordo com o disposto no artigo 27.º do Decreto-Lei n.º 226-A/2007, de 31 de maio.",,
TUA20230202000378,T000034,L009139.2018.RH3.V1,"A licença caduca nas condições previstas no presente título e no artigo 33.º do Decreto-Lei n.º 226-A/2007, de 31 de maio.",,
TUA20230202000378,T000035,L009139.2018.RH3.V1,"O titular fica sujeito, de acordo com o Decreto-Lei n.º 97/2008, de 11 de junho, na sua redação atual, ao pagamento da Taxa de Recursos Hídricos (TRH) calculada de acordo com a seguinte fórmula: TRH = E + O, em que E – descarga de efluentes e O – ocupação do domínio público hídrico do Estado, se aplicável.",,
TUA20230202000378,T000036,L009139.2018.RH3.V1,"A presente licença pode ser revista ou revogada nos casos previstos nos artigos 28.º e 32.º do Decreto-Lei n.º 226-A/2007, de 31 de maio.",,
TUA20230202000378,T000037,L009139.2018.RH3.V1,"O titular obriga-se a cumprir o disposto na presente licença, em todas as leis e regulamentos vigentes, na parte em que lhe for aplicável, bem como outras normas ou regulamentos que venham a ser posteriormente aprovados e a entrar em vigor, quer as suas disposições se harmonizem ou não com os direitos e obrigações que à presente licença sejam aplicáveis.",,
TUA20230202000378,T000038,L009139.2018.RH3.V1,"Sem prejuízo das sanções aplicáveis, sempre que o registo atualizado dos valores do autocontrolo, referido em T000027, não seja reportado com a frequência trimestral ou até ao dia quinze (15) de janeiro do ano seguinte ao que diz respeito a taxa de recursos hídricos, a componente E será calculada tendo por base as características do efluente bruto estabelecidas no projeto de execução da ETAR ou incluídas na presente licença.",,
TUA20230202000378,T000039,L009139.2018.RH3.V1,"O pagamento da taxa de recursos hídricos devida é efetuado no ano seguinte àquele a que a taxa respeite até ao termo disposto na Nota de Liquidação respetiva e deve ser feito de acordo com o previsto no número 4 do artigo 16.º do Decreto-Lei n.º 97/2008, de 11 de junho, na sua redação atual.",,
TUA20230202000378,T000040,L009139.2018.RH3.V1,"A falta de pagamento atempado fica sujeito a juros de mora à taxa legal em vigor, conforme dispõe o número 5 do artigo 16.º do Decreto-Lei n.º 97/2008, de 11 de junho, na sua redação atual.",,
TUA20230202000378,T000041,L009139.2018.RH3.V1,"A rejeição de águas residuais será exclusivamente realizada no local e nas condições indicadas nesta licença, não estando autorizadas quaisquer outras descargas de efluentes, e não podendo o objeto da presente licença ser alterado sem prévia autorização da Entidade Licenciadora.",,
TUA20230202000378,T000042,L009139.2018.RH3.V1,"O titular deverá respeitar todas as leis e regulamentos aplicáveis e munir-se de quaisquer outras autorizações, licenças e registos legalmente exigíveis.",,
TUA20230202000378,T000043,L009139.2018.RH3.V1,"A Entidade Licenciadora reserva-se o direito de restringir excecionalmente o regime de utilização dos recursos hídricos agora atribuído, nomeadamente na decorrência de secas, cheias e acidentes, nos termos da presente licença e no regime legal aplicável.",,
TUA20230208000443,T000024,L026778.2023.RH3.V1,"Em caso de incumprimento da presente licença, o titular fica sujeito às sanções previstas no Decreto-Lei n.º 226-A/2007, de 31 de maio.",,
TUA20230208000443,T000025,L026778.2023.RH3.V1,A matéria tributável da componente E é determinada com base no programa de autocontrolo a implementar descrito em EXP8.3.16.,,
TUA20230208000443,T000026,L026778.2023.RH3.V1,"As despesas com vistorias extraordinárias inerentes à emissão desta licença, ou as que resultarem de reclamações justificadas, serão suportadas pelo seu titular.",,
TUA20230208000443,T000027,L026778.2023.RH3.V1,"O titular pode, caso se mantenham as condições que determinaram a sua atribuição, solicitar a renovação desta licença, no prazo de 6 meses antes do seu termo.",,
TUA20230208000443,T000028,L026778.2023.RH3.V1,"A licença só poderá ser transmitida mediante autorização da entidade licenciadora de acordo com o disposto no artigo 26º do Decreto-Lei n.º 226-A/2007, de 31 de maio.",,
TUA20230208000443,T000029,L026778.2023.RH3.V1,"Para efeitos de fiscalização ou inspeção, o titular fica obrigado a facultar, às Entidades Competentes, esta licença, bem como o acesso à área, construções e equipamentos a ela associados e aos registos detalhados do controlo da operação do sistema de tratamento.",,
TUA20230208000443,T000030,L026778.2023.RH3.V1,"O titular fica obrigado a informar a Entidade Licenciadora, no prazo máximo de 24 horas, de qualquer acidente ou anomalia ocorrido nas instalações que afete o cumprimento das condições indicadas nesta licença bem como das medidas já implementadas e/ou previstas para correção da situação.",,
TUA20230208000443,T000031,L026778.2023.RH3.V1,"A licença só poderá ser transacionada e temporariamente cedida mediante autorização da Entidade Licenciadora de acordo com o disposto no artigo 27.º do Decreto-Lei n.º 226-A/2007, de 31 de maio.",,
TUA20230208000443,T000032,L026778.2023.RH3.V1,"A licença caduca nas condições previstas no presente título e no artigo 33.º do Decreto-Lei n.º 226-A/2007, de 31 de maio.",,
TUA20230208000443,T000033,L026778.2023.RH3.V1,"O titular fica sujeito, de acordo com o Decreto-Lei n.º 97/2008, de 11 de junho, na sua redação atual, ao pagamento da Taxa de Recursos Hídricos (TRH) calculada de acordo com a seguinte fórmula: TRH = E + O, em que E – descarga de efluentes e O – ocupação do domínio público hídrico do Estado, se aplicável.",,
TUA20230208000443,T000034,L026778.2023.RH3.V1,"A presente licença pode ser revista ou revogada nos casos previstos nos artigos 28.º e 32.º do Decreto-Lei n.º 226-A/2007, de 31 de maio.",,
TUA20230208000443,T000035,L026778.2023.RH3.V1,"O titular obriga-se a cumprir o disposto na presente licença, em todas as leis e regulamentos vigentes, na parte em que lhe for aplicável, bem como outras normas ou regulamentos que venham a ser posteriormente aprovados e a entrar em vigor, quer as suas disposições se harmonizem ou não com os direitos e obrigações que à presente licença sejam aplicáveis.",,
TUA20230208000443,T000036,L026778.2023.RH3.V1,"Sem prejuízo das sanções aplicáveis, sempre que o registo atualizado dos valores do autocontrolo, referido em T000025, não seja reportado com a frequência trimestral ou até ao dia quinze (15) de janeiro do ano seguinte ao que diz respeito a taxa de recursos hídricos, a componente E será calculada tendo por base as características do efluente bruto estabelecidas no projeto de execução da ETAR ou incluídas na presente licença.",,
TUA20230208000443,T000037,L026778.2023.RH3.V1,"O pagamento da taxa de recursos hídricos devida é efetuado no ano seguinte àquele a que a taxa respeite até ao termo disposto na Nota de Liquidação respetiva e deve ser feito de acordo com o previsto no número 4 do artigo 16.º do Decreto-Lei n.º 97/2008, de 11 de junho, na sua redação atual.",,
TUA20230208000443,T000038,L026778.2023.RH3.V1,"A falta de pagamento atempado fica sujeito a juros de mora à taxa legal em vigor, conforme dispõe o número 5 do artigo 16.º do Decreto-Lei n.º 97/2008, de 11 de junho, na sua redação atual.",,
TUA20230208000443,T000039,L026778.2023.RH3.V1,"A rejeição de águas residuais será exclusivamente realizada no local e nas condições indicadas nesta licença, não estando autorizadas quaisquer outras descargas de efluentes, e não podendo o objeto da presente licença ser alterado sem prévia autorização da Entidade Licenciadora.",,
TUA20230208000443,T000040,L026778.2023.RH3.V1,"O titular deverá respeitar todas as leis e regulamentos aplicáveis e munir-se de quaisquer outras autorizações, licenças e registos legalmente exigíveis.",,
TUA20230208000443,T000041,L026778.2023.RH3.V1,"A Entidade Licenciadora reserva-se o direito de restringir excecionalmente o regime de utilização dos recursos hídricos agora atribuído, nomeadamente na decorrência de secas, cheias e acidentes, nos termos da presente licença e no regime legal aplicável.",,
TUA20230213000471,T000024,L004520.2018.RH3.V1,"Em caso de incumprimento da presente licença, o titular fica sujeito às sanções previstas no Decreto-Lei n.º 226-A/2007, de 31 de maio.",,
TUA20230213000471,T000025,L004520.2018.RH3.V1,A matéria tributável da componente E é determinada com base no programa de autocontrolo a implementar descrito em EXP8.3.16.,,
TUA20230213000471,T000026,L004520.2018.RH3.V1,"As despesas com vistorias extraordinárias inerentes à emissão desta licença, ou as que resultarem de reclamações justificadas, serão suportadas pelo seu titular.",,
TUA20230213000471,T000027,L004520.2018.RH3.V1,"O titular pode, caso se mantenham as condições que determinaram a sua atribuição, solicitar a renovação desta licença, no prazo de 6 meses antes do seu termo.",,
TUA20230213000471,T000028,L004520.2018.RH3.V1,"A licença só poderá ser transmitida mediante autorização da entidade licenciadora de acordo com o disposto no artigo 26º do Decreto-Lei n.º 226-A/2007, de 31 de maio.",,
TUA20230213000471,T000029,L004520.2018.RH3.V1,"Para efeitos de fiscalização ou inspeção, o titular fica obrigado a facultar, às Entidades Competentes, esta licença, bem como o acesso à área, construções e equipamentos a ela associados e aos registos detalhados do controlo da operação do sistema de tratamento.",,
TUA20230213000471,T000030,L004520.2018.RH3.V1,"O titular fica obrigado a informar a Entidade Licenciadora, no prazo máximo de 24 horas, de qualquer acidente ou anomalia ocorrido nas instalações que afete o cumprimento das condições indicadas nesta licença bem como das medidas já implementadas e/ou previstas para correção da situação.",,
TUA20230213000471,T000031,L004520.2018.RH3.V1,"A licença só poderá ser transacionada e temporariamente cedida mediante autorização da Entidade Licenciadora de acordo com o disposto no artigo 27.º do Decreto-Lei n.º 226-A/2007, de 31 de maio.",,
TUA20230213000471,T000032,L004520.2018.RH3.V1,"A licença caduca nas condições previstas no presente título e no artigo 33.º do Decreto-Lei n.º 226-A/2007, de 31 de maio.",,
TUA20230213000471,T000033,L004520.2018.RH3.V1,"O titular fica sujeito, de acordo com o Decreto-Lei n.º 97/2008, de 11 de junho, na sua redação atual, ao pagamento da Taxa de Recursos Hídricos (TRH) calculada de acordo com a seguinte fórmula: TRH = E + O, em que E – descarga de efluentes e O – ocupação do domínio público hídrico do Estado, se aplicável.",,
TUA20230213000471,T000034,L004520.2018.RH3.V1,"A presente licença pode ser revista ou revogada nos casos previstos nos artigos 28.º e 32.º do Decreto-Lei n.º 226-A/2007, de 31 de maio.",,
TUA20230213000471,T000035,L004520.2018.RH3.V1,"O titular obriga-se a cumprir o disposto na presente licença, em todas as leis e regulamentos vigentes, na parte em que lhe for aplicável, bem como outras normas ou regulamentos que venham a ser posteriormente aprovados e a entrar em vigor, quer as suas disposições se harmonizem ou não com os direitos e obrigações que à presente licença sejam aplicáveis.",,
TUA20230213000471,T000036,L004520.2018.RH3.V1,"Sem prejuízo das sanções aplicáveis, sempre que o registo atualizado dos valores do autocontrolo, referido em T000025, não seja reportado com a frequência trimestral ou até ao dia quinze (15) de janeiro do ano seguinte ao que diz respeito a taxa de recursos hídricos, a componente E será calculada tendo por base as características do efluente bruto estabelecidas no projeto de execução da ETAR ou incluídas na presente licença.",,
TUA20230213000471,T000037,L004520.2018.RH3.V1,"O pagamento da taxa de recursos hídricos devida é efetuado no ano seguinte àquele a que a taxa respeite até ao termo disposto na Nota de Liquidação respetiva e deve ser feito de acordo com o previsto no número 4 do artigo 16.º do Decreto-Lei n.º 97/2008, de 11 de junho, na sua redação atual.",,
TUA20230213000471,T000038,L004520.2018.RH3.V1,"A falta de pagamento atempado fica sujeito a juros de mora à taxa legal em vigor, conforme dispõe o número 5 do artigo 16.º do Decreto-Lei n.º 97/2008, de 11 de junho, na sua redação atual.",,
TUA20230213000471,T000039,L004520.2018.RH3.V1,"A rejeição de águas residuais será exclusivamente realizada no local e nas condições indicadas nesta licença, não estando autorizadas quaisquer outras descargas de efluentes, e não podendo o objeto da presente licença ser alterado sem prévia autorização da Entidade Licenciadora.",,
TUA20230213000471,T000040,L004520.2018.RH3.V1,"O titular deverá respeitar todas as leis e regulamentos aplicáveis e munir-se de quaisquer outras autorizações, licenças e registos legalmente exigíveis.",,
TUA20230213000471,T000041,L004520.2018.RH3.V1,"A Entidade Licenciadora reserva-se o direito de restringir excecionalmente o regime de utilização dos recursos hídricos agora atribuído, nomeadamente na decorrência de secas, cheias e acidentes, nos termos da presente licença e no regime legal aplicável.",,
TUA20230213000497,T000032,L001767.2013.RH5-T1.V1,"Em caso de incumprimento da presente licença, o titular fica sujeito às sanções previstas no Decreto-Lei n.º 226-A/2007, de 31 de maio.",,
TUA20230213000497,T000033,L001767.2013.RH5-T1.V1,A matéria tributável da componente E é determinada com base no Anexo – Programa de autocontrolo a implementar.,,
TUA20230213000497,T000034,L001767.2013.RH5-T1.V1,"As despesas com vistorias extraordinárias inerentes à emissão desta licença, ou as que resultarem de reclamações justificadas, serão suportadas pelo seu titular.",,
TUA20230213000497,T000035,L001767.2013.RH5-T1.V1,"O titular pode, caso se mantenham as condições que determinaram a sua atribuição, solicitar a renovação desta licença, no prazo de 6 meses antes do seu termo.",,
TUA20230213000497,T000036,L001767.2013.RH5-T1.V1,"A licença só poderá ser transmitida mediante autorização da entidade licenciadora de acordo com o disposto no artigo 26º do Decreto-Lei n.º 226-A/2007, de 31 de maio.",,
TUA20230213000497,T000037,L001767.2013.RH5-T1.V1,"Para efeitos de fiscalização ou inspeção, o titular fica obrigado a facultar, às Entidades Competentes, esta licença, bem como o acesso à área, construções e equipamentos a ela associados e aos registos detalhados do controlo da operação do sistema de tratamento.",,
TUA20230213000497,T000038,L001767.2013.RH5-T1.V1,"O titular fica obrigado a informar a Entidade Licenciadora, no prazo máximo de 24 horas, de qualquer acidente ou anomalia ocorrido nas instalações que afete o cumprimento das condições indicadas nesta licença bem como das medidas já implementadas e/ou previstas para correção da situação.",,
TUA20230213000497,T000039,L001767.2013.RH5-T1.V1,"A licença só poderá ser transacionada e temporariamente cedida mediante autorização da Entidade Licenciadora de acordo com o disposto no artigo 27.º do Decreto-Lei n.º 226-A/2007, de 31 de maio.",,
TUA20230213000497,T000040,L001767.2013.RH5-T1.V1,"A licença caduca nas condições previstas no presente título e no artigo 33.º do Decreto-Lei n.º 226-A/2007, de 31 de maio.",,
TUA20230213000497,Código,Código TURH,Condição,,
TUA20230213000497,T000041,L001767.2013.RH5-T1.V1,"O titular fica sujeito, de acordo com o Decreto-Lei n.º 97/2008, de 11 de junho, na sua redação atual, ao pagamento da Taxa de Recursos Hídricos (TRH) calculada de acordo com a seguinte fórmula: TRH = E + O, em que E – descarga de efluentes e O – ocupação do domínio público hídrico do Estado, se aplicável.",,
TUA20230213000497,T000042,L001767.2013.RH5-T1.V1,"A presente licença pode ser revista ou revogada nos casos previstos nos artigos 28.º e 32.º do Decreto-Lei n.º 226-A/2007, de 31 de maio.",,
TUA20230213000497,T000043,L001767.2013.RH5-T1.V1,"O titular obriga-se a cumprir o disposto na presente licença, em todas as leis e regulamentos vigentes, na parte em que lhe for aplicável, bem como outras normas ou regulamentos que venham a ser posteriormente aprovados e a entrar em vigor, quer as suas disposições se harmonizem ou não com os direitos e obrigações que à presente licença sejam aplicáveis.",,
TUA20230213000497,T000044,L001767.2013.RH5-T1.V1,"Sem prejuízo das sanções aplicáveis, sempre que o registo atualizado dos valores do autocontrolo, referido no ponto 4 que antecede, não seja entregue com a periodicidade definida na Licença, a componente E será calculada tendo por base as características do efluente bruto estabelecidas no projeto de execução da ETAR ou incluídas na presente licença.",,
TUA20230213000497,T000045,L001767.2013.RH5-T1.V1,As vistorias que sejam realizadas pela Entidade Licenciadora na sequência dos episódios abrangidos no ponto que antecede são suportadas pelo utilizador.,,
TUA20230213000497,T000046,L001767.2013.RH5-T1.V1,"O pagamento da taxa de recursos hídricos devida é efetuado no ano seguinte àquele a que a taxa respeite até ao termo disposto na Nota de Liquidação respetiva e deve ser feito de acordo com o previsto no número 4 do artigo 16.º do Decreto-Lei n.º 97/2008, de 11 de junho, na sua redação atual.",,
TUA20230213000497,T000047,L001767.2013.RH5-T1.V1,"A falta de pagamento atempado fica sujeito a juros de mora à taxa legal em vigor, conforme dispõe o número 5 do artigo 16.º do Decreto-Lei n.º 97/2008, de 11 de junho, na sua redação atual.",,
TUA20230213000497,T000048,L001767.2013.RH5-T1.V1,"A rejeição de águas residuais será exclusivamente realizada no local e nas condições indicadas nesta licença, não estando autorizadas quaisquer outras descargas de efluentes, e não podendo o objeto da presente licença ser alterado sem prévia autorização da Entidade Licenciadora.",,
TUA20230213000497,T000049,L001767.2013.RH5-T1.V1,"O titular deverá respeitar todas as leis e regulamentos aplicáveis e munir-se de quaisquer outras autorizações, licenças e registos legalmente exigíveis.",,
TUA20230213000497,T000050,L001767.2013.RH5-T1.V1,"A Entidade Licenciadora reserva-se o direito de restringir excecionalmente o regime de utilização dos recursos hídricos agora atribuído, nomeadamente na decorrência de secas, cheias e acidentes, nos termos da presente licença e no regime legal aplicável.",,
TUA20230216000512,T000024,L010055.2018.RH3.V1,"Em caso de incumprimento da presente licença, o titular fica sujeito às sanções previstas no Decreto-Lei n.º 226-A/2007, de 31 de maio.",,
TUA20230216000512,T000025,L010055.2018.RH3.V1,A matéria tributável da componente E é determinada com base no programa de autocontrolo a implementar descrito em EXP8.3.16.,,
TUA20230216000512,T000026,L010055.2018.RH3.V1,"As despesas com vistorias extraordinárias inerentes à emissão desta licença, ou as que resultarem de reclamações justificadas, serão suportadas pelo seu titular.",,
TUA20230216000512,T000027,L010055.2018.RH3.V1,"O titular pode, caso se mantenham as condições que determinaram a sua atribuição, solicitar a renovação desta licença, no prazo de 6 meses antes do seu termo.",,
TUA20230216000512,T000028,L010055.2018.RH3.V1,"A licença só poderá ser transmitida mediante autorização da entidade licenciadora de acordo com o disposto no artigo 26º do Decreto-Lei n.º 226-A/2007, de 31 de maio.",,
TUA20230216000512,T000029,L010055.2018.RH3.V1,"Para efeitos de fiscalização ou inspeção, o titular fica obrigado a facultar, às Entidades Competentes, esta licença, bem como o acesso à área, construções e equipamentos a ela associados e aos registos detalhados do controlo da operação do sistema de tratamento.",,
TUA20230216000512,T000030,L010055.2018.RH3.V1,"O titular fica obrigado a informar a Entidade Licenciadora, no prazo máximo de 24 horas, de qualquer acidente ou anomalia ocorrido nas instalações que afete o cumprimento das condições indicadas nesta licença bem como das medidas já implementadas e/ou previstas para correção da situação.",,
TUA20230216000512,T000031,L010055.2018.RH3.V1,"A licença só poderá ser transacionada e temporariamente cedida mediante autorização da Entidade Licenciadora de acordo com o disposto no artigo 27.º do Decreto-Lei n.º 226-A/2007, de 31 de maio.",,
TUA20230216000512,T000032,L010055.2018.RH3.V1,"A licença caduca nas condições previstas no presente título e no artigo 33.º do Decreto-Lei n.º 226-A/2007, de 31 de maio.",,
TUA20230216000512,T000033,L010055.2018.RH3.V1,"O titular fica sujeito, de acordo com o Decreto-Lei n.º 97/2008, de 11 de junho, na sua redação atual, ao pagamento da Taxa de Recursos Hídricos (TRH) calculada de acordo com a seguinte fórmula: TRH = E + O, em que E – descarga de efluentes e O – ocupação do domínio público hídrico do Estado, se aplicável.",,
TUA20230216000512,T000034,L010055.2018.RH3.V1,"A presente licença pode ser revista ou revogada nos casos previstos nos artigos 28.º e 32.º do Decreto-Lei n.º 226-A/2007, de 31 de maio.",,
TUA20230216000512,T000035,L010055.2018.RH3.V1,"O titular obriga-se a cumprir o disposto na presente licença, em todas as leis e regulamentos vigentes, na parte em que lhe for aplicável, bem como outras normas ou regulamentos que venham a ser posteriormente aprovados e a entrar em vigor, quer as suas disposições se harmonizem ou não com os direitos e obrigações que à presente licença sejam aplicáveis.",,
TUA20230216000512,T000036,L010055.2018.RH3.V1,"Sem prejuízo das sanções aplicáveis, sempre que o registo atualizado dos valores do autocontrolo, referido em T000025, não seja reportado com a frequência trimestral ou até ao dia quinze (15) de janeiro do ano seguinte ao que diz respeito a taxa de recursos hídricos, a componente E será calculada tendo por base as características do efluente bruto estabelecidas no projeto de execução da ETAR ou incluídas na presente licença.",,
TUA20230216000512,T000037,L010055.2018.RH3.V1,"O pagamento da taxa de recursos hídricos devida é efetuado no ano seguinte àquele a que a taxa respeite até ao termo disposto na Nota de Liquidação respetiva e deve ser feito de acordo com o previsto no número 4 do artigo 16.º do Decreto-Lei n.º 97/2008, de 11 de junho, na sua redação atual.",,
TUA20230216000512,T000038,L010055.2018.RH3.V1,"A falta de pagamento atempado fica sujeito a juros de mora à taxa legal em vigor, conforme dispõe o número 5 do artigo 16.º do Decreto-Lei n.º 97/2008, de 11 de junho, na sua redação atual.",,
TUA20230216000512,T000039,L010055.2018.RH3.V1,"A rejeição de águas residuais será exclusivamente realizada no local e nas condições indicadas nesta licença, não estando autorizadas quaisquer outras descargas de efluentes, e não podendo o objeto da presente licença ser alterado sem prévia autorização da Entidade Licenciadora.",,
TUA20230216000512,T000040,L010055.2018.RH3.V1,"O titular deverá respeitar todas as leis e regulamentos aplicáveis e munir-se de quaisquer outras autorizações, licenças e registos legalmente exigíveis.",,
TUA20230216000512,T000041,L010055.2018.RH3.V1,"A Entidade Licenciadora reserva-se o direito de restringir excecionalmente o regime de utilização dos recursos hídricos agora atribuído, nomeadamente na decorrência de secas, cheias e acidentes, nos termos da presente licença e no regime legal aplicável.",,
TUA20230216000513,T000026,L004518.2018.RH3.V1,"Em caso de incumprimento da presente licença, o titular fica sujeito às sanções previstas no Decreto-Lei n.º 226-A/2007, de 31 de maio.",,
TUA20230216000513,T000027,L004518.2018.RH3.V1,A matéria tributável da componente E é determinada com base no programa de autocontrolo a implementar descrito em EXP8.3.16.,,
TUA20230216000513,T000028,L004518.2018.RH3.V1,"As despesas com vistorias extraordinárias inerentes à emissão desta licença, ou as que resultarem de reclamações justificadas, serão suportadas pelo seu titular.",,
TUA20230216000513,T000029,L004518.2018.RH3.V1,"O titular pode, caso se mantenham as condições que determinaram a sua atribuição, solicitar a renovação desta licença, no prazo de 6 meses antes do seu termo.",,
TUA20230216000513,T000030,L004518.2018.RH3.V1,"A licença só poderá ser transmitida mediante autorização da entidade licenciadora de acordo com o disposto no artigo 26º do Decreto-Lei n.º 226-A/2007, de 31 de maio.",,
TUA20230216000513,T000031,L004518.2018.RH3.V1,"Para efeitos de fiscalização ou inspeção, o titular fica obrigado a facultar, às Entidades Competentes, esta licença, bem como o acesso à área, construções e equipamentos a ela associados e aos registos detalhados do controlo da operação do sistema de tratamento.",,
TUA20230216000513,T000032,L004518.2018.RH3.V1,"O titular fica obrigado a informar a Entidade Licenciadora, no prazo máximo de 24 horas, de qualquer acidente ou anomalia ocorrido nas instalações que afete o cumprimento das condições indicadas nesta licença bem como das medidas já implementadas e/ou previstas para correção da situação.",,
TUA20230216000513,T000033,L004518.2018.RH3.V1,"A licença só poderá ser transacionada e temporariamente cedida mediante autorização da Entidade Licenciadora de acordo com o disposto no artigo 27.º do Decreto-Lei n.º 226-A/2007, de 31 de maio.",,
TUA20230216000513,T000034,L004518.2018.RH3.V1,"A licença caduca nas condições previstas no presente título e no artigo 33.º do Decreto-Lei n.º 226-A/2007, de 31 de maio.",,
TUA20230216000513,T000035,L004518.2018.RH3.V1,"O titular fica sujeito, de acordo com o Decreto-Lei n.º 97/2008, de 11 de junho, na sua redação atual, ao pagamento da Taxa de Recursos Hídricos (TRH) calculada de acordo com a seguinte fórmula: TRH = E + O, em que E – descarga de efluentes e O – ocupação do domínio público hídrico do Estado, se aplicável.",,
TUA20230216000513,T000036,L004518.2018.RH3.V1,"A presente licença pode ser revista ou revogada nos casos previstos nos artigos 28.º e 32.º do Decreto-Lei n.º 226-A/2007, de 31 de maio.",,
TUA20230216000513,T000037,L004518.2018.RH3.V1,"O titular obriga-se a cumprir o disposto na presente licença, em todas as leis e regulamentos vigentes, na parte em que lhe for aplicável, bem como outras normas ou regulamentos que venham a ser posteriormente aprovados e a entrar em vigor, quer as suas disposições se harmonizem ou não com os direitos e obrigações que à presente licença sejam aplicáveis.",,
TUA20230216000513,T000038,L004518.2018.RH3.V1,"Sem prejuízo das sanções aplicáveis, sempre que o registo atualizado dos valores do autocontrolo, referido em T000027, não seja reportado com a frequência trimestral ou até ao dia quinze (15) de janeiro do ano seguinte ao que diz respeito a taxa de recursos hídricos, a componente E será calculada tendo por base as características do efluente bruto estabelecidas no projeto de execução da ETAR ou incluídas na presente licença.",,
TUA20230216000513,T000039,L004518.2018.RH3.V1,"O pagamento da taxa de recursos hídricos devida é efetuado no ano seguinte àquele a que a taxa respeite até ao termo disposto na Nota de Liquidação respetiva e deve ser feito de acordo com o previsto no número 4 do artigo 16.º do Decreto-Lei n.º 97/2008, de 11 de junho, na sua redação atual.",,
TUA20230216000513,T000040,L004518.2018.RH3.V1,"A falta de pagamento atempado fica sujeito a juros de mora à taxa legal em vigor, conforme dispõe o número 5 do artigo 16.º do Decreto-Lei n.º 97/2008, de 11 de junho, na sua redação atual.",,
TUA20230216000513,T000041,L004518.2018.RH3.V1,"A rejeição de águas residuais será exclusivamente realizada no local e nas condições indicadas nesta licença, não estando autorizadas quaisquer outras descargas de efluentes, e não podendo o objeto da presente licença ser alterado sem prévia autorização da Entidade Licenciadora.",,
TUA20230216000513,T000042,L004518.2018.RH3.V1,"O titular deverá respeitar todas as leis e regulamentos aplicáveis e munir-se de quaisquer outras autorizações, licenças e registos legalmente exigíveis.",,
TUA20230216000513,T000043,L004518.2018.RH3.V1,"A Entidade Licenciadora reserva-se o direito de restringir excecionalmente o regime de utilização dos recursos hídricos agora atribuído, nomeadamente na decorrência de secas, cheias e acidentes, nos termos da presente licença e no regime legal aplicável.",,
TUA20230220000545,T000024,L004518.2018.RH3.V2,"Em caso de incumprimento da presente licença, o titular fica sujeito às sanções previstas no Decreto-Lei n.º 226-A/2007, de 31 de maio.",,
TUA20230220000545,T000025,L004518.2018.RH3.V2,A matéria tributável da componente E é determinada com base no programa de autocontrolo a implementar descrito em EXP8.3.16.,,
TUA20230220000545,T000026,L004518.2018.RH3.V2,"As despesas com vistorias extraordinárias inerentes à emissão desta licença, ou as que resultarem de reclamações justificadas, serão suportadas pelo seu titular.",,
TUA20230220000545,T000027,L004518.2018.RH3.V2,"O titular pode, caso se mantenham as condições que determinaram a sua atribuição, solicitar a renovação desta licença, no prazo de 6 meses antes do seu termo.",,
TUA20230220000545,T000028,L004518.2018.RH3.V2,"A licença só poderá ser transmitida mediante autorização da entidade licenciadora de acordo com o disposto no artigo 26º do Decreto-Lei n.º 226-A/2007, de 31 de maio.",,
TUA20230220000545,T000029,L004518.2018.RH3.V2,"Para efeitos de fiscalização ou inspeção, o titular fica obrigado a facultar, às Entidades Competentes, esta licença, bem como o acesso à área, construções e equipamentos a ela associados e aos registos detalhados do controlo da operação do sistema de tratamento.",,
TUA20230220000545,T000030,L004518.2018.RH3.V2,"O titular fica obrigado a informar a Entidade Licenciadora, no prazo máximo de 24 horas, de qualquer acidente ou anomalia ocorrido nas instalações que afete o cumprimento das condições indicadas nesta licença bem como das medidas já implementadas e/ou previstas para correção da situação.",,
TUA20230220000545,T000031,L004518.2018.RH3.V2,"A licença só poderá ser transacionada e temporariamente cedida mediante autorização da Entidade Licenciadora de acordo com o disposto no artigo 27.º do Decreto-Lei n.º 226-A/2007, de 31 de maio.",,
TUA20230220000545,T000032,L004518.2018.RH3.V2,"A licença caduca nas condições previstas no presente título e no artigo 33.º do Decreto-Lei n.º 226-A/2007, de 31 de maio.",,
TUA20230220000545,T000033,L004518.2018.RH3.V2,"O titular fica sujeito, de acordo com o Decreto-Lei n.º 97/2008, de 11 de junho, na sua redação atual, ao pagamento da Taxa de Recursos Hídricos (TRH) calculada de acordo com a seguinte fórmula: TRH = E + O, em que E – descarga de efluentes e O – ocupação do domínio público hídrico do Estado, se aplicável.",,
TUA20230220000545,T000034,L004518.2018.RH3.V2,"A presente licença pode ser revista ou revogada nos casos previstos nos artigos 28.º e 32.º do Decreto-Lei n.º 226-A/2007, de 31 de maio.",,
TUA20230220000545,T000035,L004518.2018.RH3.V2,"O titular obriga-se a cumprir o disposto na presente licença, em todas as leis e regulamentos vigentes, na parte em que lhe for aplicável, bem como outras normas ou regulamentos que venham a ser posteriormente aprovados e a entrar em vigor, quer as suas disposições se harmonizem ou não com os direitos e obrigações que à presente licença sejam aplicáveis.",,
TUA20230220000545,T000036,L004518.2018.RH3.V2,"Sem prejuízo das sanções aplicáveis, sempre que o registo atualizado dos valores do autocontrolo, referido em T000025, não seja reportado com a frequência trimestral ou até ao dia quinze (15) de janeiro do ano seguinte ao que diz respeito a taxa de recursos hídricos, a componente E será calculada tendo por base as características do efluente bruto estabelecidas no projeto de execução da ETAR ou incluídas na presente licença.",,
TUA20230220000545,T000037,L004518.2018.RH3.V2,"O pagamento da taxa de recursos hídricos devida é efetuado no ano seguinte àquele a que a taxa respeite até ao termo disposto na Nota de Liquidação respetiva e deve ser feito de acordo com o previsto no número 4 do artigo 16.º do Decreto-Lei n.º 97/2008, de 11 de junho, na sua redação atual.",,
TUA20230220000545,T000038,L004518.2018.RH3.V2,"A falta de pagamento atempado fica sujeito a juros de mora à taxa legal em vigor, conforme dispõe o número 5 do artigo 16.º do Decreto-Lei n.º 97/2008, de 11 de junho, na sua redação atual.",,
TUA20230220000545,T000039,L004518.2018.RH3.V2,"A rejeição de águas residuais será exclusivamente realizada no local e nas condições indicadas nesta licença, não estando autorizadas quaisquer outras descargas de efluentes, e não podendo o objeto da presente licença ser alterado sem prévia autorização da Entidade Licenciadora.",,
TUA20230220000545,T000040,L004518.2018.RH3.V2,"O titular deverá respeitar todas as leis e regulamentos aplicáveis e munir-se de quaisquer outras autorizações, licenças e registos legalmente exigíveis.",,
TUA20230220000545,T000041,L004518.2018.RH3.V2,"A Entidade Licenciadora reserva-se o direito de restringir excecionalmente o regime de utilização dos recursos hídricos agora atribuído, nomeadamente na decorrência de secas, cheias e acidentes, nos termos da presente licença e no regime legal aplicável.",,
TUA20230228000613,T000039,L001772.2020.RH5A.V1,"Em caso de incumprimento da presente licença, o titular fica sujeito às sanções previstas no Decreto-Lei n.º 226-A/2007, de 31 de maio.",,
TUA20230228000613,T000040,L001772.2020.RH5A.V1,A matéria tributável da componente E é determinada com base no Anexo – Programa de autocontrolo a implementar.,,
TUA20230228000613,T000041,L001772.2020.RH5A.V1,"As despesas com vistorias extraordinárias inerentes à emissão desta licença, ou as que resultarem de reclamações justificadas, serão suportadas pelo seu titular.",,
TUA20230228000613,T000042,L001772.2020.RH5A.V1,"O titular pode, caso se mantenham as condições que determinaram a sua atribuição, solicitar a renovação desta licença, no prazo de 6 meses antes do seu termo.",,
TUA20230228000613,T000043,L001772.2020.RH5A.V1,"A licença só poderá ser transmitida mediante autorização da entidade licenciadora de acordo com o disposto no artigo 26º do Decreto-Lei n.º 226-A/2007, de 31 de maio.",,
TUA20230228000613,Código,Código TURH,Condição,,
TUA20230228000613,T000044,L001772.2020.RH5A.V1,"Para efeitos de fiscalização ou inspeção, o titular fica obrigado a facultar, às Entidades Competentes, esta licença, bem como o acesso à área, construções e equipamentos a ela associados e aos registos detalhados do controlo da operação do sistema de tratamento.",,
TUA20230228000613,T000045,L001772.2020.RH5A.V1,"O titular fica obrigado a informar a Entidade Licenciadora, no prazo máximo de 24 horas, de qualquer acidente ou anomalia ocorrido nas instalações que afete o cumprimento das condições indicadas nesta licença bem como das medidas já implementadas e/ou previstas para correção da situação.",,
TUA20230228000613,T000046,L001772.2020.RH5A.V1,"A licença só poderá ser transacionada e temporariamente cedida mediante autorização da Entidade Licenciadora de acordo com o disposto no artigo 27.º do Decreto-Lei n.º 226-A/2007, de 31 de maio.",,
TUA20230228000613,T000047,L001772.2020.RH5A.V1,"A licença caduca nas condições previstas no presente título e no artigo 33.º do Decreto-Lei n.º 226-A/2007, de 31 de maio.",,
TUA20230228000613,T000048,L001772.2020.RH5A.V1,"O titular fica sujeito, de acordo com o Decreto-Lei n.º 97/2008, de 11 de junho, na sua redação atual, ao pagamento da Taxa de Recursos Hídricos (TRH) calculada de acordo com a seguinte fórmula: TRH = E + O, em que E – descarga de efluentes e O – ocupação do domínio público hídrico do Estado, se aplicável.",,
TUA20230228000613,T000049,L001772.2020.RH5A.V1,"A presente licença pode ser revista ou revogada nos casos previstos nos artigos 28.º e 32.º do Decreto-Lei n.º 226-A/2007, de 31 de maio.",,
TUA20230228000613,T000050,L001772.2020.RH5A.V1,"O titular obriga-se a cumprir o disposto na presente licença, em todas as leis e regulamentos vigentes, na parte em que lhe for aplicável, bem como outras normas ou regulamentos que venham a ser posteriormente aprovados e a entrar em vigor, quer as suas disposições se harmonizem ou não com os direitos e obrigações que à presente licença sejam aplicáveis.",,
TUA20230228000613,T000051,L001772.2020.RH5A.V1,"Sem prejuízo das sanções aplicáveis, sempre que o registo atualizado dos valores do autocontrolo, referido no ponto 4 que antecede, não seja entregue com a periodicidade definida na Licença, a componente E será calculada tendo por base as características do efluente bruto estabelecidas no projeto de execução da ETAR ou incluídas na presente licença.",,
TUA20230228000613,T000052,L001772.2020.RH5A.V1,As vistorias que sejam realizadas pela Entidade Licenciadora na sequência dos episódios abrangidos no ponto que antecede são suportadas pelo utilizador.,,
TUA20230228000613,T000053,L001772.2020.RH5A.V1,"O pagamento da taxa de recursos hídricos devida é efetuado no ano seguinte àquele a que a taxa respeite até ao termo disposto na Nota de Liquidação respetiva e deve ser feito de acordo com o previsto no número 4 do artigo 16.º do Decreto-Lei n.º 97/2008, de 11 de junho, na sua redação atual.",,
TUA20230228000613,T000054,L001772.2020.RH5A.V1,"A falta de pagamento atempado fica sujeito a juros de mora à taxa legal em vigor, conforme dispõe o número 5 do artigo 16.º do Decreto-Lei n.º 97/2008, de 11 de junho, na sua redação atual.",,
TUA20230228000613,T000055,L001772.2020.RH5A.V1,"A rejeição de águas residuais será exclusivamente realizada no local e nas condições indicadas nesta licença, não estando autorizadas quaisquer outras descargas de efluentes, e não podendo o objeto da presente licença ser alterado sem prévia autorização da Entidade Licenciadora.",,
TUA20230228000613,T000056,L001772.2020.RH5A.V1,"O titular deverá respeitar todas as leis e regulamentos aplicáveis e munir-se de quaisquer outras autorizações, licenças e registos legalmente exigíveis.",,
TUA20230228000613,T000057,L001772.2020.RH5A.V1,"A Entidade Licenciadora reserva-se o direito de restringir excecionalmente o regime de utilização dos recursos hídricos agora atribuído, nomeadamente na decorrência de secas, cheias e acidentes, nos termos da presente licença e no regime legal aplicável.",,
TUA20230228000614,T000049,L007117.2022.RH5A.V1,"Em caso de incumprimento da presente licença, o titular fica sujeito às sanções previstas no Decreto-Lei n.º 226-A/2007, de 31 de maio.",,
TUA20230228000614,T000050,L007117.2022.RH5A.V1,A matéria tributável da componente E é determinada com base no Anexo – Programa de autocontrolo a implementar.,,
TUA20230228000614,T000051,L007117.2022.RH5A.V1,"As despesas com vistorias extraordinárias inerentes à emissão desta licença, ou as que resultarem de reclamações justificadas, serão suportadas pelo seu titular.",,
TUA20230228000614,T000052,L007117.2022.RH5A.V1,"O titular pode, caso se mantenham as condições que determinaram a sua atribuição, solicitar a renovação desta licença, no prazo de 6 meses antes do seu termo.",,
TUA20230228000614,T000053,L007117.2022.RH5A.V1,"A licença só poderá ser transmitida mediante autorização da entidade licenciadora de acordo com o disposto no artigo 26º do Decreto-Lei n.º 226-A/2007, de 31 de maio.",,
TUA20230228000614,T000054,L007117.2022.RH5A.V1,"Para efeitos de fiscalização ou inspeção, o titular fica obrigado a facultar, às Entidades Competentes, esta licença, bem como o acesso à área, construções e equipamentos a ela associados e aos registos detalhados do controlo da operação do sistema de tratamento.",,
TUA20230228000614,T000055,L007117.2022.RH5A.V1,"O titular fica obrigado a informar a Entidade Licenciadora, no prazo máximo de 24 horas, de qualquer acidente ou anomalia ocorrido nas instalações que afete o cumprimento das condições indicadas nesta licença bem como das medidas já implementadas e/ou previstas para correção da situação.",,
TUA20230228000614,T000056,L007117.2022.,A licença só poderá ser transacionada e temporariamente cedida mediante autorização da Entidade Licenciadora de acordo com o disposto no artigo 27.º,,
TUA20230228000614,Código,Código TURH,Condição,,
TUA20230228000614,,RH5A.V1,"do Decreto-Lei n.º 226-A/2007, de 31 de maio.",,
TUA20230228000614,T000057,L007117.2022.RH5A.V1,"A licença caduca nas condições previstas no presente título e no artigo 33.º do Decreto-Lei n.º 226-A/2007, de 31 de maio.",,
TUA20230228000614,T000058,L007117.2022.RH5A.V1,"O titular fica sujeito, de acordo com o Decreto-Lei n.º 97/2008, de 11 de junho, na sua redação atual, ao pagamento da Taxa de Recursos Hídricos (TRH) calculada de acordo com a seguinte fórmula: TRH = E + O, em que E – descarga de efluentes e O – ocupação do domínio público hídrico do Estado, se aplicável.",,
TUA20230228000614,T000059,L007117.2022.RH5A.V1,"A presente licença pode ser revista ou revogada nos casos previstos nos artigos 28.º e 32.º do Decreto-Lei n.º 226-A/2007, de 31 de maio.",,
TUA20230228000614,T000060,L007117.2022.RH5A.V1,"O titular obriga-se a cumprir o disposto na presente licença, em todas as leis e regulamentos vigentes, na parte em que lhe for aplicável, bem como outras normas ou regulamentos que venham a ser posteriormente aprovados e a entrar em vigor, quer as suas disposições se harmonizem ou não com os direitos e obrigações que à presente licença sejam aplicáveis.",,
TUA20230228000614,T000061,L007117.2022.RH5A.V1,"Sem prejuízo das sanções aplicáveis, sempre que o registo atualizado dos valores do autocontrolo, referido no ponto 4 que antecede, não seja entregue com a periodicidade definida na Licença, a componente E será calculada tendo por base as características do efluente bruto estabelecidas no projeto de execução da ETAR ou incluídas na presente licença.",,
TUA20230228000614,T000062,L007117.2022.RH5A.V1,As vistorias que sejam realizadas pela Entidade Licenciadora na sequência dos episódios abrangidos no ponto que antecede são suportadas pelo utilizador.,,
TUA20230228000614,T000063,L007117.2022.RH5A.V1,"O pagamento da taxa de recursos hídricos devida é efetuado no ano seguinte àquele a que a taxa respeite até ao termo disposto na Nota de Liquidação respetiva e deve ser feito de acordo com o previsto no número 4 do artigo 16.º do Decreto-Lei n.º 97/2008, de 11 de junho, na sua redação atual.",,
TUA20230228000614,T000064,L007117.2022.RH5A.V1,"A falta de pagamento atempado fica sujeito a juros de mora à taxa legal em vigor, conforme dispõe o número 5 do artigo 16.º do Decreto-Lei n.º 97/2008, de 11 de junho, na sua redação atual.",,
TUA20230228000614,T000065,L007117.2022.RH5A.V1,"A rejeição de águas residuais será exclusivamente realizada no local e nas condições indicadas nesta licença, não estando autorizadas quaisquer outras descargas de efluentes, e não podendo o objeto da presente licença ser alterado sem prévia autorização da Entidade Licenciadora.",,
TUA20230228000614,T000066,L007117.2022.RH5A.V1,"O titular deverá respeitar todas as leis e regulamentos aplicáveis e munir-se de quaisquer outras autorizações, licenças e registos legalmente exigíveis.",,
TUA20230228000614,T000067,L007117.2022.RH5A.V1,"A Entidade Licenciadora reserva-se o direito de restringir excecionalmente o regime de utilização dos recursos hídricos agora atribuído, nomeadamente na decorrência de secas, cheias e acidentes, nos termos da presente licença e no regime legal aplicável.",,
TUA20230328000995,T000024,L009129.2018.RH3.V1,"Em caso de incumprimento da presente licença, o titular fica sujeito às sanções previstas no Decreto-Lei n.º 226-A/2007, de 31 de maio.",,
TUA20230328000995,T000025,L009129.2018.RH3.V1,A matéria tributável da componente E é determinada com base no programa de autocontrolo a implementar descrito em EXP8.3.16.,,
TUA20230328000995,T000026,L009129.2018.RH3.V1,"As despesas com vistorias extraordinárias inerentes à emissão desta licença, ou as que resultarem de reclamações justificadas, serão suportadas pelo seu titular.",,
TUA20230328000995,T000027,L009129.2018.RH3.V1,"O titular pode, caso se mantenham as condições que determinaram a sua atribuição, solicitar a renovação desta licença, no prazo de 6 meses antes do seu termo.",,
TUA20230328000995,T000028,L009129.2018.RH3.V1,"A licença só poderá ser transmitida mediante autorização da entidade licenciadora de acordo com o disposto no artigo 26º do Decreto-Lei n.º 226-A/2007, de 31 de maio.",,
TUA20230328000995,T000029,L009129.2018.RH3.V1,"Para efeitos de fiscalização ou inspeção, o titular fica obrigado a facultar, às Entidades Competentes, esta licença, bem como o acesso à área, construções e equipamentos a ela associados e aos registos detalhados do controlo da operação do sistema de tratamento.",,
TUA20230328000995,T000030,L009129.2018.RH3.V1,"O titular fica obrigado a informar a Entidade Licenciadora, no prazo máximo de 24 horas, de qualquer acidente ou anomalia ocorrido nas instalações que afete o cumprimento das condições indicadas nesta licença bem como das medidas já implementadas e/ou previstas para correção da situação.",,
TUA20230328000995,T000031,L009129.2018.RH3.V1,"A licença só poderá ser transacionada e temporariamente cedida mediante autorização da Entidade Licenciadora de acordo com o disposto no artigo 27.º do Decreto-Lei n.º 226-A/2007, de 31 de maio.",,
TUA20230328000995,T000032,L009129.2018.RH3.V1,"A licença caduca nas condições previstas no presente título e no artigo 33.º do Decreto-Lei n.º 226-A/2007, de 31 de maio.",,
TUA20230328000995,T000033,L009129.2018.RH3.V1,"O titular fica sujeito, de acordo com o Decreto-Lei n.º 97/2008, de 11 de junho, na sua redação atual, ao pagamento da Taxa de Recursos Hídricos (TRH) calculada de acordo com a seguinte fórmula: TRH = E + O, em que E – descarga de efluentes e O – ocupação do domínio público hídrico do Estado, se aplicável.",,
TUA20230328000995,T000034,L009129.2018.RH3.V1,"A presente licença pode ser revista ou revogada nos casos previstos nos artigos 28.º e 32.º do Decreto-Lei n.º 226-A/2007, de 31 de maio.",,
TUA20230328000995,T000035,L009129.2018.RH3.V1,"O titular obriga-se a cumprir o disposto na presente licença, em todas as leis e regulamentos vigentes, na parte em que lhe for aplicável, bem como outras normas ou regulamentos que venham a ser posteriormente aprovados e a entrar em vigor, quer as suas disposições se harmonizem ou não com os direitos e obrigações que à presente licença sejam aplicáveis.",,
TUA20230328000995,T000036,L009129.2018.RH3.V1,"Sem prejuízo das sanções aplicáveis, sempre que o registo atualizado dos valores do autocontrolo, referido em T000025, não seja reportado com a frequência trimestral ou até ao dia quinze (15) de janeiro do ano seguinte ao que diz respeito a taxa de recursos hídricos, a componente E será calculada tendo por base as características do efluente bruto estabelecidas no projeto de execução da ETAR ou incluídas na presente licença.",,
TUA20230328000995,T000037,L009129.2018.RH3.V1,"O pagamento da taxa de recursos hídricos devida é efetuado no ano seguinte àquele a que a taxa respeite até ao termo disposto na Nota de Liquidação respetiva e deve ser feito de acordo com o previsto no número 4 do artigo 16.º do Decreto-Lei n.º 97/2008, de 11 de junho, na sua redação atual.",,
TUA20230328000995,T000038,L009129.2018.RH3.V1,"A falta de pagamento atempado fica sujeito a juros de mora à taxa legal em vigor, conforme dispõe o número 5 do artigo 16.º do Decreto-Lei n.º 97/2008, de 11 de junho, na sua redação atual.",,
TUA20230328000995,T000039,L009129.2018.RH3.V1,"A rejeição de águas residuais será exclusivamente realizada no local e nas condições indicadas nesta licença, não estando autorizadas quaisquer outras descargas de efluentes, e não podendo o objeto da presente licença ser alterado sem prévia autorização da Entidade Licenciadora.",,
TUA20230328000995,T000040,L009129.2018.RH3.V1,"O titular deverá respeitar todas as leis e regulamentos aplicáveis e munir-se de quaisquer outras autorizações, licenças e registos legalmente exigíveis.",,
TUA20230328000995,T000041,L009129.2018.RH3.V1,"A Entidade Licenciadora reserva-se o direito de restringir excecionalmente o regime de utilização dos recursos hídricos agora atribuído, nomeadamente na decorrência de secas, cheias e acidentes, nos termos da presente licença e no regime legal aplicável.",,
TUA20230328000996,T000026,L009136.2018.RH3.V1,"Em caso de incumprimento da presente licença, o titular fica sujeito às sanções previstas no Decreto-Lei n.º 226-A/2007, de 31 de maio.",,
TUA20230328000996,T000027,L009136.2018.RH3.V1,A matéria tributável da componente E é determinada com base no programa de autocontrolo a implementar descrito em EXP8.3.16.,,
TUA20230328000996,T000028,L009136.2018.RH3.V1,"As despesas com vistorias extraordinárias inerentes à emissão desta licença, ou as que resultarem de reclamações justificadas, serão suportadas pelo seu titular.",,
TUA20230328000996,T000029,L009136.2018.RH3.V1,"O titular pode, caso se mantenham as condições que determinaram a sua atribuição, solicitar a renovação desta licença, no prazo de 6 meses antes do seu termo.",,
TUA20230328000996,T000030,L009136.2018.RH3.V1,"A licença só poderá ser transmitida mediante autorização da entidade licenciadora de acordo com o disposto no artigo 26º do Decreto-Lei n.º 226-A/2007, de 31 de maio.",,
TUA20230328000996,T000031,L009136.2018.RH3.V1,"Para efeitos de fiscalização ou inspeção, o titular fica obrigado a facultar, às Entidades Competentes, esta licença, bem como o acesso à área, construções e equipamentos a ela associados e aos registos detalhados do controlo da operação do sistema de tratamento.",,
TUA20230328000996,T000032,L009136.2018.RH3.V1,"O titular fica obrigado a informar a Entidade Licenciadora, no prazo máximo de 24 horas, de qualquer acidente ou anomalia ocorrido nas instalações que afete o cumprimento das condições indicadas nesta licença bem como das medidas já implementadas e/ou previstas para correção da situação.",,
TUA20230328000996,T000033,L009136.2018.RH3.V1,"A licença só poderá ser transacionada e temporariamente cedida mediante autorização da Entidade Licenciadora de acordo com o disposto no artigo 27.º do Decreto-Lei n.º 226-A/2007, de 31 de maio.",,
TUA20230328000996,T000034,L009136.2018.RH3.V1,"A licença caduca nas condições previstas no presente título e no artigo 33.º do Decreto-Lei n.º 226-A/2007, de 31 de maio.",,
TUA20230328000996,T000035,L009136.2018.RH3.V1,"O titular fica sujeito, de acordo com o Decreto-Lei n.º 97/2008, de 11 de junho, na sua redação atual, ao pagamento da Taxa de Recursos Hídricos (TRH) calculada de acordo com a seguinte fórmula: TRH = E + O, em que E – descarga de efluentes e O – ocupação do domínio público hídrico do Estado, se aplicável.",,
TUA20230328000996,T000036,L009136.2018.RH3.V1,"A presente licença pode ser revista ou revogada nos casos previstos nos artigos 28.º e 32.º do Decreto-Lei n.º 226-A/2007, de 31 de maio.",,
TUA20230328000996,T000037,L009136.2018.RH3.V1,"O titular obriga-se a cumprir o disposto na presente licença, em todas as leis e regulamentos vigentes, na parte em que lhe for aplicável, bem como outras normas ou regulamentos que venham a ser posteriormente aprovados e a entrar em vigor, quer as suas disposições se harmonizem ou não com os direitos e obrigações que à presente licença sejam aplicáveis.",,
TUA20230328000996,T000038,L009136.2018.RH3.V1,"Sem prejuízo das sanções aplicáveis, sempre que o registo atualizado dos valores do autocontrolo, referido em T000027, não seja reportado com a frequência trimestral ou até ao dia quinze (15) de janeiro do ano seguinte ao que diz respeito a taxa de recursos hídricos, a componente E será calculada tendo por base as características do efluente bruto estabelecidas no projeto de execução da ETAR ou incluídas na presente licença.",,
TUA20230328000996,T000039,L009136.2018.RH3.V1,"O pagamento da taxa de recursos hídricos devida é efetuado no ano seguinte àquele a que a taxa respeite até ao termo disposto na Nota de Liquidação respetiva e deve ser feito de acordo com o previsto no número 4 do artigo 16.º do Decreto-Lei n.º 97/2008, de 11 de junho, na sua redação atual.",,
TUA20230328000996,T000040,L009136.2018.RH3.V1,"A falta de pagamento atempado fica sujeito a juros de mora à taxa legal em vigor, conforme dispõe o número 5 do artigo 16.º do Decreto-Lei n.º 97/2008, de 11 de junho, na sua redação atual.",,
TUA20230328000996,T000041,L009136.2018.RH3.V1,"A rejeição de águas residuais será exclusivamente realizada no local e nas condições indicadas nesta licença, não estando autorizadas quaisquer outras descargas de efluentes, e não podendo o objeto da presente licença ser alterado sem prévia autorização da Entidade Licenciadora.",,
TUA20230328000996,T000042,L009136.2018.RH3.V1,"O titular deverá respeitar todas as leis e regulamentos aplicáveis e munir-se de quaisquer outras autorizações, licenças e registos legalmente exigíveis.",,
TUA20230328000996,T000043,L009136.2018.RH3.V1,"A Entidade Licenciadora reserva-se o direito de restringir excecionalmente o regime de utilização dos recursos hídricos agora atribuído, nomeadamente na decorrência de secas, cheias e acidentes, nos termos da presente licença e no regime legal aplicável.",,
TUA20230421001258,T000026,L010060.2018.RH3.V1,"Em caso de incumprimento da presente licença, o titular fica sujeito às sanções previstas no Decreto-Lei n.º 226-A/2007, de 31 de maio.",,
TUA20230421001258,T000027,L010060.2018.RH3.V1,A matéria tributável da componente E é determinada com base no programa de autocontrolo a implementar descrito em EXP8.3.16.,,
TUA20230421001258,T000028,L010060.2018.RH3.V1,"As despesas com vistorias extraordinárias inerentes à emissão desta licença, ou as que resultarem de reclamações justificadas, serão suportadas pelo seu titular.",,
TUA20230421001258,T000029,L010060.2018.RH3.V1,"A licença só poderá ser transmitida mediante autorização da entidade licenciadora de acordo com o disposto no artigo 26º do Decreto-Lei n.º 226-A/2007, de 31 de maio.",,
TUA20230421001258,T000030,L010060.2018.RH3.V1,"Para efeitos de fiscalização ou inspeção, o titular fica obrigado a facultar, às Entidades Competentes, esta licença, bem como o acesso à área, construções e equipamentos a ela associados e aos registos detalhados do controlo da operação do sistema de tratamento.",,
TUA20230421001258,T000031,L010060.2018.RH3.V1,"O titular fica obrigado a informar a Entidade Licenciadora, no prazo máximo de 24 horas, de qualquer acidente ou anomalia ocorrido nas instalações que afete o cumprimento das condições indicadas nesta licença bem como das medidas já implementadas e/ou previstas para correção da situação.",,
TUA20230421001258,T000032,L010060.2018.RH3.V1,"A licença só poderá ser transacionada e temporariamente cedida mediante autorização da Entidade Licenciadora de acordo com o disposto no artigo 27.º do Decreto-Lei n.º 226-A/2007, de 31 de maio.",,
TUA20230421001258,T000033,L010060.2018.RH3.V1,"A licença caduca nas condições previstas no presente título e no artigo 33.º do Decreto-Lei n.º 226-A/2007, de 31 de maio.",,
TUA20230421001258,T000034,L010060.2018.RH3.V1,"O titular fica sujeito, de acordo com o Decreto-Lei n.º 97/2008, de 11 de junho, na sua redação atual, ao pagamento da Taxa de Recursos Hídricos (TRH) calculada de acordo com a seguinte fórmula: TRH = E + O, em que E – descarga de efluentes e O – ocupação do domínio público hídrico do Estado, se aplicável.",,
TUA20230421001258,T000035,L010060.2018.RH3.V1,"A presente licença pode ser revista ou revogada nos casos previstos nos artigos 28.º e 32.º do Decreto-Lei n.º 226-A/2007, de 31 de maio.",,
TUA20230421001258,T000036,L010060.2018.RH3.V1,"O titular obriga-se a cumprir o disposto na presente licença, em todas as leis e regulamentos vigentes, na parte em que lhe for aplicável, bem como outras normas ou regulamentos que venham a ser posteriormente aprovados e a entrar em vigor, quer as suas disposições se harmonizem ou não com os direitos e obrigações que à presente licença sejam aplicáveis.",,
TUA20230421001258,T000037,L010060.2018.RH3.V1,"Sem prejuízo das sanções aplicáveis, sempre que o registo atualizado dos valores do autocontrolo, referido em T000027, não seja reportado com a frequência trimestral ou até ao dia quinze (15) de janeiro do ano seguinte ao que diz respeito a taxa de recursos hídricos, a componente E será calculada tendo por base as características do efluente bruto estabelecidas no projeto de execução da ETAR ou incluídas na presente licença.",,
TUA20230421001258,T000038,L010060.2018.RH3.V1,"O pagamento da taxa de recursos hídricos devida é efetuado no ano seguinte àquele a que a taxa respeite até ao termo disposto na Nota de Liquidação respetiva e deve ser feito de acordo com o previsto no número 4 do artigo 16.º do Decreto-Lei n.º 97/2008, de 11 de junho, na sua redação atual.",,
TUA20230421001258,T000039,L010060.2018.RH3.V1,"A falta de pagamento atempado fica sujeito a juros de mora à taxa legal em vigor, conforme dispõe o número 5 do artigo 16.º do Decreto-Lei n.º 97/2008, de 11 de junho, na sua redação atual.",,
TUA20230421001258,T000040,L010060.2018.RH3.V1,"A rejeição de águas residuais será exclusivamente realizada no local e nas condições indicadas nesta licença, não estando autorizadas quaisquer outras descargas de efluentes, e não podendo o objeto da presente licença ser alterado sem prévia autorização da Entidade Licenciadora.",,
TUA20230421001258,T000041,L010060.2018.RH3.V1,"O titular deverá respeitar todas as leis e regulamentos aplicáveis e munir-se de quaisquer outras autorizações, licenças e registos legalmente exigíveis.",,
TUA20230421001258,T000042,L010060.2018.RH3.V1,"A Entidade Licenciadora reserva-se o direito de restringir excecionalmente o regime de utilização dos recursos hídricos agora atribuído, nomeadamente na decorrência de secas, cheias e acidentes, nos termos da presente licença e no regime legal aplicável.",,
TUA20230421001259,T000023,L010061.2018.RH3.V1,"Em caso de incumprimento da presente licença, o titular fica sujeito às sanções previstas no Decreto-Lei n.º 226-A/2007, de 31 de maio.",,
TUA20230421001259,T000024,L010061.2018.RH3.V1,A matéria tributável da componente E é determinada com base no programa de autocontrolo a implementar descrito em EXP8.3.16.,,
TUA20230421001259,T000025,L010061.2018.RH3.V1,"As despesas com vistorias extraordinárias inerentes à emissão desta licença, ou as que resultarem de reclamações justificadas, serão suportadas pelo seu titular.",,
TUA20230421001259,T000026,L010061.2018.RH3.V1,"A licença só poderá ser transmitida mediante autorização da entidade licenciadora de acordo com o disposto no artigo 26º do Decreto-Lei n.º 226-A/2007, de 31 de maio.",,
TUA20230421001259,T000027,L010061.2018.RH3.V1,"Para efeitos de fiscalização ou inspeção, o titular fica obrigado a facultar, às Entidades Competentes, esta licença, bem como o acesso à área, construções e equipamentos a ela associados e aos registos detalhados do controlo da operação do sistema de tratamento.",,
TUA20230421001259,T000028,L010061.2018.RH3.V1,"O titular fica obrigado a informar a Entidade Licenciadora, no prazo máximo de 24 horas, de qualquer acidente ou anomalia ocorrido nas instalações que afete o cumprimento das condições indicadas nesta licença bem como das medidas já implementadas e/ou previstas para correção da situação.",,
TUA20230421001259,T000029,L010061.2018.RH3.V1,"A licença só poderá ser transacionada e temporariamente cedida mediante autorização da Entidade Licenciadora de acordo com o disposto no artigo 27.º do Decreto-Lei n.º 226-A/2007, de 31 de maio.",,
TUA20230421001259,T000030,L010061.2018.RH3.V1,"A licença caduca nas condições previstas no presente título e no artigo 33.º do Decreto-Lei n.º 226-A/2007, de 31 de maio.",,
TUA20230421001259,T000031,L010061.2018.RH3.V1,"O titular fica sujeito, de acordo com o Decreto-Lei n.º 97/2008, de 11 de junho, na sua redação atual, ao pagamento da Taxa de Recursos Hídricos (TRH) calculada de acordo com a seguinte fórmula: TRH = E + O, em que E – descarga de efluentes e O – ocupação do domínio público hídrico do Estado, se aplicável.",,
TUA20230421001259,T000032,L010061.2018.RH3.V1,"A presente licença pode ser revista ou revogada nos casos previstos nos artigos 28.º e 32.º do Decreto-Lei n.º 226-A/2007, de 31 de maio.",,
TUA20230421001259,T000033,L010061.2018.RH3.V1,"O titular obriga-se a cumprir o disposto na presente licença, em todas as leis e regulamentos vigentes, na parte em que lhe for aplicável, bem como outras normas ou regulamentos que venham a ser posteriormente aprovados e a entrar em vigor, quer as suas disposições se harmonizem ou não com os direitos e obrigações que à presente licença sejam aplicáveis.",,
TUA20230421001259,T000034,L010061.2018.RH3.V1,"Sem prejuízo das sanções aplicáveis, sempre que o registo atualizado dos valores do autocontrolo, referido em T000024, não seja reportado com a frequência trimestral ou até ao dia quinze (15) de janeiro do ano seguinte ao que diz respeito a taxa de recursos hídricos, a componente E será calculada tendo por base as características do efluente bruto estabelecidas no projeto de execução da ETAR ou incluídas na presente licença.",,
TUA20230421001259,T000035,L010061.2018.RH3.V1,"O pagamento da taxa de recursos hídricos devida é efetuado no ano seguinte àquele a que a taxa respeite até ao termo disposto na Nota de Liquidação respetiva e deve ser feito de acordo com o previsto no número 4 do artigo 16.º do Decreto-Lei n.º 97/2008, de 11 de junho, na sua redação atual.",,
TUA20230421001259,T000036,L010061.2018.RH3.V1,"A falta de pagamento atempado fica sujeito a juros de mora à taxa legal em vigor, conforme dispõe o número 5 do artigo 16.º do Decreto-Lei n.º 97/2008, de 11 de junho, na sua redação atual.",,
TUA20230421001259,T000037,L010061.2018.RH3.V1,"A rejeição de águas residuais será exclusivamente realizada no local e nas condições indicadas nesta licença, não estando autorizadas quaisquer outras descargas de efluentes, e não podendo o objeto da presente licença ser alterado sem prévia autorização da Entidade Licenciadora.",,
TUA20230421001259,T000038,L010061.2018.RH3.V1,"O titular deverá respeitar todas as leis e regulamentos aplicáveis e munir-se de quaisquer outras autorizações, licenças e registos legalmente exigíveis.",,
TUA20230421001259,T000039,L010061.2018.RH3.V1,"A Entidade Licenciadora reserva-se o direito de restringir excecionalmente o regime de utilização dos recursos hídricos agora atribuído, nomeadamente na decorrência de secas, cheias e acidentes, nos termos da presente licença e no regime legal aplicável.",,
TUA20230421001260,T000026,L011919.2018.RH3.V1,"Em caso de incumprimento da presente licença, o titular fica sujeito às sanções previstas no Decreto-Lei n.º 226-A/2007, de 31 de maio.",,
TUA20230421001260,T000027,L011919.2018.RH3.V1,A matéria tributável da componente E é determinada com base no programa de autocontrolo a implementar descrito em EXP8.3.16.,,
TUA20230421001260,T000028,L011919.2018.RH3.V1,"As despesas com vistorias extraordinárias inerentes à emissão desta licença, ou as que resultarem de reclamações justificadas, serão suportadas pelo seu titular.",,
TUA20230421001260,T000029,L011919.2018.RH3.V1,"A licença só poderá ser transmitida mediante autorização da entidade licenciadora de acordo com o disposto no artigo 26º do Decreto-Lei n.º 226-A/2007, de 31 de maio.",,
TUA20230421001260,T000030,L011919.2018.RH3.V1,"Para efeitos de fiscalização ou inspeção, o titular fica obrigado a facultar, às Entidades Competentes, esta licença, bem como o acesso à área, construções e equipamentos a ela associados e aos registos detalhados do controlo da operação do sistema de tratamento.",,
TUA20230421001260,T000031,L011919.2018.RH3.V1,"O titular fica obrigado a informar a Entidade Licenciadora, no prazo máximo de 24 horas, de qualquer acidente ou anomalia ocorrido nas instalações que afete o cumprimento das condições indicadas nesta licença bem como das medidas já implementadas e/ou previstas para correção da situação.",,
TUA20230421001260,T000032,L011919.2018.RH3.V1,"A licença só poderá ser transacionada e temporariamente cedida mediante autorização da Entidade Licenciadora de acordo com o disposto no artigo 27.º do Decreto-Lei n.º 226-A/2007, de 31 de maio.",,
TUA20230421001260,T000033,L011919.2018.RH3.V1,"A licença caduca nas condições previstas no presente título e no artigo 33.º do Decreto-Lei n.º 226-A/2007, de 31 de maio.",,
TUA20230421001260,T000034,L011919.2018.RH3.V1,"O titular fica sujeito, de acordo com o Decreto-Lei n.º 97/2008, de 11 de junho, na sua redação atual, ao pagamento da Taxa de Recursos Hídricos (TRH) calculada de acordo com a seguinte fórmula: TRH = E + O, em que E – descarga de efluentes e O – ocupação do domínio público hídrico do Estado, se aplicável.",,
TUA20230421001260,T000035,L011919.2018.RH3.V1,"A presente licença pode ser revista ou revogada nos casos previstos nos artigos 28.º e 32.º do Decreto-Lei n.º 226-A/2007, de 31 de maio.",,
TUA20230421001260,T000036,L011919.2018.RH3.V1,"O titular obriga-se a cumprir o disposto na presente licença, em todas as leis e regulamentos vigentes, na parte em que lhe for aplicável, bem como outras normas ou regulamentos que venham a ser posteriormente aprovados e a entrar em vigor, quer as suas disposições se harmonizem ou não com os direitos e obrigações que à presente licença sejam aplicáveis.",,
TUA20230421001260,T000037,L011919.2018.RH3.V1,"Sem prejuízo das sanções aplicáveis, sempre que o registo atualizado dos valores do autocontrolo, referido em T000027, não seja reportado com a frequência trimestral ou até ao dia quinze (15) de janeiro do ano seguinte ao que diz respeito a taxa de recursos hídricos, a componente E será calculada tendo por base as características do efluente bruto estabelecidas no projeto de execução da ETAR ou incluídas na presente licença.",,
TUA20230421001260,T000038,L011919.2018.RH3.V1,"O pagamento da taxa de recursos hídricos devida é efetuado no ano seguinte àquele a que a taxa respeite até ao termo disposto na Nota de Liquidação respetiva e deve ser feito de acordo com o previsto no número 4 do artigo 16.º do Decreto-Lei n.º 97/2008, de 11 de junho, na sua redação atual.",,
TUA20230421001260,T000039,L011919.2018.RH3.V1,"A falta de pagamento atempado fica sujeito a juros de mora à taxa legal em vigor, conforme dispõe o número 5 do artigo 16.º do Decreto-Lei n.º 97/2008, de 11 de junho, na sua redação atual.",,
TUA20230421001260,T000040,L011919.2018.RH3.V1,"A rejeição de águas residuais será exclusivamente realizada no local e nas condições indicadas nesta licença, não estando autorizadas quaisquer outras descargas de efluentes, e não podendo o objeto da presente licença ser alterado sem prévia autorização da Entidade Licenciadora.",,
TUA20230421001260,T000041,L011919.2018.RH3.V1,"O titular deverá respeitar todas as leis e regulamentos aplicáveis e munir-se de quaisquer outras autorizações, licenças e registos legalmente exigíveis.",,
TUA20230421001260,T000042,L011919.2018.RH3.V1,"A Entidade Licenciadora reserva-se o direito de restringir excecionalmente o regime de utilização dos recursos hídricos agora atribuído, nomeadamente na decorrência de secas, cheias e acidentes, nos termos da presente licença e no regime legal aplicável.",,
TUA20230421001263,T000026,L010047.2018.RH3.V1,"Em caso de incumprimento da presente licença, o titular fica sujeito às sanções previstas no Decreto-Lei n.º 226-A/2007, de 31 de maio.",,
TUA20230421001263,T000027,L010047.2018.RH3.V1,A matéria tributável da componente E é determinada com base no programa de autocontrolo a implementar descrito em EXP8.3.16.,,
TUA20230421001263,T000028,L010047.2018.RH3.V1,"As despesas com vistorias extraordinárias inerentes à emissão desta licença, ou as que resultarem de reclamações justificadas, serão suportadas pelo seu titular.",,
TUA20230421001263,T000029,L010047.2018.RH3.V1,"A licença só poderá ser transmitida mediante autorização da entidade licenciadora de acordo com o disposto no artigo 26º do Decreto-Lei n.º 226-A/2007, de 31 de maio.",,
TUA20230421001263,T000030,L010047.2018.RH3.V1,"Para efeitos de fiscalização ou inspeção, o titular fica obrigado a facultar, às Entidades Competentes, esta licença, bem como o acesso à área, construções e equipamentos a ela associados e aos registos detalhados do controlo da operação do sistema de tratamento.",,
TUA20230421001263,T000031,L010047.2018.RH3.V1,"O titular fica obrigado a informar a Entidade Licenciadora, no prazo máximo de 24 horas, de qualquer acidente ou anomalia ocorrido nas instalações que afete o cumprimento das condições indicadas nesta licença bem como das medidas já implementadas e/ou previstas para correção da situação.",,
TUA20230421001263,T000032,L010047.2018.RH3.V1,"A licença só poderá ser transacionada e temporariamente cedida mediante autorização da Entidade Licenciadora de acordo com o disposto no artigo 27.º do Decreto-Lei n.º 226-A/2007, de 31 de maio.",,
TUA20230421001263,T000033,L010047.2018.RH3.V1,"A licença caduca nas condições previstas no presente título e no artigo 33.º do Decreto-Lei n.º 226-A/2007, de 31 de maio.",,
TUA20230421001263,T000034,L010047.2018.RH3.V1,"O titular fica sujeito, de acordo com o Decreto-Lei n.º 97/2008, de 11 de junho, na sua redação atual, ao pagamento da Taxa de Recursos Hídricos (TRH) calculada de acordo com a seguinte fórmula: TRH = E + O, em que E – descarga de efluentes e O – ocupação do domínio público hídrico do Estado, se aplicável.",,
TUA20230421001263,T000035,L010047.2018.RH3.V1,"A presente licença pode ser revista ou revogada nos casos previstos nos artigos 28.º e 32.º do Decreto-Lei n.º 226-A/2007, de 31 de maio.",,
TUA20230421001263,T000036,L010047.2018.RH3.V1,"O titular obriga-se a cumprir o disposto na presente licença, em todas as leis e regulamentos vigentes, na parte em que lhe for aplicável, bem como outras normas ou regulamentos que venham a ser posteriormente aprovados e a entrar em vigor, quer as suas disposições se harmonizem ou não com os direitos e obrigações que à presente licença sejam aplicáveis.",,
TUA20230421001263,T000037,L010047.2018.RH3.V1,"Sem prejuízo das sanções aplicáveis, sempre que o registo atualizado dos valores do autocontrolo, referido em T000027, não seja reportado com a frequência trimestral ou até ao dia quinze (15) de janeiro do ano seguinte ao que diz respeito a taxa de recursos hídricos, a componente E será calculada tendo por base as características do efluente bruto estabelecidas no projeto de execução da ETAR ou incluídas na presente licença.",,
TUA20230421001263,T000038,L010047.2018.RH3.V1,"O pagamento da taxa de recursos hídricos devida é efetuado no ano seguinte àquele a que a taxa respeite até ao termo disposto na Nota de Liquidação respetiva e deve ser feito de acordo com o previsto no número 4 do artigo 16.º do Decreto-Lei n.º 97/2008, de 11 de junho, na sua redação atual.",,
TUA20230421001263,T000039,L010047.2018.RH3.V1,"A falta de pagamento atempado fica sujeito a juros de mora à taxa legal em vigor, conforme dispõe o número 5 do artigo 16.º do Decreto-Lei n.º 97/2008, de 11 de junho, na sua redação atual.",,
TUA20230421001263,T000040,L010047.2018.RH3.V1,"A rejeição de águas residuais será exclusivamente realizada no local e nas condições indicadas nesta licença, não estando autorizadas quaisquer outras descargas de efluentes, e não podendo o objeto da presente licença ser alterado sem prévia autorização da Entidade Licenciadora.",,
TUA20230421001263,T000041,L010047.2018.RH3.V1,"O titular deverá respeitar todas as leis e regulamentos aplicáveis e munir-se de quaisquer outras autorizações, licenças e registos legalmente exigíveis.",,
TUA20230421001263,T000042,L010047.2018.RH3.V1,"A Entidade Licenciadora reserva-se o direito de restringir excecionalmente o regime de utilização dos recursos hídricos agora atribuído, nomeadamente na decorrência de secas, cheias e acidentes, nos termos da presente licença e no regime legal aplicável.",,
TUA20230423001281,T000029,L004998.2016.RH7.V1,"A rejeição de águas residuais será exclusivamente realizada no local e nas condições indicadas nesta licença, não estando autorizadas quaisquer outras descargas de efluentes, e não podendo o objeto da presente licença ser alterado sem prévia autorização da Entidade Licenciadora.",,
TUA20230423001281,T000030,L004998.2016.RH7.V1,"O titular obriga-se a cumprir o disposto na presente licença, em todas as leis e regulamentos vigentes, na parte em que lhe for aplicável, bem como outras normas ou regulamentos que venham a ser posteriormente aprovados e a entrar em vigor, quer as suas disposições se harmonizem ou não com os direitos e obrigações que à presente licença sejam aplicáveis.",,
TUA20230423001281,T000031,L004998.2016.RH7.V1,"O titular fica sujeito, de acordo com o Decreto-Lei n.º 97/2008, de 11 de junho, na sua redação atual, ao pagamento da Taxa de Recursos Hídricos (TRH) calculada de acordo com a seguinte fórmula: TRH = E + O, em que E – descarga de efluentes e O – ocupação do domínio público hídrico do Estado, se aplicável.",,
TUA20230423001281,T000032,L004998.2016.RH7.V1,A matéria tributável da componente E é determinada com base no Anexo – Programa de autocontrolo a implementar.,,
TUA20230423001281,T000033,L004998.2016.RH7.V1,"Sem prejuízo das sanções aplicáveis, sempre que o registo atualizado dos valores do autocontrolo, referido no ponto 4 que antecede, não seja entregue com a periodicidade definida na Licença, a componente E será calculada tendo por base as características do efluente bruto estabelecidas no projeto de execução da ETAR ou incluídas na presente licença.",,
TUA20230423001281,T000034,L004998.2016.RH7.V1,"O pagamento da taxa de recursos hídricos devida é efetuado no ano seguinte àquele a que a taxa respeite até ao termo disposto na Nota de Liquidação respetiva e deve ser feito de acordo com o previsto no número 4 do artigo 16.º do Decreto-Lei n.º 97/2008, de 11 de junho, na sua redação atual.",,
TUA20230423001281,T000035,L004998.2016.RH7.V1,"A falta de pagamento atempado fica sujeito a juros de mora à taxa legal em vigor, conforme dispõe o número 5 do artigo 16.º do Decreto-Lei n.º 97/2008, de 11 de junho, na sua redação atual.",,
TUA20230423001281,T000036,L004998.2016.RH7.V1,"Para efeitos de fiscalização ou inspeção, o titular fica obrigado a facultar, às Entidades Competentes, esta licença, bem como o acesso à área, construções e equipamentos a ela associados e aos registos detalhados do controlo da operação do sistema de tratamento.",,
TUA20230423001281,T000037,L004998.2016.RH7.V1,"As despesas com vistorias extraordinárias inerentes à emissão desta licença, ou as que resultarem de reclamações justificadas, serão suportadas pelo seu titular.",,
TUA20230423001281,T000038,L004998.2016.RH7.,"A presente licença pode ser revista ou revogada nos casos previstos nos artigos 28.º e 32.º do Decreto-Lei n.º 226-A/2007, de 31 de maio.",,
TUA20230423001281,Código,Código TURH,Condição,,
TUA20230423001281,,V1,,,
TUA20230423001281,T000039,L004998.2016.RH7.V1,"A Entidade Licenciadora reserva-se o direito de restringir excecionalmente o regime de utilização dos recursos hídricos agora atribuído, nomeadamente na decorrência de secas, cheias e acidentes, nos termos da presente licença e no regime legal aplicável.",,
TUA20230423001281,T000040,L004998.2016.RH7.V1,"A licença só poderá ser transmitida mediante autorização da entidade licenciadora de acordo com o disposto no artigo 26º do Decreto-Lei n.º 226-A/2007, de 31 de maio.",,
TUA20230423001281,T000041,L004998.2016.RH7.V1,"A licença só poderá ser transacionada e temporariamente cedida mediante autorização da Entidade Licenciadora de acordo com o disposto no artigo 27.º do Decreto-Lei n.º 226-A/2007, de 31 de maio.",,
TUA20230423001281,T000042,L004998.2016.RH7.V1,"A licença caduca nas condições previstas no presente título e no artigo 33.º do Decreto-Lei n.º 226-A/2007, de 31 de maio.",,
TUA20230423001281,T000043,L004998.2016.RH7.V1,"O titular pode, caso se mantenham as condições que determinaram a sua atribuição, solicitar a renovação desta licença, no prazo de 6 meses antes do seu termo.",,
TUA20230423001281,T000044,L004998.2016.RH7.V1,"O titular fica obrigado a informar a Entidade Licenciadora, no prazo máximo de 24 horas, de qualquer acidente ou anomalia ocorrido nas instalações que afete o cumprimento das condições indicadas nesta licença bem como das medidas já implementadas e/ou previstas para correção da situação.",,
TUA20230423001281,T000045,L004998.2016.RH7.V1,As vistorias que sejam realizadas pela Entidade Licenciadora na sequência dos episódios abrangidos no ponto que antecede são suportadas pelo utilizador.,,
TUA20230423001281,T000046,L004998.2016.RH7.V1,"Em caso de incumprimento da presente licença, o titular fica sujeito às sanções previstas no Decreto-Lei n.º 226-A/2007, de 31 de maio.",,
TUA20230423001281,T000047,L004998.2016.RH7.V1,"O titular deverá respeitar todas as leis e regulamentos aplicáveis e munir-se de quaisquer outras autorizações, licenças e registos legalmente exigíveis.",,
TUA20230510001393,T000103,L008277.2018.RH5A.V1,"Em caso de incumprimento da presente licença, o titular fica sujeito às sanções previstas no Decreto-Lei n.º 226-A/2007, de 31 de maio.",,
TUA20230510001393,T000094,L008277.2018.RH5A.V1,"A presente licença pode ser revista ou revogada nos casos previstos nos artigos 28.º e 32.º do Decreto-Lei n.º 226-A/2007, de 31 de maio.",,
TUA20230510001393,T000095,L008277.2018.RH5A.V1,"O titular obriga-se a cumprir o disposto na presente licença, em todas as leis e regulamentos vigentes, na parte em que lhe for aplicável, bem como outras normas ou regulamentos que venham a ser posteriormente aprovados e a entrar em vigor, quer as suas disposições se harmonizem ou não com os direitos e obrigações que à presente licença sejam aplicáveis.",,
TUA20230510001393,T000096,L008277.2018.RH5A.V1,"Sem prejuízo das sanções aplicáveis, sempre que o registo atualizado dos valores do autocontrolo, referido no ponto 4 que antecede, não seja entregue com a periodicidade definida na Licença, a componente E será calculada tendo por base as características do efluente bruto estabelecidas no projeto de execução da ETAR ou incluídas na presente licença.",,
TUA20230510001393,Código,Código TURH,Condição,,
TUA20230510001393,T000097,L008277.2018.RH5A.V1,As vistorias que sejam realizadas pela Entidade Licenciadora na sequência dos episódios abrangidos no ponto que antecede são suportadas pelo utilizador.,,
TUA20230510001393,T000098,L008277.2018.RH5A.V1,"O pagamento da taxa de recursos hídricos devida é efetuado no ano seguinte àquele a que a taxa respeite até ao termo disposto na Nota de Liquidação respetiva e deve ser feito de acordo com o previsto no número 4 do artigo 16.º do Decreto-Lei n.º 97/2008, de 11 de junho, na sua redação atual.",,
TUA20230510001393,T000099,L008277.2018.RH5A.V1,"A falta de pagamento atempado fica sujeito a juros de mora à taxa legal em vigor, conforme dispõe o número 5 do artigo 16.º do Decreto-Lei n.º 97/2008, de 11 de junho, na sua redação atual.",,
TUA20230510001393,T000100,L008277.2018.RH5A.V1,"A rejeição de águas residuais será exclusivamente realizada no local e nas condições indicadas nesta licença, não estando autorizadas quaisquer outras descargas de efluentes, e não podendo o objeto da presente licença ser alterado sem prévia autorização da Entidade Licenciadora.",,
TUA20230510001393,T000101,L008277.2018.RH5A.V1,"O titular deverá respeitar todas as leis e regulamentos aplicáveis e munir-se de quaisquer outras autorizações, licenças e registos legalmente exigíveis.",,
TUA20230510001393,T000102,L008277.2018.RH5A.V1,"A Entidade Licenciadora reserva-se o direito de restringir excecionalmente o regime de utilização dos recursos hídricos agora atribuído, nomeadamente na decorrência de secas, cheias e acidentes, nos termos da presente licença e no regime legal aplicável.",,
TUA20230510001393,T000104,L008277.2018.RH5A.V1,A matéria tributável da componente E é determinada com base no Anexo – Programa de autocontrolo a implementar.,,
TUA20230510001393,T000105,L008277.2018.RH5A.V1,"As despesas com vistorias extraordinárias inerentes à emissão desta licença, ou as que resultarem de reclamações justificadas, serão suportadas pelo seu titular.",,
TUA20230510001393,T000106,L008277.2018.RH5A.V1,"O titular pode, caso se mantenham as condições que determinaram a sua atribuição, solicitar a renovação desta licença, no prazo de 6 meses antes do seu termo.",,
TUA20230510001393,T000107,L008277.2018.RH5A.V1,"A licença só poderá ser transmitida mediante autorização da entidade licenciadora de acordo com o disposto no artigo 26º do Decreto-Lei n.º 226-A/2007, de 31 de maio.",,
TUA20230510001393,T000108,L008277.2018.RH5A.V1,"Para efeitos de fiscalização ou inspeção, o titular fica obrigado a facultar, às Entidades Competentes, esta licença, bem como o acesso à área, construções e equipamentos a ela associados e aos registos detalhados do controlo da operação do sistema de tratamento.",,
TUA20230510001393,T000109,L008277.2018.RH5A.V1,"O titular fica obrigado a informar a Entidade Licenciadora, no prazo máximo de 24 horas, de qualquer acidente ou anomalia ocorrido nas instalações que afete o cumprimento das condições indicadas nesta licença bem como das medidas já implementadas e/ou previstas para correção da situação.",,
TUA20230510001393,T000110,L008277.2018.RH5A.V1,"A licença só poderá ser transacionada e temporariamente cedida mediante autorização da Entidade Licenciadora de acordo com o disposto no artigo 27.º do Decreto-Lei n.º 226-A/2007, de 31 de maio.",,
TUA20230510001393,T000111,L008277.2018.RH5A.V1,"A licença caduca nas condições previstas no presente título e no artigo 33.º do Decreto-Lei n.º 226-A/2007, de 31 de maio.",,
TUA20230510001393,T000112,L008277.2018.RH5A.V1,"O titular fica sujeito, de acordo com o Decreto-Lei n.º 97/2008, de 11 de junho, na sua redação atual, ao pagamento da Taxa de Recursos Hídricos (TRH) calculada de acordo com a seguinte fórmula: TRH = E + O, em que E – descarga de efluentes e O – ocupação do domínio público hídrico do Estado, se aplicável.",,
TUA20230510001399,T000026,L033073.2023.RH3.V1,"Em caso de incumprimento da presente licença, o titular fica sujeito às sanções previstas no Decreto-Lei n.º 226-A/2007, de 31 de maio.",,
TUA20230510001399,T000027,L033073.2023.RH3.V1,A matéria tributável da componente E é determinada com base no programa de autocontrolo a implementar descrito em EXP8.3.16.,,
TUA20230510001399,T000028,L033073.2023.RH3.V1,"As despesas com vistorias extraordinárias inerentes à emissão desta licença, ou as que resultarem de reclamações justificadas, serão suportadas pelo seu titular.",,
TUA20230510001399,T000029,L033073.2023.RH3.V1,"A licença só poderá ser transmitida mediante autorização da entidade licenciadora de acordo com o disposto no artigo 26º do Decreto-Lei n.º 226-A/2007, de 31 de maio.",,
TUA20230510001399,T000030,L033073.2023.RH3.V1,"Para efeitos de fiscalização ou inspeção, o titular fica obrigado a facultar, às Entidades Competentes, esta licença, bem como o acesso à área, construções e equipamentos a ela associados e aos registos detalhados do controlo da operação do sistema de tratamento.",,
TUA20230510001399,T000031,L033073.2023.RH3.V1,"O titular fica obrigado a informar a Entidade Licenciadora, no prazo máximo de 24 horas, de qualquer acidente ou anomalia ocorrido nas instalações que afete o cumprimento das condições indicadas nesta licença bem como das medidas já implementadas e/ou previstas para correção da situação.",,
TUA20230510001399,T000032,L033073.2023.RH3.V1,"A licença só poderá ser transacionada e temporariamente cedida mediante autorização da Entidade Licenciadora de acordo com o disposto no artigo 27.º do Decreto-Lei n.º 226-A/2007, de 31 de maio.",,
TUA20230510001399,T000033,L033073.2023.RH3.V1,"A licença caduca nas condições previstas no presente título e no artigo 33.º do Decreto-Lei n.º 226-A/2007, de 31 de maio.",,
TUA20230510001399,T000034,L033073.2023.RH3.V1,"O titular fica sujeito, de acordo com o Decreto-Lei n.º 97/2008, de 11 de junho, na sua redação atual, ao pagamento da Taxa de Recursos Hídricos (TRH) calculada de acordo com a seguinte fórmula: TRH = E + O, em que E – descarga de efluentes e O – ocupação do domínio público hídrico do Estado, se aplicável.",,
TUA20230510001399,T000035,L033073.2023.RH3.V1,"A presente licença pode ser revista ou revogada nos casos previstos nos artigos 28.º e 32.º do Decreto-Lei n.º 226-A/2007, de 31 de maio.",,
TUA20230510001399,T000036,L033073.2023.RH3.V1,"O titular obriga-se a cumprir o disposto na presente licença, em todas as leis e regulamentos vigentes, na parte em que lhe for aplicável, bem como outras normas ou regulamentos que venham a ser posteriormente aprovados e a entrar em vigor, quer as suas disposições se harmonizem ou não com os direitos e obrigações que à presente licença sejam aplicáveis.",,
TUA20230510001399,T000037,L033073.2023.RH3.V1,"Sem prejuízo das sanções aplicáveis, sempre que o registo atualizado dos valores do autocontrolo, referido em T000027, não seja reportado com a frequência trimestral ou até ao dia quinze (15) de janeiro do ano seguinte ao que diz respeito a taxa de recursos hídricos, a componente E será calculada tendo por base as características do efluente bruto estabelecidas no projeto de execução da ETAR ou incluídas na presente licença.",,
TUA20230510001399,T000038,L033073.2023.RH3.V1,"O pagamento da taxa de recursos hídricos devida é efetuado no ano seguinte àquele a que a taxa respeite até ao termo disposto na Nota de Liquidação respetiva e deve ser feito de acordo com o previsto no número 4 do artigo 16.º do Decreto-Lei n.º 97/2008, de 11 de junho, na sua redação atual.",,
TUA20230510001399,T000039,L033073.2023.RH3.V1,"A falta de pagamento atempado fica sujeito a juros de mora à taxa legal em vigor, conforme dispõe o número 5 do artigo 16.º do Decreto-Lei n.º 97/2008, de 11 de junho, na sua redação atual.",,
TUA20230510001399,T000040,L033073.2023.RH3.V1,"A rejeição de águas residuais será exclusivamente realizada no local e nas condições indicadas nesta licença, não estando autorizadas quaisquer outras descargas de efluentes, e não podendo o objeto da presente licença ser alterado sem prévia autorização da Entidade Licenciadora.",,
TUA20230510001399,T000041,L033073.2023.RH3.V1,"O titular deverá respeitar todas as leis e regulamentos aplicáveis e munir-se de quaisquer outras autorizações, licenças e registos legalmente exigíveis.",,
TUA20230510001399,T000042,L033073.2023.RH3.V1,"A Entidade Licenciadora reserva-se o direito de restringir excecionalmente o regime de utilização dos recursos hídricos agora atribuído, nomeadamente na decorrência de secas, cheias e acidentes, nos termos da presente licença e no regime legal aplicável.",,
TUA20230602001636,T000026,L034412.2023.RH3.V1,"Em caso de incumprimento da presente licença, o titular fica sujeito às sanções previstas no Decreto-Lei n.º 226-A/2007, de 31 de maio.",,
TUA20230602001636,T000027,L034412.2023.RH3.V1,A matéria tributável da componente E é determinada com base no programa de autocontrolo a implementar descrito em EXP8.3.16.,,
TUA20230602001636,T000028,L034412.2023.RH3.V1,"As despesas com vistorias extraordinárias inerentes à emissão desta licença, ou as que resultarem de reclamações justificadas, serão suportadas pelo seu titular.",,
TUA20230602001636,T000029,L034412.2023.RH3.V1,"A licença só poderá ser transmitida mediante autorização da entidade licenciadora de acordo com o disposto no artigo 26º do Decreto-Lei n.º 226-A/2007, de 31 de maio.",,
TUA20230602001636,T000030,L034412.2023.RH3.V1,"Para efeitos de fiscalização ou inspeção, o titular fica obrigado a facultar, às Entidades Competentes, esta licença, bem como o acesso à área, construções e equipamentos a ela associados e aos registos detalhados do controlo da operação do sistema de tratamento.",,
TUA20230602001636,T000031,L034412.2023.RH3.V1,"O titular fica obrigado a informar a Entidade Licenciadora, no prazo máximo de 24 horas, de qualquer acidente ou anomalia ocorrido nas instalações que afete o cumprimento das condições indicadas nesta licença bem como das medidas já implementadas e/ou previstas para correção da situação.",,
TUA20230602001636,T000032,L034412.2023.RH3.V1,"A licença só poderá ser transacionada e temporariamente cedida mediante autorização da Entidade Licenciadora de acordo com o disposto no artigo 27.º do Decreto-Lei n.º 226-A/2007, de 31 de maio.",,
TUA20230602001636,T000033,L034412.2023.RH3.V1,"A licença caduca nas condições previstas no presente título e no artigo 33.º do Decreto-Lei n.º 226-A/2007, de 31 de maio.",,
TUA20230602001636,T000034,L034412.2023.RH3.V1,"O titular fica sujeito, de acordo com o Decreto-Lei n.º 97/2008, de 11 de junho, na sua redação atual, ao pagamento da Taxa de Recursos Hídricos (TRH) calculada de acordo com a seguinte fórmula: TRH = E + O, em que E – descarga de efluentes e O – ocupação do domínio público hídrico do Estado, se aplicável.",,
TUA20230602001636,T000035,L034412.2023.RH3.V1,"A presente licença pode ser revista ou revogada nos casos previstos nos artigos 28.º e 32.º do Decreto-Lei n.º 226-A/2007, de 31 de maio.",,
TUA20230602001636,T000036,L034412.2023.RH3.V1,"O titular obriga-se a cumprir o disposto na presente licença, em todas as leis e regulamentos vigentes, na parte em que lhe for aplicável, bem como outras normas ou regulamentos que venham a ser posteriormente aprovados e a entrar em vigor, quer as suas disposições se harmonizem ou não com os direitos e obrigações que à presente licença sejam aplicáveis.",,
TUA20230602001636,T000037,L034412.2023.RH3.V1,"Sem prejuízo das sanções aplicáveis, sempre que o registo atualizado dos valores do autocontrolo, referido em T000027, não seja reportado com a frequência anual ou até ao dia quinze (15) de janeiro do ano seguinte ao que diz respeito a taxa de recursos hídricos, a componente E será calculada tendo por base as características do efluente bruto estabelecidas no projeto de execução da ETAR ou incluídas na presente licença.",,
TUA20230602001636,T000038,L034412.2023.RH3.V1,"O pagamento da taxa de recursos hídricos devida é efetuado no ano seguinte àquele a que a taxa respeite até ao termo disposto na Nota de Liquidação respetiva e deve ser feito de acordo com o previsto no número 4 do artigo 16.º do Decreto-Lei n.º 97/2008, de 11 de junho, na sua redação atual.",,
TUA20230602001636,T000039,L034412.2023.RH3.V1,"A falta de pagamento atempado fica sujeito a juros de mora à taxa legal em vigor, conforme dispõe o número 5 do artigo 16.º do Decreto-Lei n.º 97/2008, de 11 de junho, na sua redação atual.",,
TUA20230602001636,T000040,L034412.2023.RH3.V1,"A rejeição de águas residuais será exclusivamente realizada no local e nas condições indicadas nesta licença, não estando autorizadas quaisquer outras descargas de efluentes, e não podendo o objeto da presente licença ser alterado sem prévia autorização da Entidade Licenciadora.",,
TUA20230602001636,T000041,L034412.2023.RH3.V1,"O titular deverá respeitar todas as leis e regulamentos aplicáveis e munir-se de quaisquer outras autorizações, licenças e registos legalmente exigíveis.",,
TUA20230602001637,T000026,L034331.2023.RH3.V1,"Em caso de incumprimento da presente licença, o titular fica sujeito às sanções previstas no Decreto-Lei n.º 226-A/2007, de 31 de maio.",,
TUA20230602001637,T000027,L034331.2023.RH3.V1,A matéria tributável da componente E é determinada com base no programa de autocontrolo a implementar descrito em EXP8.3.16.,,
TUA20230602001637,T000028,L034331.2023.RH3.V1,"As despesas com vistorias extraordinárias inerentes à emissão desta licença, ou as que resultarem de reclamações justificadas, serão suportadas pelo seu titular.",,
TUA20230602001637,T000029,L034331.2023.RH3.V1,"A licença só poderá ser transmitida mediante autorização da entidade licenciadora de acordo com o disposto no artigo 26º do Decreto-Lei n.º 226-A/2007, de 31 de maio.",,
TUA20230602001637,T000030,L034331.2023.RH3.V1,"Para efeitos de fiscalização ou inspeção, o titular fica obrigado a facultar, às Entidades Competentes, esta licença, bem como o acesso à área, construções e equipamentos a ela associados e aos registos detalhados do controlo da operação do sistema de tratamento.",,
TUA20230602001637,T000031,L034331.2023.RH3.V1,"O titular fica obrigado a informar a Entidade Licenciadora, no prazo máximo de 24 horas, de qualquer acidente ou anomalia ocorrido nas instalações que afete o cumprimento das condições indicadas nesta licença bem como das medidas já implementadas e/ou previstas para correção da situação.",,
TUA20230602001637,T000032,L034331.2023.RH3.V1,"A licença só poderá ser transacionada e temporariamente cedida mediante autorização da Entidade Licenciadora de acordo com o disposto no artigo 27.º do Decreto-Lei n.º 226-A/2007, de 31 de maio.",,
TUA20230602001637,T000033,L034331.2023.RH3.V1,"A licença caduca nas condições previstas no presente título e no artigo 33.º do Decreto-Lei n.º 226-A/2007, de 31 de maio.",,
TUA20230602001637,T000034,L034331.2023.RH3.V1,"O titular fica sujeito, de acordo com o Decreto-Lei n.º 97/2008, de 11 de junho, na sua redação atual, ao pagamento da Taxa de Recursos Hídricos (TRH) calculada de acordo com a seguinte fórmula: TRH = E + O, em que E – descarga de efluentes e O – ocupação do domínio público hídrico do Estado, se aplicável.",,
TUA20230602001637,T000035,L034331.2023.RH3.V1,"A presente licença pode ser revista ou revogada nos casos previstos nos artigos 28.º e 32.º do Decreto-Lei n.º 226-A/2007, de 31 de maio.",,
TUA20230602001637,T000036,L034331.2023.RH3.V1,"O titular obriga-se a cumprir o disposto na presente licença, em todas as leis e regulamentos vigentes, na parte em que lhe for aplicável, bem como outras normas ou regulamentos que venham a ser posteriormente aprovados e a entrar em vigor, quer as suas disposições se harmonizem ou não com os direitos e obrigações que à presente licença sejam aplicáveis.",,
TUA20230602001637,T000037,L034331.2023.RH3.V1,"Sem prejuízo das sanções aplicáveis, sempre que o registo atualizado dos valores do autocontrolo, referido em T000027, não seja reportado com a frequência trimestral ou até ao dia quinze (15) de janeiro do ano seguinte ao que diz respeito a taxa de recursos hídricos, a componente E será calculada tendo por base as características do efluente bruto estabelecidas no projeto de execução da ETAR ou incluídas na presente licença.",,
TUA20230602001637,T000038,L034331.2023.RH3.V1,"O pagamento da taxa de recursos hídricos devida é efetuado no ano seguinte àquele a que a taxa respeite até ao termo disposto na Nota de Liquidação respetiva e deve ser feito de acordo com o previsto no número 4 do artigo 16.º do Decreto-Lei n.º 97/2008, de 11 de junho, na sua redação atual.",,
TUA20230602001637,T000039,L034331.2023.RH3.V1,"A falta de pagamento atempado fica sujeito a juros de mora à taxa legal em vigor, conforme dispõe o número 5 do artigo 16.º do Decreto-Lei n.º 97/2008, de 11 de junho, na sua redação atual.",,
TUA20230602001637,T000040,L034331.2023.RH3.V1,"A rejeição de águas residuais será exclusivamente realizada no local e nas condições indicadas nesta licença, não estando autorizadas quaisquer outras descargas de efluentes, e não podendo o objeto da presente licença ser alterado sem prévia autorização da Entidade Licenciadora.",,
TUA20230602001637,T000041,L034331.2023.RH3.V1,"O titular deverá respeitar todas as leis e regulamentos aplicáveis e munir-se de quaisquer outras autorizações, licenças e registos legalmente exigíveis.",,
TUA20230602001637,T000042,L034331.2023.RH3.V1,"A Entidade Licenciadora reserva-se o direito de restringir excecionalmente o regime de utilização dos recursos hídricos agora atribuído, nomeadamente na decorrência de secas, cheias e acidentes, nos termos da presente licença e no regime legal aplicável.",,
TUA20230707002024,T000033,L034219.2023.RH5A.V1,"Em caso de incumprimento da presente licença, o titular fica sujeito às sanções previstas no Decreto-Lei n.º 226-A/2007, de 31 de maio.",,
TUA20230707002024,T000034,L034219.2023.RH5A.V1,A matéria tributável da componente E é determinada com base no Anexo – Programa de autocontrolo a implementar.,,
TUA20230707002024,T000035,L034219.2023.RH5A.V1,"As despesas com vistorias extraordinárias inerentes à emissão desta licença, ou as que resultarem de reclamações justificadas, serão suportadas pelo seu titular.",,
TUA20230707002024,T000036,L034219.2023.RH5A.V1,"O titular pode, caso se mantenham as condições que determinaram a sua atribuição, solicitar a renovação desta licença, no prazo de 6 meses antes do seu termo.",,
TUA20230707002024,T000037,L034219.2023.RH5A.V1,"A licença só poderá ser transmitida mediante autorização da entidade licenciadora de acordo com o disposto no artigo 26º do Decreto-Lei n.º 226-A/2007, de 31 de maio.",,
TUA20230707002024,T000038,L034219.2023.RH5A.V1,"Para efeitos de fiscalização ou inspeção, o titular fica obrigado a facultar, às Entidades Competentes, esta licença, bem como o acesso à área, construções e equipamentos a ela associados e aos registos detalhados do controlo da operação do sistema de tratamento.",,
TUA20230707002024,T000039,L034219.2023.RH5A.V1,"O titular fica obrigado a informar a Entidade Licenciadora, no prazo máximo de 24 horas, de qualquer acidente ou anomalia ocorrido nas instalações que afete o cumprimento das condições indicadas nesta licença bem como das medidas já implementadas e/ou previstas para correção da situação.",,
TUA20230707002024,T000040,L034219.2023.RH5A.V1,"A licença só poderá ser transacionada e temporariamente cedida mediante autorização da Entidade Licenciadora de acordo com o disposto no artigo 27.º do Decreto-Lei n.º 226-A/2007, de 31 de maio.",,
TUA20230707002024,T000041,L034219.2023.RH5A.V1,"A licença caduca nas condições previstas no presente título e no artigo 33.º do Decreto-Lei n.º 226-A/2007, de 31 de maio.",,
TUA20230707002024,T000042,L034219.2023.RH5A.V1,"O titular fica sujeito, de acordo com o Decreto-Lei n.º 97/2008, de 11 de junho, na sua redação atual, ao pagamento da Taxa de Recursos Hídricos (TRH) calculada de acordo com a seguinte fórmula: TRH = E + O, em que E – descarga de efluentes e O – ocupação do domínio público hídrico do Estado, se aplicável.",,
TUA20230707002024,T000043,L034219.2023.RH5A.V1,"A presente licença pode ser revista ou revogada nos casos previstos nos artigos 28.º e 32.º do Decreto-Lei n.º 226-A/2007, de 31 de maio.",,
TUA20230707002024,T000044,L034219.2023.RH5A.V1,"O titular obriga-se a cumprir o disposto na presente licença, em todas as leis e regulamentos vigentes, na parte em que lhe for aplicável, bem como outras normas ou regulamentos que venham a ser posteriormente aprovados e a entrar em vigor, quer as suas disposições se harmonizem ou não com os direitos e obrigações que à presente licença sejam aplicáveis.",,
TUA20230707002024,T000045,L034219.2023.RH5A.V1,"Sem prejuízo das sanções aplicáveis, sempre que o registo atualizado dos valores do autocontrolo, referido no ponto 4 que antecede, não seja entregue com a periodicidade definida na Licença, a componente E será calculada tendo por base as características do efluente bruto estabelecidas no projeto de execução da ETAR ou incluídas na presente licença.",,
TUA20230707002024,T000046,L034219.2023.RH5A.V1,As vistorias que sejam realizadas pela Entidade Licenciadora na sequência dos episódios abrangidos no ponto que antecede são suportadas pelo utilizador.,,
TUA20230707002024,T000047,L034219.2023.RH5A.V1,"O pagamento da taxa de recursos hídricos devida é efetuado no ano seguinte àquele a que a taxa respeite até ao termo disposto na Nota de Liquidação respetiva e deve ser feito de acordo com o previsto no número 4 do artigo 16.º do Decreto-Lei n.º 97/2008, de 11 de junho, na sua redação atual.",,
TUA20230707002024,T000048,L034219.2023.RH5A.V1,"A falta de pagamento atempado fica sujeito a juros de mora à taxa legal em vigor, conforme dispõe o número 5 do artigo 16.º do Decreto-Lei n.º 97/2008, de 11 de junho, na sua redação atual.",,
TUA20230707002024,T000049,L034219.2023.RH5A.V1,"A rejeição de águas residuais será exclusivamente realizada no local e nas condições indicadas nesta licença, não estando autorizadas quaisquer outras descargas de efluentes, e não podendo o objeto da presente licença ser alterado sem prévia autorização da Entidade Licenciadora.",,
TUA20230707002024,T000050,L034219.2023.RH5A.V1,"O titular deverá respeitar todas as leis e regulamentos aplicáveis e munir-se de quaisquer outras autorizações, licenças e registos legalmente exigíveis.",,
TUA20230707002024,T000051,L034219.2023.RH5A.V1,"A Entidade Licenciadora reserva-se o direito de restringir excecionalmente o regime de utilização dos recursos hídricos agora atribuído, nomeadamente na decorrência de secas, cheias e acidentes, nos termos da presente licença e no regime legal aplicável.",,
TUA20230717002123,T000024,L010057.2018.RH3.V1,"Em caso de incumprimento da presente licença, o titular fica sujeito às sanções previstas no Decreto-Lei n.º 226-A/2007, de 31 de maio.",,
TUA20230717002123,T000025,L010057.2018.RH3.V1,A matéria tributável da componente E é determinada com base no programa de autocontrolo a implementar descrito em EXP8.3.16.,,
TUA20230717002123,T000026,L010057.2018.RH3.V1,"As despesas com vistorias extraordinárias inerentes à emissão desta licença, ou as que resultarem de reclamações justificadas, serão suportadas pelo seu titular.",,
TUA20230717002123,T000027,L010057.2018.RH3.V1,"A licença só poderá ser transmitida mediante autorização da entidade licenciadora de acordo com o disposto no artigo 26º do Decreto-Lei n.º 226-A/2007, de 31 de maio.",,
TUA20230717002123,T000028,L010057.2018.RH3.V1,"Para efeitos de fiscalização ou inspeção, o titular fica obrigado a facultar, às Entidades Competentes, esta licença, bem como o acesso à área, construções e equipamentos a ela associados e aos registos detalhados do controlo da operação do sistema de tratamento.",,
TUA20230717002123,T000029,L010057.2018.RH3.V1,"O titular fica obrigado a informar a Entidade Licenciadora, no prazo máximo de 24 horas, de qualquer acidente ou anomalia ocorrido nas instalações que afete o cumprimento das condições indicadas nesta licença bem como das medidas já implementadas e/ou previstas para correção da situação.",,
TUA20230717002123,T000030,L010057.2018.RH3.V1,"A licença só poderá ser transacionada e temporariamente cedida mediante autorização da Entidade Licenciadora de acordo com o disposto no artigo 27.º do Decreto-Lei n.º 226-A/2007, de 31 de maio.",,
TUA20230717002123,T000031,L010057.2018.RH3.V1,"A licença caduca nas condições previstas no presente título e no artigo 33.º do Decreto-Lei n.º 226-A/2007, de 31 de maio.",,
TUA20230717002123,T000032,L010057.2018.RH3.V1,"O titular fica sujeito, de acordo com o Decreto-Lei n.º 97/2008, de 11 de junho, na sua redação atual, ao pagamento da Taxa de Recursos Hídricos (TRH) calculada de acordo com a seguinte fórmula: TRH = E + O, em que E – descarga de efluentes e O – ocupação do domínio público hídrico do Estado, se aplicável.",,
TUA20230717002123,T000033,L010057.2018.RH3.V1,"A presente licença pode ser revista ou revogada nos casos previstos nos artigos 28.º e 32.º do Decreto-Lei n.º 226-A/2007, de 31 de maio.",,
TUA20230717002123,T000034,L010057.2018.RH3.V1,"O titular obriga-se a cumprir o disposto na presente licença, em todas as leis e regulamentos vigentes, na parte em que lhe for aplicável, bem como outras normas ou regulamentos que venham a ser posteriormente aprovados e a entrar em vigor, quer as suas disposições se harmonizem ou não com os direitos e obrigações que à presente licença sejam aplicáveis.",,
TUA20230717002123,T000035,L010057.2018.RH3.V1,"Sem prejuízo das sanções aplicáveis, sempre que o registo atualizado dos valores do autocontrolo, referido em T000025, não seja reportado com a frequência anual ou até ao dia quinze (15) de janeiro do ano seguinte ao que diz respeito a taxa de recursos hídricos, a componente E será calculada tendo por base as características do efluente bruto estabelecidas no projeto de execução da ETAR ou incluídas na presente licença.",,
TUA20230717002123,T000036,L010057.2018.RH3.V1,"O pagamento da taxa de recursos hídricos devida é efetuado no ano seguinte àquele a que a taxa respeite até ao termo disposto na Nota de Liquidação respetiva e deve ser feito de acordo com o previsto no número 4 do artigo 16.º do Decreto-Lei n.º 97/2008, de 11 de junho, na sua redação atual.",,
TUA20230717002123,T000037,L010057.2018.RH3.V1,"A falta de pagamento atempado fica sujeito a juros de mora à taxa legal em vigor, conforme dispõe o número 5 do artigo 16.º do Decreto-Lei n.º 97/2008, de 11 de junho, na sua redação atual.",,
TUA20230717002123,T000038,L010057.2018.RH3.V1,"A rejeição de águas residuais será exclusivamente realizada no local e nas condições indicadas nesta licença, não estando autorizadas quaisquer outras descargas de efluentes, e não podendo o objeto da presente licença ser alterado sem prévia autorização da Entidade Licenciadora.",,
TUA20230717002123,T000039,L010057.2018.RH3.V1,"O titular deverá respeitar todas as leis e regulamentos aplicáveis e munir-se de quaisquer outras autorizações, licenças e registos legalmente exigíveis.",,
TUA20230717002123,T000040,L010057.2018.RH3.V1,"A Entidade Licenciadora reserva-se o direito de restringir excecionalmente o regime de utilização dos recursos hídricos agora atribuído, nomeadamente na decorrência de secas, cheias e acidentes, nos termos da presente licença e no regime legal aplicável.",,
TUA20230717002153,T000024,L037792.2023.RH5A.V1,"Em caso de incumprimento da presente licença, o titular fica sujeito às sanções previstas no Decreto-Lei n.º 226-A/2007, de 31 de maio.",,
TUA20230717002153,T000025,L037792.2023.RH5A.V1,A matéria tributável da componente E é determinada com base no Anexo – Programa de autocontrolo a implementar.,,
TUA20230717002153,T000026,L037792.2023.RH5A.V1,"As despesas com vistorias extraordinárias inerentes à emissão desta licença, ou as que resultarem de reclamações justificadas, serão suportadas pelo seu titular.",,
TUA20230717002153,T000027,L037792.2023.RH5A.V1,"O titular pode, caso se mantenham as condições que determinaram a sua atribuição, solicitar a renovação desta licença, no prazo de 6 meses antes do seu termo.",,
TUA20230717002153,T000028,L037792.2023.RH5A.V1,"A licença só poderá ser transmitida mediante autorização da entidade licenciadora de acordo com o disposto no artigo 26º do Decreto-Lei n.º 226-A/2007, de 31 de maio.",,
TUA20230717002153,T000029,L037792.2023.RH5A.V1,"Para efeitos de fiscalização ou inspeção, o titular fica obrigado a facultar, às Entidades Competentes, esta licença, bem como o acesso à área, construções e equipamentos a ela associados e aos registos detalhados do controlo da operação do sistema de tratamento.",,
TUA20230717002153,T000030,L037792.2023.RH5A.V1,"O titular fica obrigado a informar a Entidade Licenciadora, no prazo máximo de 24 horas, de qualquer acidente ou anomalia ocorrido nas instalações que afete o cumprimento das condições indicadas nesta licença bem como das medidas já implementadas e/ou previstas para correção da situação.",,
TUA20230717002153,T000031,L037792.2023.RH5A.V1,"A licença só poderá ser transacionada e temporariamente cedida mediante autorização da Entidade Licenciadora de acordo com o disposto no artigo 27.º do Decreto-Lei n.º 226-A/2007, de 31 de maio.",,
TUA20230717002153,T000032,L037792.2023.RH5A.V1,"A licença caduca nas condições previstas no presente título e no artigo 33.º do Decreto-Lei n.º 226-A/2007, de 31 de maio.",,
TUA20230717002153,T000033,L037792.2023.RH5A.V1,"O titular fica sujeito, de acordo com o Decreto-Lei n.º 97/2008, de 11 de junho, na sua redação atual, ao pagamento da Taxa de Recursos Hídricos (TRH) calculada de acordo com a seguinte fórmula: TRH = E + O, em que E – descarga de efluentes e O – ocupação do domínio público hídrico do Estado, se aplicável.",,
TUA20230717002153,T000034,L037792.2023.RH5A.V1,"A presente licença pode ser revista ou revogada nos casos previstos nos artigos 28.º e 32.º do Decreto-Lei n.º 226-A/2007, de 31 de maio.",,
TUA20230717002153,T000035,L037792.2023.RH5A.V1,"O titular obriga-se a cumprir o disposto na presente licença, em todas as leis e regulamentos vigentes, na parte em que lhe for aplicável, bem como outras normas ou regulamentos que venham a ser posteriormente aprovados e a entrar em vigor, quer as suas disposições se harmonizem ou não com os direitos e obrigações que à presente licença sejam aplicáveis.",,
TUA20230717002153,,,"Sem prejuízo das sanções aplicáveis, sempre que o registo atualizado dos valores do autocontrolo, referido no ponto 4 que antecede, não seja entregue com a periodicidade definida na Licença, a componente E será calculada tendo por base as características do efluente bruto estabelecidas no projeto de",,
TUA20230717002153,Código,Código TURH,Condição,,
TUA20230717002153,T000036,L037792.2023.RH5A.V1,execução da ETAR ou incluídas na presente licença.,,
TUA20230717002153,T000037,L037792.2023.RH5A.V1,As vistorias que sejam realizadas pela Entidade Licenciadora na sequência dos episódios abrangidos no ponto que antecede são suportadas pelo utilizador.,,
TUA20230717002153,T000038,L037792.2023.RH5A.V1,"O pagamento da taxa de recursos hídricos devida é efetuado no ano seguinte àquele a que a taxa respeite até ao termo disposto na Nota de Liquidação respetiva e deve ser feito de acordo com o previsto no número 4 do artigo 16.º do Decreto-Lei n.º 97/2008, de 11 de junho, na sua redação atual.",,
TUA20230717002153,T000039,L037792.2023.RH5A.V1,"A falta de pagamento atempado fica sujeito a juros de mora à taxa legal em vigor, conforme dispõe o número 5 do artigo 16.º do Decreto-Lei n.º 97/2008, de 11 de junho, na sua redação atual.",,
TUA20230717002153,T000040,L037792.2023.RH5A.V1,"A rejeição de águas residuais será exclusivamente realizada no local e nas condições indicadas nesta licença, não estando autorizadas quaisquer outras descargas de efluentes, e não podendo o objeto da presente licença ser alterado sem prévia autorização da Entidade Licenciadora.",,
TUA20230717002153,T000041,L037792.2023.RH5A.V1,"O titular deverá respeitar todas as leis e regulamentos aplicáveis e munir-se de quaisquer outras autorizações, licenças e registos legalmente exigíveis.",,
TUA20230717002153,T000042,L037792.2023.RH5A.V1,"A Entidade Licenciadora reserva-se o direito de restringir excecionalmente o regime de utilização dos recursos hídricos agora atribuído, nomeadamente na decorrência de secas, cheias e acidentes, nos termos da presente licença e no regime legal aplicável.",,
TUA20230801002309,T000027,L034885.2023.RH4A.V1,"Em caso de incumprimento da presente licença, o titular fica sujeito às sanções previstas no Decreto-Lei n.º 226-A/2007, de 31 de maio.",,
TUA20230801002309,T000028,L034885.2023.RH4A.V1,A matéria tributável da componente E é determinada com base no programa de autocontrolo a implementar.,,
TUA20230801002309,T000029,L034885.2023.RH4A.V1,"As despesas com vistorias extraordinárias inerentes à emissão desta licença, ou as que resultarem de reclamações justificadas, serão suportadas pelo seu titular.",,
TUA20230801002309,T000030,L034885.2023.RH4A.V1,"O titular pode, caso se mantenham as condições que determinaram a sua atribuição, solicitar a renovação desta licença, no prazo de 6 meses antes do seu termo.",,
TUA20230801002309,T000031,L034885.2023.RH4A.V1,"A licença só poderá ser transmitida mediante autorização da entidade licenciadora de acordo com o disposto no artigo 26º do Decreto-Lei n.º 226-A/2007, de 31 de maio.",,
TUA20230801002309,T000032,L034885.2023.RH4A.V1,"Para efeitos de fiscalização ou inspeção, o titular fica obrigado a facultar, às Entidades Competentes, esta licença, bem como o acesso à área, construções e equipamentos a ela associados e aos registos detalhados do controlo da operação do sistema de tratamento.",,
TUA20230801002309,T000033,L034885.2023.RH4A.V1,"O titular fica obrigado a informar a Entidade Licenciadora, no prazo máximo de 24 horas, de qualquer acidente ou anomalia ocorrido nas instalações que afete o cumprimento das condições indicadas nesta licença bem como das medidas já implementadas e/ou previstas para correção da situação.",,
TUA20230801002309,T000034,L034885.2023.RH4A.V1,"A licença só poderá ser transacionada e temporariamente cedida mediante autorização da Entidade Licenciadora de acordo com o disposto no artigo 27.º do Decreto-Lei n.º 226-A/2007, de 31 de maio.",,
TUA20230801002309,T000035,L034885.2023.RH4A.V1,"A licença caduca nas condições previstas no presente título e no artigo 33.º do Decreto-Lei n.º 226-A/2007, de 31 de maio.",,
TUA20230801002309,T000036,L034885.2023.RH4A.V1,"O titular fica sujeito, de acordo com o Decreto-Lei n.º 97/2008, de 11 de junho, na sua redação atual, ao pagamento da Taxa de Recursos Hídricos (TRH) calculada de acordo com a seguinte fórmula: TRH = E + O, em que E – descarga de efluentes e O – ocupação do domínio público hídrico do Estado, se aplicável.",,
TUA20230801002309,Código,Código TURH,Condição,,
TUA20230801002309,T000037,L034885.2023.RH4A.V1,"A presente licença pode ser revista ou revogada nos casos previstos nos artigos 28.º e 32.º do Decreto-Lei n.º 226-A/2007, de 31 de maio.",,
TUA20230801002309,T000038,L034885.2023.RH4A.V1,"O titular obriga-se a cumprir o disposto na presente licença, em todas as leis e regulamentos vigentes, na parte em que lhe for aplicável, bem como outras normas ou regulamentos que venham a ser posteriormente aprovados e a entrar em vigor, quer as suas disposições se harmonizem ou não com os direitos e obrigações que à presente licença sejam aplicáveis.",,
TUA20230801002309,T000039,L034885.2023.RH4A.V1,"Sem prejuízo das sanções aplicáveis, sempre que o registo atualizado dos valores do autocontrolo não seja entregue com a periodicidade definida na Licença, a componente E será calculada tendo por base as características do efluente bruto estabelecidas no projeto de execução da ETAR ou incluídas na presente licença.",,
TUA20230801002309,T000040,L034885.2023.RH4A.V1,As vistorias que sejam realizadas pela Entidade Licenciadora na sequência dos episódios abrangidos no ponto que antecede são suportadas pelo utilizador.,,
TUA20230801002309,T000041,L034885.2023.RH4A.V1,"O pagamento da taxa de recursos hídricos devida é efetuado no ano seguinte àquele a que a taxa respeite até ao termo disposto na Nota de Liquidação respetiva e deve ser feito de acordo com o previsto no número 4 do artigo 16.º do Decreto-Lei n.º 97/2008, de 11 de junho, na sua redação atual.",,
TUA20230801002309,T000042,L034885.2023.RH4A.V1,"A falta de pagamento atempado fica sujeito a juros de mora à taxa legal em vigor, conforme dispõe o número 5 do artigo 16.º do Decreto-Lei n.º 97/2008, de 11 de junho, na sua redação atual.",,
TUA20230801002309,T000043,L034885.2023.RH4A.V1,"A rejeição de águas residuais será exclusivamente realizada no local e nas condições indicadas nesta licença, não estando autorizadas quaisquer outras descargas de efluentes, e não podendo o objeto da presente licença ser alterado sem prévia autorização da Entidade Licenciadora.",,
TUA20230801002309,T000044,L034885.2023.RH4A.V1,"O titular deverá respeitar todas as leis e regulamentos aplicáveis e munir-se de quaisquer outras autorizações, licenças e registos legalmente exigíveis.",,
TUA20230801002309,T000045,L034885.2023.RH4A.V1,"A Entidade Licenciadora reserva-se o direito de restringir excecionalmente o regime de utilização dos recursos hídricos agora atribuído, nomeadamente na decorrência de secas, cheias e acidentes, nos termos da presente licença e no regime legal aplicável.",,
TUA20230808002363,T000030,L037599.2023.RH5A.V1,"Em caso de incumprimento da presente licença, o titular fica sujeito às sanções previstas no Decreto-Lei n.º 226-A/2007, de 31 de maio.",,
TUA20230808002363,T000031,L037599.2023.RH5A.V1,A matéria tributável da componente E é determinada com base no Anexo – Programa de autocontrolo a implementar.,,
TUA20230808002363,T000032,L037599.2023.RH5A.V1,"As despesas com vistorias extraordinárias inerentes à emissão desta licença, ou as que resultarem de reclamações justificadas, serão suportadas pelo seu titular.",,
TUA20230808002363,T000033,L037599.2023.RH5A.V1,"O titular pode, caso se mantenham as condições que determinaram a sua atribuição, solicitar a renovação desta licença, no prazo de 6 meses antes do seu termo.",,
TUA20230808002363,T000034,L037599.2023.RH5A.V1,"A licença só poderá ser transmitida mediante autorização da entidade licenciadora de acordo com o disposto no artigo 26º do Decreto-Lei n.º 226-A/2007, de 31 de maio.",,
TUA20230808002363,T000035,L037599.2023.RH5A.V1,"Para efeitos de fiscalização ou inspeção, o titular fica obrigado a facultar, às Entidades Competentes, esta licença, bem como o acesso à área, construções e equipamentos a ela associados e aos registos detalhados do controlo da operação do sistema de tratamento.",,
TUA20230808002363,Código,Código TURH,Condição,,
TUA20230808002363,T000036,L037599.2023.RH5A.V1,"O titular fica obrigado a informar a Entidade Licenciadora, no prazo máximo de 24 horas, de qualquer acidente ou anomalia ocorrido nas instalações que afete o cumprimento das condições indicadas nesta licença bem como das medidas já implementadas e/ou previstas para correção da situação.",,
TUA20230808002363,T000037,L037599.2023.RH5A.V1,"A licença só poderá ser transacionada e temporariamente cedida mediante autorização da Entidade Licenciadora de acordo com o disposto no artigo 27.º do Decreto-Lei n.º 226-A/2007, de 31 de maio.",,
TUA20230808002363,T000038,L037599.2023.RH5A.V1,"A licença caduca nas condições previstas no presente título e no artigo 33.º do Decreto-Lei n.º 226-A/2007, de 31 de maio.",,
TUA20230808002363,T000039,L037599.2023.RH5A.V1,"O titular fica sujeito, de acordo com o Decreto-Lei n.º 97/2008, de 11 de junho, na sua redação atual, ao pagamento da Taxa de Recursos Hídricos (TRH) calculada de acordo com a seguinte fórmula: TRH = E + O, em que E – descarga de efluentes e O – ocupação do domínio público hídrico do Estado, se aplicável.",,
TUA20230808002363,T000040,L037599.2023.RH5A.V1,"A presente licença pode ser revista ou revogada nos casos previstos nos artigos 28.º e 32.º do Decreto-Lei n.º 226-A/2007, de 31 de maio.",,
TUA20230808002363,T000041,L037599.2023.RH5A.V1,"O titular obriga-se a cumprir o disposto na presente licença, em todas as leis e regulamentos vigentes, na parte em que lhe for aplicável, bem como outras normas ou regulamentos que venham a ser posteriormente aprovados e a entrar em vigor, quer as suas disposições se harmonizem ou não com os direitos e obrigações que à presente licença sejam aplicáveis.",,
TUA20230808002363,T000042,L037599.2023.RH5A.V1,"Sem prejuízo das sanções aplicáveis, sempre que o registo atualizado dos valores do autocontrolo, referido no ponto 4 que antecede, não seja entregue com a periodicidade definida na Licença, a componente E será calculada tendo por base as características do efluente bruto estabelecidas no projeto de execução da ETAR ou incluídas na presente licença.",,
TUA20230808002363,T000043,L037599.2023.RH5A.V1,As vistorias que sejam realizadas pela Entidade Licenciadora na sequência dos episódios abrangidos no ponto que antecede são suportadas pelo utilizador.,,
TUA20230808002363,T000044,L037599.2023.RH5A.V1,"O pagamento da taxa de recursos hídricos devida é efetuado no ano seguinte àquele a que a taxa respeite até ao termo disposto na Nota de Liquidação respetiva e deve ser feito de acordo com o previsto no número 4 do artigo 16.º do Decreto-Lei n.º 97/2008, de 11 de junho, na sua redação atual.",,
TUA20230808002363,T000045,L037599.2023.RH5A.V1,"A falta de pagamento atempado fica sujeito a juros de mora à taxa legal em vigor, conforme dispõe o número 5 do artigo 16.º do Decreto-Lei n.º 97/2008, de 11 de junho, na sua redação atual.",,
TUA20230808002363,T000046,L037599.2023.RH5A.V1,"A rejeição de águas residuais será exclusivamente realizada no local e nas condições indicadas nesta licença, não estando autorizadas quaisquer outras descargas de efluentes, e não podendo o objeto da presente licença ser alterado sem prévia autorização da Entidade Licenciadora.",,
TUA20230808002363,T000047,L037599.2023.RH5A.V1,"O titular deverá respeitar todas as leis e regulamentos aplicáveis e munir-se de quaisquer outras autorizações, licenças e registos legalmente exigíveis.",,
TUA20230808002363,T000048,L037599.2023.RH5A.V1,"A Entidade Licenciadora reserva-se o direito de restringir excecionalmente o regime de utilização dos recursos hídricos agora atribuído, nomeadamente na decorrência de secas, cheias e acidentes, nos termos da presente licença e no regime legal aplicável.",,
TUA20230816002415,T000026,L010038.2018.RH3.V1,"Em caso de incumprimento da presente licença, o titular fica sujeito às sanções previstas no Decreto-Lei n.º 226-A/2007, de 31 de maio.",,
TUA20230816002415,T000027,L010038.2018.RH3.V1,A matéria tributável da componente E é determinada com base no programa de autocontrolo a implementar descrito em EXP8.3.16.,,
TUA20230816002415,T000028,L010038.2018.RH3.V1,"As despesas com vistorias extraordinárias inerentes à emissão desta licença, ou as que resultarem de reclamações justificadas, serão suportadas pelo seu titular.",,
TUA20230816002415,T000029,L010038.2018.RH3.V1,"A licença só poderá ser transmitida mediante autorização da entidade licenciadora de acordo com o disposto no artigo 26º do Decreto-Lei n.º 226-A/2007, de 31 de maio.",,
TUA20230816002415,T000030,L010038.2018.RH3.V1,"Para efeitos de fiscalização ou inspeção, o titular fica obrigado a facultar, às Entidades Competentes, esta licença, bem como o acesso à área, construções e equipamentos a ela associados e aos registos detalhados do controlo da operação do sistema de tratamento.",,
TUA20230816002415,T000031,L010038.2018.RH3.V1,"O titular fica obrigado a informar a Entidade Licenciadora, no prazo máximo de 24 horas, de qualquer acidente ou anomalia ocorrido nas instalações que afete o cumprimento das condições indicadas nesta licença bem como das medidas já implementadas e/ou previstas para correção da situação.",,
TUA20230816002415,T000032,L010038.2018.RH3.V1,"A licença só poderá ser transacionada e temporariamente cedida mediante autorização da Entidade Licenciadora de acordo com o disposto no artigo 27.º do Decreto-Lei n.º 226-A/2007, de 31 de maio.",,
TUA20230816002415,T000033,L010038.2018.RH3.V1,"A licença caduca nas condições previstas no presente título e no artigo 33.º do Decreto-Lei n.º 226-A/2007, de 31 de maio.",,
TUA20230816002415,T000034,L010038.2018.RH3.V1,"O titular fica sujeito, de acordo com o Decreto-Lei n.º 97/2008, de 11 de junho, na sua redação atual, ao pagamento da Taxa de Recursos Hídricos (TRH) calculada de acordo com a seguinte fórmula: TRH = E + O, em que E – descarga de efluentes e O – ocupação do domínio público hídrico do Estado, se aplicável.",,
TUA20230816002415,T000035,L010038.2018.RH3.V1,"A presente licença pode ser revista ou revogada nos casos previstos nos artigos 28.º e 32.º do Decreto-Lei n.º 226-A/2007, de 31 de maio.",,
TUA20230816002415,T000036,L010038.2018.RH3.V1,"O titular obriga-se a cumprir o disposto na presente licença, em todas as leis e regulamentos vigentes, na parte em que lhe for aplicável, bem como outras normas ou regulamentos que venham a ser posteriormente aprovados e a entrar em vigor, quer as suas disposições se harmonizem ou não com os direitos e obrigações que à presente licença sejam aplicáveis.",,
TUA20230816002415,T000037,L010038.2018.RH3.V1,"Sem prejuízo das sanções aplicáveis, sempre que o registo atualizado dos valores do autocontrolo, referido em T000027, não seja reportado com a frequência trimestral ou até ao dia quinze (15) de janeiro do ano seguinte ao que diz respeito a taxa de recursos hídricos, a componente E será calculada tendo por base as características do efluente bruto estabelecidas no projeto de execução da ETAR ou incluídas na presente licença.",,
TUA20230816002415,T000038,L010038.2018.RH3.V1,"O pagamento da taxa de recursos hídricos devida é efetuado no ano seguinte àquele a que a taxa respeite até ao termo disposto na Nota de Liquidação respetiva e deve ser feito de acordo com o previsto no número 4 do artigo 16.º do Decreto-Lei n.º 97/2008, de 11 de junho, na sua redação atual.",,
TUA20230816002415,T000039,L010038.2018.RH3.V1,"A falta de pagamento atempado fica sujeito a juros de mora à taxa legal em vigor, conforme dispõe o número 5 do artigo 16.º do Decreto-Lei n.º 97/2008, de 11 de junho, na sua redação atual.",,
TUA20230816002415,T000040,L010038.2018.RH3.V1,"A rejeição de águas residuais será exclusivamente realizada no local e nas condições indicadas nesta licença, não estando autorizadas quaisquer outras descargas de efluentes, e não podendo o objeto da presente licença ser alterado sem prévia autorização da Entidade Licenciadora.",,
TUA20230816002415,T000041,L010038.2018.RH3.V1,"O titular deverá respeitar todas as leis e regulamentos aplicáveis e munir-se de quaisquer outras autorizações, licenças e registos legalmente exigíveis.",,
TUA20230816002415,T000042,L010038.2018.RH3.V1,"A Entidade Licenciadora reserva-se o direito de restringir excecionalmente o regime de utilização dos recursos hídricos agora atribuído, nomeadamente na decorrência de secas, cheias e acidentes, nos termos da presente licença e no regime legal aplicável.",,
TUA20230824002503,T000026,L000819.2019.RH3.V1,"Em caso de incumprimento da presente licença, o titular fica sujeito às sanções previstas no Decreto-Lei n.º 226-A/2007, de 31 de maio.",,
TUA20230824002503,T000027,L000819.2019.RH3.V1,A matéria tributável da componente E é determinada com base no programa de autocontrolo a implementar descrito em EXP8.3.16.,,
TUA20230824002503,T000028,L000819.2019.RH3.V1,"As despesas com vistorias extraordinárias inerentes à emissão desta licença, ou as que resultarem de reclamações justificadas, serão suportadas pelo seu titular.",,
TUA20230824002503,T000029,L000819.2019.RH3.V1,"A licença só poderá ser transmitida mediante autorização da entidade licenciadora de acordo com o disposto no artigo 26º do Decreto-Lei n.º 226-A/2007, de 31 de maio.",,
TUA20230824002503,T000030,L000819.2019.RH3.V1,"Para efeitos de fiscalização ou inspeção, o titular fica obrigado a facultar, às Entidades Competentes, esta licença, bem como o acesso à área, construções e equipamentos a ela associados e aos registos detalhados do controlo da operação do sistema de tratamento.",,
TUA20230824002503,T000031,L000819.2019.RH3.V1,"O titular fica obrigado a informar a Entidade Licenciadora, no prazo máximo de 24 horas, de qualquer acidente ou anomalia ocorrido nas instalações que afete o cumprimento das condições indicadas nesta licença bem como das medidas já implementadas e/ou previstas para correção da situação.",,
TUA20230824002503,T000032,L000819.2019.RH3.V1,"A licença só poderá ser transacionada e temporariamente cedida mediante autorização da Entidade Licenciadora de acordo com o disposto no artigo 27.º do Decreto-Lei n.º 226-A/2007, de 31 de maio.",,
TUA20230824002503,T000033,L000819.2019.RH3.V1,"A licença caduca nas condições previstas no presente título e no artigo 33.º do Decreto-Lei n.º 226-A/2007, de 31 de maio.",,
TUA20230824002503,T000034,L000819.2019.RH3.V1,"O titular fica sujeito, de acordo com o Decreto-Lei n.º 97/2008, de 11 de junho, na sua redação atual, ao pagamento da Taxa de Recursos Hídricos (TRH) calculada de acordo com a seguinte fórmula: TRH = E + O, em que E – descarga de efluentes e O – ocupação do domínio público hídrico do Estado, se aplicável.",,
TUA20230824002503,T000035,L000819.2019.RH3.V1,"A presente licença pode ser revista ou revogada nos casos previstos nos artigos 28.º e 32.º do Decreto-Lei n.º 226-A/2007, de 31 de maio.",,
TUA20230824002503,T000036,L000819.2019.RH3.V1,"O titular obriga-se a cumprir o disposto na presente licença, em todas as leis e regulamentos vigentes, na parte em que lhe for aplicável, bem como outras normas ou regulamentos que venham a ser posteriormente aprovados e a entrar em vigor, quer as suas disposições se harmonizem ou não com os direitos e obrigações que à presente licença sejam aplicáveis.",,
TUA20230824002503,T000037,L000819.2019.RH3.V1,"Sem prejuízo das sanções aplicáveis, sempre que o registo atualizado dos valores do autocontrolo, referido em T000027, não seja reportado com a frequência trimestral ou até ao dia quinze (15) de janeiro do ano seguinte ao que diz respeito a taxa de recursos hídricos, a componente E será calculada tendo por base as características do efluente bruto estabelecidas no projeto de execução da ETAR ou incluídas na presente licença.",,
TUA20230824002503,T000038,L000819.2019.RH3.V1,"O pagamento da taxa de recursos hídricos devida é efetuado no ano seguinte àquele a que a taxa respeite até ao termo disposto na Nota de Liquidação respetiva e deve ser feito de acordo com o previsto no número 4 do artigo 16.º do Decreto-Lei n.º 97/2008, de 11 de junho, na sua redação atual.",,
TUA20230824002503,T000039,L000819.2019.RH3.V1,"A falta de pagamento atempado fica sujeito a juros de mora à taxa legal em vigor, conforme dispõe o número 5 do artigo 16.º do Decreto-Lei n.º 97/2008, de 11 de junho, na sua redação atual.",,
TUA20230824002503,T000040,L000819.2019.RH3.V1,"A rejeição de águas residuais será exclusivamente realizada no local e nas condições indicadas nesta licença, não estando autorizadas quaisquer outras descargas de efluentes, e não podendo o objeto da presente licença ser alterado sem prévia autorização da Entidade Licenciadora.",,
TUA20230824002503,T000041,L000819.2019.RH3.V1,"O titular deverá respeitar todas as leis e regulamentos aplicáveis e munir-se de quaisquer outras autorizações, licenças e registos legalmente exigíveis.",,
TUA20230824002503,T000042,L000819.2019.RH3.V1,"A Entidade Licenciadora reserva-se o direito de restringir excecionalmente o regime de utilização dos recursos hídricos agora atribuído, nomeadamente na decorrência de secas, cheias e acidentes, nos termos da presente licença e no regime legal aplicável.",,
TUA20230831002551,T000026,L000813.2019.RH3.V1,"Em caso de incumprimento da presente licença, o titular fica sujeito às sanções previstas no Decreto-Lei n.º 226-A/2007, de 31 de maio.",,
TUA20230831002551,T000027,L000813.2019.RH3.V1,A matéria tributável da componente E é determinada com base no programa de autocontrolo a implementar descrito em EXP8.3.16.,,
TUA20230831002551,T000028,L000813.2019.RH3.V1,"As despesas com vistorias extraordinárias inerentes à emissão desta licença, ou as que resultarem de reclamações justificadas, serão suportadas pelo seu titular.",,
TUA20230831002551,T000029,L000813.2019.RH3.V1,"A licença só poderá ser transmitida mediante autorização da entidade licenciadora de acordo com o disposto no artigo 26º do Decreto-Lei n.º 226-A/2007, de 31 de maio.",,
TUA20230831002551,T000030,L000813.2019.RH3.V1,"Para efeitos de fiscalização ou inspeção, o titular fica obrigado a facultar, às Entidades Competentes, esta licença, bem como o acesso à área, construções e equipamentos a ela associados e aos registos detalhados do controlo da operação do sistema de tratamento.",,
TUA20230831002551,T000031,L000813.2019.RH3.V1,"O titular fica obrigado a informar a Entidade Licenciadora, no prazo máximo de 24 horas, de qualquer acidente ou anomalia ocorrido nas instalações que afete o cumprimento das condições indicadas nesta licença bem como das medidas já implementadas e/ou previstas para correção da situação.",,
TUA20230831002551,T000032,L000813.2019.RH3.V1,"A licença só poderá ser transacionada e temporariamente cedida mediante autorização da Entidade Licenciadora de acordo com o disposto no artigo 27.º do Decreto-Lei n.º 226-A/2007, de 31 de maio.",,
TUA20230831002551,T000033,L000813.2019.RH3.V1,"A licença caduca nas condições previstas no presente título e no artigo 33.º do Decreto-Lei n.º 226-A/2007, de 31 de maio.",,
TUA20230831002551,T000034,L000813.2019.RH3.V1,"O titular fica sujeito, de acordo com o Decreto-Lei n.º 97/2008, de 11 de junho, na sua redação atual, ao pagamento da Taxa de Recursos Hídricos (TRH) calculada de acordo com a seguinte fórmula: TRH = E + O, em que E – descarga de efluentes e O – ocupação do domínio público hídrico do Estado, se aplicável.",,
TUA20230831002551,T000035,L000813.2019.RH3.V1,"A presente licença pode ser revista ou revogada nos casos previstos nos artigos 28.º e 32.º do Decreto-Lei n.º 226-A/2007, de 31 de maio.",,
TUA20230831002551,T000036,L000813.2019.RH3.V1,"O titular obriga-se a cumprir o disposto na presente licença, em todas as leis e regulamentos vigentes, na parte em que lhe for aplicável, bem como outras normas ou regulamentos que venham a ser posteriormente aprovados e a entrar em vigor, quer as suas disposições se harmonizem ou não com os direitos e obrigações que à presente licença sejam aplicáveis.",,
TUA20230831002551,T000037,L000813.2019.RH3.V1,"Sem prejuízo das sanções aplicáveis, sempre que o registo atualizado dos valores do autocontrolo, referido em T000027, não seja reportado com a frequência trimestral ou até ao dia quinze (15) de janeiro do ano seguinte ao que diz respeito a taxa de recursos hídricos, a componente E será calculada tendo por base as características do efluente bruto estabelecidas no projeto de execução da ETAR ou incluídas na presente licença.",,
TUA20230831002551,T000038,L000813.2019.RH3.V1,"O pagamento da taxa de recursos hídricos devida é efetuado no ano seguinte àquele a que a taxa respeite até ao termo disposto na Nota de Liquidação respetiva e deve ser feito de acordo com o previsto no número 4 do artigo 16.º do Decreto-Lei n.º 97/2008, de 11 de junho, na sua redação atual.",,
TUA20230831002551,T000039,L000813.2019.RH3.V1,"A falta de pagamento atempado fica sujeito a juros de mora à taxa legal em vigor, conforme dispõe o número 5 do artigo 16.º do Decreto-Lei n.º 97/2008, de 11 de junho, na sua redação atual.",,
TUA20230831002551,T000040,L000813.2019.RH3.V1,"A rejeição de águas residuais será exclusivamente realizada no local e nas condições indicadas nesta licença, não estando autorizadas quaisquer outras descargas de efluentes, e não podendo o objeto da presente licença ser alterado sem prévia autorização da Entidade Licenciadora.",,
TUA20230831002551,T000041,L000813.2019.RH3.V1,"O titular deverá respeitar todas as leis e regulamentos aplicáveis e munir-se de quaisquer outras autorizações, licenças e registos legalmente exigíveis.",,
TUA20230831002551,T000042,L000813.2019.RH3.V1,"A Entidade Licenciadora reserva-se o direito de restringir excecionalmente o regime de utilização dos recursos hídricos agora atribuído, nomeadamente na decorrência de secas, cheias e acidentes, nos termos da presente licença e no regime legal aplicável.",,
TUA20230905002577,T000026,L000814.2019.RH3.V1,"Em caso de incumprimento da presente licença, o titular fica sujeito às sanções previstas no Decreto-Lei n.º 226-A/2007, de 31 de maio.",,
TUA20230905002577,T000027,L000814.2019.RH3.V1,A matéria tributável da componente E é determinada com base no programa de autocontrolo a implementar descrito em EXP8.3.16.,,
TUA20230905002577,T000028,L000814.2019.RH3.V1,"As despesas com vistorias extraordinárias inerentes à emissão desta licença, ou as que resultarem de reclamações justificadas, serão suportadas pelo seu titular.",,
TUA20230905002577,T000029,L000814.2019.RH3.V1,"A licença só poderá ser transmitida mediante autorização da entidade licenciadora de acordo com o disposto no artigo 26º do Decreto-Lei n.º 226-A/2007, de 31 de maio.",,
TUA20230905002577,T000030,L000814.2019.RH3.V1,"Para efeitos de fiscalização ou inspeção, o titular fica obrigado a facultar, às Entidades Competentes, esta licença, bem como o acesso à área, construções e equipamentos a ela associados e aos registos detalhados do controlo da operação do sistema de tratamento.",,
TUA20230905002577,T000031,L000814.2019.RH3.V1,"O titular fica obrigado a informar a Entidade Licenciadora, no prazo máximo de 24 horas, de qualquer acidente ou anomalia ocorrido nas instalações que afete o cumprimento das condições indicadas nesta licença bem como das medidas já implementadas e/ou previstas para correção da situação.",,
TUA20230905002577,T000032,L000814.2019.RH3.V1,"A licença só poderá ser transacionada e temporariamente cedida mediante autorização da Entidade Licenciadora de acordo com o disposto no artigo 27.º do Decreto-Lei n.º 226-A/2007, de 31 de maio.",,
TUA20230905002577,T000033,L000814.2019.RH3.V1,"A licença caduca nas condições previstas no presente título e no artigo 33.º do Decreto-Lei n.º 226-A/2007, de 31 de maio.",,
TUA20230905002577,T000034,L000814.2019.RH3.V1,"O titular fica sujeito, de acordo com o Decreto-Lei n.º 97/2008, de 11 de junho, na sua redação atual, ao pagamento da Taxa de Recursos Hídricos (TRH) calculada de acordo com a seguinte fórmula: TRH = E + O, em que E – descarga de efluentes e O – ocupação do domínio público hídrico do Estado, se aplicável.",,
TUA20230905002577,T000035,L000814.2019.RH3.V1,"A presente licença pode ser revista ou revogada nos casos previstos nos artigos 28.º e 32.º do Decreto-Lei n.º 226-A/2007, de 31 de maio.",,
TUA20230905002577,T000036,L000814.2019.RH3.V1,"O titular obriga-se a cumprir o disposto na presente licença, em todas as leis e regulamentos vigentes, na parte em que lhe for aplicável, bem como outras normas ou regulamentos que venham a ser posteriormente aprovados e a entrar em vigor, quer as suas disposições se harmonizem ou não com os direitos e obrigações que à presente licença sejam aplicáveis.",,
TUA20230905002577,T000037,L000814.2019.RH3.V1,"Sem prejuízo das sanções aplicáveis, sempre que o registo atualizado dos valores do autocontrolo, referido em T000027, não seja reportado com a frequência trimestral ou até ao dia quinze (15) de janeiro do ano seguinte ao que diz respeito a taxa de recursos hídricos, a componente E será calculada tendo por base as características do efluente bruto estabelecidas no projeto de execução da ETAR ou incluídas na presente licença.",,
TUA20230905002577,T000038,L000814.2019.RH3.V1,"O pagamento da taxa de recursos hídricos devida é efetuado no ano seguinte àquele a que a taxa respeite até ao termo disposto na Nota de Liquidação respetiva e deve ser feito de acordo com o previsto no número 4 do artigo 16.º do Decreto-Lei n.º 97/2008, de 11 de junho, na sua redação atual.",,
TUA20230905002577,T000039,L000814.2019.RH3.V1,"A falta de pagamento atempado fica sujeito a juros de mora à taxa legal em vigor, conforme dispõe o número 5 do artigo 16.º do Decreto-Lei n.º 97/2008, de 11 de junho, na sua redação atual.",,
TUA20230905002577,T000040,L000814.2019.RH3.V1,"A rejeição de águas residuais será exclusivamente realizada no local e nas condições indicadas nesta licença, não estando autorizadas quaisquer outras descargas de efluentes, e não podendo o objeto da presente licença ser alterado sem prévia autorização da Entidade Licenciadora.",,
TUA20230905002577,T000041,L000814.2019.RH3.V1,"O titular deverá respeitar todas as leis e regulamentos aplicáveis e munir-se de quaisquer outras autorizações, licenças e registos legalmente exigíveis.",,
TUA20230905002577,T000042,L000814.2019.RH3.V1,"A Entidade Licenciadora reserva-se o direito de restringir excecionalmente o regime de utilização dos recursos hídricos agora atribuído, nomeadamente na decorrência de secas, cheias e acidentes, nos termos da presente licença e no regime legal aplicável.",,
TUA20230905002578,T000026,L000818.2019.RH3.V1,"Em caso de incumprimento da presente licença, o titular fica sujeito às sanções previstas no Decreto-Lei n.º 226-A/2007, de 31 de maio.",,
TUA20230905002578,T000027,L000818.2019.RH3.V1,A matéria tributável da componente E é determinada com base no programa de autocontrolo a implementar descrito em EXP8.3.16.,,
TUA20230905002578,T000028,L000818.2019.RH3.V1,"As despesas com vistorias extraordinárias inerentes à emissão desta licença, ou as que resultarem de reclamações justificadas, serão suportadas pelo seu titular.",,
TUA20230905002578,T000029,L000818.2019.RH3.V1,"A licença só poderá ser transmitida mediante autorização da entidade licenciadora de acordo com o disposto no artigo 26º do Decreto-Lei n.º 226-A/2007, de 31 de maio.",,
TUA20230905002578,T000030,L000818.2019.RH3.V1,"Para efeitos de fiscalização ou inspeção, o titular fica obrigado a facultar, às Entidades Competentes, esta licença, bem como o acesso à área, construções e equipamentos a ela associados e aos registos detalhados do controlo da operação do sistema de tratamento.",,
TUA20230905002578,T000031,L000818.2019.RH3.V1,"O titular fica obrigado a informar a Entidade Licenciadora, no prazo máximo de 24 horas, de qualquer acidente ou anomalia ocorrido nas instalações que afete o cumprimento das condições indicadas nesta licença bem como das medidas já implementadas e/ou previstas para correção da situação.",,
TUA20230905002578,T000032,L000818.2019.RH3.V1,"A licença só poderá ser transacionada e temporariamente cedida mediante autorização da Entidade Licenciadora de acordo com o disposto no artigo 27.º do Decreto-Lei n.º 226-A/2007, de 31 de maio.",,
TUA20230905002578,T000033,L000818.2019.RH3.V1,"A licença caduca nas condições previstas no presente título e no artigo 33.º do Decreto-Lei n.º 226-A/2007, de 31 de maio.",,
TUA20230905002578,T000034,L000818.2019.RH3.V1,"O titular fica sujeito, de acordo com o Decreto-Lei n.º 97/2008, de 11 de junho, na sua redação atual, ao pagamento da Taxa de Recursos Hídricos (TRH) calculada de acordo com a seguinte fórmula: TRH = E + O, em que E – descarga de efluentes e O – ocupação do domínio público hídrico do Estado, se aplicável.",,
TUA20230905002578,T000035,L000818.2019.RH3.V1,"A presente licença pode ser revista ou revogada nos casos previstos nos artigos 28.º e 32.º do Decreto-Lei n.º 226-A/2007, de 31 de maio.",,
TUA20230905002578,T000036,L000818.2019.RH3.V1,"O titular obriga-se a cumprir o disposto na presente licença, em todas as leis e regulamentos vigentes, na parte em que lhe for aplicável, bem como outras normas ou regulamentos que venham a ser posteriormente aprovados e a entrar em vigor, quer as suas disposições se harmonizem ou não com os direitos e obrigações que à presente licença sejam aplicáveis.",,
TUA20230905002578,T000037,L000818.2019.RH3.V1,"Sem prejuízo das sanções aplicáveis, sempre que o registo atualizado dos valores do autocontrolo, referido em T000027, não seja reportado com a frequência trimestral ou até ao dia quinze (15) de janeiro do ano seguinte ao que diz respeito a taxa de recursos hídricos, a componente E será calculada tendo por base as características do efluente bruto estabelecidas no projeto de execução da ETAR ou incluídas na presente licença.",,
TUA20230905002578,T000038,L000818.2019.RH3.V1,"O pagamento da taxa de recursos hídricos devida é efetuado no ano seguinte àquele a que a taxa respeite até ao termo disposto na Nota de Liquidação respetiva e deve ser feito de acordo com o previsto no número 4 do artigo 16.º do Decreto-Lei n.º 97/2008, de 11 de junho, na sua redação atual.",,
TUA20230905002578,T000039,L000818.2019.RH3.V1,"A falta de pagamento atempado fica sujeito a juros de mora à taxa legal em vigor, conforme dispõe o número 5 do artigo 16.º do Decreto-Lei n.º 97/2008, de 11 de junho, na sua redação atual.",,
TUA20230905002578,T000040,L000818.2019.RH3.V1,"A rejeição de águas residuais será exclusivamente realizada no local e nas condições indicadas nesta licença, não estando autorizadas quaisquer outras descargas de efluentes, e não podendo o objeto da presente licença ser alterado sem prévia autorização da Entidade Licenciadora.",,
TUA20230905002578,T000041,L000818.2019.RH3.V1,"O titular deverá respeitar todas as leis e regulamentos aplicáveis e munir-se de quaisquer outras autorizações, licenças e registos legalmente exigíveis.",,
TUA20230905002578,T000042,L000818.2019.RH3.V1,"A Entidade Licenciadora reserva-se o direito de restringir excecionalmente o regime de utilização dos recursos hídricos agora atribuído, nomeadamente na decorrência de secas, cheias e acidentes, nos termos da presente licença e no regime legal aplicável.",,
TUA20230905002579,T000020,L000816.2019.RH3.V1,"Em caso de incumprimento da presente licença, o titular fica sujeito às sanções previstas no Decreto-Lei n.º 226-A/2007, de 31 de maio.",,
TUA20230905002579,T000021,L000816.2019.RH3.V1,A matéria tributável da componente E é determinada com base no programa de autocontrolo a implementar descrito em EXP8.3.16.,,
TUA20230905002579,T000022,L000816.2019.RH3.V1,"As despesas com vistorias extraordinárias inerentes à emissão desta licença, ou as que resultarem de reclamações justificadas, serão suportadas pelo seu titular.",,
TUA20230905002579,T000023,L000816.2019.RH3.V1,"A licença só poderá ser transmitida mediante autorização da entidade licenciadora de acordo com o disposto no artigo 26º do Decreto-Lei n.º 226-A/2007, de 31 de maio.",,
TUA20230905002579,T000024,L000816.2019.RH3.V1,"Para efeitos de fiscalização ou inspeção, o titular fica obrigado a facultar, às Entidades Competentes, esta licença, bem como o acesso à área, construções e equipamentos a ela associados e aos registos detalhados do controlo da operação do sistema de tratamento.",,
TUA20230905002579,T000025,L000816.2019.RH3.V1,"O titular fica obrigado a informar a Entidade Licenciadora, no prazo máximo de 24 horas, de qualquer acidente ou anomalia ocorrido nas instalações que afete o cumprimento das condições indicadas nesta licença bem como das medidas já implementadas e/ou previstas para correção da situação.",,
TUA20230905002579,T000026,L000816.2019.RH3.V1,"A licença só poderá ser transacionada e temporariamente cedida mediante autorização da Entidade Licenciadora de acordo com o disposto no artigo 27.º do Decreto-Lei n.º 226-A/2007, de 31 de maio.",,
TUA20230905002579,T000027,L000816.2019.RH3.V1,"A licença caduca nas condições previstas no presente título e no artigo 33.º do Decreto-Lei n.º 226-A/2007, de 31 de maio.",,
TUA20230905002579,T000028,L000816.2019.RH3.V1,"O titular fica sujeito, de acordo com o Decreto-Lei n.º 97/2008, de 11 de junho, na sua redação atual, ao pagamento da Taxa de Recursos Hídricos (TRH) calculada de acordo com a seguinte fórmula: TRH = E + O, em que E – descarga de efluentes e O – ocupação do domínio público hídrico do Estado, se aplicável.",,
TUA20230905002579,T000029,L000816.2019.RH3.V1,"A presente licença pode ser revista ou revogada nos casos previstos nos artigos 28.º e 32.º do Decreto-Lei n.º 226-A/2007, de 31 de maio.",,
TUA20230905002579,T000030,L000816.2019.RH3.V1,"O titular obriga-se a cumprir o disposto na presente licença, em todas as leis e regulamentos vigentes, na parte em que lhe for aplicável, bem como outras normas ou regulamentos que venham a ser posteriormente aprovados e a entrar em vigor, quer as suas disposições se harmonizem ou não com os direitos e obrigações que à presente licença sejam aplicáveis.",,
TUA20230905002579,T000031,L000816.2019.RH3.V1,"Sem prejuízo das sanções aplicáveis, sempre que o registo atualizado dos valores do autocontrolo, referido em T000021, não seja reportado com a frequência trimestral ou até ao dia quinze (15) de janeiro do ano seguinte ao que diz respeito a taxa de recursos hídricos, a componente E será calculada tendo por base as características do efluente bruto estabelecidas no projeto de execução da ETAR ou incluídas na presente licença.",,
TUA20230905002579,T000032,L000816.2019.RH3.V1,"O pagamento da taxa de recursos hídricos devida é efetuado no ano seguinte àquele a que a taxa respeite até ao termo disposto na Nota de Liquidação respetiva e deve ser feito de acordo com o previsto no número 4 do artigo 16.º do Decreto-Lei n.º 97/2008, de 11 de junho, na sua redação atual.",,
TUA20230905002579,T000033,L000816.2019.RH3.V1,"A falta de pagamento atempado fica sujeito a juros de mora à taxa legal em vigor, conforme dispõe o número 5 do artigo 16.º do Decreto-Lei n.º 97/2008, de 11 de junho, na sua redação atual.",,
TUA20230905002579,T000034,L000816.2019.RH3.V1,"A rejeição de águas residuais será exclusivamente realizada no local e nas condições indicadas nesta licença, não estando autorizadas quaisquer outras descargas de efluentes, e não podendo o objeto da presente licença ser alterado sem prévia autorização da Entidade Licenciadora.",,
TUA20230905002579,T000035,L000816.2019.RH3.V1,"O titular deverá respeitar todas as leis e regulamentos aplicáveis e munir-se de quaisquer outras autorizações, licenças e registos legalmente exigíveis.",,
TUA20230905002579,T000036,L000816.2019.RH3.V1,"A Entidade Licenciadora reserva-se o direito de restringir excecionalmente o regime de utilização dos recursos hídricos agora atribuído, nomeadamente na decorrência de secas, cheias e acidentes, nos termos da presente licença e no regime legal aplicável.",,
TUA20230912002642,T000026,L000805.2019.RH3.V1,"Em caso de incumprimento da presente licença, o titular fica sujeito às sanções previstas no Decreto-Lei n.º 226-A/2007, de 31 de maio.",,
TUA20230912002642,T000027,L000805.2019.RH3.V1,A matéria tributável da componente E é determinada com base no programa de autocontrolo a implementar descrito em EXP8.3.16.,,
TUA20230912002642,T000028,L000805.2019.RH3.V1,"As despesas com vistorias extraordinárias inerentes à emissão desta licença, ou as que resultarem de reclamações justificadas, serão suportadas pelo seu titular.",,
TUA20230912002642,T000029,L000805.2019.RH3.V1,"A licença só poderá ser transmitida mediante autorização da entidade licenciadora de acordo com o disposto no artigo 26º do Decreto-Lei n.º 226-A/2007, de 31 de maio.",,
TUA20230912002642,T000030,L000805.2019.RH3.V1,"Para efeitos de fiscalização ou inspeção, o titular fica obrigado a facultar, às Entidades Competentes, esta licença, bem como o acesso à área, construções e equipamentos a ela associados e aos registos detalhados do controlo da operação do sistema de tratamento.",,
TUA20230912002642,T000031,L000805.2019.RH3.V1,"O titular fica obrigado a informar a Entidade Licenciadora, no prazo máximo de 24 horas, de qualquer acidente ou anomalia ocorrido nas instalações que afete o cumprimento das condições indicadas nesta licença bem como das medidas já implementadas e/ou previstas para correção da situação.",,
TUA20230912002642,T000032,L000805.2019.RH3.V1,"A licença só poderá ser transacionada e temporariamente cedida mediante autorização da Entidade Licenciadora de acordo com o disposto no artigo 27.º do Decreto-Lei n.º 226-A/2007, de 31 de maio.",,
TUA20230912002642,T000033,L000805.2019.RH3.V1,"A licença caduca nas condições previstas no presente título e no artigo 33.º do Decreto-Lei n.º 226-A/2007, de 31 de maio.",,
TUA20230912002642,T000034,L000805.2019.RH3.V1,"O titular fica sujeito, de acordo com o Decreto-Lei n.º 97/2008, de 11 de junho, na sua redação atual, ao pagamento da Taxa de Recursos Hídricos (TRH) calculada de acordo com a seguinte fórmula: TRH = E + O, em que E – descarga de efluentes e O – ocupação do domínio público hídrico do Estado, se aplicável.",,
TUA20230912002642,T000035,L000805.2019.RH3.V1,"A presente licença pode ser revista ou revogada nos casos previstos nos artigos 28.º e 32.º do Decreto-Lei n.º 226-A/2007, de 31 de maio.",,
TUA20230912002642,T000036,L000805.2019.RH3.V1,"O titular obriga-se a cumprir o disposto na presente licença, em todas as leis e regulamentos vigentes, na parte em que lhe for aplicável, bem como outras normas ou regulamentos que venham a ser posteriormente aprovados e a entrar em vigor, quer as suas disposições se harmonizem ou não com os direitos e obrigações que à presente licença sejam aplicáveis.",,
TUA20230912002642,T000037,L000805.2019.RH3.V1,"Sem prejuízo das sanções aplicáveis, sempre que o registo atualizado dos valores do autocontrolo, referido em T000027, não seja reportado com a frequência trimestral ou até ao dia quinze (15) de janeiro do ano seguinte ao que diz respeito a taxa de recursos hídricos, a componente E será calculada tendo por base as características do efluente bruto estabelecidas no projeto de execução da ETAR ou incluídas na presente licença.",,
TUA20230912002642,T000038,L000805.2019.RH3.V1,"O pagamento da taxa de recursos hídricos devida é efetuado no ano seguinte àquele a que a taxa respeite até ao termo disposto na Nota de Liquidação respetiva e deve ser feito de acordo com o previsto no número 4 do artigo 16.º do Decreto-Lei n.º 97/2008, de 11 de junho, na sua redação atual.",,
TUA20230912002642,T000039,L000805.2019.RH3.V1,"A falta de pagamento atempado fica sujeito a juros de mora à taxa legal em vigor, conforme dispõe o número 5 do artigo 16.º do Decreto-Lei n.º 97/2008, de 11 de junho, na sua redação atual.",,
TUA20230912002642,T000040,L000805.2019.RH3.V1,"A rejeição de águas residuais será exclusivamente realizada no local e nas condições indicadas nesta licença, não estando autorizadas quaisquer outras descargas de efluentes, e não podendo o objeto da presente licença ser alterado sem prévia autorização da Entidade Licenciadora.",,
TUA20230912002642,T000041,L000805.2019.RH3.V1,"O titular deverá respeitar todas as leis e regulamentos aplicáveis e munir-se de quaisquer outras autorizações, licenças e registos legalmente exigíveis.",,
TUA20230912002642,T000042,L000805.2019.RH3.V1,"A Entidade Licenciadora reserva-se o direito de restringir excecionalmente o regime de utilização dos recursos hídricos agora atribuído, nomeadamente na decorrência de secas, cheias e acidentes, nos termos da presente licença e no regime legal aplicável.",,
TUA20230912002643,T000026,L000810.2019.RH3.V1,"Em caso de incumprimento da presente licença, o titular fica sujeito às sanções previstas no Decreto-Lei n.º 226-A/2007, de 31 de maio.",,
TUA20230912002643,T000027,L000810.2019.RH3.V1,A matéria tributável da componente E é determinada com base no programa de autocontrolo a implementar descrito em EXP8.3.16.,,
TUA20230912002643,T000028,L000810.2019.RH3.V1,"As despesas com vistorias extraordinárias inerentes à emissão desta licença, ou as que resultarem de reclamações justificadas, serão suportadas pelo seu titular.",,
TUA20230912002643,T000029,L000810.2019.RH3.V1,"A licença só poderá ser transmitida mediante autorização da entidade licenciadora de acordo com o disposto no artigo 26º do Decreto-Lei n.º 226-A/2007, de 31 de maio.",,
TUA20230912002643,T000030,L000810.2019.RH3.V1,"Para efeitos de fiscalização ou inspeção, o titular fica obrigado a facultar, às Entidades Competentes, esta licença, bem como o acesso à área, construções e equipamentos a ela associados e aos registos detalhados do controlo da operação do sistema de tratamento.",,
TUA20230912002643,T000031,L000810.2019.RH3.V1,"O titular fica obrigado a informar a Entidade Licenciadora, no prazo máximo de 24 horas, de qualquer acidente ou anomalia ocorrido nas instalações que afete o cumprimento das condições indicadas nesta licença bem como das medidas já implementadas e/ou previstas para correção da situação.",,
TUA20230912002643,T000032,L000810.2019.RH3.V1,"A licença só poderá ser transacionada e temporariamente cedida mediante autorização da Entidade Licenciadora de acordo com o disposto no artigo 27.º do Decreto-Lei n.º 226-A/2007, de 31 de maio.",,
TUA20230912002643,T000033,L000810.2019.RH3.V1,"A licença caduca nas condições previstas no presente título e no artigo 33.º do Decreto-Lei n.º 226-A/2007, de 31 de maio.",,
TUA20230912002643,T000034,L000810.2019.RH3.V1,"O titular fica sujeito, de acordo com o Decreto-Lei n.º 97/2008, de 11 de junho, na sua redação atual, ao pagamento da Taxa de Recursos Hídricos (TRH) calculada de acordo com a seguinte fórmula: TRH = E + O, em que E – descarga de efluentes e O – ocupação do domínio público hídrico do Estado, se aplicável.",,
TUA20230912002643,T000035,L000810.2019.RH3.V1,"A presente licença pode ser revista ou revogada nos casos previstos nos artigos 28.º e 32.º do Decreto-Lei n.º 226-A/2007, de 31 de maio.",,
TUA20230912002643,T000036,L000810.2019.RH3.V1,"O titular obriga-se a cumprir o disposto na presente licença, em todas as leis e regulamentos vigentes, na parte em que lhe for aplicável, bem como outras normas ou regulamentos que venham a ser posteriormente aprovados e a entrar em vigor, quer as suas disposições se harmonizem ou não com os direitos e obrigações que à presente licença sejam aplicáveis.",,
TUA20230912002643,T000037,L000810.2019.RH3.V1,"Sem prejuízo das sanções aplicáveis, sempre que o registo atualizado dos valores do autocontrolo, referido em T000027, não seja reportado com a frequência trimestral ou até ao dia quinze (15) de janeiro do ano seguinte ao que diz respeito a taxa de recursos hídricos, a componente E será calculada tendo por base as características do efluente bruto estabelecidas no projeto de execução da ETAR ou incluídas na presente licença.",,
TUA20230912002643,T000038,L000810.2019.RH3.V1,"O pagamento da taxa de recursos hídricos devida é efetuado no ano seguinte àquele a que a taxa respeite até ao termo disposto na Nota de Liquidação respetiva e deve ser feito de acordo com o previsto no número 4 do artigo 16.º do Decreto-Lei n.º 97/2008, de 11 de junho, na sua redação atual.",,
TUA20230912002643,T000039,L000810.2019.RH3.V1,"A falta de pagamento atempado fica sujeito a juros de mora à taxa legal em vigor, conforme dispõe o número 5 do artigo 16.º do Decreto-Lei n.º 97/2008, de 11 de junho, na sua redação atual.",,
TUA20230912002643,T000040,L000810.2019.RH3.V1,"A rejeição de águas residuais será exclusivamente realizada no local e nas condições indicadas nesta licença, não estando autorizadas quaisquer outras descargas de efluentes, e não podendo o objeto da presente licença ser alterado sem prévia autorização da Entidade Licenciadora.",,
TUA20230912002643,T000041,L000810.2019.RH3.V1,"O titular deverá respeitar todas as leis e regulamentos aplicáveis e munir-se de quaisquer outras autorizações, licenças e registos legalmente exigíveis.",,
TUA20230912002643,T000042,L000810.2019.RH3.V1,"A Entidade Licenciadora reserva-se o direito de restringir excecionalmente o regime de utilização dos recursos hídricos agora atribuído, nomeadamente na decorrência de secas, cheias e acidentes, nos termos da presente licença e no regime legal aplicável.",,
TUA20230915002702,T000026,L000820.2019.RH3.V1,"Em caso de incumprimento da presente licença, o titular fica sujeito às sanções previstas no Decreto-Lei n.º 226-A/2007, de 31 de maio.",,
TUA20230915002702,T000027,L000820.2019.RH3.V1,A matéria tributável da componente E é determinada com base no programa de autocontrolo a implementar descrito em EXP8.3.16.,,
TUA20230915002702,T000028,L000820.2019.RH3.V1,"As despesas com vistorias extraordinárias inerentes à emissão desta licença, ou as que resultarem de reclamações justificadas, serão suportadas pelo seu titular.",,
TUA20230915002702,T000029,L000820.2019.RH3.V1,"A licença só poderá ser transmitida mediante autorização da entidade licenciadora de acordo com o disposto no artigo 26º do Decreto-Lei n.º 226-A/2007, de 31 de maio.",,
TUA20230915002702,T000030,L000820.2019.RH3.V1,"Para efeitos de fiscalização ou inspeção, o titular fica obrigado a facultar, às Entidades Competentes, esta licença, bem como o acesso à área, construções e equipamentos a ela associados e aos registos detalhados do controlo da operação do sistema de tratamento.",,
TUA20230915002702,T000031,L000820.2019.RH3.V1,"O titular fica obrigado a informar a Entidade Licenciadora, no prazo máximo de 24 horas, de qualquer acidente ou anomalia ocorrido nas instalações que afete o cumprimento das condições indicadas nesta licença bem como das medidas já implementadas e/ou previstas para correção da situação.",,
TUA20230915002702,T000032,L000820.2019.RH3.V1,"A licença só poderá ser transacionada e temporariamente cedida mediante autorização da Entidade Licenciadora de acordo com o disposto no artigo 27.º do Decreto-Lei n.º 226-A/2007, de 31 de maio.",,
TUA20230915002702,T000033,L000820.2019.RH3.V1,"A licença caduca nas condições previstas no presente título e no artigo 33.º do Decreto-Lei n.º 226-A/2007, de 31 de maio.",,
TUA20230915002702,T000034,L000820.2019.RH3.V1,"O titular fica sujeito, de acordo com o Decreto-Lei n.º 97/2008, de 11 de junho, na sua redação atual, ao pagamento da Taxa de Recursos Hídricos (TRH) calculada de acordo com a seguinte fórmula: TRH = E + O, em que E – descarga de efluentes e O – ocupação do domínio público hídrico do Estado, se aplicável.",,
TUA20230915002702,T000035,L000820.2019.RH3.V1,"A presente licença pode ser revista ou revogada nos casos previstos nos artigos 28.º e 32.º do Decreto-Lei n.º 226-A/2007, de 31 de maio.",,
TUA20230915002702,T000036,L000820.2019.RH3.V1,"O titular obriga-se a cumprir o disposto na presente licença, em todas as leis e regulamentos vigentes, na parte em que lhe for aplicável, bem como outras normas ou regulamentos que venham a ser posteriormente aprovados e a entrar em vigor, quer as suas disposições se harmonizem ou não com os direitos e obrigações que à presente licença sejam aplicáveis.",,
TUA20230915002702,T000037,L000820.2019.RH3.V1,"Sem prejuízo das sanções aplicáveis, sempre que o registo atualizado dos valores do autocontrolo, referido em T000027, não seja reportado com a frequência trimestral ou até ao dia quinze (15) de janeiro do ano seguinte ao que diz respeito a taxa de recursos hídricos, a componente E será calculada tendo por base as características do efluente bruto estabelecidas no projeto de execução da ETAR ou incluídas na presente licença.",,
TUA20230915002702,T000038,L000820.2019.RH3.V1,"O pagamento da taxa de recursos hídricos devida é efetuado no ano seguinte àquele a que a taxa respeite até ao termo disposto na Nota de Liquidação respetiva e deve ser feito de acordo com o previsto no número 4 do artigo 16.º do Decreto-Lei n.º 97/2008, de 11 de junho, na sua redação atual.",,
TUA20230915002702,T000039,L000820.2019.RH3.V1,"A falta de pagamento atempado fica sujeito a juros de mora à taxa legal em vigor, conforme dispõe o número 5 do artigo 16.º do Decreto-Lei n.º 97/2008, de 11 de junho, na sua redação atual.",,
TUA20230915002702,T000040,L000820.2019.RH3.V1,"A rejeição de águas residuais será exclusivamente realizada no local e nas condições indicadas nesta licença, não estando autorizadas quaisquer outras descargas de efluentes, e não podendo o objeto da presente licença ser alterado sem prévia autorização da Entidade Licenciadora.",,
TUA20230915002702,T000041,L000820.2019.RH3.V1,"O titular deverá respeitar todas as leis e regulamentos aplicáveis e munir-se de quaisquer outras autorizações, licenças e registos legalmente exigíveis.",,
TUA20230915002702,T000042,L000820.2019.RH3.V1,"A Entidade Licenciadora reserva-se o direito de restringir excecionalmente o regime de utilização dos recursos hídricos agora atribuído, nomeadamente na decorrência de secas, cheias e acidentes, nos termos da presente licença e no regime legal aplicável.",,
TUA20230918002712,T000026,L000815.2019.RH3.V1,"Em caso de incumprimento da presente licença, o titular fica sujeito às sanções previstas no Decreto-Lei n.º 226-A/2007, de 31 de maio.",,
TUA20230918002712,T000027,L000815.2019.RH3.V1,A matéria tributável da componente E é determinada com base no programa de autocontrolo a implementar descrito em EXP8.3.16.,,
TUA20230918002712,T000028,L000815.2019.RH3.V1,"As despesas com vistorias extraordinárias inerentes à emissão desta licença, ou as que resultarem de reclamações justificadas, serão suportadas pelo seu titular.",,
TUA20230918002712,T000029,L000815.2019.RH3.V1,"A licença só poderá ser transmitida mediante autorização da entidade licenciadora de acordo com o disposto no artigo 26º do Decreto-Lei n.º 226-A/2007, de 31 de maio.",,
TUA20230918002712,T000030,L000815.2019.RH3.V1,"Para efeitos de fiscalização ou inspeção, o titular fica obrigado a facultar, às Entidades Competentes, esta licença, bem como o acesso à área, construções e equipamentos a ela associados e aos registos detalhados do controlo da operação do sistema de tratamento.",,
TUA20230918002712,T000031,L000815.2019.RH3.V1,"O titular fica obrigado a informar a Entidade Licenciadora, no prazo máximo de 24 horas, de qualquer acidente ou anomalia ocorrido nas instalações que afete o cumprimento das condições indicadas nesta licença bem como das medidas já implementadas e/ou previstas para correção da situação.",,
TUA20230918002712,T000032,L000815.2019.RH3.V1,"A licença só poderá ser transacionada e temporariamente cedida mediante autorização da Entidade Licenciadora de acordo com o disposto no artigo 27.º do Decreto-Lei n.º 226-A/2007, de 31 de maio.",,
TUA20230918002712,T000033,L000815.2019.RH3.V1,"A licença caduca nas condições previstas no presente título e no artigo 33.º do Decreto-Lei n.º 226-A/2007, de 31 de maio.",,
TUA20230918002712,T000034,L000815.2019.RH3.V1,"O titular fica sujeito, de acordo com o Decreto-Lei n.º 97/2008, de 11 de junho, na sua redação atual, ao pagamento da Taxa de Recursos Hídricos (TRH) calculada de acordo com a seguinte fórmula: TRH = E + O, em que E – descarga de efluentes e O – ocupação do domínio público hídrico do Estado, se aplicável.",,
TUA20230918002712,T000035,L000815.2019.RH3.V1,"A presente licença pode ser revista ou revogada nos casos previstos nos artigos 28.º e 32.º do Decreto-Lei n.º 226-A/2007, de 31 de maio.",,
TUA20230918002712,T000036,L000815.2019.RH3.V1,"O titular obriga-se a cumprir o disposto na presente licença, em todas as leis e regulamentos vigentes, na parte em que lhe for aplicável, bem como outras normas ou regulamentos que venham a ser posteriormente aprovados e a entrar em vigor, quer as suas disposições se harmonizem ou não com os direitos e obrigações que à presente licença sejam aplicáveis.",,
TUA20230918002712,T000037,L000815.2019.RH3.V1,"Sem prejuízo das sanções aplicáveis, sempre que o registo atualizado dos valores do autocontrolo, referido em T000027, não seja reportado com a frequência trimestral ou até ao dia quinze (15) de janeiro do ano seguinte ao que diz respeito a taxa de recursos hídricos, a componente E será calculada tendo por base as características do efluente bruto estabelecidas no projeto de execução da ETAR ou incluídas na presente licença.",,
TUA20230918002712,T000038,L000815.2019.RH3.V1,"O pagamento da taxa de recursos hídricos devida é efetuado no ano seguinte àquele a que a taxa respeite até ao termo disposto na Nota de Liquidação respetiva e deve ser feito de acordo com o previsto no número 4 do artigo 16.º do Decreto-Lei n.º 97/2008, de 11 de junho, na sua redação atual.",,
TUA20230918002712,T000039,L000815.2019.RH3.V1,"A falta de pagamento atempado fica sujeito a juros de mora à taxa legal em vigor, conforme dispõe o número 5 do artigo 16.º do Decreto-Lei n.º 97/2008, de 11 de junho, na sua redação atual.",,
TUA20230918002712,T000040,L000815.2019.RH3.V1,"A rejeição de águas residuais será exclusivamente realizada no local e nas condições indicadas nesta licença, não estando autorizadas quaisquer outras descargas de efluentes, e não podendo o objeto da presente licença ser alterado sem prévia autorização da Entidade Licenciadora.",,
TUA20230918002712,T000041,L000815.2019.RH3.V1,"O titular deverá respeitar todas as leis e regulamentos aplicáveis e munir-se de quaisquer outras autorizações, licenças e registos legalmente exigíveis.",,
TUA20230918002712,T000042,L000815.2019.RH3.V1,"A Entidade Licenciadora reserva-se o direito de restringir excecionalmente o regime de utilização dos recursos hídricos agora atribuído, nomeadamente na decorrência de secas, cheias e acidentes, nos termos da presente licença e no regime legal aplicável.",,
TUA20231010002912,T000026,L001021.2019.RH3.V1,"Em caso de incumprimento da presente licença, o titular fica sujeito às sanções previstas no Decreto-Lei n.º 226-A/2007, de 31 de maio.",,
TUA20231010002912,T000027,L001021.2019.RH3.V1,A matéria tributável da componente E é determinada com base no programa de autocontrolo a implementar descrito em EXP8.3.16.,,
TUA20231010002912,T000028,L001021.2019.RH3.V1,"As despesas com vistorias extraordinárias inerentes à emissão desta licença, ou as que resultarem de reclamações justificadas, serão suportadas pelo seu titular.",,
TUA20231010002912,T000029,L001021.2019.RH3.V1,"A licença só poderá ser transmitida mediante autorização da entidade licenciadora de acordo com o disposto no artigo 26º do Decreto-Lei n.º 226-A/2007, de 31 de maio.",,
TUA20231010002912,T000030,L001021.2019.RH3.V1,"Para efeitos de fiscalização ou inspeção, o titular fica obrigado a facultar, às Entidades Competentes, esta licença, bem como o acesso à área, construções e equipamentos a ela associados e aos registos detalhados do controlo da operação do sistema de tratamento.",,
TUA20231010002912,T000031,L001021.2019.RH3.V1,"O titular fica obrigado a informar a Entidade Licenciadora, no prazo máximo de 24 horas, de qualquer acidente ou anomalia ocorrido nas instalações que afete o cumprimento das condições indicadas nesta licença bem como das medidas já implementadas e/ou previstas para correção da situação.",,
TUA20231010002912,T000032,L001021.2019.RH3.V1,"A licença só poderá ser transacionada e temporariamente cedida mediante autorização da Entidade Licenciadora de acordo com o disposto no artigo 27.º do Decreto-Lei n.º 226-A/2007, de 31 de maio.",,
TUA20231010002912,T000033,L001021.2019.RH3.V1,"A licença caduca nas condições previstas no presente título e no artigo 33.º do Decreto-Lei n.º 226-A/2007, de 31 de maio.",,
TUA20231010002912,T000034,L001021.2019.RH3.V1,"O titular fica sujeito, de acordo com o Decreto-Lei n.º 97/2008, de 11 de junho, na sua redação atual, ao pagamento da Taxa de Recursos Hídricos (TRH) calculada de acordo com a seguinte fórmula: TRH = E + O, em que E – descarga de efluentes e O – ocupação do domínio público hídrico do Estado, se aplicável.",,
TUA20231010002912,T000035,L001021.2019.RH3.V1,"A presente licença pode ser revista ou revogada nos casos previstos nos artigos 28.º e 32.º do Decreto-Lei n.º 226-A/2007, de 31 de maio.",,
TUA20231010002912,T000036,L001021.2019.RH3.V1,"O titular obriga-se a cumprir o disposto na presente licença, em todas as leis e regulamentos vigentes, na parte em que lhe for aplicável, bem como outras normas ou regulamentos que venham a ser posteriormente aprovados e a entrar em vigor, quer as suas disposições se harmonizem ou não com os direitos e obrigações que à presente licença sejam aplicáveis.",,
TUA20231010002912,T000037,L001021.2019.RH3.V1,"Sem prejuízo das sanções aplicáveis, sempre que o registo atualizado dos valores do autocontrolo, referido em T000027, não seja reportado com a frequência trimestral ou até ao dia quinze (15) de janeiro do ano seguinte ao que diz respeito a taxa de recursos hídricos, a componente E será calculada tendo por base as características do efluente bruto estabelecidas no projeto de execução da ETAR ou incluídas na presente licença.",,
TUA20231010002912,T000038,L001021.2019.RH3.V1,"O pagamento da taxa de recursos hídricos devida é efetuado no ano seguinte àquele a que a taxa respeite até ao termo disposto na Nota de Liquidação respetiva e deve ser feito de acordo com o previsto no número 4 do artigo 16.º do Decreto-Lei n.º 97/2008, de 11 de junho, na sua redação atual.",,
TUA20231010002912,T000039,L001021.2019.RH3.V1,"A falta de pagamento atempado fica sujeito a juros de mora à taxa legal em vigor, conforme dispõe o número 5 do artigo 16.º do Decreto-Lei n.º 97/2008, de 11 de junho, na sua redação atual.",,
TUA20231010002912,T000040,L001021.2019.RH3.V1,"A rejeição de águas residuais será exclusivamente realizada no local e nas condições indicadas nesta licença, não estando autorizadas quaisquer outras descargas de efluentes, e não podendo o objeto da presente licença ser alterado sem prévia autorização da Entidade Licenciadora.",,
TUA20231010002912,T000041,L001021.2019.RH3.V1,"O titular deverá respeitar todas as leis e regulamentos aplicáveis e munir-se de quaisquer outras autorizações, licenças e registos legalmente exigíveis.",,
TUA20231010002912,T000042,L001021.2019.RH3.V1,"A Entidade Licenciadora reserva-se o direito de restringir excecionalmente o regime de utilização dos recursos hídricos agora atribuído, nomeadamente na decorrência de secas, cheias e acidentes, nos termos da presente licença e no regime legal aplicável.",,
TUA20231010002913,T000026,L000817.2019.RH3.V1,"Em caso de incumprimento da presente licença, o titular fica sujeito às sanções previstas no Decreto-Lei n.º 226-A/2007, de 31 de maio.",,
TUA20231010002913,T000027,L000817.2019.RH3.V1,A matéria tributável da componente E é determinada com base no programa de autocontrolo a implementar descrito em EXP8.3.16.,,
TUA20231010002913,T000028,L000817.2019.RH3.V1,"As despesas com vistorias extraordinárias inerentes à emissão desta licença, ou as que resultarem de reclamações justificadas, serão suportadas pelo seu titular.",,
TUA20231010002913,T000029,L000817.2019.RH3.V1,"A licença só poderá ser transmitida mediante autorização da entidade licenciadora de acordo com o disposto no artigo 26º do Decreto-Lei n.º 226-A/2007, de 31 de maio.",,
TUA20231010002913,T000030,L000817.2019.RH3.V1,"Para efeitos de fiscalização ou inspeção, o titular fica obrigado a facultar, às Entidades Competentes, esta licença, bem como o acesso à área, construções e equipamentos a ela associados e aos registos detalhados do controlo da operação do sistema de tratamento.",,
TUA20231010002913,T000031,L000817.2019.RH3.V1,"O titular fica obrigado a informar a Entidade Licenciadora, no prazo máximo de 24 horas, de qualquer acidente ou anomalia ocorrido nas instalações que afete o cumprimento das condições indicadas nesta licença bem como das medidas já implementadas e/ou previstas para correção da situação.",,
TUA20231010002913,T000032,L000817.2019.RH3.V1,"A licença só poderá ser transacionada e temporariamente cedida mediante autorização da Entidade Licenciadora de acordo com o disposto no artigo 27.º do Decreto-Lei n.º 226-A/2007, de 31 de maio.",,
TUA20231010002913,T000033,L000817.2019.RH3.V1,"A licença caduca nas condições previstas no presente título e no artigo 33.º do Decreto-Lei n.º 226-A/2007, de 31 de maio.",,
TUA20231010002913,T000034,L000817.2019.RH3.V1,"O titular fica sujeito, de acordo com o Decreto-Lei n.º 97/2008, de 11 de junho, na sua redação atual, ao pagamento da Taxa de Recursos Hídricos (TRH) calculada de acordo com a seguinte fórmula: TRH = E + O, em que E – descarga de efluentes e O – ocupação do domínio público hídrico do Estado, se aplicável.",,
TUA20231010002913,T000035,L000817.2019.RH3.V1,"A presente licença pode ser revista ou revogada nos casos previstos nos artigos 28.º e 32.º do Decreto-Lei n.º 226-A/2007, de 31 de maio.",,
TUA20231010002913,T000036,L000817.2019.RH3.V1,"O titular obriga-se a cumprir o disposto na presente licença, em todas as leis e regulamentos vigentes, na parte em que lhe for aplicável, bem como outras normas ou regulamentos que venham a ser posteriormente aprovados e a entrar em vigor, quer as suas disposições se harmonizem ou não com os direitos e obrigações que à presente licença sejam aplicáveis.",,
TUA20231010002913,T000037,L000817.2019.RH3.V1,"Sem prejuízo das sanções aplicáveis, sempre que o registo atualizado dos valores do autocontrolo, referido em T000027, não seja reportado com a frequência trimestral ou até ao dia quinze (15) de janeiro do ano seguinte ao que diz respeito a taxa de recursos hídricos, a componente E será calculada tendo por base as características do efluente bruto estabelecidas no projeto de execução da ETAR ou incluídas na presente licença.",,
TUA20231010002913,T000038,L000817.2019.RH3.V1,"O pagamento da taxa de recursos hídricos devida é efetuado no ano seguinte àquele a que a taxa respeite até ao termo disposto na Nota de Liquidação respetiva e deve ser feito de acordo com o previsto no número 4 do artigo 16.º do Decreto-Lei n.º 97/2008, de 11 de junho, na sua redação atual.",,
TUA20231010002913,T000039,L000817.2019.RH3.V1,"A falta de pagamento atempado fica sujeito a juros de mora à taxa legal em vigor, conforme dispõe o número 5 do artigo 16.º do Decreto-Lei n.º 97/2008, de 11 de junho, na sua redação atual.",,
TUA20231010002913,T000040,L000817.2019.RH3.V1,"A rejeição de águas residuais será exclusivamente realizada no local e nas condições indicadas nesta licença, não estando autorizadas quaisquer outras descargas de efluentes, e não podendo o objeto da presente licença ser alterado sem prévia autorização da Entidade Licenciadora.",,
TUA20231010002913,T000041,L000817.2019.RH3.V1,"O titular deverá respeitar todas as leis e regulamentos aplicáveis e munir-se de quaisquer outras autorizações, licenças e registos legalmente exigíveis.",,
TUA20231010002913,T000042,L000817.2019.RH3.V1,"A Entidade Licenciadora reserva-se o direito de restringir excecionalmente o regime de utilização dos recursos hídricos agora atribuído, nomeadamente na decorrência de secas, cheias e acidentes, nos termos da presente licença e no regime legal aplicável.",,
TUA20231012002959,T000026,L001020.2019.RH3.V1,"Em caso de incumprimento da presente licença, o titular fica sujeito às sanções previstas no Decreto-Lei n.º 226-A/2007, de 31 de maio.",,
TUA20231012002959,T000027,L001020.2019.RH3.V1,A matéria tributável da componente E é determinada com base no programa de autocontrolo a implementar descrito em EXP8.3.16.,,
TUA20231012002959,T000028,L001020.2019.RH3.V1,"As despesas com vistorias extraordinárias inerentes à emissão desta licença, ou as que resultarem de reclamações justificadas, serão suportadas pelo seu titular.",,
TUA20231012002959,T000029,L001020.2019.RH3.V1,"A licença só poderá ser transmitida mediante autorização da entidade licenciadora de acordo com o disposto no artigo 26º do Decreto-Lei n.º 226-A/2007, de 31 de maio.",,
TUA20231012002959,T000030,L001020.2019.RH3.V1,"Para efeitos de fiscalização ou inspeção, o titular fica obrigado a facultar, às Entidades Competentes, esta licença, bem como o acesso à área, construções e equipamentos a ela associados e aos registos detalhados do controlo da operação do sistema de tratamento.",,
TUA20231012002959,T000031,L001020.2019.RH3.V1,"O titular fica obrigado a informar a Entidade Licenciadora, no prazo máximo de 24 horas, de qualquer acidente ou anomalia ocorrido nas instalações que afete o cumprimento das condições indicadas nesta licença bem como das medidas já implementadas e/ou previstas para correção da situação.",,
TUA20231012002959,T000032,L001020.2019.RH3.V1,"A licença só poderá ser transacionada e temporariamente cedida mediante autorização da Entidade Licenciadora de acordo com o disposto no artigo 27.º do Decreto-Lei n.º 226-A/2007, de 31 de maio.",,
TUA20231012002959,T000033,L001020.2019.RH3.V1,"A licença caduca nas condições previstas no presente título e no artigo 33.º do Decreto-Lei n.º 226-A/2007, de 31 de maio.",,
TUA20231012002959,T000034,L001020.2019.RH3.V1,"O titular fica sujeito, de acordo com o Decreto-Lei n.º 97/2008, de 11 de junho, na sua redação atual, ao pagamento da Taxa de Recursos Hídricos (TRH) calculada de acordo com a seguinte fórmula: TRH = E + O, em que E – descarga de efluentes e O – ocupação do domínio público hídrico do Estado, se aplicável.",,
TUA20231012002959,T000035,L001020.2019.RH3.V1,"A presente licença pode ser revista ou revogada nos casos previstos nos artigos 28.º e 32.º do Decreto-Lei n.º 226-A/2007, de 31 de maio.",,
TUA20231012002959,T000036,L001020.2019.RH3.V1,"O titular obriga-se a cumprir o disposto na presente licença, em todas as leis e regulamentos vigentes, na parte em que lhe for aplicável, bem como outras normas ou regulamentos que venham a ser posteriormente aprovados e a entrar em vigor, quer as suas disposições se harmonizem ou não com os direitos e obrigações que à presente licença sejam aplicáveis.",,
TUA20231012002959,T000037,L001020.2019.RH3.V1,"Sem prejuízo das sanções aplicáveis, sempre que o registo atualizado dos valores do autocontrolo, referido em T000027, não seja reportado com a frequência trimestral ou até ao dia quinze (15) de janeiro do ano seguinte ao que diz respeito a taxa de recursos hídricos, a componente E será calculada tendo por base as características do efluente bruto estabelecidas no projeto de execução da ETAR ou incluídas na presente licença.",,
TUA20231012002959,T000038,L001020.2019.RH3.V1,"O pagamento da taxa de recursos hídricos devida é efetuado no ano seguinte àquele a que a taxa respeite até ao termo disposto na Nota de Liquidação respetiva e deve ser feito de acordo com o previsto no número 4 do artigo 16.º do Decreto-Lei n.º 97/2008, de 11 de junho, na sua redação atual.",,
TUA20231012002959,T000039,L001020.2019.RH3.V1,"A falta de pagamento atempado fica sujeito a juros de mora à taxa legal em vigor, conforme dispõe o número 5 do artigo 16.º do Decreto-Lei n.º 97/2008, de 11 de junho, na sua redação atual.",,
TUA20231012002959,T000040,L001020.2019.RH3.V1,"A rejeição de águas residuais será exclusivamente realizada no local e nas condições indicadas nesta licença, não estando autorizadas quaisquer outras descargas de efluentes, e não podendo o objeto da presente licença ser alterado sem prévia autorização da Entidade Licenciadora.",,
TUA20231012002959,T000041,L001020.2019.RH3.V1,"O titular deverá respeitar todas as leis e regulamentos aplicáveis e munir-se de quaisquer outras autorizações, licenças e registos legalmente exigíveis.",,
TUA20231012002959,T000042,L001020.2019.RH3.V1,"A Entidade Licenciadora reserva-se o direito de restringir excecionalmente o regime de utilização dos recursos hídricos agora atribuído, nomeadamente na decorrência de secas, cheias e acidentes, nos termos da presente licença e no regime legal aplicável.",,
TUA20231018003040,T000031,L009317.2013.RH5-T1.V1,"Em caso de incumprimento da presente licença, o titular fica sujeito às sanções previstas no Decreto-Lei n.º 226-A/2007, de 31 de maio.",,
TUA20231018003040,T000032,L009317.2013.RH5-T1.V1,A matéria tributável da componente E é determinada com base no Anexo – Programa de autocontrolo a implementar.,,
TUA20231018003040,T000033,L009317.2013.RH5-T1.V1,"As despesas com vistorias extraordinárias inerentes à emissão desta licença, ou as que resultarem de reclamações justificadas, serão suportadas pelo seu titular.",,
TUA20231018003040,T000034,L009317.2013.RH5-T1.V1,"O titular pode, caso se mantenham as condições que determinaram a sua atribuição, solicitar a renovação desta licença, no prazo de 6 meses antes do seu termo.",,
TUA20231018003040,T000035,L009317.2013.RH5-T1.V1,"A licença só poderá ser transmitida mediante autorização da entidade licenciadora de acordo com o disposto no artigo 26º do Decreto-Lei n.º 226-A/2007, de 31 de maio.",,
TUA20231018003040,T000036,L009317.2013.RH5-T1.V1,"Para efeitos de fiscalização ou inspeção, o titular fica obrigado a facultar, às Entidades Competentes, esta licença, bem como o acesso à área, construções e equipamentos a ela associados e aos registos detalhados do controlo da operação do sistema de tratamento.",,
TUA20231018003040,T000037,L009317.2013.RH5-T1.V1,"O titular fica obrigado a informar a Entidade Licenciadora, no prazo máximo de 24 horas, de qualquer acidente ou anomalia ocorrido nas instalações que afete o cumprimento das condições indicadas nesta licença bem como das medidas já implementadas e/ou previstas para correção da situação.",,
TUA20231018003040,T000038,L009317.2013.RH5-T1.V1,"A licença só poderá ser transacionada e temporariamente cedida mediante autorização da Entidade Licenciadora de acordo com o disposto no artigo 27.º do Decreto-Lei n.º 226-A/2007, de 31 de maio.",,
TUA20231018003040,T000039,L009317.2013.RH5-T1.V1,"A licença caduca nas condições previstas no presente título e no artigo 33.º do Decreto-Lei n.º 226-A/2007, de 31 de maio.",,
TUA20231018003040,T000040,L009317.2013.RH5-T1.V1,"O titular fica sujeito, de acordo com o Decreto-Lei n.º 97/2008, de 11 de junho, na sua redação atual, ao pagamento da Taxa de Recursos Hídricos (TRH) calculada de acordo com a seguinte fórmula: TRH = E + O, em que E – descarga de efluentes e O – ocupação do domínio público hídrico do Estado, se aplicável.",,
TUA20231018003040,T000041,L009317.2013.RH5-T1.V1,"A presente licença pode ser revista ou revogada nos casos previstos nos artigos 28.º e 32.º do Decreto-Lei n.º 226-A/2007, de 31 de maio.",,
TUA20231018003040,T000042,L009317.2013.RH5-T1.V1,"O titular obriga-se a cumprir o disposto na presente licença, em todas as leis e regulamentos vigentes, na parte em que lhe for aplicável, bem como outras normas ou regulamentos que venham a ser posteriormente aprovados e a entrar em vigor, quer as suas disposições se harmonizem ou não com os direitos e obrigações que à presente licença sejam aplicáveis.",,
TUA20231018003040,T000043,L009317.2013.RH5-T1.V1,"Sem prejuízo das sanções aplicáveis, sempre que o registo atualizado dos valores do autocontrolo, referido no ponto 4 que antecede, não seja entregue com a periodicidade definida na Licença, a componente E será calculada tendo por base as características do efluente bruto estabelecidas no projeto de execução da ETAR ou incluídas na presente licença.",,
TUA20231018003040,T000044,L009317.2013.RH5-T1.V1,As vistorias que sejam realizadas pela Entidade Licenciadora na sequência dos episódios abrangidos no ponto que antecede são suportadas pelo utilizador.,,
TUA20231018003040,T000045,L009317.2013.RH5-T1.V1,"O pagamento da taxa de recursos hídricos devida é efetuado no ano seguinte àquele a que a taxa respeite até ao termo disposto na Nota de Liquidação respetiva e deve ser feito de acordo com o previsto no número 4 do artigo 16.º do Decreto-Lei n.º 97/2008, de 11 de junho, na sua redação atual.",,
TUA20231018003040,T000046,L009317.2013.RH5-T1.V1,"A falta de pagamento atempado fica sujeito a juros de mora à taxa legal em vigor, conforme dispõe o número 5 do artigo 16.º do Decreto-Lei n.º 97/2008, de 11 de junho, na sua redação atual.",,
TUA20231018003040,T000047,L009317.2013.RH5-T1.V1,"A rejeição de águas residuais será exclusivamente realizada no local e nas condições indicadas nesta licença, não estando autorizadas quaisquer outras descargas de efluentes, e não podendo o objeto da presente licença ser alterado sem prévia autorização da Entidade Licenciadora.",,
TUA20231018003040,T000048,L009317.2013.RH5-T1.V1,"O titular deverá respeitar todas as leis e regulamentos aplicáveis e munir-se de quaisquer outras autorizações, licenças e registos legalmente exigíveis.",,
TUA20231018003040,T000049,L009317.2013.RH5-T1.V1,"A Entidade Licenciadora reserva-se o direito de restringir excecionalmente o regime de utilização dos recursos hídricos agora atribuído, nomeadamente na decorrência de secas, cheias e acidentes, nos termos da presente licença e no regime legal aplicável.",,
TUA20231109003280,T000026,L005585.2019.RH3.V1,"Em caso de incumprimento da presente licença, o titular fica sujeito às sanções previstas no Decreto-Lei n.º 226-A/2007, de 31 de maio.",,
TUA20231109003280,T000027,L005585.2019.RH3.V1,A matéria tributável da componente E é determinada com base no programa de autocontrolo a implementar descrito em EXP8.3.16.,,
TUA20231109003280,T000028,L005585.2019.RH3.V1,"As despesas com vistorias extraordinárias inerentes à emissão desta licença, ou as que resultarem de reclamações justificadas, serão suportadas pelo seu titular.",,
TUA20231109003280,T000029,L005585.2019.RH3.V1,"A licença só poderá ser transmitida mediante autorização da entidade licenciadora de acordo com o disposto no artigo 26º do Decreto-Lei n.º 226-A/2007, de 31 de maio.",,
TUA20231109003280,T000030,L005585.2019.RH3.V1,"Para efeitos de fiscalização ou inspeção, o titular fica obrigado a facultar, às Entidades Competentes, esta licença, bem como o acesso à área, construções e equipamentos a ela associados e aos registos detalhados do controlo da operação do sistema de tratamento.",,
TUA20231109003280,T000031,L005585.2019.RH3.V1,"O titular fica obrigado a informar a Entidade Licenciadora, no prazo máximo de 24 horas, de qualquer acidente ou anomalia ocorrido nas instalações que afete o cumprimento das condições indicadas nesta licença bem como das medidas já implementadas e/ou previstas para correção da situação.",,
TUA20231109003280,T000032,L005585.2019.RH3.V1,"A licença só poderá ser transacionada e temporariamente cedida mediante autorização da Entidade Licenciadora de acordo com o disposto no artigo 27.º do Decreto-Lei n.º 226-A/2007, de 31 de maio.",,
TUA20231109003280,T000033,L005585.2019.RH3.V1,"A licença caduca nas condições previstas no presente título e no artigo 33.º do Decreto-Lei n.º 226-A/2007, de 31 de maio.",,
TUA20231109003280,T000034,L005585.2019.RH3.V1,"O titular fica sujeito, de acordo com o Decreto-Lei n.º 97/2008, de 11 de junho, na sua redação atual, ao pagamento da Taxa de Recursos Hídricos (TRH) calculada de acordo com a seguinte fórmula: TRH = E + O, em que E – descarga de efluentes e O – ocupação do domínio público hídrico do Estado, se aplicável.",,
TUA20231109003280,T000035,L005585.2019.RH3.V1,"A presente licença pode ser revista ou revogada nos casos previstos nos artigos 28.º e 32.º do Decreto-Lei n.º 226-A/2007, de 31 de maio.",,
TUA20231109003280,T000036,L005585.2019.RH3.V1,"O titular obriga-se a cumprir o disposto na presente licença, em todas as leis e regulamentos vigentes, na parte em que lhe for aplicável, bem como outras normas ou regulamentos que venham a ser posteriormente aprovados e a entrar em vigor, quer as suas disposições se harmonizem ou não com os direitos e obrigações que à presente licença sejam aplicáveis.",,
TUA20231109003280,T000037,L005585.2019.RH3.V1,"Sem prejuízo das sanções aplicáveis, sempre que o registo atualizado dos valores do autocontrolo, referido em T000027, não seja reportado com a frequência trimestral ou até ao dia quinze (15) de janeiro do ano seguinte ao que diz respeito a taxa de recursos hídricos, a componente E será calculada tendo por base as características do efluente bruto estabelecidas no projeto de execução da ETAR ou incluídas na presente licença.",,
TUA20231109003280,T000038,L005585.2019.RH3.V1,"O pagamento da taxa de recursos hídricos devida é efetuado no ano seguinte àquele a que a taxa respeite até ao termo disposto na Nota de Liquidação respetiva e deve ser feito de acordo com o previsto no número 4 do artigo 16.º do Decreto-Lei n.º 97/2008, de 11 de junho, na sua redação atual.",,
TUA20231109003280,T000039,L005585.2019.RH3.V1,"A falta de pagamento atempado fica sujeito a juros de mora à taxa legal em vigor, conforme dispõe o número 5 do artigo 16.º do Decreto-Lei n.º 97/2008, de 11 de junho, na sua redação atual.",,
TUA20231109003280,T000040,L005585.2019.RH3.V1,"A rejeição de águas residuais será exclusivamente realizada no local e nas condições indicadas nesta licença, não estando autorizadas quaisquer outras descargas de efluentes, e não podendo o objeto da presente licença ser alterado sem prévia autorização da Entidade Licenciadora.",,
TUA20231109003280,T000041,L005585.2019.RH3.V1,"O titular deverá respeitar todas as leis e regulamentos aplicáveis e munir-se de quaisquer outras autorizações, licenças e registos legalmente exigíveis.",,
TUA20231109003280,T000042,L005585.2019.RH3.V1,"A Entidade Licenciadora reserva-se o direito de restringir excecionalmente o regime de utilização dos recursos hídricos agora atribuído, nomeadamente na decorrência de secas, cheias e acidentes, nos termos da presente licença e no regime legal aplicável.",,
TUA20231128003520,T000026,L007490.2019.RH3,"Em caso de incumprimento da presente licença, o titular fica sujeito às sanções previstas no Decreto-Lei n.º 226-A/2007, de 31 de maio.",,
TUA20231128003520,T000027,L007490.2019.RH3,A matéria tributável da componente E é determinada com base no programa de autocontrolo a implementar descrito em EXP8.3.16.,,
TUA20231128003520,T000028,L007490.2019.RH3,"As despesas com vistorias extraordinárias inerentes à emissão desta licença, ou as que resultarem de reclamações justificadas, serão suportadas pelo seu titular.",,
TUA20231128003520,T000029,L007490.2019.RH3,"A licença só poderá ser transmitida mediante autorização da entidade licenciadora de acordo com o disposto no artigo 26º do Decreto-Lei n.º 226-A/2007, de 31 de maio.",,
TUA20231128003520,T000030,L007490.2019.RH3,"Para efeitos de fiscalização ou inspeção, o titular fica obrigado a facultar, às Entidades Competentes, esta licença, bem como o acesso à área, construções e equipamentos a ela associados e aos registos detalhados do controlo da operação do sistema de tratamento.",,
TUA20231128003520,T000031,L007490.2019.RH3,"O titular fica obrigado a informar a Entidade Licenciadora, no prazo máximo de 24 horas, de qualquer acidente ou anomalia ocorrido nas instalações que afete o cumprimento das condições indicadas nesta licença bem como das medidas já implementadas e/ou previstas para correção da situação.",,
TUA20231128003520,T000032,L007490.2019.RH3,"A licença só poderá ser transacionada e temporariamente cedida mediante autorização da Entidade Licenciadora de acordo com o disposto no artigo 27.º do Decreto-Lei n.º 226-A/2007, de 31 de maio.",,
TUA20231128003520,T000033,L007490.2019.RH3,"A licença caduca nas condições previstas no presente título e no artigo 33.º do Decreto-Lei n.º 226-A/2007, de 31 de maio.",,
TUA20231128003520,T000034,L007490.2019.RH3,"O titular fica sujeito, de acordo com o Decreto-Lei n.º 97/2008, de 11 de junho, na sua redação atual, ao pagamento da Taxa de Recursos Hídricos (TRH) calculada de acordo com a seguinte fórmula: TRH = E + O, em que E – descarga de efluentes e O – ocupação do domínio público hídrico do Estado, se aplicável.",,
TUA20231128003520,T000035,L007490.2019.RH3,"A presente licença pode ser revista ou revogada nos casos previstos nos artigos 28.º e 32.º do Decreto-Lei n.º 226-A/2007, de 31 de maio.",,
TUA20231128003520,T000036,L007490.2019.RH3,"O titular obriga-se a cumprir o disposto na presente licença, em todas as leis e regulamentos vigentes, na parte em que lhe for aplicável, bem como outras normas ou regulamentos que venham a ser posteriormente aprovados e a entrar em vigor, quer as suas disposições se harmonizem ou não com os direitos e obrigações que à presente licença sejam aplicáveis.",,
TUA20231128003520,T000037,L007490.2019.RH3,"Sem prejuízo das sanções aplicáveis, sempre que o registo atualizado dos valores do autocontrolo, referido em T000027, não seja reportado com a frequência trimestral ou até ao dia quinze (15) de janeiro do ano seguinte ao que diz respeito a taxa de recursos hídricos, a componente E será calculada tendo por base as características do efluente bruto estabelecidas no projeto de execução da ETAR ou incluídas na presente licença.",,
TUA20231128003520,T000038,L007490.2019.RH3,As vistorias que sejam realizadas pela Entidade Licenciadora na sequência dos episódios abrangidos no ponto que antecede são suportadas pelo utilizador.,,
TUA20231128003520,T000039,L007490.2019.RH3,"O pagamento da taxa de recursos hídricos devida é efetuado no ano seguinte àquele a que a taxa respeite até ao termo disposto na Nota de Liquidação respetiva e deve ser feito de acordo com o previsto no número 4 do artigo 16.º do Decreto-Lei n.º 97/2008, de 11 de junho, na sua redação atual.",,
TUA20231128003520,T000040,L007490.2019.RH3,"A falta de pagamento atempado fica sujeito a juros de mora à taxa legal em vigor, conforme dispõe o número 5 do artigo 16.º do Decreto-Lei n.º 97/2008, de 11 de junho, na sua redação atual.",,
TUA20231128003520,T000041,L007490.2019.RH3,"A rejeição de águas residuais será exclusivamente realizada no local e nas condições indicadas nesta licença, não estando autorizadas quaisquer outras descargas de efluentes, e não podendo o objeto da presente licença ser alterado sem prévia autorização da Entidade Licenciadora.",,
TUA20231128003520,T000042,L007490.2019.RH3,"O titular deverá respeitar todas as leis e regulamentos aplicáveis e munir-se de quaisquer outras autorizações, licenças e registos legalmente exigíveis.",,
TUA20231128003520,T000043,L007490.2019.RH3,"A Entidade Licenciadora reserva-se o direito de restringir excecionalmente o regime de utilização dos recursos hídricos agora atribuído, nomeadamente na decorrência de secas, cheias e acidentes, nos termos da presente licença e no regime legal aplicável.",,
TUA20231128003521,T000026,L007487.2019.RH3,"Em caso de incumprimento da presente licença, o titular fica sujeito às sanções previstas no Decreto-Lei n.º 226-A/2007, de 31 de maio.",,
TUA20231128003521,T000027,L007487.2019.RH3,A matéria tributável da componente E é determinada com base no programa de autocontrolo a implementar descrito em EXP8.3.16.,,
TUA20231128003521,T000028,L007487.2019.RH3,"As despesas com vistorias extraordinárias inerentes à emissão desta licença, ou as que resultarem de reclamações justificadas, serão suportadas pelo seu titular.",,
TUA20231128003521,T000029,L007487.2019.RH3,"A licença só poderá ser transmitida mediante autorização da entidade licenciadora de acordo com o disposto no artigo 26º do Decreto-Lei n.º 226-A/2007, de 31 de maio.",,
TUA20231128003521,T000030,L007487.2019.RH3,"Para efeitos de fiscalização ou inspeção, o titular fica obrigado a facultar, às Entidades Competentes, esta licença, bem como o acesso à área, construções e equipamentos a ela associados e aos registos detalhados do controlo da operação do sistema de tratamento.",,
TUA20231128003521,T000031,L007487.2019.RH3,"O titular fica obrigado a informar a Entidade Licenciadora, no prazo máximo de 24 horas, de qualquer acidente ou anomalia ocorrido nas instalações que afete o cumprimento das condições indicadas nesta licença bem como das medidas já implementadas e/ou previstas para correção da situação.",,
TUA20231128003521,T000032,L007487.2019.RH3,"A licença só poderá ser transacionada e temporariamente cedida mediante autorização da Entidade Licenciadora de acordo com o disposto no artigo 27.º do Decreto-Lei n.º 226-A/2007, de 31 de maio.",,
TUA20231128003521,T000033,L007487.2019.RH3,"A licença caduca nas condições previstas no presente título e no artigo 33.º do Decreto-Lei n.º 226-A/2007, de 31 de maio.",,
TUA20231128003521,T000034,L007487.2019.RH3,"O titular fica sujeito, de acordo com o Decreto-Lei n.º 97/2008, de 11 de junho, na sua redação atual, ao pagamento da Taxa de Recursos Hídricos (TRH) calculada de acordo com a seguinte fórmula: TRH = E + O, em que E – descarga de efluentes e O – ocupação do domínio público hídrico do Estado, se aplicável.",,
TUA20231128003521,T000035,L007487.2019.RH3,"A presente licença pode ser revista ou revogada nos casos previstos nos artigos 28.º e 32.º do Decreto-Lei n.º 226-A/2007, de 31 de maio.",,
TUA20231128003521,T000036,L007487.2019.RH3,"O titular obriga-se a cumprir o disposto na presente licença, em todas as leis e regulamentos vigentes, na parte em que lhe for aplicável, bem como outras normas ou regulamentos que venham a ser posteriormente aprovados e a entrar em vigor, quer as suas disposições se harmonizem ou não com os direitos e obrigações que à presente licença sejam aplicáveis.",,
TUA20231128003521,T000037,L007487.2019.RH3,"Sem prejuízo das sanções aplicáveis, sempre que o registo atualizado dos valores do autocontrolo, referido em T000027, não seja reportado com a frequência trimestral ou até ao dia quinze (15) de janeiro do ano seguinte ao que diz respeito a taxa de recursos hídricos, a componente E será calculada tendo por base as características do efluente bruto estabelecidas no projeto de execução da ETAR ou incluídas na presente licença.",,
TUA20231128003521,T000038,L007487.2019.RH3,"O pagamento da taxa de recursos hídricos devida é efetuado no ano seguinte àquele a que a taxa respeite até ao termo disposto na Nota de Liquidação respetiva e deve ser feito de acordo com o previsto no número 4 do artigo 16.º do Decreto-Lei n.º 97/2008, de 11 de junho, na sua redação atual.",,
TUA20231128003521,T000039,L007487.2019.RH3,"A falta de pagamento atempado fica sujeito a juros de mora à taxa legal em vigor, conforme dispõe o número 5 do artigo 16.º do Decreto-Lei n.º 97/2008, de 11 de junho, na sua redação atual.",,
TUA20231128003521,T000040,L007487.2019.RH3,"A rejeição de águas residuais será exclusivamente realizada no local e nas condições indicadas nesta licença, não estando autorizadas quaisquer outras descargas de efluentes, e não podendo o objeto da presente licença ser alterado sem prévia autorização da Entidade Licenciadora.",,
TUA20231128003521,T000041,L007487.2019.RH3,"O titular deverá respeitar todas as leis e regulamentos aplicáveis e munir-se de quaisquer outras autorizações, licenças e registos legalmente exigíveis.",,
TUA20231128003521,T000042,L007487.2019.RH3,"A Entidade Licenciadora reserva-se o direito de restringir excecionalmente o regime de utilização dos recursos hídricos agora atribuído, nomeadamente na decorrência de secas, cheias e acidentes, nos termos da presente licença e no regime legal aplicável.",,
TUA20231205003587,T000024,L007491.2019.RH3.V1,"Em caso de incumprimento da presente licença, o titular fica sujeito às sanções previstas no Decreto-Lei n.º 226-A/2007, de 31 de maio.",,
TUA20231205003587,T000025,L007491.2019.RH3.V1,A matéria tributável da componente E é determinada com base no programa de autocontrolo a implementar descrito em EXP8.3.16.,,
TUA20231205003587,T000026,L007491.2019.RH3.V1,"As despesas com vistorias extraordinárias inerentes à emissão desta licença, ou as que resultarem de reclamações justificadas, serão suportadas pelo seu titular.",,
TUA20231205003587,T000027,L007491.2019.RH3.V1,"A licença só poderá ser transmitida mediante autorização da entidade licenciadora de acordo com o disposto no artigo 26º do Decreto-Lei n.º 226-A/2007, de 31 de maio.",,
TUA20231205003587,T000028,L007491.2019.RH3.V1,"Para efeitos de fiscalização ou inspeção, o titular fica obrigado a facultar, às Entidades Competentes, esta licença, bem como o acesso à área, construções e equipamentos a ela associados e aos registos detalhados do controlo da operação do sistema de tratamento.",,
TUA20231205003587,T000029,L007491.2019.RH3.V1,"O titular fica obrigado a informar a Entidade Licenciadora, no prazo máximo de 24 horas, de qualquer acidente ou anomalia ocorrido nas instalações que afete o cumprimento das condições indicadas nesta licença bem como das medidas já implementadas e/ou previstas para correção da situação.",,
TUA20231205003587,T000030,L007491.2019.RH3.V1,"A licença só poderá ser transacionada e temporariamente cedida mediante autorização da Entidade Licenciadora de acordo com o disposto no artigo 27.º do Decreto-Lei n.º 226-A/2007, de 31 de maio.",,
TUA20231205003587,T000031,L007491.2019.RH3.V1,"A licença caduca nas condições previstas no presente título e no artigo 33.º do Decreto-Lei n.º 226-A/2007, de 31 de maio.",,
TUA20231205003587,T000032,L007491.2019.RH3.V1,"O titular fica sujeito, de acordo com o Decreto-Lei n.º 97/2008, de 11 de junho, na sua redação atual, ao pagamento da Taxa de Recursos Hídricos (TRH) calculada de acordo com a seguinte fórmula: TRH = E + O, em que E – descarga de efluentes e O – ocupação do domínio público hídrico do Estado, se aplicável.",,
TUA20231205003587,T000033,L007491.2019.RH3.V1,"A presente licença pode ser revista ou revogada nos casos previstos nos artigos 28.º e 32.º do Decreto-Lei n.º 226-A/2007, de 31 de maio.",,
TUA20231205003587,T000034,L007491.2019.RH3.V1,"O titular obriga-se a cumprir o disposto na presente licença, em todas as leis e regulamentos vigentes, na parte em que lhe for aplicável, bem como outras normas ou regulamentos que venham a ser posteriormente aprovados e a entrar em vigor, quer as suas disposições se harmonizem ou não com os direitos e obrigações que à presente licença sejam aplicáveis.",,
TUA20231205003587,T000035,L007491.2019.RH3.V1,"Sem prejuízo das sanções aplicáveis, sempre que o registo atualizado dos valores do autocontrolo, referido em T000025, não seja reportado com a frequência trimestral ou até ao dia quinze (15) de janeiro do ano seguinte ao que diz respeito a taxa de recursos hídricos, a componente E será calculada tendo por base as características do efluente bruto estabelecidas no projeto de execução da ETAR ou incluídas na presente licença.",,
TUA20231205003587,T000036,L007491.2019.RH3.V1,"O pagamento da taxa de recursos hídricos devida é efetuado no ano seguinte àquele a que a taxa respeite até ao termo disposto na Nota de Liquidação respetiva e deve ser feito de acordo com o previsto no número 4 do artigo 16.º do Decreto-Lei n.º 97/2008, de 11 de junho, na sua redação atual.",,
TUA20231205003587,T000037,L007491.2019.RH3.V1,"A falta de pagamento atempado fica sujeito a juros de mora à taxa legal em vigor, conforme dispõe o número 5 do artigo 16.º do Decreto-Lei n.º 97/2008, de 11 de junho, na sua redação atual.",,
TUA20231205003587,T000038,L007491.2019.RH3.V1,"A rejeição de águas residuais será exclusivamente realizada no local e nas condições indicadas nesta licença, não estando autorizadas quaisquer outras descargas de efluentes, e não podendo o objeto da presente licença ser alterado sem prévia autorização da Entidade Licenciadora.",,
TUA20231205003587,T000039,L007491.2019.RH3.V1,"O titular deverá respeitar todas as leis e regulamentos aplicáveis e munir-se de quaisquer outras autorizações, licenças e registos legalmente exigíveis.",,
TUA20231205003587,T000040,L007491.2019.RH3.V1,"A Entidade Licenciadora reserva-se o direito de restringir excecionalmente o regime de utilização dos recursos hídricos agora atribuído, nomeadamente na decorrência de secas, cheias e acidentes, nos termos da presente licença e no regime legal aplicável.",,
TUA20231206003600,T000028,L007489.2019.RH3.V1,"Em caso de incumprimento da presente licença, o titular fica sujeito às sanções previstas no Decreto-Lei n.º 226-A/2007, de 31 de maio.",,
TUA20231206003600,T000029,L007489.2019.RH3.V1,A matéria tributável da componente E é determinada com base no programa de autocontrolo a implementar descrito em EXP8.3.16.,,
TUA20231206003600,T000030,L007489.2019.RH3.V1,"As despesas com vistorias extraordinárias inerentes à emissão desta licença, ou as que resultarem de reclamações justificadas, serão suportadas pelo seu titular.",,
TUA20231206003600,T000031,L007489.2019.RH3.V1,"A licença só poderá ser transmitida mediante autorização da entidade licenciadora de acordo com o disposto no artigo 26º do Decreto-Lei n.º 226-A/2007, de 31 de maio.",,
TUA20231206003600,T000032,L007489.2019.RH3.V1,"Para efeitos de fiscalização ou inspeção, o titular fica obrigado a facultar, às Entidades Competentes, esta licença, bem como o acesso à área, construções e equipamentos a ela associados e aos registos detalhados do controlo da operação do sistema de tratamento.",,
TUA20231206003600,T000033,L007489.2019.RH3.V1,"O titular fica obrigado a informar a Entidade Licenciadora, no prazo máximo de 24 horas, de qualquer acidente ou anomalia ocorrido nas instalações que afete o cumprimento das condições indicadas nesta licença bem como das medidas já implementadas e/ou previstas para correção da situação.",,
TUA20231206003600,T000034,L007489.2019.RH3.V1,"A licença só poderá ser transacionada e temporariamente cedida mediante autorização da Entidade Licenciadora de acordo com o disposto no artigo 27.º do Decreto-Lei n.º 226-A/2007, de 31 de maio.",,
TUA20231206003600,T000035,L007489.2019.RH3.V1,"A licença caduca nas condições previstas no presente título e no artigo 33.º do Decreto-Lei n.º 226-A/2007, de 31 de maio.",,
TUA20231206003600,T000036,L007489.2019.RH3.V1,"O titular fica sujeito, de acordo com o Decreto-Lei n.º 97/2008, de 11 de junho, na sua redação atual, ao pagamento da Taxa de Recursos Hídricos (TRH) calculada de acordo com a seguinte fórmula: TRH = E + O, em que E – descarga de efluentes e O – ocupação do domínio público hídrico do Estado, se aplicável.",,
TUA20231206003600,T000037,L007489.2019.RH3.V1,"A presente licença pode ser revista ou revogada nos casos previstos nos artigos 28.º e 32.º do Decreto-Lei n.º 226-A/2007, de 31 de maio.",,
TUA20231206003600,T000038,L007489.2019.RH3.V1,"O titular obriga-se a cumprir o disposto na presente licença, em todas as leis e regulamentos vigentes, na parte em que lhe for aplicável, bem como outras normas ou regulamentos que venham a ser posteriormente aprovados e a entrar em vigor, quer as suas disposições se harmonizem ou não com os direitos e obrigações que à presente licença sejam aplicáveis.",,
TUA20231206003600,T000039,L007489.2019.RH3.V1,"Sem prejuízo das sanções aplicáveis, sempre que o registo atualizado dos valores do autocontrolo, referido em T000029, não seja reportado com a frequência anual ou até ao dia quinze (15) de janeiro do ano seguinte ao que diz respeito a taxa de recursos hídricos, a componente E será calculada tendo por base as características do efluente bruto estabelecidas no projeto de execução da ETAR ou incluídas na presente licença.",,
TUA20231206003600,T000040,L007489.2019.RH3.V1,"O pagamento da taxa de recursos hídricos devida é efetuado no ano seguinte àquele a que a taxa respeite até ao termo disposto na Nota de Liquidação respetiva e deve ser feito de acordo com o previsto no número 4 do artigo 16.º do Decreto-Lei n.º 97/2008, de 11 de junho, na sua redação atual.",,
TUA20231206003600,T000041,L007489.2019.RH3.V1,"A falta de pagamento atempado fica sujeito a juros de mora à taxa legal em vigor, conforme dispõe o número 5 do artigo 16.º do Decreto-Lei n.º 97/2008, de 11 de junho, na sua redação atual.",,
TUA20231206003600,T000042,L007489.2019.RH3.V1,"A rejeição de águas residuais será exclusivamente realizada no local e nas condições indicadas nesta licença, não estando autorizadas quaisquer outras descargas de efluentes, e não podendo o objeto da presente licença ser alterado sem prévia autorização da Entidade Licenciadora.",,
TUA20231206003600,T000043,L007489.2019.RH3.V1,"O titular deverá respeitar todas as leis e regulamentos aplicáveis e munir-se de quaisquer outras autorizações, licenças e registos legalmente exigíveis.",,
TUA20231206003600,T000044,L007489.2019.RH3.V1,"A Entidade Licenciadora reserva-se o direito de restringir excecionalmente o regime de utilização dos recursos hídricos agora atribuído, nomeadamente na decorrência de secas, cheias e acidentes, nos termos da presente licença e no regime legal aplicável.",,
TUA20231206003602,T000026,L007488.2019.RH3.V1,"Em caso de incumprimento da presente licença, o titular fica sujeito às sanções previstas no Decreto-Lei n.º 226-A/2007, de 31 de maio.",,
TUA20231206003602,T000027,L007488.2019.RH3.V1,A matéria tributável da componente E é determinada com base no programa de autocontrolo a implementar descrito em EXP8.3.16.,,
TUA20231206003602,T000028,L007488.2019.RH3.V1,"As despesas com vistorias extraordinárias inerentes à emissão desta licença, ou as que resultarem de reclamações justificadas, serão suportadas pelo seu titular.",,
TUA20231206003602,T000029,L007488.2019.RH3.V1,"A licença só poderá ser transmitida mediante autorização da entidade licenciadora de acordo com o disposto no artigo 26º do Decreto-Lei n.º 226-A/2007, de 31 de maio.",,
TUA20231206003602,T000030,L007488.2019.RH3.V1,"Para efeitos de fiscalização ou inspeção, o titular fica obrigado a facultar, às Entidades Competentes, esta licença, bem como o acesso à área, construções e equipamentos a ela associados e aos registos detalhados do controlo da operação do sistema de tratamento.",,
TUA20231206003602,T000031,L007488.2019.RH3.V1,"O titular fica obrigado a informar a Entidade Licenciadora, no prazo máximo de 24 horas, de qualquer acidente ou anomalia ocorrido nas instalações que afete o cumprimento das condições indicadas nesta licença bem como das medidas já implementadas e/ou previstas para correção da situação.",,
TUA20231206003602,T000032,L007488.2019.RH3.V1,"A licença só poderá ser transacionada e temporariamente cedida mediante autorização da Entidade Licenciadora de acordo com o disposto no artigo 27.º do Decreto-Lei n.º 226-A/2007, de 31 de maio.",,
TUA20231206003602,T000033,L007488.2019.RH3.V1,"A licença caduca nas condições previstas no presente título e no artigo 33.º do Decreto-Lei n.º 226-A/2007, de 31 de maio.",,
TUA20231206003602,T000034,L007488.2019.RH3.V1,"O titular fica sujeito, de acordo com o Decreto-Lei n.º 97/2008, de 11 de junho, na sua redação atual, ao pagamento da Taxa de Recursos Hídricos (TRH) calculada de acordo com a seguinte fórmula: TRH = E + O, em que E – descarga de efluentes e O – ocupação do domínio público hídrico do Estado, se aplicável.",,
TUA20231206003602,T000035,L007488.2019.RH3.V1,"A presente licença pode ser revista ou revogada nos casos previstos nos artigos 28.º e 32.º do Decreto-Lei n.º 226-A/2007, de 31 de maio.",,
TUA20231206003602,T000036,L007488.2019.RH3.V1,"O titular obriga-se a cumprir o disposto na presente licença, em todas as leis e regulamentos vigentes, na parte em que lhe for aplicável, bem como outras normas ou regulamentos que venham a ser posteriormente aprovados e a entrar em vigor, quer as suas disposições se harmonizem ou não com os direitos e obrigações que à presente licença sejam aplicáveis.",,
TUA20231206003602,T000037,L007488.2019.RH3.V1,"Sem prejuízo das sanções aplicáveis, sempre que o registo atualizado dos valores do autocontrolo, referido em T000027, não seja reportado com a frequência trimestral ou até ao dia quinze (15) de janeiro do ano seguinte ao que diz respeito a taxa de recursos hídricos, a componente E será calculada tendo por base as características do efluente bruto estabelecidas no projeto de execução da ETAR ou incluídas na presente licença.",,
TUA20231206003602,T000039,L007488.2019.RH3.V1,"O pagamento da taxa de recursos hídricos devida é efetuado no ano seguinte àquele a que a taxa respeite até ao termo disposto na Nota de Liquidação respetiva e deve ser feito de acordo com o previsto no número 4 do artigo 16.º do Decreto-Lei n.º 97/2008, de 11 de junho, na sua redação atual.",,
TUA20231206003602,T000040,L007488.2019.RH3.V1,"A falta de pagamento atempado fica sujeito a juros de mora à taxa legal em vigor, conforme dispõe o número 5 do artigo 16.º do Decreto-Lei n.º 97/2008, de 11 de junho, na sua redação atual.",,
TUA20231206003602,T000041,L007488.2019.RH3.V1,"A rejeição de águas residuais será exclusivamente realizada no local e nas condições indicadas nesta licença, não estando autorizadas quaisquer outras descargas de efluentes, e não podendo o objeto da presente licença ser alterado sem prévia autorização da Entidade Licenciadora.",,
TUA20231206003602,T000042,L007488.2019.RH3.V1,"O titular deverá respeitar todas as leis e regulamentos aplicáveis e munir-se de quaisquer outras autorizações, licenças e registos legalmente exigíveis.",,
TUA20231206003602,T000043,L007488.2019.RH3.V1,"A Entidade Licenciadora reserva-se o direito de restringir excecionalmente o regime de utilização dos recursos hídricos agora atribuído, nomeadamente na decorrência de secas, cheias e acidentes, nos termos da presente licença e no regime legal aplicável.",,
TUA20231211003636,T000026,L005712.2019.RH3.V1,"Em caso de incumprimento da presente licença, o titular fica sujeito às sanções previstas no Decreto-Lei n.º 226-A/2007, de 31 de maio.",,
TUA20231211003636,T000027,L005712.2019.RH3.V1,A matéria tributável da componente E é determinada com base no programa de autocontrolo a implementar descrito em EXP8.3.16.,,
TUA20231211003636,T000028,L005712.2019.RH3.V1,"As despesas com vistorias extraordinárias inerentes à emissão desta licença, ou as que resultarem de reclamações justificadas, serão suportadas pelo seu titular.",,
TUA20231211003636,T000029,L005712.2019.RH3.V1,"A licença só poderá ser transmitida mediante autorização da entidade licenciadora de acordo com o disposto no artigo 26º do Decreto-Lei n.º 226-A/2007, de 31 de maio.",,
TUA20231211003636,T000030,L005712.2019.RH3.V1,"Para efeitos de fiscalização ou inspeção, o titular fica obrigado a facultar, às Entidades Competentes, esta licença, bem como o acesso à área, construções e equipamentos a ela associados e aos registos detalhados do controlo da operação do sistema de tratamento.",,
TUA20231211003636,T000031,L005712.2019.RH3.V1,"O titular fica obrigado a informar a Entidade Licenciadora, no prazo máximo de 24 horas, de qualquer acidente ou anomalia ocorrido nas instalações que afete o cumprimento das condições indicadas nesta licença bem como das medidas já implementadas e/ou previstas para correção da situação.",,
TUA20231211003636,T000032,L005712.2019.RH3.V1,"A licença só poderá ser transacionada e temporariamente cedida mediante autorização da Entidade Licenciadora de acordo com o disposto no artigo 27.º do Decreto-Lei n.º 226-A/2007, de 31 de maio.",,
TUA20231211003636,T000033,L005712.2019.RH3.V1,"A licença caduca nas condições previstas no presente título e no artigo 33.º do Decreto-Lei n.º 226-A/2007, de 31 de maio.",,
TUA20231211003636,T000034,L005712.2019.RH3.V1,"O titular fica sujeito, de acordo com o Decreto-Lei n.º 97/2008, de 11 de junho, na sua redação atual, ao pagamento da Taxa de Recursos Hídricos (TRH) calculada de acordo com a seguinte fórmula: TRH = E + O, em que E – descarga de efluentes e O – ocupação do domínio público hídrico do Estado, se aplicável.",,
TUA20231211003636,T000035,L005712.2019.RH3.V1,"A presente licença pode ser revista ou revogada nos casos previstos nos artigos 28.º e 32.º do Decreto-Lei n.º 226-A/2007, de 31 de maio.",,
TUA20231211003636,T000036,L005712.2019.RH3.V1,"O titular obriga-se a cumprir o disposto na presente licença, em todas as leis e regulamentos vigentes, na parte em que lhe for aplicável, bem como outras normas ou regulamentos que venham a ser posteriormente aprovados e a entrar em vigor, quer as suas disposições se harmonizem ou não com os direitos e obrigações que à presente licença sejam aplicáveis.",,
TUA20231211003636,T000037,L005712.2019.RH3.V1,"Sem prejuízo das sanções aplicáveis, sempre que o registo atualizado dos valores do autocontrolo, referido em T000027, não seja reportado com a frequência trimestral ou até ao dia quinze (15) de janeiro do ano seguinte ao que diz respeito a taxa de recursos hídricos, a componente E será calculada tendo por base as características do efluente bruto estabelecidas no projeto de execução da ETAR ou incluídas na presente licença.",,
TUA20231211003636,T000038,L005712.2019.RH3.V1,"O pagamento da taxa de recursos hídricos devida é efetuado no ano seguinte àquele a que a taxa respeite até ao termo disposto na Nota de Liquidação respetiva e deve ser feito de acordo com o previsto no número 4 do artigo 16.º do Decreto-Lei n.º 97/2008, de 11 de junho, na sua redação atual.",,
TUA20231211003636,T000039,L005712.2019.RH3.V1,"A falta de pagamento atempado fica sujeito a juros de mora à taxa legal em vigor, conforme dispõe o número 5 do artigo 16.º do Decreto-Lei n.º 97/2008, de 11 de junho, na sua redação atual.",,
TUA20231211003636,T000040,L005712.2019.RH3.V1,"A rejeição de águas residuais será exclusivamente realizada no local e nas condições indicadas nesta licença, não estando autorizadas quaisquer outras descargas de efluentes, e não podendo o objeto da presente licença ser alterado sem prévia autorização da Entidade Licenciadora.",,
TUA20231211003636,T000041,L005712.2019.RH3.V1,"O titular deverá respeitar todas as leis e regulamentos aplicáveis e munir-se de quaisquer outras autorizações, licenças e registos legalmente exigíveis.",,
TUA20231211003636,T000042,L005712.2019.RH3.V1,"A Entidade Licenciadora reserva-se o direito de restringir excecionalmente o regime de utilização dos recursos hídricos agora atribuído, nomeadamente na decorrência de secas, cheias e acidentes, nos termos da presente licença e no regime legal aplicável.",,
TUA20231212003641,T000024,L047135.2023.RH5A.V1,"Em caso de incumprimento da presente licença, o titular fica sujeito às sanções previstas no Decreto-Lei n.º 226-A/2007, de 31 de maio.",,
TUA20231212003641,T000025,L047135.2023.RH5A.V1,A matéria tributável da componente E é determinada com base no Anexo – Programa de autocontrolo a implementar.,,
TUA20231212003641,T000026,L047135.2023.RH5A.V1,"As despesas com vistorias extraordinárias inerentes à emissão desta licença, ou as que resultarem de reclamações justificadas, serão suportadas pelo seu titular.",,
TUA20231212003641,T000027,L047135.2023.RH5A.V1,"O titular pode, caso se mantenham as condições que determinaram a sua atribuição, solicitar a renovação desta licença, no prazo de 6 meses antes do seu termo.",,
TUA20231212003641,T000028,L047135.2023.RH5A.V1,"A licença só poderá ser transmitida mediante autorização da entidade licenciadora de acordo com o disposto no artigo 26º do Decreto-Lei n.º 226-A/2007, de 31 de maio.",,
TUA20231212003641,T000029,L047135.2023.RH5A.V1,"Para efeitos de fiscalização ou inspeção, o titular fica obrigado a facultar, às Entidades Competentes, esta licença, bem como o acesso à área, construções e equipamentos a ela associados e aos registos detalhados do controlo da operação do sistema de tratamento.",,
TUA20231212003641,T000030,L047135.2023.RH5A.V1,"O titular fica obrigado a informar a Entidade Licenciadora, no prazo máximo de 24 horas, de qualquer acidente ou anomalia ocorrido nas instalações que afete o cumprimento das condições indicadas nesta licença bem como das medidas já implementadas e/ou previstas para correção da situação.",,
TUA20231212003641,T000031,L047135.2023.RH5A.V1,"A licença só poderá ser transacionada e temporariamente cedida mediante autorização da Entidade Licenciadora de acordo com o disposto no artigo 27.º do Decreto-Lei n.º 226-A/2007, de 31 de maio.",,
TUA20231212003641,T000032,L047135.2023.RH5A.V1,"A licença caduca nas condições previstas no presente título e no artigo 33.º do Decreto-Lei n.º 226-A/2007, de 31 de maio.",,
TUA20231212003641,T000033,L047135.2023.RH5A.V1,"O titular fica sujeito, de acordo com o Decreto-Lei n.º 97/2008, de 11 de junho, na sua redação atual, ao pagamento da Taxa de Recursos Hídricos (TRH) calculada de acordo com a seguinte fórmula: TRH = E + O, em que E – descarga de efluentes e O – ocupação do domínio público hídrico do Estado, se aplicável.",,
TUA20231212003641,T000034,L047135.2023.RH5A.V1,"A presente licença pode ser revista ou revogada nos casos previstos nos artigos 28.º e 32.º do Decreto-Lei n.º 226-A/2007, de 31 de maio.",,
TUA20231212003641,T000035,L047135.2023.RH5A.V1,"O titular obriga-se a cumprir o disposto na presente licença, em todas as leis e regulamentos vigentes, na parte em que lhe for aplicável, bem como outras normas ou regulamentos que venham a ser posteriormente aprovados e a entrar em vigor, quer as suas disposições se harmonizem ou não com os direitos e obrigações que à presente licença sejam aplicáveis.",,
TUA20231212003641,T000036,L047135.2023.RH5A.V1,"Sem prejuízo das sanções aplicáveis, sempre que o registo atualizado dos valores do autocontrolo, referido no ponto 4 que antecede, não seja entregue com a periodicidade definida na Licença, a componente E será calculada tendo por base as características do efluente bruto estabelecidas no projeto de execução da ETAR ou incluídas na presente licença.",,
TUA20231212003641,T000037,L047135.2023.RH5A.V1,As vistorias que sejam realizadas pela Entidade Licenciadora na sequência dos episódios abrangidos no ponto que antecede são suportadas pelo utilizador.,,
TUA20231212003641,T000038,L047135.2023.RH5A.V1,"O pagamento da taxa de recursos hídricos devida é efetuado no ano seguinte àquele a que a taxa respeite até ao termo disposto na Nota de Liquidação respetiva e deve ser feito de acordo com o previsto no número 4 do artigo 16.º do Decreto-Lei n.º 97/2008, de 11 de junho, na sua redação atual.",,
TUA20231212003641,T000039,L047135.2023.,"A falta de pagamento atempado fica sujeito a juros de mora à taxa legal em vigor, conforme dispõe o número 5 do artigo 16.º do Decreto-Lei n.º 97/2008,",,
TUA20231212003641,Código,Código TURH,Condição,,
TUA20231212003641,,RH5A.V1,"de 11 de junho, na sua redação atual.",,
TUA20231212003641,T000040,L047135.2023.RH5A.V1,"A rejeição de águas residuais será exclusivamente realizada no local e nas condições indicadas nesta licença, não estando autorizadas quaisquer outras descargas de efluentes, e não podendo o objeto da presente licença ser alterado sem prévia autorização da Entidade Licenciadora.",,
TUA20231212003641,T000041,L047135.2023.RH5A.V1,"O titular deverá respeitar todas as leis e regulamentos aplicáveis e munir-se de quaisquer outras autorizações, licenças e registos legalmente exigíveis.",,
TUA20231212003641,T000042,L047135.2023.RH5A.V1,"A Entidade Licenciadora reserva-se o direito de restringir excecionalmente o regime de utilização dos recursos hídricos agora atribuído, nomeadamente na decorrência de secas, cheias e acidentes, nos termos da presente licença e no regime legal aplicável.",,
TUA20231228003808,T000026,L007492.2019.RH3.V1,"Em caso de incumprimento da presente licença, o titular fica sujeito às sanções previstas no Decreto-Lei n.º 226-A/2007, de 31 de maio.",,
TUA20231228003808,T000027,L007492.2019.RH3.V1,A matéria tributável da componente E é determinada com base no programa de autocontrolo a implementar descrito em EXP8.3.16.,,
TUA20231228003808,T000028,L007492.2019.RH3.V1,"As despesas com vistorias extraordinárias inerentes à emissão desta licença, ou as que resultarem de reclamações justificadas, serão suportadas pelo seu titular.",,
TUA20231228003808,T000029,L007492.2019.RH3.V1,"A licença só poderá ser transmitida mediante autorização da entidade licenciadora de acordo com o disposto no artigo 26º do Decreto-Lei n.º 226-A/2007, de 31 de maio.",,
TUA20231228003808,T000030,L007492.2019.RH3.V1,"Para efeitos de fiscalização ou inspeção, o titular fica obrigado a facultar, às Entidades Competentes, esta licença, bem como o acesso à área, construções e equipamentos a ela associados e aos registos detalhados do controlo da operação do sistema de tratamento.",,
TUA20231228003808,T000031,L007492.2019.RH3.V1,"O titular fica obrigado a informar a Entidade Licenciadora, no prazo máximo de 24 horas, de qualquer acidente ou anomalia ocorrido nas instalações que afete o cumprimento das condições indicadas nesta licença bem como das medidas já implementadas e/ou previstas para correção da situação.",,
TUA20231228003808,T000032,L007492.2019.RH3.V1,"A licença só poderá ser transacionada e temporariamente cedida mediante autorização da Entidade Licenciadora de acordo com o disposto no artigo 27.º do Decreto-Lei n.º 226-A/2007, de 31 de maio.",,
TUA20231228003808,T000033,L007492.2019.RH3.V1,"A licença caduca nas condições previstas no presente título e no artigo 33.º do Decreto-Lei n.º 226-A/2007, de 31 de maio.",,
TUA20231228003808,T000034,L007492.2019.RH3.V1,"O titular fica sujeito, de acordo com o Decreto-Lei n.º 97/2008, de 11 de junho, na sua redação atual, ao pagamento da Taxa de Recursos Hídricos (TRH) calculada de acordo com a seguinte fórmula: TRH = E + O, em que E – descarga de efluentes e O – ocupação do domínio público hídrico do Estado, se aplicável.",,
TUA20231228003808,T000035,L007492.2019.RH3.V1,"A presente licença pode ser revista ou revogada nos casos previstos nos artigos 28.º e 32.º do Decreto-Lei n.º 226-A/2007, de 31 de maio.",,
TUA20231228003808,T000036,L007492.2019.RH3.V1,"Sem prejuízo das sanções aplicáveis, sempre que o registo atualizado dos valores do autocontrolo, referido em T000027, não seja reportado com a frequência trimestral ou até ao dia quinze (15) de janeiro do ano seguinte ao que diz respeito a taxa de recursos hídricos, a componente E será calculada tendo por base as características do efluente bruto estabelecidas no projeto de execução da ETAR ou incluídas na presente licença.",,
TUA20231228003808,T000037,L007492.2019.RH3.V1,"Sem prejuízo das sanções aplicáveis, sempre que o registo atualizado dos valores do autocontrolo, referido no ponto 4 que antecede, não seja entregue com a periodicidade definida na Licença, a componente E será calculada tendo por base as características do efluente bruto estabelecidas no projeto de execução da ETAR ou incluídas na presente licença.",,
TUA20231228003808,T000038,L007492.2019.RH3.V1,"O pagamento da taxa de recursos hídricos devida é efetuado no ano seguinte àquele a que a taxa respeite até ao termo disposto na Nota de Liquidação respetiva e deve ser feito de acordo com o previsto no número 4 do artigo 16.º do Decreto-Lei n.º 97/2008, de 11 de junho, na sua redação atual.",,
TUA20231228003808,T000039,L007492.2019.RH3.V1,"A falta de pagamento atempado fica sujeito a juros de mora à taxa legal em vigor, conforme dispõe o número 5 do artigo 16.º do Decreto-Lei n.º 97/2008, de 11 de junho, na sua redação atual.",,
TUA20231228003808,T000040,L007492.2019.RH3.V1,"A rejeição de águas residuais será exclusivamente realizada no local e nas condições indicadas nesta licença, não estando autorizadas quaisquer outras descargas de efluentes, e não podendo o objeto da presente licença ser alterado sem prévia autorização da Entidade Licenciadora.",,
TUA20231228003808,T000041,L007492.2019.RH3.V1,"O titular deverá respeitar todas as leis e regulamentos aplicáveis e munir-se de quaisquer outras autorizações, licenças e registos legalmente exigíveis.",,
TUA20231228003808,T000042,L007492.2019.RH3.V1,"A Entidade Licenciadora reserva-se o direito de restringir excecionalmente o regime de utilização dos recursos hídricos agora atribuído, nomeadamente na decorrência de secas, cheias e acidentes, nos termos da presente licença e no regime legal aplicável.",,
TUA20240131000275,T000033,L015762.2013.RH5-T1.V1,"Em caso de incumprimento da presente licença, o titular fica sujeito às sanções previstas no Decreto-Lei n.º 226-A/2007, de 31 de maio.",,
TUA20240131000275,T000034,L015762.2013.RH5-T1.V1,A matéria tributável da componente E é determinada com base no Anexo – Programa de autocontrolo a implementar.,,
TUA20240131000275,T000035,L015762.2013.RH5-T1.V1,"As despesas com vistorias extraordinárias inerentes à emissão desta licença, ou as que resultarem de reclamações justificadas, serão suportadas pelo seu titular.",,
TUA20240131000275,T000036,L015762.2013.RH5-T1.V1,"O titular pode, caso se mantenham as condições que determinaram a sua atribuição, solicitar a renovação desta licença, no prazo de 6 meses antes do seu termo.",,
TUA20240131000275,T000037,L015762.2013.RH5-T1.V1,"A licença só poderá ser transmitida mediante autorização da entidade licenciadora de acordo com o disposto no artigo 26º do Decreto-Lei n.º 226-A/2007, de 31 de maio.",,
TUA20240131000275,,,"Para efeitos de fiscalização ou inspeção, o titular fica obrigado a facultar, às Entidades Competentes, esta licença, bem como o acesso à área,",,
TUA20240131000275,Código,Código TURH,,Condição,
TUA20240131000275,T000038,L015762.2013.RH5-T1.V1,,construções e equipamentos a ela associados e aos registos detalhados do controlo da operação do sistema de tratamento.,
TUA20240131000275,T000039,L015762.2013.RH5-T1.V1,,"O titular fica obrigado a informar a Entidade Licenciadora, no prazo máximo de 24 horas, de qualquer acidente ou anomalia ocorrido nas instalações que afete o cumprimento das condições indicadas nesta licença bem como das medidas já implementadas e/ou previstas para correção da situação.",
TUA20240131000275,T000040,L015762.2013.RH5-T1.V1,,"A licença só poderá ser transacionada e temporariamente cedida mediante autorização da Entidade Licenciadora de acordo com o disposto no artigo 27.º do Decreto-Lei n.º 226-A/2007, de 31 de maio.",
TUA20240131000275,T000041,L015762.2013.RH5-T1.V1,,"A licença caduca nas condições previstas no presente título e no artigo 33.º do Decreto-Lei n.º 226-A/2007, de 31 de maio.",
TUA20240131000275,T000042,L015762.2013.RH5-T1.V1,,"O titular fica sujeito, de acordo com o Decreto-Lei n.º 97/2008, de 11 de junho, na sua redação atual, ao pagamento da Taxa de Recursos Hídricos (TRH) calculada de acordo com a seguinte fórmula: TRH = E + O, em que E – descarga de efluentes e O – ocupação do domínio público hídrico do Estado, se aplicável.",
TUA20240131000275,T000043,L015762.2013.RH5-T1.V1,,"A presente licença pode ser revista ou revogada nos casos previstos nos artigos 28.º e 32.º do Decreto-Lei n.º 226-A/2007, de 31 de maio.",
TUA20240131000275,T000044,L015762.2013.RH5-T1.V1,,"O titular obriga-se a cumprir o disposto na presente licença, em todas as leis e regulamentos vigentes, na parte em que lhe for aplicável, bem como outras normas ou regulamentos que venham a ser posteriormente aprovados e a entrar em vigor, quer as suas disposições se harmonizem ou não com os direitos e obrigações que à presente licença sejam aplicáveis.",
TUA20240131000275,T000045,L015762.2013.RH5-T1.V1,,"Sem prejuízo das sanções aplicáveis, sempre que o registo atualizado dos valores do autocontrolo, referido no ponto 4 que antecede, não seja entregue com a periodicidade definida na Licença, a componente E será calculada tendo por base as características do efluente bruto estabelecidas no projeto de execução da ETAR ou incluídas na presente licença.",
TUA20240131000275,T000046,L015762.2013.RH5-T1.V1,,As vistorias que sejam realizadas pela Entidade Licenciadora na sequência dos episódios abrangidos no ponto que antecede são suportadas pelo utilizador.,
TUA20240131000275,T000047,L015762.2013.RH5-T1.V1,,"O pagamento da taxa de recursos hídricos devida é efetuado no ano seguinte àquele a que a taxa respeite até ao termo disposto na Nota de Liquidação respetiva e deve ser feito de acordo com o previsto no número 4 do artigo 16.º do Decreto-Lei n.º 97/2008, de 11 de junho, na sua redação atual.",
TUA20240131000275,T000048,L015762.2013.RH5-T1.V1,,"A falta de pagamento atempado fica sujeito a juros de mora à taxa legal em vigor, conforme dispõe o número 5 do artigo 16.º do Decreto-Lei n.º 97/2008, de 11 de junho, na sua redação atual.",
TUA20240131000275,T000049,L015762.2013.RH5-T1.V1,,"A rejeição de águas residuais será exclusivamente realizada no local e nas condições indicadas nesta licença, não estando autorizadas quaisquer outras descargas de efluentes, e não podendo o objeto da presente licença ser alterado sem prévia autorização da Entidade Licenciadora.",
TUA20240131000275,T000050,L015762.2013.RH5-T1.V1,,"O titular deverá respeitar todas as leis e regulamentos aplicáveis e munir-se de quaisquer outras autorizações, licenças e registos legalmente exigíveis.",
TUA20240131000275,T000051,L015762.2013.RH5-T1.V1,,"A Entidade Licenciadora reserva-se o direito de restringir excecionalmente o regime de utilização dos recursos hídricos agora atribuído, nomeadamente na decorrência de secas, cheias e acidentes, nos termos da presente licença e no regime legal aplicável.",
TUA20240131000276,T000029,L010891.2013.RH5-T1.V1,"Em caso de incumprimento da presente licença, o titular fica sujeito às sanções previstas no Decreto-Lei n.º 226-A/2007, de 31 de maio.",,
TUA20240131000276,T000030,L010891.2013.RH5-T1.V1,A matéria tributável da componente E é determinada com base no Anexo – Programa de autocontrolo a implementar.,,
TUA20240131000276,T000031,L010891.2013.RH5-T1.V1,"As despesas com vistorias extraordinárias inerentes à emissão desta licença, ou as que resultarem de reclamações justificadas, serão suportadas pelo seu titular.",,
TUA20240131000276,T000032,L010891.2013.RH5-T1.V1,"O titular pode, caso se mantenham as condições que determinaram a sua atribuição, solicitar a renovação desta licença, no prazo de 6 meses antes do seu termo.",,
TUA20240131000276,T000033,L010891.2013.RH5-T1.V1,"A licença só poderá ser transmitida mediante autorização da entidade licenciadora de acordo com o disposto no artigo 26º do Decreto-Lei n.º 226-A/2007, de 31 de maio.",,
TUA20240131000276,T000034,L010891.2013.RH5-T1.V1,"Para efeitos de fiscalização ou inspeção, o titular fica obrigado a facultar, às Entidades Competentes, esta licença, bem como o acesso à área, construções e equipamentos a ela associados e aos registos detalhados do controlo da operação do sistema de tratamento.",,
TUA20240131000276,T000035,L010891.2013.RH5-T1.V1,"O titular fica obrigado a informar a Entidade Licenciadora, no prazo máximo de 24 horas, de qualquer acidente ou anomalia ocorrido nas instalações que afete o cumprimento das condições indicadas nesta licença bem como das medidas já implementadas e/ou previstas para correção da situação.",,
TUA20240131000276,T000036,L010891.2013.RH5-T1.V1,"A licença só poderá ser transacionada e temporariamente cedida mediante autorização da Entidade Licenciadora de acordo com o disposto no artigo 27.º do Decreto-Lei n.º 226-A/2007, de 31 de maio.",,
TUA20240131000276,T000037,L010891.2013.RH5-T1.V1,"A licença caduca nas condições previstas no presente título e no artigo 33.º do Decreto-Lei n.º 226-A/2007, de 31 de maio.",,
TUA20240131000276,T000038,L010891.2013.RH5-T1.V1,"O titular fica sujeito, de acordo com o Decreto-Lei n.º 97/2008, de 11 de junho, na sua redação atual, ao pagamento da Taxa de Recursos Hídricos (TRH) calculada de acordo com a seguinte fórmula: TRH = E + O, em que E – descarga de efluentes e O – ocupação do domínio público hídrico do Estado, se aplicável.",,
TUA20240131000276,T000039,L010891.2013.RH5-T1.V1,"A presente licença pode ser revista ou revogada nos casos previstos nos artigos 28.º e 32.º do Decreto-Lei n.º 226-A/2007, de 31 de maio.",,
TUA20240131000276,T000040,L010891.2013.RH5-T1.V1,"O titular obriga-se a cumprir o disposto na presente licença, em todas as leis e regulamentos vigentes, na parte em que lhe for aplicável, bem como outras normas ou regulamentos que venham a ser posteriormente aprovados e a entrar em vigor, quer as suas disposições se harmonizem ou não com os direitos e obrigações que à presente licença sejam aplicáveis.",,
TUA20240131000276,T000041,L010891.2013.RH5-T1.V1,"Sem prejuízo das sanções aplicáveis, sempre que o registo atualizado dos valores do autocontrolo, referido no ponto 4 que antecede, não seja entregue com a periodicidade definida na Licença, a componente E será calculada tendo por base as características do efluente bruto estabelecidas no projeto de execução da ETAR ou incluídas na presente licença.",,
TUA20240131000276,T000042,L010891.2013.RH5-T1.V1,As vistorias que sejam realizadas pela Entidade Licenciadora na sequência dos episódios abrangidos no ponto que antecede são suportadas pelo utilizador.,,
TUA20240131000276,T000043,L010891.2013.RH5-T1.V1,"O pagamento da taxa de recursos hídricos devida é efetuado no ano seguinte àquele a que a taxa respeite até ao termo disposto na Nota de Liquidação respetiva e deve ser feito de acordo com o previsto no número 4 do artigo 16.º do Decreto-Lei n.º 97/2008, de 11 de junho, na sua redação atual.",,
TUA20240131000276,,,"A falta de pagamento atempado fica sujeito a juros de mora à taxa legal em vigor, conforme dispõe o número 5 do artigo 16.º do Decreto-Lei n.º 97",,
TUA20240131000276,Código,Código TURH,,Condição,
TUA20240131000276,T000044,L010891.2013.RH5-T1.V1,,"/2008, de 11 de junho, na sua redação atual.",
TUA20240131000276,T000045,L010891.2013.RH5-T1.V1,,"A rejeição de águas residuais será exclusivamente realizada no local e nas condições indicadas nesta licença, não estando autorizadas quaisquer outras descargas de efluentes, e não podendo o objeto da presente licença ser alterado sem prévia autorização da Entidade Licenciadora.",
TUA20240131000276,T000046,L010891.2013.RH5-T1.V1,,"O titular deverá respeitar todas as leis e regulamentos aplicáveis e munir-se de quaisquer outras autorizações, licenças e registos legalmente exigíveis.",
TUA20240131000276,T000047,L010891.2013.RH5-T1.V1,,"A Entidade Licenciadora reserva-se o direito de restringir excecionalmente o regime de utilização dos recursos hídricos agora atribuído, nomeadamente na decorrência de secas, cheias e acidentes, nos termos da presente licença e no regime legal aplicável.",
TUA20240216000439,T000027,L047225.2023.RH5A.V1,"Em caso de incumprimento da presente licença, o titular fica sujeito às sanções previstas no Decreto-Lei n.º 226-A/2007, de 31 de maio.",,
TUA20240216000439,T000028,L047225.2023.RH5A.V1,A matéria tributável da componente E é determinada com base no Anexo – Programa de autocontrolo a implementar.,,
TUA20240216000439,T000029,L047225.2023.RH5A.V1,"As despesas com vistorias extraordinárias inerentes à emissão desta licença, ou as que resultarem de reclamações justificadas, serão suportadas pelo seu titular.",,
TUA20240216000439,T000030,L047225.2023.RH5A.V1,"O titular pode, caso se mantenham as condições que determinaram a sua atribuição, solicitar a renovação desta licença, no prazo de 6 meses antes do seu termo.",,
TUA20240216000439,T000031,L047225.2023.RH5A.V1,"A licença só poderá ser transmitida mediante autorização da entidade licenciadora de acordo com o disposto no artigo 26º do Decreto-Lei n.º 226-A/2007, de 31 de maio.",,
TUA20240216000439,T000032,L047225.2023.RH5A.V1,"Para efeitos de fiscalização ou inspeção, o titular fica obrigado a facultar, às Entidades Competentes, esta licença, bem como o acesso à área, construções e equipamentos a ela associados e aos registos detalhados do controlo da operação do sistema de tratamento.",,
TUA20240216000439,T000033,L047225.2023.RH5A.V1,"O titular fica obrigado a informar a Entidade Licenciadora, no prazo máximo de 24 horas, de qualquer acidente ou anomalia ocorrido nas instalações que afete o cumprimento das condições indicadas nesta licença bem como das medidas já implementadas e/ou previstas para correção da situação.",,
TUA20240216000439,T000034,L047225.2023.RH5A.V1,"A licença só poderá ser transacionada e temporariamente cedida mediante autorização da Entidade Licenciadora de acordo com o disposto no artigo 27.º do Decreto-Lei n.º 226-A/2007, de 31 de maio.",,
TUA20240216000439,T000035,L047225.2023.RH5A.V1,"A licença caduca nas condições previstas no presente título e no artigo 33.º do Decreto-Lei n.º 226-A/2007, de 31 de maio.",,
TUA20240216000439,T000036,L047225.2023.RH5A.V1,"O titular fica sujeito, de acordo com o Decreto-Lei n.º 97/2008, de 11 de junho, na sua redação atual, ao pagamento da Taxa de Recursos Hídricos (TRH) calculada de acordo com a seguinte fórmula: TRH = E + O, em que E – descarga de efluentes e O – ocupação do domínio público hídrico do Estado, se aplicável.",,
TUA20240216000439,T000037,L047225.2023.RH5A.V1,"A presente licença pode ser revista ou revogada nos casos previstos nos artigos 28.º e 32.º do Decreto-Lei n.º 226-A/2007, de 31 de maio.",,
TUA20240216000439,T000038,L047225.2023.RH5A.V1,"O titular obriga-se a cumprir o disposto na presente licença, em todas as leis e regulamentos vigentes, na parte em que lhe for aplicável, bem como outras normas ou regulamentos que venham a ser posteriormente aprovados e a entrar em vigor, quer as suas disposições se harmonizem ou não com os direitos e obrigações que à presente licença sejam aplicáveis.",,
TUA20240216000439,T000039,L047225.2023.RH5A.V1,"Sem prejuízo das sanções aplicáveis, sempre que o registo atualizado dos valores do autocontrolo, referido no ponto 4 que antecede, não seja entregue com a periodicidade definida na Licença, a componente E será calculada tendo por base as características do efluente bruto estabelecidas no projeto de execução da ETAR ou incluídas na presente licença.",,
TUA20240216000439,T000040,L047225.2023.RH5A.V1,As vistorias que sejam realizadas pela Entidade Licenciadora na sequência dos episódios abrangidos no ponto que antecede são suportadas pelo utilizador.,,
TUA20240216000439,T000041,L047225.2023.RH5A.V1,"O pagamento da taxa de recursos hídricos devida é efetuado no ano seguinte àquele a que a taxa respeite até ao termo disposto na Nota de Liquidação respetiva e deve ser feito de acordo com o previsto no número 4 do artigo 16.º do Decreto-Lei n.º 97/2008, de 11 de junho, na sua redação atual.",,
TUA20240216000439,T000042,L047225.2023.RH5A.V1,"A falta de pagamento atempado fica sujeito a juros de mora à taxa legal em vigor, conforme dispõe o número 5 do artigo 16.º do Decreto-Lei n.º 97/2008, de 11 de junho, na sua redação atual.",,
TUA20240216000439,T000043,L047225.2023.RH5A.V1,"A rejeição de águas residuais será exclusivamente realizada no local e nas condições indicadas nesta licença, não estando autorizadas quaisquer outras descargas de efluentes, e não podendo o objeto da presente licença ser alterado sem prévia autorização da Entidade Licenciadora.",,
TUA20240216000439,,,"O titular deverá respeitar todas as leis e regulamentos aplicáveis e munir-se de quaisquer outras autorizações, licenças e registos legalmente",,
TUA20240216000439,Código,Código TURH,,Condição,
TUA20240216000439,T000044,L047225.2023.RH5A.V1,,exigíveis.,
TUA20240216000439,T000045,L047225.2023.RH5A.V1,,"A Entidade Licenciadora reserva-se o direito de restringir excecionalmente o regime de utilização dos recursos hídricos agora atribuído, nomeadamente na decorrência de secas, cheias e acidentes, nos termos da presente licença e no regime legal aplicável.",
TUA20240216000440,T000030,L008275.2018.RH5A.V1,"Em caso de incumprimento da presente licença, o titular fica sujeito às sanções previstas no Decreto-Lei n.º 226-A/2007, de 31 de maio.",,
TUA20240216000440,T000031,L008275.2018.RH5A.V1,A matéria tributável da componente E é determinada com base no Anexo – Programa de autocontrolo a implementar.,,
TUA20240216000440,T000032,L008275.2018.RH5A.V1,"As despesas com vistorias extraordinárias inerentes à emissão desta licença, ou as que resultarem de reclamações justificadas, serão suportadas pelo seu titular.",,
TUA20240216000440,Código,Código TURH,,Condição,
TUA20240216000440,T000033,L008275.2018.RH5A.V1,,"O titular pode, caso se mantenham as condições que determinaram a sua atribuição, solicitar a renovação desta licença, no prazo de 6 meses antes do seu termo.",
TUA20240216000440,T000034,L008275.2018.RH5A.V1,,"A licença só poderá ser transmitida mediante autorização da entidade licenciadora de acordo com o disposto no artigo 26º do Decreto-Lei n.º 226-A/2007, de 31 de maio.",
TUA20240216000440,T000035,L008275.2018.RH5A.V1,,"Para efeitos de fiscalização ou inspeção, o titular fica obrigado a facultar, às Entidades Competentes, esta licença, bem como o acesso à área, construções e equipamentos a ela associados e aos registos detalhados do controlo da operação do sistema de tratamento.",
TUA20240216000440,T000036,L008275.2018.RH5A.V1,,"O titular fica obrigado a informar a Entidade Licenciadora, no prazo máximo de 24 horas, de qualquer acidente ou anomalia ocorrido nas instalações que afete o cumprimento das condições indicadas nesta licença bem como das medidas já implementadas e/ou previstas para correção da situação.",
TUA20240216000440,T000037,L008275.2018.RH5A.V1,,"A licença só poderá ser transacionada e temporariamente cedida mediante autorização da Entidade Licenciadora de acordo com o disposto no artigo 27.º do Decreto-Lei n.º 226-A/2007, de 31 de maio.",
TUA20240216000440,T000038,L008275.2018.RH5A.V1,,"A licença caduca nas condições previstas no presente título e no artigo 33.º do Decreto-Lei n.º 226-A/2007, de 31 de maio.",
TUA20240216000440,T000039,L008275.2018.RH5A.V1,,"O titular fica sujeito, de acordo com o Decreto-Lei n.º 97/2008, de 11 de junho, na sua redação atual, ao pagamento da Taxa de Recursos Hídricos (TRH) calculada de acordo com a seguinte fórmula: TRH = E + O, em que E – descarga de efluentes e O – ocupação do domínio público hídrico do Estado, se aplicável.",
TUA20240216000440,T000040,L008275.2018.RH5A.V1,,"A presente licença pode ser revista ou revogada nos casos previstos nos artigos 28.º e 32.º do Decreto-Lei n.º 226-A/2007, de 31 de maio.",
TUA20240216000440,T000041,L008275.2018.RH5A.V1,,"O titular obriga-se a cumprir o disposto na presente licença, em todas as leis e regulamentos vigentes, na parte em que lhe for aplicável, bem como outras normas ou regulamentos que venham a ser posteriormente aprovados e a entrar em vigor, quer as suas disposições se harmonizem ou não com os direitos e obrigações que à presente licença sejam aplicáveis.",
TUA20240216000440,T000042,L008275.2018.RH5A.V1,,"Sem prejuízo das sanções aplicáveis, sempre que o registo atualizado dos valores do autocontrolo, referido no ponto 4 que antecede, não seja entregue com a periodicidade definida na Licença, a componente E será calculada tendo por base as características do efluente bruto estabelecidas no projeto de execução da ETAR ou incluídas na presente licença.",
TUA20240216000440,T000043,L008275.2018.RH5A.V1,,As vistorias que sejam realizadas pela Entidade Licenciadora na sequência dos episódios abrangidos no ponto que antecede são suportadas pelo utilizador.,
TUA20240216000440,T000044,L008275.2018.RH5A.V1,,"O pagamento da taxa de recursos hídricos devida é efetuado no ano seguinte àquele a que a taxa respeite até ao termo disposto na Nota de Liquidação respetiva e deve ser feito de acordo com o previsto no número 4 do artigo 16.º do Decreto-Lei n.º 97/2008, de 11 de junho, na sua redação atual.",
TUA20240216000440,T000045,L008275.2018.RH5A.V1,,"A falta de pagamento atempado fica sujeito a juros de mora à taxa legal em vigor, conforme dispõe o número 5 do artigo 16.º do Decreto-Lei n.º 97/2008, de 11 de junho, na sua redação atual.",
TUA20240216000440,T000046,L008275.2018.RH5A.V1,,"A rejeição de águas residuais será exclusivamente realizada no local e nas condições indicadas nesta licença, não estando autorizadas quaisquer outras descargas de efluentes, e não podendo o objeto da presente licença ser alterado sem prévia autorização da Entidade Licenciadora.",
TUA20240216000440,T000047,L008275.2018.RH5A.V1,,"O titular deverá respeitar todas as leis e regulamentos aplicáveis e munir-se de quaisquer outras autorizações, licenças e registos legalmente exigíveis.",
TUA20240216000440,T000048,L008275.2018.RH5A.V1,,"A Entidade Licenciadora reserva-se o direito de restringir excecionalmente o regime de utilização dos recursos hídricos agora atribuído, nomeadamente na decorrência de secas, cheias e acidentes, nos termos da presente licença e no regime legal aplicável.",
TUA20240216000462,T000024,L006005.2021.RH5A.V1,"Em caso de incumprimento da presente licença, o titular fica sujeito às sanções previstas no Decreto-Lei n.º 226-A/2007, de 31 de maio.",,
TUA20240216000462,T000025,L006005.2021.RH5A.V1,A matéria tributável da componente E é determinada com base no Anexo – Programa de autocontrolo a implementar.,,
TUA20240216000462,T000026,L006005.2021.RH5A.V1,"As despesas com vistorias extraordinárias inerentes à emissão desta licença, ou as que resultarem de reclamações justificadas, serão suportadas pelo seu titular.",,
TUA20240216000462,T000028,L006005.2021.RH5A.V1,"A licença só poderá ser transmitida mediante autorização da entidade licenciadora de acordo com o disposto no artigo 26º do Decreto-Lei n.º 226-A/2007, de 31 de maio.",,
TUA20240216000462,T000029,L006005.2021.RH5A.V1,"Para efeitos de fiscalização ou inspeção, o titular fica obrigado a facultar, às Entidades Competentes, esta licença, bem como o acesso à área, construções e equipamentos a ela associados e aos registos detalhados do controlo da operação do sistema de tratamento.",,
TUA20240216000462,T000030,L006005.2021.RH5A.V1,"O titular fica obrigado a informar a Entidade Licenciadora, no prazo máximo de 24 horas, de qualquer acidente ou anomalia ocorrido nas instalações que afete o cumprimento das condições indicadas nesta licença bem como das medidas já implementadas e/ou previstas para correção da situação.",,
TUA20240216000462,T000031,L006005.2021.RH5A.V1,"A licença só poderá ser transacionada e temporariamente cedida mediante autorização da Entidade Licenciadora de acordo com o disposto no artigo 27.º do Decreto-Lei n.º 226-A/2007, de 31 de maio.",,
TUA20240216000462,T000032,L006005.2021.RH5A.V1,"A licença caduca nas condições previstas no presente título e no artigo 33.º do Decreto-Lei n.º 226-A/2007, de 31 de maio.",,
TUA20240216000462,T000033,L006005.2021.RH5A.V1,"O titular fica sujeito, de acordo com o Decreto-Lei n.º 97/2008, de 11 de junho, na sua redação atual, ao pagamento da Taxa de Recursos Hídricos (TRH) calculada de acordo com a seguinte fórmula: TRH = E + O, em que E – descarga de efluentes e O – ocupação do domínio público hídrico do Estado, se aplicável.",,
TUA20240216000462,T000034,L006005.2021.RH5A.V1,"A presente licença pode ser revista ou revogada nos casos previstos nos artigos 28.º e 32.º do Decreto-Lei n.º 226-A/2007, de 31 de maio.",,
TUA20240216000462,T000035,L006005.2021.RH5A.V1,"O titular obriga-se a cumprir o disposto na presente licença, em todas as leis e regulamentos vigentes, na parte em que lhe for aplicável, bem como outras normas ou regulamentos que venham a ser posteriormente aprovados e a entrar em vigor, quer as suas disposições se harmonizem ou não com os direitos e obrigações que à presente licença sejam aplicáveis.",,
TUA20240216000462,T000036,L006005.2021.RH5A.V1,"Sem prejuízo das sanções aplicáveis, sempre que o registo atualizado dos valores do autocontrolo, referido no ponto 4 que antecede, não seja entregue com a periodicidade definida na Licença, a componente E será calculada tendo por base as características do efluente bruto estabelecidas no projeto de execução da ETAR ou incluídas na presente licença.",,
TUA20240216000462,T000037,L006005.2021.RH5A.V1,As vistorias que sejam realizadas pela Entidade Licenciadora na sequência dos episódios abrangidos no ponto que antecede são suportadas pelo,,
TUA20240216000462,Código,Código TURH,,Condição,
TUA20240216000462,,,,utilizador.,
TUA20240216000462,T000038,L006005.2021.RH5A.V1,,"O pagamento da taxa de recursos hídricos devida é efetuado no ano seguinte àquele a que a taxa respeite até ao termo disposto na Nota de Liquidação respetiva e deve ser feito de acordo com o previsto no número 4 do artigo 16.º do Decreto-Lei n.º 97/2008, de 11 de junho, na sua redação atual.",
TUA20240216000462,T000039,L006005.2021.RH5A.V1,,"A falta de pagamento atempado fica sujeito a juros de mora à taxa legal em vigor, conforme dispõe o número 5 do artigo 16.º do Decreto-Lei n.º 97/2008, de 11 de junho, na sua redação atual.",
TUA20240216000462,T000040,L006005.2021.RH5A.V1,,"A rejeição de águas residuais será exclusivamente realizada no local e nas condições indicadas nesta licença, não estando autorizadas quaisquer outras descargas de efluentes, e não podendo o objeto da presente licença ser alterado sem prévia autorização da Entidade Licenciadora.",
TUA20240216000462,T000041,L006005.2021.RH5A.V1,,"O titular deverá respeitar todas as leis e regulamentos aplicáveis e munir-se de quaisquer outras autorizações, licenças e registos legalmente exigíveis.",
TUA20240216000462,T000042,L006005.2021.RH5A.V1,,"A Entidade Licenciadora reserva-se o direito de restringir excecionalmente o regime de utilização dos recursos hídricos agora atribuído, nomeadamente na decorrência de secas, cheias e acidentes, nos termos da presente licença e no regime legal aplicável.",
TUA20240223000530,T000077,L031504.2023.RH5A.V1,"Em caso de incumprimento da presente licença, o titular fica sujeito às sanções previstas no Decreto-Lei n.º 226-A/2007, de 31 de maio.",,
TUA20240223000530,T000078,L031504.2023.RH5A.V1,A matéria tributável da componente E é determinada com base no Anexo – Programa de autocontrolo a implementar.,,
TUA20240223000530,T000079,L031504.2023.RH5A.V1,"As despesas com vistorias extraordinárias inerentes à emissão desta licença, ou as que resultarem de reclamações justificadas, serão suportadas pelo seu titular.",,
TUA20240223000530,T000080,L031504.2023.RH5A.V1,"O titular pode, caso se mantenham as condições que determinaram a sua atribuição, solicitar a renovação desta licença, no prazo de 6 meses antes do seu termo.",,
TUA20240223000530,T000081,L031504.2023.RH5A.V1,"A licença só poderá ser transmitida mediante autorização da entidade licenciadora de acordo com o disposto no artigo 26º do Decreto-Lei n.º 226-A/2007, de 31 de maio.",,
TUA20240223000530,T000082,L031504.2023.RH5A.V1,"Para efeitos de fiscalização ou inspeção, o titular fica obrigado a facultar, às Entidades Competentes, esta licença, bem como o acesso à área, construções e equipamentos a ela associados e aos registos detalhados do controlo da operação do sistema de tratamento.",,
TUA20240223000530,T000083,L031504.2023.RH5A.V1,"O titular fica obrigado a informar a Entidade Licenciadora, no prazo máximo de 24 horas, de qualquer acidente ou anomalia ocorrido nas instalações que afete o cumprimento das condições indicadas nesta licença bem como das medidas já implementadas e/ou previstas para correção da situação.",,
TUA20240223000530,T000084,L031504.2023.RH5A.V1,"A licença só poderá ser transacionada e temporariamente cedida mediante autorização da Entidade Licenciadora de acordo com o disposto no artigo 27.º do Decreto-Lei n.º 226-A/2007, de 31 de maio.",,
TUA20240223000530,T000085,L031504.2023.RH5A.V1,"A licença caduca nas condições previstas no presente título e no artigo 33.º do Decreto-Lei n.º 226-A/2007, de 31 de maio.",,
TUA20240223000530,T000086,L031504.2023.RH5A.V1,"O titular fica sujeito, de acordo com o Decreto-Lei n.º 97/2008, de 11 de junho, na sua redação atual, ao pagamento da Taxa de Recursos Hídricos (TRH) calculada de acordo com a seguinte fórmula: TRH = E + O, em que E – descarga de efluentes e O – ocupação do domínio público hídrico do Estado, se aplicável.",,
TUA20240223000530,Código,Código TURH,,Condição,
TUA20240223000530,T000087,L031504.2023.RH5A.V1,,"A presente licença pode ser revista ou revogada nos casos previstos nos artigos 28.º e 32.º do Decreto-Lei n.º 226-A/2007, de 31 de maio.",
TUA20240223000530,T000088,L031504.2023.RH5A.V1,,"O titular obriga-se a cumprir o disposto na presente licença, em todas as leis e regulamentos vigentes, na parte em que lhe for aplicável, bem como outras normas ou regulamentos que venham a ser posteriormente aprovados e a entrar em vigor, quer as suas disposições se harmonizem ou não com os direitos e obrigações que à presente licença sejam aplicáveis.",
TUA20240223000530,T000089,L031504.2023.RH5A.V1,,"Sem prejuízo das sanções aplicáveis, sempre que o registo atualizado dos valores do autocontrolo, referido no ponto 4 que antecede, não seja entregue com a periodicidade definida na Licença, a componente E será calculada tendo por base as características do efluente bruto estabelecidas no projeto de execução da ETAR ou incluídas na presente licença.",
TUA20240223000530,T000090,L031504.2023.RH5A.V1,,As vistorias que sejam realizadas pela Entidade Licenciadora na sequência dos episódios abrangidos no ponto que antecede são suportadas pelo utilizador.,
TUA20240223000530,T000091,L031504.2023.RH5A.V1,,"O pagamento da taxa de recursos hídricos devida é efetuado no ano seguinte àquele a que a taxa respeite até ao termo disposto na Nota de Liquidação respetiva e deve ser feito de acordo com o previsto no número 4 do artigo 16.º do Decreto-Lei n.º 97/2008, de 11 de junho, na sua redação atual.",
TUA20240223000530,T000092,L031504.2023.RH5A.V1,,"A falta de pagamento atempado fica sujeito a juros de mora à taxa legal em vigor, conforme dispõe o número 5 do artigo 16.º do Decreto-Lei n.º 97/2008, de 11 de junho, na sua redação atual.",
TUA20240223000530,T000093,L031504.2023.RH5A.V1,,"A rejeição de águas residuais será exclusivamente realizada no local e nas condições indicadas nesta licença, não estando autorizadas quaisquer outras descargas de efluentes, e não podendo o objeto da presente licença ser alterado sem prévia autorização da Entidade Licenciadora.",
TUA20240223000530,T000094,L031504.2023.RH5A.V1,,"O titular deverá respeitar todas as leis e regulamentos aplicáveis e munir-se de quaisquer outras autorizações, licenças e registos legalmente exigíveis.",
TUA20240223000530,T000095,L031504.2023.RH5A.V1,,"A Entidade Licenciadora reserva-se o direito de restringir excecionalmente o regime de utilização dos recursos hídricos agora atribuído, nomeadamente na decorrência de secas, cheias e acidentes, nos termos da presente licença e no regime legal aplicável.",
TUA20240229000598,T000036,L047273.2023.RH5A.V1,"Em caso de incumprimento da presente licença, o titular fica sujeito às sanções previstas no Decreto-Lei n.º 226-A/2007, de 31 de maio.",,
TUA20240229000598,T000037,L047273.2023.RH5A.V1,A matéria tributável da componente E é determinada com base no Anexo – Programa de autocontrolo a implementar.,,
TUA20240229000598,T000038,L047273.2023.RH5A.V1,"As despesas com vistorias extraordinárias inerentes à emissão desta licença, ou as que resultarem de reclamações justificadas, serão suportadas pelo seu titular.",,
TUA20240229000598,T000039,L047273.2023.RH5A.V1,"O titular pode, caso se mantenham as condições que determinaram a sua atribuição, solicitar a renovação desta licença, no prazo de 6 meses antes do seu termo.",,
TUA20240229000598,T000040,L047273.2023.RH5A.V1,"A licença só poderá ser transmitida mediante autorização da entidade licenciadora de acordo com o disposto no artigo 26º do Decreto-Lei n.º 226-A/2007, de 31 de maio.",,
TUA20240229000598,T000041,L047273.2023.RH5A.V1,"Para efeitos de fiscalização ou inspeção, o titular fica obrigado a facultar, às Entidades Competentes, esta licença, bem como o acesso à área, construções e equipamentos a ela associados e aos registos detalhados do controlo da operação do sistema de tratamento.",,
TUA20240229000598,T000042,L047273.2023.RH5A.V1,"O titular fica obrigado a informar a Entidade Licenciadora, no prazo máximo de 24 horas, de qualquer acidente ou anomalia ocorrido nas instalações que afete o cumprimento das condições indicadas nesta licença bem como das medidas já implementadas e/ou previstas para correção da situação.",,
TUA20240229000598,T000043,L047273.2023.RH5A.V1,"A licença só poderá ser transacionada e temporariamente cedida mediante autorização da Entidade Licenciadora de acordo com o disposto no artigo 27.º do Decreto-Lei n.º 226-A/2007, de 31 de maio.",,
TUA20240229000598,Código,Código TURH,,Condição,
TUA20240229000598,T000044,L047273.2023.RH5A.V1,,"A licença caduca nas condições previstas no presente título e no artigo 33.º do Decreto-Lei n.º 226-A/2007, de 31 de maio.",
TUA20240229000598,T000045,L047273.2023.RH5A.V1,,"O titular fica sujeito, de acordo com o Decreto-Lei n.º 97/2008, de 11 de junho, na sua redação atual, ao pagamento da Taxa de Recursos Hídricos (TRH) calculada de acordo com a seguinte fórmula: TRH = E + O, em que E – descarga de efluentes e O – ocupação do domínio público hídrico do Estado, se aplicável.",
TUA20240229000598,T000046,L047273.2023.RH5A.V1,,"A presente licença pode ser revista ou revogada nos casos previstos nos artigos 28.º e 32.º do Decreto-Lei n.º 226-A/2007, de 31 de maio.",
TUA20240229000598,T000047,L047273.2023.RH5A.V1,,"O titular obriga-se a cumprir o disposto na presente licença, em todas as leis e regulamentos vigentes, na parte em que lhe for aplicável, bem como outras normas ou regulamentos que venham a ser posteriormente aprovados e a entrar em vigor, quer as suas disposições se harmonizem ou não com os direitos e obrigações que à presente licença sejam aplicáveis.",
TUA20240229000598,T000048,L047273.2023.RH5A.V1,,"Sem prejuízo das sanções aplicáveis, sempre que o registo atualizado dos valores do autocontrolo, referido no ponto 4 que antecede, não seja entregue com a periodicidade definida na Licença, a componente E será calculada tendo por base as características do efluente bruto estabelecidas no projeto de execução da ETAR ou incluídas na presente licença.",
TUA20240229000598,T000049,L047273.2023.RH5A.V1,,As vistorias que sejam realizadas pela Entidade Licenciadora na sequência dos episódios abrangidos no ponto que antecede são suportadas pelo utilizador.,
TUA20240229000598,T000050,L047273.2023.RH5A.V1,,"O pagamento da taxa de recursos hídricos devida é efetuado no ano seguinte àquele a que a taxa respeite até ao termo disposto na Nota de Liquidação respetiva e deve ser feito de acordo com o previsto no número 4 do artigo 16.º do Decreto-Lei n.º 97/2008, de 11 de junho, na sua redação atual.",
TUA20240229000598,T000051,L047273.2023.RH5A.V1,,"A falta de pagamento atempado fica sujeito a juros de mora à taxa legal em vigor, conforme dispõe o número 5 do artigo 16.º do Decreto-Lei n.º 97/2008, de 11 de junho, na sua redação atual.",
TUA20240229000598,T000052,L047273.2023.RH5A.V1,,"A rejeição de águas residuais será exclusivamente realizada no local e nas condições indicadas nesta licença, não estando autorizadas quaisquer outras descargas de efluentes, e não podendo o objeto da presente licença ser alterado sem prévia autorização da Entidade Licenciadora.",
TUA20240229000598,T000053,L047273.2023.RH5A.V1,,"O titular deverá respeitar todas as leis e regulamentos aplicáveis e munir-se de quaisquer outras autorizações, licenças e registos legalmente exigíveis.",
TUA20240229000598,T000054,L047273.2023.RH5A.V1,,"A Entidade Licenciadora reserva-se o direito de restringir excecionalmente o regime de utilização dos recursos hídricos agora atribuído, nomeadamente na decorrência de secas, cheias e acidentes, nos termos da presente licença e no regime legal aplicável.",
TUA20240901002617,T000026,L060851.2024.RH7.V1,"Em caso de incumprimento da presente licença, o titular fica sujeito às sanções previstas no Decreto-Lei n.º 226-A/2007, de 31 de maio.",,
TUA20240901002617,T000027,L060851.2024.RH7.V1,A matéria tributável da componente E é determinada com base no Anexo – Programa de autocontrolo a implementar.,,
TUA20240901002617,T000028,L060851.2024.RH7.V1,"As despesas com vistorias extraordinárias inerentes à emissão desta licença, ou as que resultarem de reclamações justificadas, serão suportadas pelo seu titular.",,
TUA20240901002617,T000029,L060851.2024.RH7.V1,"O titular pode, caso se mantenham as condições que determinaram a sua atribuição, solicitar a renovação desta licença, no prazo de 6 meses antes do seu termo.",,
TUA20240901002617,T000030,L060851.2024.RH7.V1,"A licença só poderá ser transmitida mediante autorização da entidade licenciadora de acordo com o disposto no artigo 26º do Decreto-Lei n.º 226-A/2007, de 31 de maio.",,
TUA20240901002617,T000031,L060851.2024.RH7.V1,"Para efeitos de fiscalização ou inspeção, o titular fica obrigado a facultar, às Entidades Competentes, esta licença, bem como o acesso à área, construções e equipamentos a ela associados e aos registos detalhados do controlo da operação do sistema de tratamento.",,
TUA20240901002617,T000032,L060851.2024.RH7.V1,"O titular fica obrigado a informar a Entidade Licenciadora, no prazo máximo de 24 horas, de qualquer acidente ou anomalia ocorrido nas instalações que afete o cumprimento das condições indicadas nesta licença bem como das medidas já implementadas e/ou previstas para correção da situação.",,
TUA20240901002617,T000033,L060851.2024.RH7.V1,"A licença só poderá ser transacionada e temporariamente cedida mediante autorização da Entidade Licenciadora de acordo com o disposto no artigo 27.º do Decreto-Lei n.º 226-A/2007, de 31 de maio.",,
TUA20240901002617,T000034,L060851.2024.RH7.V1,"A licença caduca nas condições previstas no presente título e no artigo 33.º do Decreto-Lei n.º 226-A/2007, de 31 de maio.",,
TUA20240901002617,T000035,L060851.2024.RH7.V1,"O titular fica sujeito, de acordo com o Decreto-Lei n.º 97/2008, de 11 de junho, na sua redação atual, ao pagamento da Taxa de Recursos Hídricos (TRH) calculada de acordo com a seguinte fórmula: TRH = E + O, em que E – descarga de efluentes e O – ocupação do domínio público hídrico do Estado, se aplicável.",,
TUA20240901002617,T000036,L060851.2024.RH7.V1,"A presente licença pode ser revista ou revogada nos casos previstos nos artigos 28.º e 32.º do Decreto-Lei n.º 226-A/2007, de 31 de maio.",,
TUA20240901002617,T000037,L060851.2024.RH7.V1,"O titular obriga-se a cumprir o disposto na presente licença, em todas as leis e regulamentos vigentes, na parte em que lhe for aplicável, bem como outras normas ou regulamentos que venham a ser posteriormente aprovados e a entrar em vigor, quer as suas disposições se harmonizem ou não com os direitos e obrigações que à presente licença sejam aplicáveis.",,
TUA20240901002617,T000038,L060851.2024.RH7.V1,"Sem prejuízo das sanções aplicáveis, sempre que o registo atualizado dos valores do autocontrolo, referido no ponto 4 que antecede, não seja entregue com a periodicidade definida na Licença, a componente E será calculada tendo por base as características do efluente bruto estabelecidas no projeto de execução da ETAR ou incluídas na presente licença.",,
TUA20240901002617,T000039,L060851.2024.RH7.V1,As vistorias que sejam realizadas pela Entidade Licenciadora na sequência dos episódios abrangidos no ponto que antecede são suportadas pelo utilizador.,,
TUA20240901002617,T000040,L060851.2024.RH7.V1,"O pagamento da taxa de recursos hídricos devida é efetuado no ano seguinte àquele a que a taxa respeite até ao termo disposto na Nota de Liquidação respetiva e deve ser feito de acordo com o previsto no número 4 do artigo 16.º do Decreto-Lei n.º 97/2008, de 11 de junho, na sua redação atual.",,
TUA20240901002617,T000041,L060851.2024.RH7.V1,"A falta de pagamento atempado fica sujeito a juros de mora à taxa legal em vigor, conforme dispõe o número 5 do artigo 16.º do Decreto-Lei n.º 97/2008, de 11 de junho, na sua redação atual.",,
TUA20240901002617,T000042,L060851.2024.RH7.V1,"A rejeição de águas residuais será exclusivamente realizada no local e nas condições indicadas nesta licença, não estando autorizadas quaisquer outras descargas de efluentes, e não podendo o objeto da presente licença ser alterado sem prévia autorização da Entidade Licenciadora.",,
TUA20240901002617,T000043,L060851.2024.RH7.V1,"O titular deverá respeitar todas as leis e regulamentos aplicáveis e munir-se de quaisquer outras autorizações, licenças e registos legalmente exigíveis.",,
TUA20240901002617,T000044,L060851.2024.RH7.V1,"A Entidade Licenciadora reserva-se o direito de restringir excecionalmente o regime de utilização dos recursos hídricos agora atribuído, nomeadamente na decorrência de secas, cheias e acidentes, nos termos da presente licença e no regime legal aplicável.",,
TUA20241030003256,T000039,L064067.2024.RH7.V1,"Em caso de incumprimento da presente licença, o titular fica sujeito às sanções previstas no Decreto-Lei n.º 226-A/2007, de 31 de maio.",,
TUA20241030003256,T000040,L064067.2024.RH7.V1,A matéria tributável da componente E é determinada com base no Anexo – Programa de autocontrolo a implementar.,,
TUA20241030003256,T000041,L064067.2024.RH7.V1,"As despesas com vistorias extraordinárias inerentes à emissão desta licença, ou as que resultarem de reclamações justificadas, serão suportadas pelo seu titular.",,
TUA20241030003256,T000042,L064067.2024.RH7.V1,"O titular pode, caso se mantenham as condições que determinaram a sua atribuição, solicitar a renovação desta licença, no prazo de 6 meses antes do seu termo.",,
TUA20241030003256,T000043,L064067.2024.RH7.V1,"A licença só poderá ser transmitida mediante autorização da entidade licenciadora de acordo com o disposto no artigo 26º do Decreto-Lei n.º 226-A/2007, de 31 de maio.",,
TUA20241030003256,T000044,L064067.2024.RH7.V1,"Para efeitos de fiscalização ou inspeção, o titular fica obrigado a facultar, às Entidades Competentes, esta licença, bem como o acesso à área, construções e equipamentos a ela associados e aos registos detalhados do controlo da operação do sistema de tratamento.",,
TUA20241030003256,T000045,L064067.2024.RH7.V1,"O titular fica obrigado a informar a Entidade Licenciadora, no prazo máximo de 24 horas, de qualquer acidente ou anomalia ocorrido nas instalações que afete o cumprimento das condições indicadas nesta licença bem como das medidas já implementadas e/ou previstas para correção da situação.",,
TUA20241030003256,T000046,L064067.2024.RH7.V1,"A licença só poderá ser transacionada e temporariamente cedida mediante autorização da Entidade Licenciadora de acordo com o disposto no artigo 27.º do Decreto-Lei n.º 226-A/2007, de 31 de maio.",,
TUA20241030003256,T000047,L064067.2024.RH7.V1,"A licença caduca nas condições previstas no presente título e no artigo 33.º do Decreto-Lei n.º 226-A/2007, de 31 de maio.",,
TUA20241030003256,T000048,L064067.2024.RH7.V1,"O titular fica sujeito, de acordo com o Decreto-Lei n.º 97/2008, de 11 de junho, na sua redação atual, ao pagamento da Taxa de Recursos Hídricos (TRH) calculada de acordo com a seguinte fórmula: TRH = E + O, em que E – descarga de efluentes e O – ocupação do domínio público hídrico do Estado, se aplicável.",,
TUA20241030003256,T000049,L064067.2024.RH7.V1,"A presente licença pode ser revista ou revogada nos casos previstos nos artigos 28.º e 32.º do Decreto-Lei n.º 226-A/2007, de 31 de maio.",,
TUA20241030003256,T000050,L064067.2024.RH7.V1,"O titular obriga-se a cumprir o disposto na presente licença, em todas as leis e regulamentos vigentes, na parte em que lhe for aplicável, bem como outras normas ou regulamentos que venham a ser posteriormente aprovados e a entrar em vigor, quer as suas disposições se harmonizem ou não com os direitos e obrigações que à presente licença sejam aplicáveis.",,
TUA20241030003256,T000051,L064067.2024.RH7.V1,"Sem prejuízo das sanções aplicáveis, sempre que o registo atualizado dos valores do autocontrolo, referido no ponto 4 que antecede, não seja entregue com a periodicidade definida na Licença, a componente E será calculada tendo por base as características do efluente bruto estabelecidas no projeto de execução da ETAR ou incluídas na presente licença.",,
TUA20241030003256,T000052,L064067.2024.RH7.V1,As vistorias que sejam realizadas pela Entidade Licenciadora na sequência dos episódios abrangidos no ponto que antecede são suportadas pelo utilizador.,,
TUA20241030003256,T000053,L064067.2024.RH7.V1,"O pagamento da taxa de recursos hídricos devida é efetuado no ano seguinte àquele a que a taxa respeite até ao termo disposto na Nota de Liquidação respetiva e deve ser feito de acordo com o previsto no número 4 do artigo 16.º do Decreto-Lei n.º 97/2008, de 11 de junho, na sua redação atual.",,
TUA20241030003256,T000054,L064067.2024.RH7.V1,"A falta de pagamento atempado fica sujeito a juros de mora à taxa legal em vigor, conforme dispõe o número 5 do artigo 16.º do Decreto-Lei n.º 97/2008, de 11 de junho, na sua redação atual.",,
TUA20241030003256,T000055,L064067.2024.RH7.V1,"A rejeição de águas residuais será exclusivamente realizada no local e nas condições indicadas nesta licença, não estando autorizadas quaisquer outras descargas de efluentes, e não podendo o objeto da presente licença ser alterado sem prévia autorização da Entidade Licenciadora.",,
TUA20241030003256,T000056,L064067.2024.RH7.V1,"O titular deverá respeitar todas as leis e regulamentos aplicáveis e munir-se de quaisquer outras autorizações, licenças e registos legalmente exigíveis.",,
TUA20241030003256,T000057,L064067.2024.RH7.V1,"A Entidade Licenciadora reserva-se o direito de restringir excecionalmente o regime de utilização dos recursos hídricos agora atribuído, nomeadamente na decorrência de secas, cheias e acidentes, nos termos da presente licença e no regime legal aplicável.",,
TUA20230530001578,T000058,,"Em caso de incumprimento da presente licença, o titular fica sujeito às sanções previstas no Decreto-Lei n.º 226-A/2007, de 31 de maio.",,L043200.2023.RH4A.V2
TUA20230530001578,T000059,,"A matéria tributável da componente E é determinada com base no programa de autocontrolo a implementar, definido no presente título.",,L043200.2023.RH4A.V2
TUA20230530001578,T000060,,"As despesas com vistorias extraordinárias inerentes à emissão desta licença, ou as que resultarem de reclamações justificadas, serão suportadas pelo seu titular.",,L043200.2023.RH4A.V2
TUA20230530001578,T000061,,"O titular pode, caso se mantenham as condições que determinaram a sua atribuição, solicitar a renovação desta licença, no prazo de 6 meses antes do seu termo.",,L043200.2023.RH4A.V2
TUA20230530001578,T000062,,"A licença só poderá ser transmitida mediante autorização da entidade licenciadora de acordo com o disposto no artigo 26º do Decreto-Lei n.º 226-A/2007, de 31 de maio.",,L043200.2023.RH4A.V2
TUA20230530001578,T000063,,"Para efeitos de fiscalização ou inspeção, o titular fica obrigado a facultar, às Entidades Competentes, esta licença, bem como o acesso à área, construções e equipamentos a ela associados e aos registos detalhados do controlo da operação do sistema de tratamento.",,L043200.2023.RH4A.V2
TUA20230530001578,T000064,,"O titular fica obrigado a informar a Entidade Licenciadora, no prazo máximo de 24 horas, de qualquer acidente ou anomalia ocorrido nas instalações que afete o cumprimento das condições indicadas nesta licença bem como das medidas já implementadas e/ou previstas para correção da situação.",,L043200.2023.RH4A.V2
TUA20230530001578,T000071,,As vistorias que sejam realizadas pela Entidade Licenciadora na sequência dos episódios abrangidos no ponto que antecede são suportadas pelo utilizador.,,L043200.2023.RH4A.V2
TUA20230530001578,T000065,,"A licença só poderá ser transacionada e temporariamente cedida mediante autorização da Entidade Licenciadora de acordo com o disposto no artigo 27.º do Decreto-Lei n.º 226-A/2007, de 31 de maio.",,L043200.2023.RH4A.V2
TUA20230530001578,T000066,,"A licença caduca nas condições previstas no presente título e no artigo 33.º do Decreto-Lei n.º 226-A/2007, de 31 de maio.",,L043200.2023.RH4A.V2
TUA20230530001578,T000067,,"O titular fica sujeito, de acordo com o Decreto-Lei n.º 97/2008, de 11 de junho, na sua redação atual, ao pagamento da Taxa de Recursos Hídricos (TRH) calculada de acordo com a seguinte fórmula: TRH = E + O, em que E – descarga de efluentes e O – ocupação do domínio público hídrico do Estado, se aplicável.",,L043200.2023.RH4A.V2
TUA20230530001578,Código,,,Condição,Código Utilização
TUA20230530001578,T000068,,,"A presente licença pode ser revista ou revogada nos casos previstos nos artigos 28.º e 32.º do Decreto-Lei n.º 226-A/2007, de 31 de maio.",L043200.2023.RH4A.V2
TUA20230530001578,T000069,,,"O titular obriga-se a cumprir o disposto na presente licença, em todas as leis e regulamentos vigentes, na parte em que lhe for aplicável, bem como outras normas ou regulamentos que venham a ser posteriormente aprovados e a entrar em vigor, quer as suas disposições se harmonizem ou não com os direitos e obrigações que à presente licença sejam aplicáveis.",L043200.2023.RH4A.V2
TUA20230530001578,T000070,,,"Sem prejuízo das sanções aplicáveis, sempre que o registo atualizado dos valores do autocontrolo não seja entregue com a periodicidade definida na Licença, a componente E será calculada tendo por base as características do efluente bruto estabelecidas no projeto de execução da ETAR ou incluídas na presente licença.",L043200.2023.RH4A.V2
TUA20230530001578,T000072,,,"O pagamento da taxa de recursos hídricos devida é efetuado no ano seguinte àquele a que a taxa respeite até ao termo disposto na Nota de Liquidação respetiva e deve ser feito de acordo com o previsto no número 4 do artigo 16.º do Decreto-Lei n.º 97/2008, de 11 de junho, na sua redação atual.",L043200.2023.RH4A.V2
TUA20230530001578,T000073,,,"A falta de pagamento atempado fica sujeito a juros de mora à taxa legal em vigor, conforme dispõe o número 5 do artigo 16.º do Decreto-Lei n.º 97/2008, de 11 de junho, na sua redação atual.",L043200.2023.RH4A.V2
TUA20230530001578,T000074,,,"A rejeição de águas residuais será exclusivamente realizada no local e nas condições indicadas nesta licença, não estando autorizadas quaisquer outras descargas de efluentes, e não podendo o objeto da presente licença ser alterado sem prévia autorização da Entidade Licenciadora.",L043200.2023.RH4A.V2
TUA20230530001578,T000075,,,"O titular deverá respeitar todas as leis e regulamentos aplicáveis e munir-se de quaisquer outras autorizações, licenças e registos legalmente exigíveis.",L043200.2023.RH4A.V2
TUA20230530001578,T000076,,,"A Entidade Licenciadora reserva-se o direito de restringir excecionalmente o regime de utilização dos recursos hídricos agora atribuído, nomeadamente na decorrência de secas, cheias e acidentes, nos termos da presente licença e no regime legal aplicável.",L043200.2023.RH4A.V2
TUA20240105000038,T000028,,"Em caso de incumprimento da presente licença, o titular fica sujeito às sanções previstas no Decreto-Lei n.º 226-A/2007, de 31 de maio.",,L008065.2019.RH3.V1
TUA20240105000038,T000029,,"As despesas com vistorias extraordinárias inerentes à emissão desta licença, ou as que resultarem de reclamações justificadas, serão suportadas pelo seu titular.",,L008065.2019.RH3.V1
TUA20240105000038,T000030,,"A licença só poderá ser transmitida mediante autorização da entidade licenciadora de acordo com o disposto no artigo 26º do Decreto-Lei n.º 226-A/2007, de 31 de maio.",,L008065.2019.RH3.V1
TUA20240105000038,T000031,,"Para efeitos de fiscalização ou inspeção, o titular fica obrigado a facultar, às Entidades Competentes, esta licença, bem como o acesso à área, construções e equipamentos a ela associados e aos registos detalhados do controlo da operação do sistema de tratamento.",,L008065.2019.RH3.V1
TUA20240105000038,T000032,,"O titular fica obrigado a informar a Entidade Licenciadora, no prazo máximo de 24 horas, de qualquer acidente ou anomalia ocorrido nas instalações que afete o cumprimento das condições indicadas nesta licença bem como das medidas já implementadas e/ou previstas para correção da situação.",,L008065.2019.RH3.V1
TUA20240105000038,T000033,,"A licença só poderá ser transacionada e temporariamente cedida mediante autorização da Entidade Licenciadora de acordo com o disposto no artigo 27.º do Decreto-Lei n.º 226-A/2007, de 31 de maio.",,L008065.2019.RH3.V1
TUA20240105000038,T000034,,"A licença caduca nas condições previstas no presente título e no artigo 33.º do Decreto-Lei n.º 226-A/2007, de 31 de maio.",,L008065.2019.RH3.V1
TUA20240105000038,T000035,,"O titular fica sujeito, de acordo com o Decreto-Lei n.º 97/2008, de 11 de junho, na sua redação atual, ao pagamento da Taxa de Recursos Hídricos (TRH) calculada de acordo com a seguinte fórmula: TRH = E + O, em que E – descarga de efluentes e O – ocupação do domínio público hídrico do Estado, se aplicável.",,L008065.2019.RH3.V1
TUA20240105000038,T000036,,"A presente licença pode ser revista ou revogada nos casos previstos nos artigos 28.º e 32.º do Decreto-Lei n.º 226-A/2007, de 31 de maio.",,L008065.2019.RH3.V1
TUA20240105000038,T000037,,"O titular obriga-se a cumprir o disposto na presente licença, em todas as leis e regulamentos vigentes, na parte em que lhe for aplicável, bem como outras normas ou regulamentos que venham a ser posteriormente aprovados e a entrar em vigor, quer as suas disposições se harmonizem ou não com os direitos e obrigações que à presente licença sejam aplicáveis.",,L008065.2019.RH3.V1
TUA20240105000038,T000038,,"O pagamento da taxa de recursos hídricos devida é efetuado no ano seguinte àquele a que a taxa respeite até ao termo disposto na Nota de Liquidação respetiva e deve ser feito de acordo com o previsto no número 4 do artigo 16.º do Decreto-Lei n.º 97/2008, de 11 de junho, na sua redação atual.",,L008065.2019.RH3.V1
TUA20240105000038,T000039,,"A falta de pagamento atempado fica sujeito a juros de mora à taxa legal em vigor, conforme dispõe o número 5 do artigo 16.º do Decreto-Lei n.º 97/2008, de 11 de junho, na sua redação atual.",,L008065.2019.RH3.V1
TUA20240105000038,T000040,,"A rejeição de águas residuais será exclusivamente realizada no local e nas condições indicadas nesta licença, não estando autorizadas quaisquer outras descargas de efluentes, e não podendo o objeto da presente licença ser alterado sem prévia autorização da Entidade Licenciadora.",,L008065.2019.RH3.V1
TUA20240105000038,T000041,,"O titular deverá respeitar todas as leis e regulamentos aplicáveis e munir-se de quaisquer outras autorizações, licenças e registos legalmente exigíveis.",,L008065.2019.RH3.V1
TUA20240105000038,T000042,,"A Entidade Licenciadora reserva-se o direito de restringir excecionalmente o regime de utilização dos recursos hídricos agora atribuído,",,L008065.2019.RH3.V1
TUA20240105000038,Código,,,Condição,Código Utilização
TUA20240105000038,,,,"nomeadamente na decorrência de secas, cheias e acidentes, nos termos da presente licença e no regime legal aplicável.",
TUA20240110000102,T000025,,"Em caso de incumprimento da presente licença, o titular fica sujeito às sanções previstas no Decreto-Lei n.º 226-A/2007, de 31 de maio.",,L008067.2019.RH3.V1
TUA20240110000102,T000026,,"As despesas com vistorias extraordinárias inerentes à emissão desta licença, ou as que resultarem de reclamações justificadas, serão suportadas pelo seu titular.",,L008067.2019.RH3.V1
TUA20240110000102,T000027,,"O titular pode, caso se mantenham as condições que determinaram a sua atribuição, solicitar a renovação desta licença, no prazo de 6 meses antes do seu termo.",,L008067.2019.RH3.V1
TUA20240110000102,T000028,,"A licença só poderá ser transmitida mediante autorização da entidade licenciadora de acordo com o disposto no artigo 26º do Decreto-Lei n.º 226-A/2007, de 31 de maio.",,L008067.2019.RH3.V1
TUA20240110000102,T000029,,"Para efeitos de fiscalização ou inspeção, o titular fica obrigado a facultar, às Entidades Competentes, esta licença, bem como o acesso à área, construções e equipamentos a ela associados e aos registos detalhados do controlo da operação do sistema de tratamento.",,L008067.2019.RH3.V1
TUA20240110000102,T000030,,"O titular fica obrigado a informar a Entidade Licenciadora, no prazo máximo de 24 horas, de qualquer acidente ou anomalia ocorrido nas instalações que afete o cumprimento das condições indicadas nesta licença bem como das medidas já implementadas e/ou previstas para correção da situação.",,L008067.2019.RH3.V1
TUA20240110000102,T000031,,"A licença só poderá ser transacionada e temporariamente cedida mediante autorização da Entidade Licenciadora de acordo com o disposto no artigo 27.º do Decreto-Lei n.º 226-A/2007, de 31 de maio.",,L008067.2019.RH3.V1
TUA20240110000102,T000032,,"A licença caduca nas condições previstas no presente título e no artigo 33.º do Decreto-Lei n.º 226-A/2007, de 31 de maio.",,L008067.2019.RH3.V1
TUA20240110000102,T000033,,"O titular fica sujeito, de acordo com o Decreto-Lei n.º 97/2008, de 11 de junho, na sua redação atual, ao pagamento da Taxa de Recursos Hídricos (TRH) calculada de acordo com a seguinte fórmula: TRH = E + O, em que E – descarga de efluentes e O – ocupação do domínio público hídrico do Estado, se aplicável.",,L008067.2019.RH3.V1
TUA20240110000102,T000034,,"A presente licença pode ser revista ou revogada nos casos previstos nos artigos 28.º e 32.º do Decreto-Lei n.º 226-A/2007, de 31 de maio.",,L008067.2019.RH3.V1
TUA20240110000102,T000035,,"O titular obriga-se a cumprir o disposto na presente licença, em todas as leis e regulamentos vigentes, na parte em que lhe for aplicável, bem como outras normas ou regulamentos que venham a ser posteriormente aprovados e a entrar em vigor, quer as suas disposições se harmonizem ou não com os direitos e obrigações que à presente licença sejam aplicáveis.",,L008067.2019.RH3.V1
TUA20240110000102,T000036,,As vistorias que sejam realizadas pela Entidade Licenciadora na sequência dos episódios abrangidos no ponto que antecede são suportadas pelo utilizador.,,L008067.2019.RH3.V1
TUA20240110000102,T000037,,"O pagamento da taxa de recursos hídricos devida é efetuado no ano seguinte àquele a que a taxa respeite até ao termo disposto na Nota de Liquidação respetiva e deve ser feito de acordo com o previsto no número 4 do artigo 16.º do Decreto-Lei n.º 97/2008, de 11 de junho, na sua redação atual.",,L008067.2019.RH3.V1
TUA20240110000102,T000038,,"A falta de pagamento atempado fica sujeito a juros de mora à taxa legal em vigor, conforme dispõe o número 5 do artigo 16.º do Decreto-Lei n.º 97/2008, de 11 de junho, na sua redação atual.",,L008067.2019.RH3.V1
TUA20240110000102,T000039,,"A rejeição de águas residuais será exclusivamente realizada no local e nas condições indicadas nesta licença, não estando autorizadas quaisquer outras descargas de efluentes, e não podendo o objeto da presente licença ser alterado sem prévia autorização da Entidade Licenciadora.",,L008067.2019.RH3.V1
TUA20240110000102,T000040,,"O titular deverá respeitar todas as leis e regulamentos aplicáveis e munir-se de quaisquer outras autorizações, licenças e registos legalmente exigíveis.",,L008067.2019.RH3.V1
TUA20240110000102,T000041,,"A Entidade Licenciadora reserva-se o direito de restringir excecionalmente o regime de utilização dos recursos hídricos agora atribuído,",,L008067.2019.RH3.V1
TUA20240110000102,Código,,,Condição,Código Utilização
TUA20240110000102,,,,"nomeadamente na decorrência de secas, cheias e acidentes, nos termos da presente licença e no regime legal aplicável.",
TUA20240123000210,T000025,,"Em caso de incumprimento da presente licença, o titular fica sujeito às sanções previstas no Decreto-Lei n.º 226-A/2007, de 31 de maio.",,L008070.2019.RH3.V1
TUA20240123000210,T000026,,"As despesas com vistorias extraordinárias inerentes à emissão desta licença, ou as que resultarem de reclamações justificadas, serão suportadas pelo seu titular.",,L008070.2019.RH3.V1
TUA20240123000210,T000027,,"A licença só poderá ser transmitida mediante autorização da entidade licenciadora de acordo com o disposto no artigo 26º do Decreto-Lei n.º 226-A/2007, de 31 de maio.",,L008070.2019.RH3.V1
TUA20240123000210,,,"/2007, de 31 de maio.",,
TUA20240123000210,,,"Para efeitos de fiscalização ou inspeção, o titular fica obrigado a facultar, às Entidades Competentes, esta licença, bem como o acesso à área,",,
TUA20240123000210,Código,,,Condição,Código Utilização
TUA20240123000210,T000028,,,construções e equipamentos a ela associados e aos registos detalhados do controlo da operação do sistema de tratamento.,L008070.2019.RH3.V1
TUA20240123000210,T000029,,,"O titular fica obrigado a informar a Entidade Licenciadora, no prazo máximo de 24 horas, de qualquer acidente ou anomalia ocorrido nas instalações que afete o cumprimento das condições indicadas nesta licença bem como das medidas já implementadas e/ou previstas para correção da situação.",L008070.2019.RH3.V1
TUA20240123000210,T000030,,,"A licença só poderá ser transacionada e temporariamente cedida mediante autorização da Entidade Licenciadora de acordo com o disposto no artigo 27.º do Decreto-Lei n.º 226-A/2007, de 31 de maio.",L008070.2019.RH3.V1
TUA20240123000210,T000031,,,"A licença caduca nas condições previstas no presente título e no artigo 33.º do Decreto-Lei n.º 226-A/2007, de 31 de maio.",L008070.2019.RH3.V1
TUA20240123000210,T000032,,,"O titular fica sujeito, de acordo com o Decreto-Lei n.º 97/2008, de 11 de junho, na sua redação atual, ao pagamento da Taxa de Recursos Hídricos (TRH) calculada de acordo com a seguinte fórmula: TRH = E + O, em que E – descarga de efluentes e O – ocupação do domínio público hídrico do Estado, se aplicável.",L008070.2019.RH3.V1
TUA20240123000210,T000033,,,"A presente licença pode ser revista ou revogada nos casos previstos nos artigos 28.º e 32.º do Decreto-Lei n.º 226-A/2007, de 31 de maio.",L008070.2019.RH3.V1
TUA20240123000210,T000034,,,"O titular obriga-se a cumprir o disposto na presente licença, em todas as leis e regulamentos vigentes, na parte em que lhe for aplicável, bem como outras normas ou regulamentos que venham a ser posteriormente aprovados e a entrar em vigor, quer as suas disposições se harmonizem ou não com os direitos e obrigações que à presente licença sejam aplicáveis.",L008070.2019.RH3.V1
TUA20240123000210,T000035,,,"O pagamento da taxa de recursos hídricos devida é efetuado no ano seguinte àquele a que a taxa respeite até ao termo disposto na Nota de Liquidação respetiva e deve ser feito de acordo com o previsto no número 4 do artigo 16.º do Decreto-Lei n.º 97/2008, de 11 de junho, na sua redação atual.",L008070.2019.RH3.V1
TUA20240123000210,T000036,,,"A falta de pagamento atempado fica sujeito a juros de mora à taxa legal em vigor, conforme dispõe o número 5 do artigo 16.º do Decreto-Lei n.º 97/2008, de 11 de junho, na sua redação atual.",L008070.2019.RH3.V1
TUA20240123000210,T000037,,,"A rejeição de águas residuais será exclusivamente realizada no local e nas condições indicadas nesta licença, não estando autorizadas quaisquer outras descargas de efluentes, e não podendo o objeto da presente licença ser alterado sem prévia autorização da Entidade Licenciadora.",L008070.2019.RH3.V1
TUA20240123000210,T000038,,,"O titular deverá respeitar todas as leis e regulamentos aplicáveis e munir-se de quaisquer outras autorizações, licenças e registos legalmente exigíveis.",L008070.2019.RH3.V1
TUA20240123000210,T000039,,,"A Entidade Licenciadora reserva-se o direito de restringir excecionalmente o regime de utilização dos recursos hídricos agora atribuído, nomeadamente na decorrência de secas, cheias e acidentes, nos termos da presente licença e no regime legal aplicável.",L008070.2019.RH3.V1
TUA20240227000550,T000029,,"Em caso de incumprimento da presente licença, o titular fica sujeito às sanções previstas no Decreto-Lei n.º 226-A/2007, de 31 de maio.",,L012483.2019.RH3.V1
TUA20240227000550,T000030,,"As despesas com vistorias extraordinárias inerentes à emissão desta licença, ou as que resultarem de reclamações justificadas, serão suportadas pelo seu titular.",,L012483.2019.RH3.V1
TUA20240227000550,T000031,,"A licença só poderá ser transmitida mediante autorização da entidade licenciadora de acordo com o disposto no artigo 26º do Decreto-Lei n.º 226-A/2007, de 31 de maio.",,L012483.2019.RH3.V1
TUA20240227000550,T000032,,"Para efeitos de fiscalização ou inspeção, o titular fica obrigado a facultar, às Entidades Competentes, esta licença, bem como o acesso à área, construções e equipamentos a ela associados e aos registos detalhados do controlo da operação do sistema de tratamento.",,L012483.2019.RH3.V1
TUA20240227000550,T000033,,"O titular fica obrigado a informar a Entidade Licenciadora, no prazo máximo de 24 horas, de qualquer acidente ou anomalia ocorrido nas instalações que afete o cumprimento das condições indicadas nesta licença bem como das medidas já implementadas e/ou previstas para correção da situação.",,L012483.2019.RH3.V1
TUA20240227000550,T000034,,"A licença só poderá ser transacionada e temporariamente cedida mediante autorização da Entidade Licenciadora de acordo com o disposto no artigo 27.º do Decreto-Lei n.º 226-A/2007, de 31 de maio.",,L012483.2019.RH3.V1
TUA20240227000550,T000035,,"A licença caduca nas condições previstas no presente título e no artigo 33.º do Decreto-Lei n.º 226-A/2007, de 31 de maio.",,L012483.2019.RH3.V1
TUA20240227000550,T000036,,"O titular fica sujeito, de acordo com o Decreto-Lei n.º 97/2008, de 11 de junho, na sua redação atual, ao pagamento da Taxa de Recursos Hídricos (TRH) calculada de acordo com a seguinte fórmula: TRH = E + O, em que E – descarga de efluentes e O – ocupação do domínio público hídrico do Estado, se aplicável.",,L012483.2019.RH3.V1
TUA20240227000550,T000037,,"A presente licença pode ser revista ou revogada nos casos previstos nos artigos 28.º e 32.º do Decreto-Lei n.º 226-A/2007, de 31 de maio.",,L012483.2019.RH3.V1
TUA20240227000550,T000038,,"O titular obriga-se a cumprir o disposto na presente licença, em todas as leis e regulamentos vigentes, na parte em que lhe for aplicável, bem como outras normas ou regulamentos que venham a ser posteriormente aprovados e a entrar em vigor, quer as suas disposições se harmonizem ou não com os direitos e obrigações que à presente licença sejam aplicáveis.",,L012483.2019.RH3.V1
TUA20240227000550,T000039,,"O pagamento da taxa de recursos hídricos devida é efetuado no ano seguinte àquele a que a taxa respeite até ao termo disposto na Nota de Liquidação respetiva e deve ser feito de acordo com o previsto no número 4 do artigo 16.º do Decreto-Lei n.º 97/2008, de 11 de junho, na sua redação atual.",,L012483.2019.RH3.V1
TUA20240227000550,T000040,,"A falta de pagamento atempado fica sujeito a juros de mora à taxa legal em vigor, conforme dispõe o número 5 do artigo 16.º do Decreto-Lei n.º 97/2008, de 11 de junho, na sua redação atual.",,L012483.2019.RH3.V1
TUA20240227000550,T000041,,"A rejeição de águas residuais será exclusivamente realizada no local e nas condições indicadas nesta licença, não estando autorizadas quaisquer outras descargas de efluentes, e não podendo o objeto da presente licença ser alterado sem prévia autorização da Entidade Licenciadora.",,L012483.2019.RH3.V1
TUA20240227000550,T000042,,"O titular deverá respeitar todas as leis e regulamentos aplicáveis e munir-se de quaisquer outras autorizações, licenças e registos legalmente exigíveis.",,L012483.2019.RH3.V1
TUA20240227000550,T000043,,"A Entidade Licenciadora reserva-se o direito de restringir excecionalmente o regime de utilização dos recursos hídricos agora atribuído, nomeadamente na decorrência de secas, cheias e acidentes, nos termos da presente licença e no regime legal aplicável.",,L012483.2019.RH3.V1
TUA20240308000724,T000026,,"Em caso de incumprimento da presente licença, o titular fica sujeito às sanções previstas no Decreto-Lei n.º 226-A/2007, de 31 de maio.",,L012485.2019.RH3.V1
TUA20240308000724,T000027,,"As despesas com vistorias extraordinárias inerentes à emissão desta licença, ou as que resultarem de reclamações justificadas, serão suportadas pelo seu titular.",,L012485.2019.RH3.V1
TUA20240308000724,T000028,,"A licença só poderá ser transmitida mediante autorização da entidade licenciadora de acordo com o disposto no artigo 26º do Decreto-Lei n.º 226-A/2007, de 31 de maio.",,L012485.2019.RH3.V1
TUA20240308000724,T000029,,"Para efeitos de fiscalização ou inspeção, o titular fica obrigado a facultar, às Entidades Competentes, esta licença, bem como o acesso à área, construções e equipamentos a ela associados e aos registos detalhados do controlo da operação do sistema de tratamento.",,L012485.2019.RH3.V1
TUA20240308000724,T000030,,"O titular fica obrigado a informar a Entidade Licenciadora, no prazo máximo de 24 horas, de qualquer acidente ou anomalia ocorrido nas instalações que afete o cumprimento das condições indicadas nesta licença bem como das medidas já implementadas e/ou previstas para correção da situação.",,L012485.2019.RH3.V1
TUA20240308000724,T000031,,"A licença só poderá ser transacionada e temporariamente cedida mediante autorização da Entidade Licenciadora de acordo com o disposto no artigo 27.º do Decreto-Lei n.º 226-A/2007, de 31 de maio.",,L012485.2019.RH3.V1
TUA20240308000724,T000032,,"A licença caduca nas condições previstas no presente título e no artigo 33.º do Decreto-Lei n.º 226-A/2007, de 31 de maio.",,L012485.2019.RH3.V1
TUA20240308000724,T000033,,"O titular fica sujeito, de acordo com o Decreto-Lei n.º 97/2008, de 11 de junho, na sua redação atual, ao pagamento da Taxa de Recursos Hídricos (TRH) calculada de acordo com a seguinte fórmula: TRH = E + O, em que E – descarga de efluentes e O – ocupação do domínio público hídrico do Estado, se aplicável.",,L012485.2019.RH3.V1
TUA20240308000724,T000034,,"A presente licença pode ser revista ou revogada nos casos previstos nos artigos 28.º e 32.º do Decreto-Lei n.º 226-A/2007, de 31 de maio.",,L012485.2019.RH3.V1
TUA20240308000724,T000035,,"O titular obriga-se a cumprir o disposto na presente licença, em todas as leis e regulamentos vigentes, na parte em que lhe for aplicável, bem como outras normas ou regulamentos que venham a ser posteriormente aprovados e a entrar em vigor, quer as suas disposições se harmonizem ou não com os direitos e obrigações que à presente licença sejam aplicáveis.",,L012485.2019.RH3.V1
TUA20240308000724,T000036,,"O pagamento da taxa de recursos hídricos devida é efetuado no ano seguinte àquele a que a taxa respeite até ao termo disposto na Nota de Liquidação respetiva e deve ser feito de acordo com o previsto no número 4 do artigo 16.º do Decreto-Lei n.º 97/2008, de 11 de junho, na sua redação atual.",,L012485.2019.RH3.V1
TUA20240308000724,T000037,,"A falta de pagamento atempado fica sujeito a juros de mora à taxa legal em vigor, conforme dispõe o número 5 do artigo 16.º do Decreto-Lei n.º 97/2008, de 11 de junho, na sua redação atual.",,L012485.2019.RH3.V1
TUA20240308000724,T000038,,"A rejeição de águas residuais será exclusivamente realizada no local e nas condições indicadas nesta licença, não estando autorizadas quaisquer outras descargas de efluentes, e não podendo o objeto da presente licença ser alterado sem prévia autorização da Entidade Licenciadora.",,L012485.2019.RH3.V1
TUA20240308000724,T000039,,"O titular deverá respeitar todas as leis e regulamentos aplicáveis e munir-se de quaisquer outras autorizações, licenças e registos legalmente exigíveis.",,L012485.2019.RH3.V1
TUA20240308000724,T000040,,"A Entidade Licenciadora reserva-se o direito de restringir excecionalmente o regime de utilização dos recursos hídricos agora atribuído, nomeadamente na decorrência de secas, cheias e acidentes, nos termos da presente licença e no regime legal aplicável.",,L012485.2019.RH3.V1
TUA20240416001180,T000026,,"Em caso de incumprimento da presente licença, o titular fica sujeito às sanções previstas no Decreto-Lei n.º 226-A/2007, de 31 de maio.",,L012482.2019.RH3.V1
TUA20240416001180,T000027,,"As despesas com vistorias extraordinárias inerentes à emissão desta licença, ou as que resultarem de reclamações justificadas, serão suportadas pelo seu titular.",,L012482.2019.RH3.V1
TUA20240416001180,T000028,,"A licença só poderá ser transmitida mediante autorização da entidade licenciadora de acordo com o disposto no artigo 26º do Decreto-Lei n.º 226-A/2007, de 31 de maio.",,L012482.2019.RH3.V1
TUA20240416001180,T000029,,"Para efeitos de fiscalização ou inspeção, o titular fica obrigado a facultar, às Entidades Competentes, esta licença, bem como o acesso à área, construções e equipamentos a ela associados e aos registos detalhados do controlo da operação do sistema de tratamento.",,L012482.2019.RH3.V1
TUA20240416001180,T000030,,"O titular fica obrigado a informar a Entidade Licenciadora, no prazo máximo de 24 horas, de qualquer acidente ou anomalia ocorrido nas instalações que afete o cumprimento das condições indicadas nesta licença bem como das medidas já implementadas e/ou previstas para correção da situação.",,L012482.2019.RH3.V1
TUA20240416001180,T000031,,"A licença só poderá ser transacionada e temporariamente cedida mediante autorização da Entidade Licenciadora de acordo com o disposto no artigo 27.º do Decreto-Lei n.º 226-A/2007, de 31 de maio.",,L012482.2019.RH3.V1
TUA20240416001180,T000032,,"A licença caduca nas condições previstas no presente título e no artigo 33.º do Decreto-Lei n.º 226-A/2007, de 31 de maio.",,L012482.2019.RH3.V1
TUA20240416001180,T000033,,"O titular fica sujeito, de acordo com o Decreto-Lei n.º 97/2008, de 11 de junho, na sua redação atual, ao pagamento da Taxa de Recursos Hídricos (TRH) calculada de acordo com a seguinte fórmula: TRH = E + O, em que E – descarga de efluentes e O – ocupação do domínio público hídrico do Estado, se aplicável.",,L012482.2019.RH3.V1
TUA20240416001180,T000034,,"A presente licença pode ser revista ou revogada nos casos previstos nos artigos 28.º e 32.º do Decreto-Lei n.º 226-A/2007, de 31 de maio.",,L012482.2019.RH3.V1
TUA20240416001180,T000035,,"O titular obriga-se a cumprir o disposto na presente licença, em todas as leis e regulamentos vigentes, na parte em que lhe for aplicável, bem como outras normas ou regulamentos que venham a ser posteriormente aprovados e a entrar em vigor, quer as suas disposições se harmonizem ou não com os direitos e obrigações que à presente licença sejam aplicáveis.",,L012482.2019.RH3.V1
TUA20240416001180,T000036,,"O pagamento da taxa de recursos hídricos devida é efetuado no ano seguinte àquele a que a taxa respeite até ao termo disposto na Nota de Liquidação respetiva e deve ser feito de acordo com o previsto no número 4 do artigo 16.º do Decreto-Lei n.º 97/2008, de 11 de junho, na sua redação atual.",,L012482.2019.RH3.V1
TUA20240416001180,T000037,,"A falta de pagamento atempado fica sujeito a juros de mora à taxa legal em vigor, conforme dispõe o número 5 do artigo 16.º do Decreto-Lei n.º 97/2008, de 11 de junho, na sua redação atual.",,L012482.2019.RH3.V1
TUA20240416001180,T000038,,"A rejeição de águas residuais será exclusivamente realizada no local e nas condições indicadas nesta licença, não estando autorizadas quaisquer outras descargas de efluentes, e não podendo o objeto da presente licença ser alterado sem prévia autorização da Entidade Licenciadora.",,L012482.2019.RH3.V1
TUA20240416001180,T000039,,"O titular deverá respeitar todas as leis e regulamentos aplicáveis e munir-se de quaisquer outras autorizações, licenças e registos legalmente exigíveis.",,L012482.2019.RH3.V1
TUA20240416001180,T000040,,"A Entidade Licenciadora reserva-se o direito de restringir excecionalmente o regime de utilização dos recursos hídricos agora atribuído, nomeadamente na decorrência de secas, cheias e acidentes, nos termos da presente licença e no regime legal aplicável.",,L012482.2019.RH3.V1
TUA20240506001395,T000026,,"Em caso de incumprimento da presente licença, o titular fica sujeito às sanções previstas no Decreto-Lei n.º 226-A/2007, de 31 de maio.",,L017381.2019.RH3.V1
TUA20240506001395,T000027,,"As despesas com vistorias extraordinárias inerentes à emissão desta licença, ou as que resultarem de reclamações justificadas, serão suportadas pelo seu titular.",,L017381.2019.RH3.V1
TUA20240506001395,T000028,,"A licença só poderá ser transmitida mediante autorização da entidade licenciadora de acordo com o disposto no artigo 26º do Decreto-Lei n.º 226-A/2007, de 31 de maio.",,L017381.2019.RH3.V1
TUA20240506001395,T000029,,"Para efeitos de fiscalização ou inspeção, o titular fica obrigado a facultar, às Entidades Competentes, esta licença, bem como o acesso à área, construções e equipamentos a ela associados e aos registos detalhados do controlo da operação do sistema de tratamento.",,L017381.2019.RH3.V1
TUA20240506001395,T000030,,"O titular fica obrigado a informar a Entidade Licenciadora, no prazo máximo de 24 horas, de qualquer acidente ou anomalia ocorrido nas instalações que afete o cumprimento das condições indicadas nesta licença bem como das medidas já implementadas e/ou previstas para correção da situação.",,L017381.2019.RH3.V1
TUA20240506001395,T000031,,"A licença só poderá ser transacionada e temporariamente cedida mediante autorização da Entidade Licenciadora de acordo com o disposto no artigo 27.º do Decreto-Lei n.º 226-A/2007, de 31 de maio.",,L017381.2019.RH3.V1
TUA20240506001395,T000032,,"A licença caduca nas condições previstas no presente título e no artigo 33.º do Decreto-Lei n.º 226-A/2007, de 31 de maio.",,L017381.2019.RH3.V1
TUA20240506001395,T000033,,"O titular fica sujeito, de acordo com o Decreto-Lei n.º 97/2008, de 11 de junho, na sua redação atual, ao pagamento da Taxa de Recursos Hídricos (TRH) calculada de acordo com a seguinte fórmula: TRH = E + O, em que E – descarga de efluentes e O – ocupação do domínio público hídrico do Estado, se aplicável.",,L017381.2019.RH3.V1
TUA20240506001395,T000034,,"A presente licença pode ser revista ou revogada nos casos previstos nos artigos 28.º e 32.º do Decreto-Lei n.º 226-A/2007, de 31 de maio.",,L017381.2019.RH3.V1
TUA20240506001395,T000035,,"O titular obriga-se a cumprir o disposto na presente licença, em todas as leis e regulamentos vigentes, na parte em que lhe for aplicável, bem como outras normas ou regulamentos que venham a ser posteriormente aprovados e a entrar em vigor, quer as suas disposições se harmonizem ou não com os direitos e obrigações que à presente licença sejam aplicáveis.",,L017381.2019.RH3.V1
TUA20240506001395,T000036,,"O pagamento da taxa de recursos hídricos devida é efetuado no ano seguinte àquele a que a taxa respeite até ao termo disposto na Nota de Liquidação respetiva e deve ser feito de acordo com o previsto no número 4 do artigo 16.º do Decreto-Lei n.º 97/2008, de 11 de junho, na sua redação atual.",,L017381.2019.RH3.V1
TUA20240506001395,T000037,,"A falta de pagamento atempado fica sujeito a juros de mora à taxa legal em vigor, conforme dispõe o número 5 do artigo 16.º do Decreto-Lei n.º 97/2008, de 11 de junho, na sua redação atual.",,L017381.2019.RH3.V1
TUA20240506001395,T000038,,"A rejeição de águas residuais será exclusivamente realizada no local e nas condições indicadas nesta licença, não estando autorizadas quaisquer outras descargas de efluentes, e não podendo o objeto da presente licença ser alterado sem prévia autorização da Entidade Licenciadora.",,L017381.2019.RH3.V1
TUA20240506001395,T000039,,"O titular deverá respeitar todas as leis e regulamentos aplicáveis e munir-se de quaisquer outras autorizações, licenças e registos legalmente exigíveis.",,L017381.2019.RH3.V1
TUA20240506001395,T000040,,"A Entidade Licenciadora reserva-se o direito de restringir excecionalmente o regime de utilização dos recursos hídricos agora atribuído, nomeadamente na decorrência de secas, cheias e acidentes, nos termos da presente licença e no regime legal aplicável.",,L017381.2019.RH3.V1
TUA20240506001401,T000030,,"Em caso de incumprimento da presente licença, o titular fica sujeito às sanções previstas no Decreto-Lei n.º 226-A/2007, de 31 de maio.",,L008066.2019.RH3.V1
TUA20240506001401,T000031,,"As despesas com vistorias extraordinárias inerentes à emissão desta licença, ou as que resultarem de reclamações justificadas, serão suportadas pelo seu titular.",,L008066.2019.RH3.V1
TUA20240506001401,T000032,,"A licença só poderá ser transmitida mediante autorização da entidade licenciadora de acordo com o disposto no artigo 26º do Decreto-Lei n.º 226-A/2007, de 31 de maio.",,L008066.2019.RH3.V1
TUA20240506001401,T000033,,"Para efeitos de fiscalização ou inspeção, o titular fica obrigado a facultar, às Entidades Competentes, esta licença, bem como o acesso à área, construções e equipamentos a ela associados e aos registos detalhados do controlo da operação do sistema de tratamento.",,L008066.2019.RH3.V1
TUA20240506001401,T000034,,"O titular fica obrigado a informar a Entidade Licenciadora, no prazo máximo de 24 horas, de qualquer acidente ou anomalia ocorrido nas instalações que afete o cumprimento das condições indicadas nesta licença bem como das medidas já implementadas e/ou previstas para correção da situação.",,L008066.2019.RH3.V1
TUA20240506001401,T000035,,"A licença só poderá ser transacionada e temporariamente cedida mediante autorização da Entidade Licenciadora de acordo com o disposto no artigo 27.º do Decreto-Lei n.º 226-A/2007, de 31 de maio.",,L008066.2019.RH3.V1
TUA20240506001401,T000036,,"A licença caduca nas condições previstas no presente título e no artigo 33.º do Decreto-Lei n.º 226-A/2007, de 31 de maio.",,L008066.2019.RH3.V1
TUA20240506001401,T000037,,"O titular fica sujeito, de acordo com o Decreto-Lei n.º 97/2008, de 11 de junho, na sua redação atual, ao pagamento da Taxa de Recursos Hídricos (TRH) calculada de acordo com a seguinte fórmula: TRH = E + O, em que E – descarga de efluentes e O – ocupação do domínio público hídrico do Estado, se aplicável.",,L008066.2019.RH3.V1
TUA20240506001401,T000038,,"A presente licença pode ser revista ou revogada nos casos previstos nos artigos 28.º e 32.º do Decreto-Lei n.º 226-A/2007, de 31 de maio.",,L008066.2019.RH3.V1
TUA20240506001401,T000039,,"O titular obriga-se a cumprir o disposto na presente licença, em todas as leis e regulamentos vigentes, na parte em que lhe for aplicável, bem como outras normas ou regulamentos que venham a ser posteriormente aprovados e a entrar em vigor, quer as suas disposições se harmonizem ou não com os direitos e obrigações que à presente licença sejam aplicáveis.",,L008066.2019.RH3.V1
TUA20240506001401,T000040,,"O pagamento da taxa de recursos hídricos devida é efetuado no ano seguinte àquele a que a taxa respeite até ao termo disposto na Nota de Liquidação respetiva e deve ser feito de acordo com o previsto no número 4 do artigo 16.º do Decreto-Lei n.º 97/2008, de 11 de junho, na sua redação atual.",,L008066.2019.RH3.V1
TUA20240506001401,T000041,,"A falta de pagamento atempado fica sujeito a juros de mora à taxa legal em vigor, conforme dispõe o número 5 do artigo 16.º do Decreto-Lei n.º 97/2008, de 11 de junho, na sua redação atual.",,L008066.2019.RH3.V1
TUA20240506001401,T000042,,"A rejeição de águas residuais será exclusivamente realizada no local e nas condições indicadas nesta licença, não estando autorizadas quaisquer outras descargas de efluentes, e não podendo o objeto da presente licença ser alterado sem prévia autorização da Entidade Licenciadora.",,L008066.2019.RH3.V1
TUA20240506001401,T000043,,"O titular deverá respeitar todas as leis e regulamentos aplicáveis e munir-se de quaisquer outras autorizações, licenças e registos legalmente exigíveis.",,L008066.2019.RH3.V1
TUA20240506001401,T000044,,"A Entidade Licenciadora reserva-se o direito de restringir excecionalmente o regime de utilização dos recursos hídricos agora atribuído, nomeadamente na decorrência de secas, cheias e acidentes, nos termos da presente licença e no regime legal aplicável.",,L008066.2019.RH3.V1
TUA20240521001568,T000026,,"Em caso de incumprimento da presente licença, o titular fica sujeito às sanções previstas no Decreto-Lei n.º 226-A/2007, de 31 de maio.",,L015870.2019.RH4A.V1
TUA20240521001568,T000027,,A matéria tributável da componente E é determinada com base no programa de autocontrolo a implementar.,,L015870.2019.RH4A.V1
TUA20240521001568,T000028,,"As despesas com vistorias extraordinárias inerentes à emissão desta licença, ou as que resultarem de reclamações justificadas, serão suportadas pelo seu titular.",,L015870.2019.RH4A.V1
TUA20240521001568,T000039,,As vistorias que sejam realizadas pela Entidade Licenciadora na sequência dos episódios abrangidos no ponto que antecede são suportadas pelo utilizador.,,L015870.2019.RH4A.V1
TUA20240521001568,T000029,,"O titular pode, caso se mantenham as condições que determinaram a sua atribuição, solicitar a renovação desta licença, no prazo de 6 meses antes do seu termo.",,L015870.2019.RH4A.V1
TUA20240521001568,T000030,,"A licença só poderá ser transmitida mediante autorização da entidade licenciadora de acordo com o disposto no artigo 26º do Decreto-Lei n.º 226-A/2007, de 31 de maio.",,L015870.2019.RH4A.V1
TUA20240521001568,T000031,,"Para efeitos de fiscalização ou inspeção, o titular fica obrigado a facultar, às Entidades Competentes, esta licença, bem como o acesso à área, construções e equipamentos a ela associados e aos registos detalhados do controlo da operação do sistema de tratamento.",,L015870.2019.RH4A.V1
TUA20240521001568,T000032,,"O titular fica obrigado a informar a Entidade Licenciadora, no prazo máximo de 24 horas, de qualquer acidente ou anomalia ocorrido nas instalações que afete o cumprimento das condições indicadas nesta licença bem como das medidas já implementadas e/ou previstas para correção da situação.",,L015870.2019.RH4A.V1
TUA20240521001568,T000033,,"A licença só poderá ser transacionada e temporariamente cedida mediante autorização da Entidade Licenciadora de acordo com o disposto no artigo 27.º do Decreto-Lei n.º 226-A/2007, de 31 de maio.",,L015870.2019.RH4A.V1
TUA20240521001568,T000034,,"A licença caduca nas condições previstas no presente título e no artigo 33.º do Decreto-Lei n.º 226-A/2007, de 31 de maio.",,L015870.2019.RH4A.V1
TUA20240521001568,,,"O titular fica sujeito, de acordo com o Decreto-Lei n.º 97/2008, de 11 de junho, na sua redação atual, ao pagamento da Taxa de Recursos Hídricos (TRH) calculada de acordo com a seguinte fórmula: TRH = E + O, em que E – descarga de efluentes e O – ocupação do domínio público hídrico do",,
TUA20240521001568,Código,,,Condição,Código Utilização
TUA20240521001568,T000035,,,"Estado, se aplicável.",L015870.2019.RH4A.V1
TUA20240521001568,T000036,,,"A presente licença pode ser revista ou revogada nos casos previstos nos artigos 28.º e 32.º do Decreto-Lei n.º 226-A/2007, de 31 de maio.",L015870.2019.RH4A.V1
TUA20240521001568,T000037,,,"O titular obriga-se a cumprir o disposto na presente licença, em todas as leis e regulamentos vigentes, na parte em que lhe for aplicável, bem como outras normas ou regulamentos que venham a ser posteriormente aprovados e a entrar em vigor, quer as suas disposições se harmonizem ou não com os direitos e obrigações que à presente licença sejam aplicáveis.",L015870.2019.RH4A.V1
TUA20240521001568,T000038,,,"Sem prejuízo das sanções aplicáveis, sempre que o registo atualizado dos valores do autocontrolo não seja entregue com a periodicidade definida na Licença, a componente E será calculada tendo por base as características do efluente bruto estabelecidas no projeto de execução da ETAR ou incluídas na presente licença.",L015870.2019.RH4A.V1
TUA20240521001568,T000040,,,"O pagamento da taxa de recursos hídricos devida é efetuado no ano seguinte àquele a que a taxa respeite até ao termo disposto na Nota de Liquidação respetiva e deve ser feito de acordo com o previsto no número 4 do artigo 16.º do Decreto-Lei n.º 97/2008, de 11 de junho, na sua redação atual.",L015870.2019.RH4A.V1
TUA20240521001568,T000041,,,"A falta de pagamento atempado fica sujeito a juros de mora à taxa legal em vigor, conforme dispõe o número 5 do artigo 16.º do Decreto-Lei n.º 97/2008, de 11 de junho, na sua redação atual.",L015870.2019.RH4A.V1
TUA20240521001568,T000042,,,"A rejeição de águas residuais será exclusivamente realizada no local e nas condições indicadas nesta licença, não estando autorizadas quaisquer outras descargas de efluentes, e não podendo o objeto da presente licença ser alterado sem prévia autorização da Entidade Licenciadora.",L015870.2019.RH4A.V1
TUA20240521001568,T000043,,,"O titular deverá respeitar todas as leis e regulamentos aplicáveis e munir-se de quaisquer outras autorizações, licenças e registos legalmente exigíveis.",L015870.2019.RH4A.V1
TUA20240521001568,T000044,,,"A Entidade Licenciadora reserva-se o direito de restringir excecionalmente o regime de utilização dos recursos hídricos agora atribuído, nomeadamente na decorrência de secas, cheias e acidentes, nos termos da presente licença e no regime legal aplicável.",L015870.2019.RH4A.V1
TUA20240521001569,T000026,,"Em caso de incumprimento da presente licença, o titular fica sujeito às sanções previstas no Decreto-Lei n.º 226-A/2007, de 31 de maio.",,L015931.2019.RH4A.V1
TUA20240521001569,T000027,,A matéria tributável da componente E é determinada com base no programa de autocontrolo a implementar.,,L015931.2019.RH4A.V1
TUA20240521001569,T000028,,"As despesas com vistorias extraordinárias inerentes à emissão desta licença, ou as que resultarem de reclamações justificadas, serão suportadas pelo seu titular.",,L015931.2019.RH4A.V1
TUA20240521001569,T000039,,As vistorias que sejam realizadas pela Entidade Licenciadora na sequência dos episódios abrangidos no ponto que antecede são suportadas pelo utilizador.,,L015931.2019.RH4A.V1
TUA20240521001569,T000029,,"O titular pode, caso se mantenham as condições que determinaram a sua atribuição, solicitar a renovação desta licença, no prazo de 6 meses antes do seu termo.",,L015931.2019.RH4A.V1
TUA20240521001569,T000030,,"A licença só poderá ser transmitida mediante autorização da entidade licenciadora de acordo com o disposto no artigo 26º do Decreto-Lei n.º 226-A/2007, de 31 de maio.",,L015931.2019.RH4A.V1
TUA20240521001569,T000031,,"Para efeitos de fiscalização ou inspeção, o titular fica obrigado a facultar, às Entidades Competentes, esta licença, bem como o acesso à área, construções e equipamentos a ela associados e aos registos detalhados do controlo da operação do sistema de tratamento.",,L015931.2019.RH4A.V1
TUA20240521001569,T000032,,"O titular fica obrigado a informar a Entidade Licenciadora, no prazo máximo de 24 horas, de qualquer acidente ou anomalia ocorrido nas instalações que afete o cumprimento das condições indicadas nesta licença bem como das medidas já implementadas e/ou previstas para correção da situação.",,L015931.2019.RH4A.V1
TUA20240521001569,T000033,,"A licença só poderá ser transacionada e temporariamente cedida mediante autorização da Entidade Licenciadora de acordo com o disposto no artigo 27.º do Decreto-Lei n.º 226-A/2007, de 31 de maio.",,L015931.2019.RH4A.V1
TUA20240521001569,T000034,,"A licença caduca nas condições previstas no presente título e no artigo 33.º do Decreto-Lei n.º 226-A/2007, de 31 de maio.",,L015931.2019.RH4A.V1
TUA20240521001569,,,"O titular fica sujeito, de acordo com o Decreto-Lei n.º 97/2008, de 11 de junho, na sua redação atual, ao pagamento da Taxa de Recursos Hídricos (TRH) calculada de acordo com a seguinte fórmula: TRH = E + O, em que E – descarga de efluentes e O – ocupação do domínio público hídrico do",,
TUA20240521001569,Código,,,Condição,Código Utilização
TUA20240521001569,T000035,,,"Estado, se aplicável.",L015931.2019.RH4A.V1
TUA20240521001569,T000036,,,"A presente licença pode ser revista ou revogada nos casos previstos nos artigos 28.º e 32.º do Decreto-Lei n.º 226-A/2007, de 31 de maio.",L015931.2019.RH4A.V1
TUA20240521001569,T000037,,,"O titular obriga-se a cumprir o disposto na presente licença, em todas as leis e regulamentos vigentes, na parte em que lhe for aplicável, bem como outras normas ou regulamentos que venham a ser posteriormente aprovados e a entrar em vigor, quer as suas disposições se harmonizem ou não com os direitos e obrigações que à presente licença sejam aplicáveis.",L015931.2019.RH4A.V1
TUA20240521001569,T000038,,,"Sem prejuízo das sanções aplicáveis, sempre que o registo atualizado dos valores do autocontrolo não seja entregue com a periodicidade definida na Licença, a componente E será calculada tendo por base as características do efluente bruto estabelecidas no projeto de execução da ETAR ou incluídas na presente licença.",L015931.2019.RH4A.V1
TUA20240521001569,T000040,,,"O pagamento da taxa de recursos hídricos devida é efetuado no ano seguinte àquele a que a taxa respeite até ao termo disposto na Nota de Liquidação respetiva e deve ser feito de acordo com o previsto no número 4 do artigo 16.º do Decreto-Lei n.º 97/2008, de 11 de junho, na sua redação atual.",L015931.2019.RH4A.V1
TUA20240521001569,T000041,,,"A falta de pagamento atempado fica sujeito a juros de mora à taxa legal em vigor, conforme dispõe o número 5 do artigo 16.º do Decreto-Lei n.º 97/2008, de 11 de junho, na sua redação atual.",L015931.2019.RH4A.V1
TUA20240521001569,T000042,,,"A rejeição de águas residuais será exclusivamente realizada no local e nas condições indicadas nesta licença, não estando autorizadas quaisquer outras descargas de efluentes, e não podendo o objeto da presente licença ser alterado sem prévia autorização da Entidade Licenciadora.",L015931.2019.RH4A.V1
TUA20240521001569,T000043,,,"O titular deverá respeitar todas as leis e regulamentos aplicáveis e munir-se de quaisquer outras autorizações, licenças e registos legalmente exigíveis.",L015931.2019.RH4A.V1
TUA20240521001569,T000044,,,"A Entidade Licenciadora reserva-se o direito de restringir excecionalmente o regime de utilização dos recursos hídricos agora atribuído, nomeadamente na decorrência de secas, cheias e acidentes, nos termos da presente licença e no regime legal aplicável.",L015931.2019.RH4A.V1
TUA20240521001573,T000026,,"Em caso de incumprimento da presente licença, o titular fica sujeito às sanções previstas no Decreto-Lei n.º 226-A/2007, de 31 de maio.",,L054772.2024.RH4A.V1
TUA20240521001573,T000027,,A matéria tributável da componente E é determinada com base no programa de autocontrolo a implementar.,,L054772.2024.RH4A.V1
TUA20240521001573,T000028,,"As despesas com vistorias extraordinárias inerentes à emissão desta licença, ou as que resultarem de reclamações justificadas, serão suportadas pelo seu titular.",,L054772.2024.RH4A.V1
TUA20240521001573,T000039,,As vistorias que sejam realizadas pela Entidade Licenciadora na sequência dos episódios abrangidos no ponto que antecede são suportadas pelo utilizador.,,L054772.2024.RH4A.V1
TUA20240521001573,T000029,,"O titular pode, caso se mantenham as condições que determinaram a sua atribuição, solicitar a renovação desta licença, no prazo de 6 meses antes do seu termo.",,L054772.2024.RH4A.V1
TUA20240521001573,T000030,,"A licença só poderá ser transmitida mediante autorização da entidade licenciadora de acordo com o disposto no artigo 26º do Decreto-Lei n.º 226-A/2007, de 31 de maio.",,L054772.2024.RH4A.V1
TUA20240521001573,T000031,,"Para efeitos de fiscalização ou inspeção, o titular fica obrigado a facultar, às Entidades Competentes, esta licença, bem como o acesso à área, construções e equipamentos a ela associados e aos registos detalhados do controlo da operação do sistema de tratamento.",,L054772.2024.RH4A.V1
TUA20240521001573,T000032,,"O titular fica obrigado a informar a Entidade Licenciadora, no prazo máximo de 24 horas, de qualquer acidente ou anomalia ocorrido nas instalações que afete o cumprimento das condições indicadas nesta licença bem como das medidas já implementadas e/ou previstas para correção da situação.",,L054772.2024.RH4A.V1
TUA20240521001573,T000033,,"A licença só poderá ser transacionada e temporariamente cedida mediante autorização da Entidade Licenciadora de acordo com o disposto no artigo 27.º do Decreto-Lei n.º 226-A/2007, de 31 de maio.",,L054772.2024.RH4A.V1
TUA20240521001573,T000034,,"A licença caduca nas condições previstas no presente título e no artigo 33.º do Decreto-Lei n.º 226-A/2007, de 31 de maio.",,L054772.2024.RH4A.V1
TUA20240521001573,T000035,,"O titular fica sujeito, de acordo com o Decreto-Lei n.º 97/2008, de 11 de junho, na sua redação atual, ao pagamento da Taxa de Recursos Hídricos (TRH) calculada de acordo com a seguinte fórmula: TRH = E + O, em que E – descarga de efluentes e O – ocupação do domínio público hídrico do Estado, se aplicável.",,L054772.2024.RH4A.V1
TUA20240521001573,T000036,,"A presente licença pode ser revista ou revogada nos casos previstos nos artigos 28.º e 32.º do Decreto-Lei n.º 226-A/2007, de 31 de maio.",,L054772.2024.RH4A.V1
TUA20240521001573,T000037,,"O titular obriga-se a cumprir o disposto na presente licença, em todas as leis e regulamentos vigentes, na parte em que lhe for aplicável, bem como outras normas ou regulamentos que venham a ser posteriormente aprovados e a entrar em vigor, quer as suas disposições se harmonizem ou não com os direitos e obrigações que à presente licença sejam aplicáveis.",,L054772.2024.RH4A.V1
TUA20240521001573,T000038,,"Sem prejuízo das sanções aplicáveis, sempre que o registo atualizado dos valores do autocontrolo não seja entregue com a periodicidade definida na Licença, a componente E será calculada tendo por base as características do efluente bruto estabelecidas no projeto de execução da ETAR ou incluídas na presente licença.",,L054772.2024.RH4A.V1
TUA20240521001573,,,O pagamento da taxa de recursos hídricos devida é efetuado no ano seguinte àquele a que a taxa respeite até ao termo disposto na Nota de,,
TUA20240521001573,Código,,,Condição,Código Utilização
TUA20240521001573,T000040,,,"Liquidação respetiva e deve ser feito de acordo com o previsto no número 4 do artigo 16.º do Decreto-Lei n.º 97/2008, de 11 de junho, na sua redação atual.",L054772.2024.RH4A.V1
TUA20240521001573,T000041,,,"A falta de pagamento atempado fica sujeito a juros de mora à taxa legal em vigor, conforme dispõe o número 5 do artigo 16.º do Decreto-Lei n.º 97/2008, de 11 de junho, na sua redação atual.",L054772.2024.RH4A.V1
TUA20240521001573,T000042,,,"A rejeição de águas residuais será exclusivamente realizada no local e nas condições indicadas nesta licença, não estando autorizadas quaisquer outras descargas de efluentes, e não podendo o objeto da presente licença ser alterado sem prévia autorização da Entidade Licenciadora.",L054772.2024.RH4A.V1
TUA20240521001573,T000043,,,"O titular deverá respeitar todas as leis e regulamentos aplicáveis e munir-se de quaisquer outras autorizações, licenças e registos legalmente exigíveis.",L054772.2024.RH4A.V1
TUA20240521001573,T000044,,,"A Entidade Licenciadora reserva-se o direito de restringir excecionalmente o regime de utilização dos recursos hídricos agora atribuído, nomeadamente na decorrência de secas, cheias e acidentes, nos termos da presente licença e no regime legal aplicável.",L054772.2024.RH4A.V1
TUA20240521001575,T000027,,"Em caso de incumprimento da presente licença, o titular fica sujeito às sanções previstas no Decreto-Lei n.º 226-A/2007, de 31 de maio.",,L054786.2024.RH4A.V1
TUA20240521001575,T000028,,A matéria tributável da componente E é determinada com base no programa de autocontrolo a implementar.,,L054786.2024.RH4A.V1
TUA20240521001575,T000029,,"As despesas com vistorias extraordinárias inerentes à emissão desta licença, ou as que resultarem de reclamações justificadas, serão suportadas pelo seu titular.",,L054786.2024.RH4A.V1
TUA20240521001575,T000040,,As vistorias que sejam realizadas pela Entidade Licenciadora na sequência dos episódios abrangidos no ponto que antecede são suportadas pelo utilizador.,,L054786.2024.RH4A.V1
TUA20240521001575,T000030,,"O titular pode, caso se mantenham as condições que determinaram a sua atribuição, solicitar a renovação desta licença, no prazo de 6 meses antes do seu termo.",,L054786.2024.RH4A.V1
TUA20240521001575,T000031,,"A licença só poderá ser transmitida mediante autorização da entidade licenciadora de acordo com o disposto no artigo 26º do Decreto-Lei n.º 226-A/2007, de 31 de maio.",,L054786.2024.RH4A.V1
TUA20240521001575,T000032,,"Para efeitos de fiscalização ou inspeção, o titular fica obrigado a facultar, às Entidades Competentes, esta licença, bem como o acesso à área, construções e equipamentos a ela associados e aos registos detalhados do controlo da operação do sistema de tratamento.",,L054786.2024.RH4A.V1
TUA20240521001575,T000033,,"O titular fica obrigado a informar a Entidade Licenciadora, no prazo máximo de 24 horas, de qualquer acidente ou anomalia ocorrido nas instalações que afete o cumprimento das condições indicadas nesta licença bem como das medidas já implementadas e/ou previstas para correção da situação.",,L054786.2024.RH4A.V1
TUA20240521001575,T000034,,"A licença só poderá ser transacionada e temporariamente cedida mediante autorização da Entidade Licenciadora de acordo com o disposto no artigo 27.º do Decreto-Lei n.º 226-A/2007, de 31 de maio.",,L054786.2024.RH4A.V1
TUA20240521001575,T000035,,"A licença caduca nas condições previstas no presente título e no artigo 33.º do Decreto-Lei n.º 226-A/2007, de 31 de maio.",,L054786.2024.RH4A.V1
TUA20240521001575,T000036,,"O titular fica sujeito, de acordo com o Decreto-Lei n.º 97/2008, de 11 de junho, na sua redação atual, ao pagamento da Taxa de Recursos Hídricos (TRH) calculada de acordo com a seguinte fórmula: TRH = E + O, em que E – descarga de efluentes e O – ocupação do domínio público hídrico do Estado, se aplicável.",,L054786.2024.RH4A.V1
TUA20240521001575,T000037,,"A presente licença pode ser revista ou revogada nos casos previstos nos artigos 28.º e 32.º do Decreto-Lei n.º 226-A/2007, de 31 de maio.",,L054786.2024.RH4A.V1
TUA20240521001575,CódigoCódigo UtilizaçãoCondição,,,,
TUA20240521001575,T000038,,,"O titular obriga-se a cumprir o disposto na presente licença, em todas as leis e regulamentos vigentes, na parte em que lhe for aplicável, bem como outras normas ou regulamentos que venham a ser posteriormente aprovados e a entrar em vigor, quer as suas disposições se harmonizem ou não com os direitos e obrigações que à presente licença sejam aplicáveis.",L054786.2024.RH4A.V1
TUA20240521001575,T000039,,,"Sem prejuízo das sanções aplicáveis, sempre que o registo atualizado dos valores do autocontrolo não seja entregue com a periodicidade definida na Licença, a componente E será calculada tendo por base as características do efluente bruto estabelecidas no projeto de execução da ETAR ou incluídas na presente licença.",L054786.2024.RH4A.V1
TUA20240521001575,T000041,,,"O pagamento da taxa de recursos hídricos devida é efetuado no ano seguinte àquele a que a taxa respeite até ao termo disposto na Nota de Liquidação respetiva e deve ser feito de acordo com o previsto no número 4 do artigo 16.º do Decreto-Lei n.º 97/2008, de 11 de junho, na sua redação atual.",L054786.2024.RH4A.V1
TUA20240521001575,T000042,,,"A falta de pagamento atempado fica sujeito a juros de mora à taxa legal em vigor, conforme dispõe o número 5 do artigo 16.º do Decreto-Lei n.º 97/2008, de 11 de junho, na sua redação atual.",L054786.2024.RH4A.V1
TUA20240521001575,T000043,,,"A rejeição de águas residuais será exclusivamente realizada no local e nas condições indicadas nesta licença, não estando autorizadas quaisquer outras descargas de efluentes, e não podendo o objeto da presente licença ser alterado sem prévia autorização da Entidade Licenciadora.",L054786.2024.RH4A.V1
TUA20240521001575,T000044,,,"O titular deverá respeitar todas as leis e regulamentos aplicáveis e munir-se de quaisquer outras autorizações, licenças e registos legalmente exigíveis.",L054786.2024.RH4A.V1
TUA20240521001575,T000045,,,"A Entidade Licenciadora reserva-se o direito de restringir excecionalmente o regime de utilização dos recursos hídricos agora atribuído, nomeadamente na decorrência de secas, cheias e acidentes, nos termos da presente licença e no regime legal aplicável.",L054786.2024.RH4A.V1
TUA20240521001577,T000027,,"Em caso de incumprimento da presente licença, o titular fica sujeito às sanções previstas no Decreto-Lei n.º 226-A/2007, de 31 de maio.",,L054809.2024.RH4A.V1
TUA20240521001577,T000028,,A matéria tributável da componente E é determinada com base no programa de autocontrolo a implementar.,,L054809.2024.RH4A.V1
TUA20240521001577,T000029,,"As despesas com vistorias extraordinárias inerentes à emissão desta licença, ou as que resultarem de reclamações justificadas, serão suportadas pelo seu titular.",,L054809.2024.RH4A.V1
TUA20240521001577,T000040,,As vistorias que sejam realizadas pela Entidade Licenciadora na sequência dos episódios abrangidos no ponto que antecede são suportadas pelo utilizador.,,L054809.2024.RH4A.V1
TUA20240521001577,T000030,,"O titular pode, caso se mantenham as condições que determinaram a sua atribuição, solicitar a renovação desta licença, no prazo de 6 meses antes do seu termo.",,L054809.2024.RH4A.V1
TUA20240521001577,T000031,,"A licença só poderá ser transmitida mediante autorização da entidade licenciadora de acordo com o disposto no artigo 26º do Decreto-Lei n.º 226-A/2007, de 31 de maio.",,L054809.2024.RH4A.V1
TUA20240521001577,T000032,,"Para efeitos de fiscalização ou inspeção, o titular fica obrigado a facultar, às Entidades Competentes, esta licença, bem como o acesso à área, construções e equipamentos a ela associados e aos registos detalhados do controlo da operação do sistema de tratamento.",,L054809.2024.RH4A.V1
TUA20240521001577,T000033,,"O titular fica obrigado a informar a Entidade Licenciadora, no prazo máximo de 24 horas, de qualquer acidente ou anomalia ocorrido nas instalações que afete o cumprimento das condições indicadas nesta licença bem como das medidas já implementadas e/ou previstas para correção da situação.",,L054809.2024.RH4A.V1
TUA20240521001577,T000034,,"A licença só poderá ser transacionada e temporariamente cedida mediante autorização da Entidade Licenciadora de acordo com o disposto no artigo 27.º do Decreto-Lei n.º 226-A/2007, de 31 de maio.",,L054809.2024.RH4A.V1
TUA20240521001577,T000035,,"A licença caduca nas condições previstas no presente título e no artigo 33.º do Decreto-Lei n.º 226-A/2007, de 31 de maio.",,L054809.2024.RH4A.V1
TUA20240521001577,T000036,,"O titular fica sujeito, de acordo com o Decreto-Lei n.º 97/2008, de 11 de junho, na sua redação atual, ao pagamento da Taxa de Recursos Hídricos (TRH) calculada de acordo com a seguinte fórmula: TRH = E + O, em que E – descarga de efluentes e O – ocupação do domínio público hídrico do Estado, se aplicável.",,L054809.2024.RH4A.V1
TUA20240521001577,T000037,,"A presente licença pode ser revista ou revogada nos casos previstos nos artigos 28.º e 32.º do Decreto-Lei n.º 226-A/2007, de 31 de maio.",,L054809.2024.RH4A.V1
TUA20240521001577,Código,,,Condição,Código Utilização
TUA20240521001577,T000038,,,"O titular obriga-se a cumprir o disposto na presente licença, em todas as leis e regulamentos vigentes, na parte em que lhe for aplicável, bem como outras normas ou regulamentos que venham a ser posteriormente aprovados e a entrar em vigor, quer as suas disposições se harmonizem ou não com os direitos e obrigações que à presente licença sejam aplicáveis.",L054809.2024.RH4A.V1
TUA20240521001577,T000039,,,"Sem prejuízo das sanções aplicáveis, sempre que o registo atualizado dos valores do autocontrolo não seja entregue com a periodicidade definida na Licença, a componente E será calculada tendo por base as características do efluente bruto estabelecidas no projeto de execução da ETAR ou incluídas na presente licença.",L054809.2024.RH4A.V1
TUA20240521001577,T000041,,,"O pagamento da taxa de recursos hídricos devida é efetuado no ano seguinte àquele a que a taxa respeite até ao termo disposto na Nota de Liquidação respetiva e deve ser feito de acordo com o previsto no número 4 do artigo 16.º do Decreto-Lei n.º 97/2008, de 11 de junho, na sua redação atual.",L054809.2024.RH4A.V1
TUA20240521001577,T000042,,,"A falta de pagamento atempado fica sujeito a juros de mora à taxa legal em vigor, conforme dispõe o número 5 do artigo 16.º do Decreto-Lei n.º 97/2008, de 11 de junho, na sua redação atual.",L054809.2024.RH4A.V1
TUA20240521001577,T000043,,,"A rejeição de águas residuais será exclusivamente realizada no local e nas condições indicadas nesta licença, não estando autorizadas quaisquer outras descargas de efluentes, e não podendo o objeto da presente licença ser alterado sem prévia autorização da Entidade Licenciadora.",L054809.2024.RH4A.V1
TUA20240521001577,T000044,,,"O titular deverá respeitar todas as leis e regulamentos aplicáveis e munir-se de quaisquer outras autorizações, licenças e registos legalmente exigíveis.",L054809.2024.RH4A.V1
TUA20240521001577,T000045,,,"A Entidade Licenciadora reserva-se o direito de restringir excecionalmente o regime de utilização dos recursos hídricos agora atribuído, nomeadamente na decorrência de secas, cheias e acidentes, nos termos da presente licença e no regime legal aplicável.",L054809.2024.RH4A.V1
TUA20240522001588,T000029,,"Em caso de incumprimento da presente licença, o titular fica sujeito às sanções previstas no Decreto-Lei n.º 226-A/2007, de 31 de maio.",,L015978.2022.RH4A.V1
TUA20240522001588,T000030,,A matéria tributável da componente E é determinada com base no programa de autocontrolo a implementar.,,L015978.2022.RH4A.V1
TUA20240522001588,T000031,,"As despesas com vistorias extraordinárias inerentes à emissão desta licença, ou as que resultarem de reclamações justificadas, serão suportadas pelo seu titular.",,L015978.2022.RH4A.V1
TUA20240522001588,T000042,,As vistorias que sejam realizadas pela Entidade Licenciadora na sequência dos episódios abrangidos no ponto que antecede são suportadas pelo utilizador.,,L015978.2022.RH4A.V1
TUA20240522001588,T000032,,"O titular pode, caso se mantenham as condições que determinaram a sua atribuição, solicitar a renovação desta licença, no prazo de 6 meses antes do seu termo.",,L015978.2022.RH4A.V1
TUA20240522001588,T000033,,"A licença só poderá ser transmitida mediante autorização da entidade licenciadora de acordo com o disposto no artigo 26º do Decreto-Lei n.º 226-A/2007, de 31 de maio.",,L015978.2022.RH4A.V1
TUA20240522001588,T000034,,"Para efeitos de fiscalização ou inspeção, o titular fica obrigado a facultar, às Entidades Competentes, esta licença, bem como o acesso à área, construções e equipamentos a ela associados e aos registos detalhados do controlo da operação do sistema de tratamento.",,L015978.2022.RH4A.V1
TUA20240522001588,,,"O titular fica obrigado a informar a Entidade Licenciadora, no prazo máximo de 24 horas, de qualquer acidente ou anomalia ocorrido nas instalações",,
TUA20240522001588,Código,,,Condição,Código Utilização
TUA20240522001588,T000035,,,que afete o cumprimento das condições indicadas nesta licença bem como das medidas já implementadas e/ou previstas para correção da situação.,L015978.2022.RH4A.V1
TUA20240522001588,T000036,,,"A licença só poderá ser transacionada e temporariamente cedida mediante autorização da Entidade Licenciadora de acordo com o disposto no artigo 27.º do Decreto-Lei n.º 226-A/2007, de 31 de maio.",L015978.2022.RH4A.V1
TUA20240522001588,T000037,,,"A licença caduca nas condições previstas no presente título e no artigo 33.º do Decreto-Lei n.º 226-A/2007, de 31 de maio.",L015978.2022.RH4A.V1
TUA20240522001588,T000038,,,"O titular fica sujeito, de acordo com o Decreto-Lei n.º 97/2008, de 11 de junho, na sua redação atual, ao pagamento da Taxa de Recursos Hídricos (TRH) calculada de acordo com a seguinte fórmula: TRH = E + O, em que E – descarga de efluentes e O – ocupação do domínio público hídrico do Estado, se aplicável.",L015978.2022.RH4A.V1
TUA20240522001588,T000039,,,"A presente licença pode ser revista ou revogada nos casos previstos nos artigos 28.º e 32.º do Decreto-Lei n.º 226-A/2007, de 31 de maio.",L015978.2022.RH4A.V1
TUA20240522001588,T000040,,,"O titular obriga-se a cumprir o disposto na presente licença, em todas as leis e regulamentos vigentes, na parte em que lhe for aplicável, bem como outras normas ou regulamentos que venham a ser posteriormente aprovados e a entrar em vigor, quer as suas disposições se harmonizem ou não com os direitos e obrigações que à presente licença sejam aplicáveis.",L015978.2022.RH4A.V1
TUA20240522001588,T000041,,,"Sem prejuízo das sanções aplicáveis, sempre que o registo atualizado dos valores do autocontrolo não seja entregue com a periodicidade definida na Licença, a componente E será calculada tendo por base as características do efluente bruto estabelecidas no projeto de execução da ETAR ou incluídas na presente licença.",L015978.2022.RH4A.V1
TUA20240522001588,T000043,,,"O pagamento da taxa de recursos hídricos devida é efetuado no ano seguinte àquele a que a taxa respeite até ao termo disposto na Nota de Liquidação respetiva e deve ser feito de acordo com o previsto no número 4 do artigo 16.º do Decreto-Lei n.º 97/2008, de 11 de junho, na sua redação atual.",L015978.2022.RH4A.V1
TUA20240522001588,T000044,,,"A falta de pagamento atempado fica sujeito a juros de mora à taxa legal em vigor, conforme dispõe o número 5 do artigo 16.º do Decreto-Lei n.º 97/2008, de 11 de junho, na sua redação atual.",L015978.2022.RH4A.V1
TUA20240522001588,T000045,,,"A rejeição de águas residuais será exclusivamente realizada no local e nas condições indicadas nesta licença, não estando autorizadas quaisquer outras descargas de efluentes, e não podendo o objeto da presente licença ser alterado sem prévia autorização da Entidade Licenciadora.",L015978.2022.RH4A.V1
TUA20240522001588,T000046,,,"O titular deverá respeitar todas as leis e regulamentos aplicáveis e munir-se de quaisquer outras autorizações, licenças e registos legalmente exigíveis.",L015978.2022.RH4A.V1
TUA20240522001588,T000047,,,"A Entidade Licenciadora reserva-se o direito de restringir excecionalmente o regime de utilização dos recursos hídricos agora atribuído, nomeadamente na decorrência de secas, cheias e acidentes, nos termos da presente licença e no regime legal aplicável.",L015978.2022.RH4A.V1
TUA20240604001677,T000037,,"Em caso de incumprimento da presente licença, o titular fica sujeito às sanções previstas no Decreto-Lei n.º 226-A/2007, de 31 de maio.",,L015874.2019.RH4A.V1
TUA20240604001677,T000038,,A matéria tributável da componente E é determinada com base no programa de autocontrolo a implementar.,,L015874.2019.RH4A.V1
TUA20240604001677,T000039,,"As despesas com vistorias extraordinárias inerentes à emissão desta licença, ou as que resultarem de reclamações justificadas, serão suportadas pelo seu titular.",,L015874.2019.RH4A.V1
TUA20240604001677,T000040,,"O titular pode, caso se mantenham as condições que determinaram a sua atribuição, solicitar a renovação desta licença, no prazo de 6 meses antes do seu termo.",,L015874.2019.RH4A.V1
TUA20240604001677,T000041,,"A licença só poderá ser transmitida mediante autorização da entidade licenciadora de acordo com o disposto no artigo 26º do Decreto-Lei n.º 226-A/2007, de 31 de maio.",,L015874.2019.RH4A.V1
TUA20240604001677,T000042,,"Para efeitos de fiscalização ou inspeção, o titular fica obrigado a facultar, às Entidades Competentes, esta licença, bem como o acesso à área, construções e equipamentos a ela associados e aos registos detalhados do controlo da operação do sistema de tratamento.",,L015874.2019.RH4A.V1
TUA20240604001677,T000043,,"O titular fica obrigado a informar a Entidade Licenciadora, no prazo máximo de 24 horas, de qualquer acidente ou anomalia ocorrido nas instalações que afete o cumprimento das condições indicadas nesta licença bem como das medidas já implementadas e/ou previstas para correção da situação.",,L015874.2019.RH4A.V1
TUA20240604001677,T000044,,"A licença só poderá ser transacionada e temporariamente cedida mediante autorização da Entidade Licenciadora de acordo com o disposto no artigo 27.º do Decreto-Lei n.º 226-A/2007, de 31 de maio.",,L015874.2019.RH4A.V1
TUA20240604001677,T000045,,"A licença caduca nas condições previstas no presente título e no artigo 33.º do Decreto-Lei n.º 226-A/2007, de 31 de maio.",,L015874.2019.RH4A.V1
TUA20240604001677,T000046,,"O titular fica sujeito, de acordo com o Decreto-Lei n.º 97/2008, de 11 de junho, na sua redação atual, ao pagamento da Taxa de Recursos Hídricos (TRH) calculada de acordo com a seguinte fórmula: TRH = E + O, em que E – descarga de efluentes e O – ocupação do domínio público hídrico do Estado, se aplicável.",,L015874.2019.RH4A.V1
TUA20240604001677,T000047,,"A presente licença pode ser revista ou revogada nos casos previstos nos artigos 28.º e 32.º do Decreto-Lei n.º 226-A/2007, de 31 de maio.",,L015874.2019.RH4A.V1
TUA20240604001677,T000048,,"O titular obriga-se a cumprir o disposto na presente licença, em todas as leis e regulamentos vigentes, na parte em que lhe for aplicável, bem como outras normas ou regulamentos que venham a ser posteriormente aprovados e a entrar em vigor, quer as suas disposições se harmonizem ou não com os direitos e obrigações que à presente licença sejam aplicáveis.",,L015874.2019.RH4A.V1
TUA20240604001677,T000049,,"Sem prejuízo das sanções aplicáveis, sempre que o registo atualizado dos valores do autocontrolo não seja entregue com a periodicidade definida na Licença, a componente E será calculada tendo por base as características do efluente bruto estabelecidas no projeto de execução da ETAR ou incluídas na presente licença.",,L015874.2019.RH4A.V1
TUA20240604001677,T000050,,As vistorias que sejam realizadas pela Entidade Licenciadora na sequência dos episódios abrangidos no ponto que antecede são suportadas pelo utilizador.,,L015874.2019.RH4A.V1
TUA20240604001677,T000051,,"O pagamento da taxa de recursos hídricos devida é efetuado no ano seguinte àquele a que a taxa respeite até ao termo disposto na Nota de Liquidação respetiva e deve ser feito de acordo com o previsto no número 4 do artigo 16.º do Decreto-Lei n.º 97/2008, de 11 de junho, na sua redação atual.",,L015874.2019.RH4A.V1
TUA20240604001677,T000052,,"A falta de pagamento atempado fica sujeito a juros de mora à taxa legal em vigor, conforme dispõe o número 5 do artigo 16.º do Decreto-Lei n.º 97/2008, de 11 de junho, na sua redação atual.",,L015874.2019.RH4A.V1
TUA20240604001677,T000053,,"A rejeição de águas residuais será exclusivamente realizada no local e nas condições indicadas nesta licença, não estando autorizadas quaisquer outras descargas de efluentes, e não podendo o objeto da presente licença ser alterado sem prévia autorização da Entidade Licenciadora.",,L015874.2019.RH4A.V1
TUA20240604001677,T000054,,"O titular deverá respeitar todas as leis e regulamentos aplicáveis e munir-se de quaisquer outras autorizações, licenças e registos legalmente exigíveis.",,L015874.2019.RH4A.V1
TUA20240604001677,T000055,,"A Entidade Licenciadora reserva-se o direito de restringir excecionalmente o regime de utilização dos recursos hídricos agora atribuído, nomeadamente na decorrência de secas, cheias e acidentes, nos termos da presente licença e no regime legal aplicável.",,L015874.2019.RH4A.V1
TUA20240719002219,T000040,,"Em caso de incumprimento da presente licença, o titular fica sujeito às sanções previstas no Decreto-Lei n.º 226-A/2007, de 31 de maio.",,L058799.2024.RH4A.V1
TUA20240719002219,T000041,,A matéria tributável da componente E é determinada com base no programa de autocontrolo a implementar.,,L058799.2024.RH4A.V1
TUA20240719002219,T000042,,"As despesas com vistorias extraordinárias inerentes à emissão desta licença, ou as que resultarem de reclamações justificadas, serão suportadas pelo seu titular.",,L058799.2024.RH4A.V1
TUA20240719002219,T000043,,"O titular pode, caso se mantenham as condições que determinaram a sua atribuição, solicitar a renovação desta licença, no prazo de 6 meses antes do seu termo.",,L058799.2024.RH4A.V1
TUA20240719002219,T000044,,"A licença só poderá ser transmitida mediante autorização da entidade licenciadora de acordo com o disposto no artigo 26º do Decreto-Lei n.º 226-A/2007, de 31 de maio.",,L058799.2024.RH4A.V1
TUA20240719002219,T000045,,"Para efeitos de fiscalização ou inspeção, o titular fica obrigado a facultar, às Entidades Competentes, esta licença, bem como o acesso à área, construções e equipamentos a ela associados e aos registos detalhados do controlo da operação do sistema de tratamento.",,L058799.2024.RH4A.V1
TUA20240719002219,T000046,,"O titular fica obrigado a informar a Entidade Licenciadora, no prazo máximo de 24 horas, de qualquer acidente ou anomalia ocorrido nas instalações que afete o cumprimento das condições indicadas nesta licença bem como das medidas já implementadas e/ou previstas para correção da situação.",,L058799.2024.RH4A.V1
TUA20240719002219,T000053,,As vistorias que sejam realizadas pela Entidade Licenciadora na sequência dos episódios abrangidos no ponto que antecede são suportadas pelo utilizador.,,L058799.2024.RH4A.V1
TUA20240719002219,T000047,,"A licença só poderá ser transacionada e temporariamente cedida mediante autorização da Entidade Licenciadora de acordo com o disposto no artigo 27.º do Decreto-Lei n.º 226-A/2007, de 31 de maio.",,L058799.2024.RH4A.V1
TUA20240719002219,T000048,,"A licença caduca nas condições previstas no presente título e no artigo 33.º do Decreto-Lei n.º 226-A/2007, de 31 de maio.",,L058799.2024.RH4A.V1
TUA20240719002219,T000049,,"O titular fica sujeito, de acordo com o Decreto-Lei n.º 97/2008, de 11 de junho, na sua redação atual, ao pagamento da Taxa de Recursos Hídricos (TRH) calculada de acordo com a seguinte fórmula: TRH = E + O, em que E – descarga de efluentes e O – ocupação do domínio público hídrico do Estado, se aplicável.",,L058799.2024.RH4A.V1
TUA20240719002219,T000050,,"A presente licença pode ser revista ou revogada nos casos previstos nos artigos 28.º e 32.º do Decreto-Lei n.º 226-A/2007, de 31 de maio.",,L058799.2024.RH4A.V1
TUA20240719002219,,,"O titular obriga-se a cumprir o disposto na presente licença, em todas as leis e regulamentos vigentes, na parte em que lhe for aplicável, bem como outras normas ou regulamentos que venham a ser posteriormente aprovados e a entrar em vigor, quer as suas disposições se harmonizem ou não",,
TUA20240719002219,Código,,,Condição,Código Utilização
TUA20240719002219,T000051,,,com os direitos e obrigações que à presente licença sejam aplicáveis.,L058799.2024.RH4A.V1
TUA20240719002219,T000052,,,"Sem prejuízo das sanções aplicáveis, sempre que o registo atualizado dos valores do autocontrolo não seja entregue com a periodicidade definida na Licença, a componente E será calculada tendo por base as características do efluente bruto estabelecidas no projeto de execução da ETAR ou incluídas na presente licença.",L058799.2024.RH4A.V1
TUA20240719002219,T000054,,,"O pagamento da taxa de recursos hídricos devida é efetuado no ano seguinte àquele a que a taxa respeite até ao termo disposto na Nota de Liquidação respetiva e deve ser feito de acordo com o previsto no número 4 do artigo 16.º do Decreto-Lei n.º 97/2008, de 11 de junho, na sua redação atual.",L058799.2024.RH4A.V1
TUA20240719002219,T000055,,,"A falta de pagamento atempado fica sujeito a juros de mora à taxa legal em vigor, conforme dispõe o número 5 do artigo 16.º do Decreto-Lei n.º 97/2008, de 11 de junho, na sua redação atual.",L058799.2024.RH4A.V1
TUA20240719002219,T000056,,,"A rejeição de águas residuais será exclusivamente realizada no local e nas condições indicadas nesta licença, não estando autorizadas quaisquer outras descargas de efluentes, e não podendo o objeto da presente licença ser alterado sem prévia autorização da Entidade Licenciadora.",L058799.2024.RH4A.V1
TUA20240719002219,T000057,,,"O titular deverá respeitar todas as leis e regulamentos aplicáveis e munir-se de quaisquer outras autorizações, licenças e registos legalmente exigíveis.",L058799.2024.RH4A.V1
TUA20240719002219,T000058,,,"A Entidade Licenciadora reserva-se o direito de restringir excecionalmente o regime de utilização dos recursos hídricos agora atribuído, nomeadamente na decorrência de secas, cheias e acidentes, nos termos da presente licença e no regime legal aplicável.",L058799.2024.RH4A.V1
TUA20240719002220,T000031,,"Em caso de incumprimento da presente licença, o titular fica sujeito às sanções previstas no Decreto-Lei n.º 226-A/2007, de 31 de maio.",,L058803.2024.RH4A.V1
TUA20240719002220,T000032,,A matéria tributável da componente E é determinada com base no programa de autocontrolo a implementar.,,L058803.2024.RH4A.V1
TUA20240719002220,T000033,,"As despesas com vistorias extraordinárias inerentes à emissão desta licença, ou as que resultarem de reclamações justificadas, serão suportadas pelo seu titular.",,L058803.2024.RH4A.V1
TUA20240719002220,T000034,,"O titular pode, caso se mantenham as condições que determinaram a sua atribuição, solicitar a renovação desta licença, no prazo de 6 meses antes do seu termo.",,L058803.2024.RH4A.V1
TUA20240719002220,T000035,,"A licença só poderá ser transmitida mediante autorização da entidade licenciadora de acordo com o disposto no artigo 26º do Decreto-Lei n.º 226-A/2007, de 31 de maio.",,L058803.2024.RH4A.V1
TUA20240719002220,T000036,,"Para efeitos de fiscalização ou inspeção, o titular fica obrigado a facultar, às Entidades Competentes, esta licença, bem como o acesso à área, construções e equipamentos a ela associados e aos registos detalhados do controlo da operação do sistema de tratamento.",,L058803.2024.RH4A.V1
TUA20240719002220,T000037,,"O titular fica obrigado a informar a Entidade Licenciadora, no prazo máximo de 24 horas, de qualquer acidente ou anomalia ocorrido nas instalações que afete o cumprimento das condições indicadas nesta licença bem como das medidas já implementadas e/ou previstas para correção da situação.",,L058803.2024.RH4A.V1
TUA20240719002220,T000044,,As vistorias que sejam realizadas pela Entidade Licenciadora na sequência dos episódios abrangidos no ponto que antecede são suportadas pelo utilizador.,,L058803.2024.RH4A.V1
TUA20240719002220,T000038,,"A licença só poderá ser transacionada e temporariamente cedida mediante autorização da Entidade Licenciadora de acordo com o disposto no artigo 27.º do Decreto-Lei n.º 226-A/2007, de 31 de maio.",,L058803.2024.RH4A.V1
TUA20240719002220,T000039,,"A licença caduca nas condições previstas no presente título e no artigo 33.º do Decreto-Lei n.º 226-A/2007, de 31 de maio.",,L058803.2024.RH4A.V1
TUA20240719002220,T000040,,"O titular fica sujeito, de acordo com o Decreto-Lei n.º 97/2008, de 11 de junho, na sua redação atual, ao pagamento da Taxa de Recursos Hídricos (TRH) calculada de acordo com a seguinte fórmula: TRH = E + O, em que E – descarga de efluentes e O – ocupação do domínio público hídrico do Estado, se aplicável.",,L058803.2024.RH4A.V1
TUA20240719002220,T000041,,"A presente licença pode ser revista ou revogada nos casos previstos nos artigos 28.º e 32.º do Decreto-Lei n.º 226-A/2007, de 31 de maio.",,L058803.2024.RH4A.V1
TUA20240719002220,,,"O titular obriga-se a cumprir o disposto na presente licença, em todas as leis e regulamentos vigentes, na parte em que lhe for aplicável, bem como outras normas ou regulamentos que venham a ser posteriormente aprovados e a entrar em vigor, quer as suas disposições se harmonizem ou não",,
TUA20240719002220,Código,,,Condição,Código Utilização
TUA20240719002220,T000042,,,com os direitos e obrigações que à presente licença sejam aplicáveis.,L058803.2024.RH4A.V1
TUA20240719002220,T000043,,,"Sem prejuízo das sanções aplicáveis, sempre que o registo atualizado dos valores do autocontrolo não seja entregue com a periodicidade definida na Licença, a componente E será calculada tendo por base as características do efluente bruto estabelecidas no projeto de execução da ETAR ou incluídas na presente licença.",L058803.2024.RH4A.V1
TUA20240719002220,T000045,,,"O pagamento da taxa de recursos hídricos devida é efetuado no ano seguinte àquele a que a taxa respeite até ao termo disposto na Nota de Liquidação respetiva e deve ser feito de acordo com o previsto no número 4 do artigo 16.º do Decreto-Lei n.º 97/2008, de 11 de junho, na sua redação atual.",L058803.2024.RH4A.V1
TUA20240719002220,T000046,,,"A falta de pagamento atempado fica sujeito a juros de mora à taxa legal em vigor, conforme dispõe o número 5 do artigo 16.º do Decreto-Lei n.º 97/2008, de 11 de junho, na sua redação atual.",L058803.2024.RH4A.V1
TUA20240719002220,T000047,,,"A rejeição de águas residuais será exclusivamente realizada no local e nas condições indicadas nesta licença, não estando autorizadas quaisquer outras descargas de efluentes, e não podendo o objeto da presente licença ser alterado sem prévia autorização da Entidade Licenciadora.",L058803.2024.RH4A.V1
TUA20240719002220,T000048,,,"O titular deverá respeitar todas as leis e regulamentos aplicáveis e munir-se de quaisquer outras autorizações, licenças e registos legalmente exigíveis.",L058803.2024.RH4A.V1
TUA20240719002220,T000049,,,"A Entidade Licenciadora reserva-se o direito de restringir excecionalmente o regime de utilização dos recursos hídricos agora atribuído, nomeadamente na decorrência de secas, cheias e acidentes, nos termos da presente licença e no regime legal aplicável.",L058803.2024.RH4A.V1
TUA20240725002275,T000023,,"Em caso de incumprimento da presente licença, o titular fica sujeito às sanções previstas no Decreto-Lei n.º 226-A/2007, de 31 de maio.",,L020554.2019.RH3.V1
TUA20240725002275,T000024,,"As despesas com vistorias extraordinárias inerentes à emissão desta licença, ou as que resultarem de reclamações justificadas, serão suportadas pelo seu titular.",,L020554.2019.RH3.V1
TUA20240725002275,T000025,,"A licença só poderá ser transmitida mediante autorização da entidade licenciadora de acordo com o disposto no artigo 26º do Decreto-Lei n.º 226-A/2007, de 31 de maio.",,L020554.2019.RH3.V1
TUA20240725002275,T000026,,"Para efeitos de fiscalização ou inspeção, o titular fica obrigado a facultar, às Entidades Competentes, esta licença, bem como o acesso à área, construções e equipamentos a ela associados e aos registos detalhados do controlo da operação do sistema de tratamento.",,L020554.2019.RH3.V1
TUA20240725002275,T000027,,"O titular fica obrigado a informar a Entidade Licenciadora, no prazo máximo de 24 horas, de qualquer acidente ou anomalia ocorrido nas instalações que afete o cumprimento das condições indicadas nesta licença bem como das medidas já implementadas e/ou previstas para correção da situação.",,L020554.2019.RH3.V1
TUA20240725002275,T000028,,"A licença só poderá ser transacionada e temporariamente cedida mediante autorização da Entidade Licenciadora de acordo com o disposto no artigo 27.º do Decreto-Lei n.º 226-A/2007, de 31 de maio.",,L020554.2019.RH3.V1
TUA20240725002275,T000029,,"A licença caduca nas condições previstas no presente título e no artigo 33.º do Decreto-Lei n.º 226-A/2007, de 31 de maio.",,L020554.2019.RH3.V1
TUA20240725002275,T000030,,"O titular fica sujeito, de acordo com o Decreto-Lei n.º 97/2008, de 11 de junho, na sua redação atual, ao pagamento da Taxa de Recursos Hídricos (TRH) calculada de acordo com a seguinte fórmula: TRH = E + O, em que E – descarga de efluentes e O – ocupação do domínio público hídrico do Estado, se aplicável.",,L020554.2019.RH3.V1
TUA20240725002275,T000031,,"A presente licença pode ser revista ou revogada nos casos previstos nos artigos 28.º e 32.º do Decreto-Lei n.º 226-A/2007, de 31 de maio.",,L020554.2019.RH3.V1
TUA20240725002275,T000032,,"O titular obriga-se a cumprir o disposto na presente licença, em todas as leis e regulamentos vigentes, na parte em que lhe for aplicável, bem como outras normas ou regulamentos que venham a ser posteriormente aprovados e a entrar em vigor, quer as suas disposições se harmonizem ou não com os direitos e obrigações que à presente licença sejam aplicáveis.",,L020554.2019.RH3.V1
TUA20240725002275,T000033,,"O pagamento da taxa de recursos hídricos devida é efetuado no ano seguinte àquele a que a taxa respeite até ao termo disposto na Nota de Liquidação respetiva e deve ser feito de acordo com o previsto no número 4 do artigo 16.º do Decreto-Lei n.º 97/2008, de 11 de junho, na sua redação atual.",,L020554.2019.RH3.V1
TUA20240725002275,T000034,,"A falta de pagamento atempado fica sujeito a juros de mora à taxa legal em vigor, conforme dispõe o número 5 do artigo 16.º do Decreto-Lei n.º 97/2008, de 11 de junho, na sua redação atual.",,L020554.2019.RH3.V1
TUA20240725002275,T000035,,"A rejeição de águas residuais será exclusivamente realizada no local e nas condições indicadas nesta licença, não estando autorizadas quaisquer outras descargas de efluentes, e não podendo o objeto da presente licença ser alterado sem prévia autorização da Entidade Licenciadora.",,L020554.2019.RH3.V1
TUA20240725002275,T000036,,"O titular deverá respeitar todas as leis e regulamentos aplicáveis e munir-se de quaisquer outras autorizações, licenças e registos legalmente exigíveis.",,L020554.2019.RH3.V1
TUA20240725002275,T000037,,"A Entidade Licenciadora reserva-se o direito de restringir excecionalmente o regime de utilização dos recursos hídricos agora atribuído, nomeadamente na decorrência de secas, cheias e acidentes, nos termos da presente licença e no regime legal aplicável.",,L020554.2019.RH3.V1
TUA20240731002345,T000023,,"Em caso de incumprimento da presente licença, o titular fica sujeito às sanções previstas no Decreto-Lei n.º 226-A/2007, de 31 de maio.",,L020553.2019.RH3.V1
TUA20240731002345,T000024,,"As despesas com vistorias extraordinárias inerentes à emissão desta licença, ou as que resultarem de reclamações justificadas, serão suportadas pelo seu titular.",,L020553.2019.RH3.V1
TUA20240731002345,T000025,,"A licença só poderá ser transmitida mediante autorização da entidade licenciadora de acordo com o disposto no artigo 26º do Decreto-Lei n.º 226-A/2007, de 31 de maio.",,L020553.2019.RH3.V1
TUA20240731002345,T000026,,"Para efeitos de fiscalização ou inspeção, o titular fica obrigado a facultar, às Entidades Competentes, esta licença, bem como o acesso à área, construções e equipamentos a ela associados e aos registos detalhados do controlo da operação do sistema de tratamento.",,L020553.2019.RH3.V1
TUA20240731002345,T000027,,"O titular fica obrigado a informar a Entidade Licenciadora, no prazo máximo de 24 horas, de qualquer acidente ou anomalia ocorrido nas instalações que afete o cumprimento das condições indicadas nesta licença bem como das medidas já implementadas e/ou previstas para correção da situação.",,L020553.2019.RH3.V1
TUA20240731002345,T000028,,"A licença só poderá ser transacionada e temporariamente cedida mediante autorização da Entidade Licenciadora de acordo com o disposto no artigo 27.º do Decreto-Lei n.º 226-A/2007, de 31 de maio.",,L020553.2019.RH3.V1
TUA20240731002345,T000029,,"A licença caduca nas condições previstas no presente título e no artigo 33.º do Decreto-Lei n.º 226-A/2007, de 31 de maio.",,L020553.2019.RH3.V1
TUA20240731002345,T000030,,"O titular fica sujeito, de acordo com o Decreto-Lei n.º 97/2008, de 11 de junho, na sua redação atual, ao pagamento da Taxa de Recursos Hídricos (TRH) calculada de acordo com a seguinte fórmula: TRH = E + O, em que E – descarga de efluentes e O – ocupação do domínio público hídrico do Estado, se aplicável.",,L020553.2019.RH3.V1
TUA20240731002345,T000031,,"A presente licença pode ser revista ou revogada nos casos previstos nos artigos 28.º e 32.º do Decreto-Lei n.º 226-A/2007, de 31 de maio.",,L020553.2019.RH3.V1
TUA20240731002345,T000032,,"O titular obriga-se a cumprir o disposto na presente licença, em todas as leis e regulamentos vigentes, na parte em que lhe for aplicável, bem como outras normas ou regulamentos que venham a ser posteriormente aprovados e a entrar em vigor, quer as suas disposições se harmonizem ou não com os direitos e obrigações que à presente licença sejam aplicáveis.",,L020553.2019.RH3.V1
TUA20240731002345,T000033,,"O pagamento da taxa de recursos hídricos devida é efetuado no ano seguinte àquele a que a taxa respeite até ao termo disposto na Nota de Liquidação respetiva e deve ser feito de acordo com o previsto no número 4 do artigo 16.º do Decreto-Lei n.º 97/2008, de 11 de junho, na sua redação atual.",,L020553.2019.RH3.V1
TUA20240731002345,T000034,,"A falta de pagamento atempado fica sujeito a juros de mora à taxa legal em vigor, conforme dispõe o número 5 do artigo 16.º do Decreto-Lei n.º 97/2008, de 11 de junho, na sua redação atual.",,L020553.2019.RH3.V1
TUA20240731002345,T000035,,"A rejeição de águas residuais será exclusivamente realizada no local e nas condições indicadas nesta licença, não estando autorizadas quaisquer outras descargas de efluentes, e não podendo o objeto da presente licença ser alterado sem prévia autorização da Entidade Licenciadora.",,L020553.2019.RH3.V1
TUA20240731002345,T000036,,"O titular deverá respeitar todas as leis e regulamentos aplicáveis e munir-se de quaisquer outras autorizações, licenças e registos legalmente exigíveis.",,L020553.2019.RH3.V1
TUA20240731002345,T000037,,"A Entidade Licenciadora reserva-se o direito de restringir excecionalmente o regime de utilização dos recursos hídricos agora atribuído, nomeadamente na decorrência de secas, cheias e acidentes, nos termos da presente licença e no regime legal aplicável.",,L020553.2019.RH3.V1
TUA20240731002347,T000025,,"Em caso de incumprimento da presente licença, o titular fica sujeito às sanções previstas no Decreto-Lei n.º 226-A/2007, de 31 de maio.",,L020555.2019.RH3.V1
TUA20240731002347,T000026,,"As despesas com vistorias extraordinárias inerentes à emissão desta licença, ou as que resultarem de reclamações justificadas, serão suportadas pelo seu titular.",,L020555.2019.RH3.V1
TUA20240731002347,T000027,,"A licença só poderá ser transmitida mediante autorização da entidade licenciadora de acordo com o disposto no artigo 26º do Decreto-Lei n.º 226-A/2007, de 31 de maio.",,L020555.2019.RH3.V1
TUA20240731002347,T000028,,"Para efeitos de fiscalização ou inspeção, o titular fica obrigado a facultar, às Entidades Competentes, esta licença, bem como o acesso à área, construções e equipamentos a ela associados e aos registos detalhados do controlo da operação do sistema de tratamento.",,L020555.2019.RH3.V1
TUA20240731002347,T000029,,"O titular fica obrigado a informar a Entidade Licenciadora, no prazo máximo de 24 horas, de qualquer acidente ou anomalia ocorrido nas instalações que afete o cumprimento das condições indicadas nesta licença bem como das medidas já implementadas e/ou previstas para correção da situação.",,L020555.2019.RH3.V1
TUA20240731002347,T000030,,"A licença só poderá ser transacionada e temporariamente cedida mediante autorização da Entidade Licenciadora de acordo com o disposto no artigo 27.º do Decreto-Lei n.º 226-A/2007, de 31 de maio.",,L020555.2019.RH3.V1
TUA20240731002347,T000031,,"A licença caduca nas condições previstas no presente título e no artigo 33.º do Decreto-Lei n.º 226-A/2007, de 31 de maio.",,L020555.2019.RH3.V1
TUA20240731002347,T000032,,"O titular fica sujeito, de acordo com o Decreto-Lei n.º 97/2008, de 11 de junho, na sua redação atual, ao pagamento da Taxa de Recursos Hídricos (TRH) calculada de acordo com a seguinte fórmula: TRH = E + O, em que E – descarga de efluentes e O – ocupação do domínio público hídrico do Estado, se aplicável.",,L020555.2019.RH3.V1
TUA20240731002347,T000033,,"A presente licença pode ser revista ou revogada nos casos previstos nos artigos 28.º e 32.º do Decreto-Lei n.º 226-A/2007, de 31 de maio.",,L020555.2019.RH3.V1
TUA20240731002347,T000034,,"O titular obriga-se a cumprir o disposto na presente licença, em todas as leis e regulamentos vigentes, na parte em que lhe for aplicável, bem como outras normas ou regulamentos que venham a ser posteriormente aprovados e a entrar em vigor, quer as suas disposições se harmonizem ou não com os direitos e obrigações que à presente licença sejam aplicáveis.",,L020555.2019.RH3.V1
TUA20240731002347,T000035,,"O pagamento da taxa de recursos hídricos devida é efetuado no ano seguinte àquele a que a taxa respeite até ao termo disposto na Nota de Liquidação respetiva e deve ser feito de acordo com o previsto no número 4 do artigo 16.º do Decreto-Lei n.º 97/2008, de 11 de junho, na sua redação atual.",,L020555.2019.RH3.V1
TUA20240731002347,T000036,,"A falta de pagamento atempado fica sujeito a juros de mora à taxa legal em vigor, conforme dispõe o número 5 do artigo 16.º do Decreto-Lei n.º 97/2008, de 11 de junho, na sua redação atual.",,L020555.2019.RH3.V1
TUA20240731002347,T000037,,"A rejeição de águas residuais será exclusivamente realizada no local e nas condições indicadas nesta licença, não estando autorizadas quaisquer outras descargas de efluentes, e não podendo o objeto da presente licença ser alterado sem prévia autorização da Entidade Licenciadora.",,L020555.2019.RH3.V1
TUA20240731002347,T000038,,"O titular deverá respeitar todas as leis e regulamentos aplicáveis e munir-se de quaisquer outras autorizações, licenças e registos legalmente exigíveis.",,L020555.2019.RH3.V1
TUA20240731002347,T000039,,"A Entidade Licenciadora reserva-se o direito de restringir excecionalmente o regime de utilização dos recursos hídricos agora atribuído, nomeadamente na decorrência de secas, cheias e acidentes, nos termos da presente licença e no regime legal aplicável.",,L020555.2019.RH3.V1
TUA20240808002408,T000027,,"Em caso de incumprimento da presente licença, o titular fica sujeito às sanções previstas no Decreto-Lei n.º 226-A/2007, de 31 de maio.",,L015944.2019.RH4A.V1
TUA20240808002408,T000028,,A matéria tributável da componente E é determinada com base no programa de autocontrolo a implementar.,,L015944.2019.RH4A.V1
TUA20240808002408,T000029,,"As despesas com vistorias extraordinárias inerentes à emissão desta licença, ou as que resultarem de reclamações justificadas, serão suportadas pelo seu titular.",,L015944.2019.RH4A.V1
TUA20240808002408,T000030,,"O titular pode, caso se mantenham as condições que determinaram a sua atribuição, solicitar a renovação desta licença, no prazo de 6 meses antes do seu termo.",,L015944.2019.RH4A.V1
TUA20240808002408,T000031,,"A licença só poderá ser transmitida mediante autorização da entidade licenciadora de acordo com o disposto no artigo 26º do Decreto-Lei n.º 226-A/2007, de 31 de maio.",,L015944.2019.RH4A.V1
TUA20240808002408,T000032,,"Para efeitos de fiscalização ou inspeção, o titular fica obrigado a facultar, às Entidades Competentes, esta licença, bem como o acesso à área, construções e equipamentos a ela associados e aos registos detalhados do controlo da operação do sistema de tratamento.",,L015944.2019.RH4A.V1
TUA20240808002408,T000033,,"O titular fica obrigado a informar a Entidade Licenciadora, no prazo máximo de 24 horas, de qualquer acidente ou anomalia ocorrido nas instalações que afete o cumprimento das condições indicadas nesta licença bem como das medidas já implementadas e/ou previstas para correção da situação.",,L015944.2019.RH4A.V1
TUA20240808002408,T000040,,As vistorias que sejam realizadas pela Entidade Licenciadora na sequência dos episódios abrangidos no ponto que antecede são suportadas pelo utilizador.,,L015944.2019.RH4A.V1
TUA20240808002408,T000034,,"A licença só poderá ser transacionada e temporariamente cedida mediante autorização da Entidade Licenciadora de acordo com o disposto no artigo 27.º do Decreto-Lei n.º 226-A/2007, de 31 de maio.",,L015944.2019.RH4A.V1
TUA20240808002408,T000035,,"A licença caduca nas condições previstas no presente título e no artigo 33.º do Decreto-Lei n.º 226-A/2007, de 31 de maio.",,L015944.2019.RH4A.V1
TUA20240808002408,T000036,,"O titular fica sujeito, de acordo com o Decreto-Lei n.º 97/2008, de 11 de junho, na sua redação atual, ao pagamento da Taxa de Recursos Hídricos (TRH) calculada de acordo com a seguinte fórmula: TRH = E + O, em que E – descarga de efluentes e O – ocupação do domínio público hídrico do Estado, se aplicável.",,L015944.2019.RH4A.V1
TUA20240808002408,T000037,,"A presente licença pode ser revista ou revogada nos casos previstos nos artigos 28.º e 32.º do Decreto-Lei n.º 226-A/2007, de 31 de maio.",,L015944.2019.RH4A.V1
TUA20240808002408,T000038,,"O titular obriga-se a cumprir o disposto na presente licença, em todas as leis e regulamentos vigentes, na parte em que lhe for aplicável, bem como outras normas ou regulamentos que venham a ser posteriormente aprovados e a entrar em vigor, quer as suas disposições se harmonizem ou não com os direitos e obrigações que à presente licença sejam aplicáveis.",,L015944.2019.RH4A.V1
TUA20240808002408,Código,,,Condição,Código Utilização
TUA20240808002408,T000039,,,"Sem prejuízo das sanções aplicáveis, sempre que o registo atualizado dos valores do autocontrolo não seja entregue com a periodicidade definida na Licença, a componente E será calculada tendo por base as características do efluente bruto estabelecidas no projeto de execução da ETAR ou incluídas na presente licença.",L015944.2019.RH4A.V1
TUA20240808002408,T000041,,,"O pagamento da taxa de recursos hídricos devida é efetuado no ano seguinte àquele a que a taxa respeite até ao termo disposto na Nota de Liquidação respetiva e deve ser feito de acordo com o previsto no número 4 do artigo 16.º do Decreto-Lei n.º 97/2008, de 11 de junho, na sua redação atual.",L015944.2019.RH4A.V1
TUA20240808002408,T000042,,,"A falta de pagamento atempado fica sujeito a juros de mora à taxa legal em vigor, conforme dispõe o número 5 do artigo 16.º do Decreto-Lei n.º 97/2008, de 11 de junho, na sua redação atual.",L015944.2019.RH4A.V1
TUA20240808002408,T000043,,,"A rejeição de águas residuais será exclusivamente realizada no local e nas condições indicadas nesta licença, não estando autorizadas quaisquer outras descargas de efluentes, e não podendo o objeto da presente licença ser alterado sem prévia autorização da Entidade Licenciadora.",L015944.2019.RH4A.V1
TUA20240808002408,T000044,,,"O titular deverá respeitar todas as leis e regulamentos aplicáveis e munir-se de quaisquer outras autorizações, licenças e registos legalmente exigíveis.",L015944.2019.RH4A.V1
TUA20240808002408,T000045,,,"A Entidade Licenciadora reserva-se o direito de restringir excecionalmente o regime de utilização dos recursos hídricos agora atribuído, nomeadamente na decorrência de secas, cheias e acidentes, nos termos da presente licença e no regime legal aplicável.",L015944.2019.RH4A.V1
TUA20240904002654,T000029,,"Em caso de incumprimento da presente licença, o titular fica sujeito às sanções previstas no Decreto-Lei n.º 226-A/2007, de 31 de maio.",,L060904.2024.RH4A.V1
TUA20240904002654,T000030,,A matéria tributável da componente E é determinada com base no programa de autocontrolo a implementar.,,L060904.2024.RH4A.V1
TUA20240904002654,T000031,,"As despesas com vistorias extraordinárias inerentes à emissão desta licença, ou as que resultarem de reclamações justificadas, serão suportadas pelo seu titular.",,L060904.2024.RH4A.V1
TUA20240904002654,T000032,,"O titular pode, caso se mantenham as condições que determinaram a sua atribuição, solicitar a renovação desta licença, no prazo de 6 meses antes do seu termo.",,L060904.2024.RH4A.V1
TUA20240904002654,T000033,,"A licença só poderá ser transmitida mediante autorização da entidade licenciadora de acordo com o disposto no artigo 26º do Decreto-Lei n.º 226-A/2007, de 31 de maio.",,L060904.2024.RH4A.V1
TUA20240904002654,T000034,,"Para efeitos de fiscalização ou inspeção, o titular fica obrigado a facultar, às Entidades Competentes, esta licença, bem como o acesso à área, construções e equipamentos a ela associados e aos registos detalhados do controlo da operação do sistema de tratamento.",,L060904.2024.RH4A.V1
TUA20240904002654,T000035,,"O titular fica obrigado a informar a Entidade Licenciadora, no prazo máximo de 24 horas, de qualquer acidente ou anomalia ocorrido nas instalações que afete o cumprimento das condições indicadas nesta licença bem como das medidas já implementadas e/ou previstas para correção da situação.",,L060904.2024.RH4A.V1
TUA20240904002654,T000042,,As vistorias que sejam realizadas pela Entidade Licenciadora na sequência dos episódios abrangidos no ponto que antecede são suportadas pelo utilizador.,,L060904.2024.RH4A.V1
TUA20240904002654,T000036,,"A licença só poderá ser transacionada e temporariamente cedida mediante autorização da Entidade Licenciadora de acordo com o disposto no artigo 27.º do Decreto-Lei n.º 226-A/2007, de 31 de maio.",,L060904.2024.RH4A.V1
TUA20240904002654,T000037,,"A licença caduca nas condições previstas no presente título e no artigo 33.º do Decreto-Lei n.º 226-A/2007, de 31 de maio.",,L060904.2024.RH4A.V1
TUA20240904002654,T000038,,"O titular fica sujeito, de acordo com o Decreto-Lei n.º 97/2008, de 11 de junho, na sua redação atual, ao pagamento da Taxa de Recursos Hídricos (TRH) calculada de acordo com a seguinte fórmula: TRH = E + O, em que E – descarga de efluentes e O – ocupação do domínio público hídrico do Estado, se aplicável.",,L060904.2024.RH4A.V1
TUA20240904002654,T000039,,"A presente licença pode ser revista ou revogada nos casos previstos nos artigos 28.º e 32.º do Decreto-Lei n.º 226-A/2007, de 31 de maio.",,L060904.2024.RH4A.V1
TUA20240904002654,T000040,,"O titular obriga-se a cumprir o disposto na presente licença, em todas as leis e regulamentos vigentes, na parte em que lhe for aplicável, bem como outras normas ou regulamentos que venham a ser posteriormente aprovados e a entrar em vigor, quer as suas disposições se harmonizem ou não com os direitos e obrigações que à presente licença sejam aplicáveis.",,L060904.2024.RH4A.V1
TUA20240904002654,T000041,,"Sem prejuízo das sanções aplicáveis, sempre que o registo atualizado dos valores do autocontrolo não seja entregue com a periodicidade definida na Licença, a componente E será calculada tendo por base as características do efluente bruto estabelecidas no projeto de execução da ETAR ou incluídas na presente licença.",,L060904.2024.RH4A.V1
TUA20240904002654,T000043,,"O pagamento da taxa de recursos hídricos devida é efetuado no ano seguinte àquele a que a taxa respeite até ao termo disposto na Nota de Liquidação respetiva e deve ser feito de acordo com o previsto no número 4 do artigo 16.º do Decreto-Lei n.º 97/2008, de 11 de junho, na sua redação atual.",,L060904.2024.RH4A.V1
TUA20240904002654,Código,,,Condição,Código Utilização
TUA20240904002654,T000044,,,"A falta de pagamento atempado fica sujeito a juros de mora à taxa legal em vigor, conforme dispõe o número 5 do artigo 16.º do Decreto-Lei n.º 97/2008, de 11 de junho, na sua redação atual.",L060904.2024.RH4A.V1
TUA20240904002654,T000045,,,"A rejeição de águas residuais será exclusivamente realizada no local e nas condições indicadas nesta licença, não estando autorizadas quaisquer outras descargas de efluentes, e não podendo o objeto da presente licença ser alterado sem prévia autorização da Entidade Licenciadora.",L060904.2024.RH4A.V1
TUA20240904002654,T000046,,,"O titular deverá respeitar todas as leis e regulamentos aplicáveis e munir-se de quaisquer outras autorizações, licenças e registos legalmente exigíveis.",L060904.2024.RH4A.V1
TUA20240904002654,T000047,,,"A Entidade Licenciadora reserva-se o direito de restringir excecionalmente o regime de utilização dos recursos hídricos agora atribuído, nomeadamente na decorrência de secas, cheias e acidentes, nos termos da presente licença e no regime legal aplicável.",L060904.2024.RH4A.V1
TUA20240916002772,T000024,,"Em caso de incumprimento da presente licença, o titular fica sujeito às sanções previstas no Decreto-Lei n.º 226-A/2007, de 31 de maio.",,L001080.2020.RH5A.V1
TUA20240916002772,T000025,,A matéria tributável da componente E é determinada com base no Programa de autocontrolo a implementar.,,L001080.2020.RH5A.V1
TUA20240916002772,T000026,,"As despesas com vistorias extraordinárias inerentes à emissão desta licença, ou as que resultarem de reclamações justificadas, serão suportadas pelo seu titular.",,L001080.2020.RH5A.V1
TUA20240916002772,T000027,,"A licença só poderá ser transmitida mediante autorização da entidade licenciadora de acordo com o disposto no artigo 26º do Decreto-Lei n.º 226-A/2007, de 31 de maio.",,L001080.2020.RH5A.V1
TUA20240916002772,T000028,,"Para efeitos de fiscalização ou inspeção, o titular fica obrigado a facultar, às Entidades Competentes, esta licença, bem como o acesso à área, construções e equipamentos a ela associados e aos registos detalhados do controlo da operação do sistema de tratamento.",,L001080.2020.RH5A.V1
TUA20240916002772,T000029,,"O titular fica obrigado a informar a Entidade Licenciadora, no prazo máximo de 24 horas, de qualquer acidente ou anomalia ocorrido nas instalações que afete o cumprimento das condições indicadas nesta licença bem como das medidas já implementadas e/ou previstas para correção da situação.",,L001080.2020.RH5A.V1
TUA20240916002772,T000030,,"A licença só poderá ser transacionada e temporariamente cedida mediante autorização da Entidade Licenciadora de acordo com o disposto no artigo 27.º do Decreto-Lei n.º 226-A/2007, de 31 de maio.",,L001080.2020.RH5A.V1
TUA20240916002772,T000031,,"A licença caduca nas condições previstas no presente título e no artigo 33.º do Decreto-Lei n.º 226-A/2007, de 31 de maio.",,L001080.2020.RH5A.V1
TUA20240916002772,T000032,,"O titular fica sujeito, de acordo com o Decreto-Lei n.º 97/2008, de 11 de junho, na sua redação atual, ao pagamento da Taxa de Recursos Hídricos (TRH) calculada de acordo com a seguinte fórmula: TRH = E + O, em que E – descarga de efluentes e O – ocupação do domínio público hídrico do Estado, se aplicável.",,L001080.2020.RH5A.V1
TUA20240916002772,T000033,,"A presente licença pode ser revista ou revogada nos casos previstos nos artigos 28.º e 32.º do Decreto-Lei n.º 226-A/2007, de 31 de maio.",,L001080.2020.RH5A.V1
TUA20240916002772,T000034,,"O titular obriga-se a cumprir o disposto na presente licença, em todas as leis e regulamentos vigentes, na parte em que lhe for aplicável, bem como outras normas ou regulamentos que venham a ser posteriormente aprovados e a entrar em vigor, quer as suas disposições se harmonizem ou não com os direitos e obrigações que à presente licença sejam aplicáveis.",,L001080.2020.RH5A.V1
TUA20240916002772,T000035,,"Sem prejuízo das sanções aplicáveis, sempre que o registo atualizado dos valores do autocontrolo,, não seja entregue com a periodicidade definida na Licença, a componente E será calculada tendo por base as características do efluente bruto estabelecidas no projeto de execução da ETAR ou incluídas na presente licença.",,L001080.2020.RH5A.V1
TUA20240916002772,T000036,,As vistorias que sejam realizadas pela Entidade Licenciadora na sequência dos episódios abrangidos no ponto que antecede são suportadas pelo utilizador.,,L001080.2020.RH5A.V1
TUA20240916002772,T000037,,"O pagamento da taxa de recursos hídricos devida é efetuado no ano seguinte àquele a que a taxa respeite até ao termo disposto na Nota de Liquidação respetiva e deve ser feito de acordo com o previsto no número 4 do artigo 16.º do Decreto-Lei n.º 97/2008, de 11 de junho, na sua redação atual.",,L001080.2020.RH5A.V1
TUA20240916002772,T000038,,"A falta de pagamento atempado fica sujeito a juros de mora à taxa legal em vigor, conforme dispõe o número 5 do artigo 16.º do Decreto-Lei n.º 97/2008, de 11 de junho, na sua redação atual.",,L001080.2020.RH5A.V1
TUA20240916002772,T000039,,"A rejeição de águas residuais será exclusivamente realizada no local e nas condições indicadas nesta licença, não estando autorizadas quaisquer outras descargas de efluentes, e não podendo o objeto da presente licença ser alterado sem prévia autorização da Entidade Licenciadora.",,L001080.2020.RH5A.V1
TUA20240916002772,T000040,,"O titular deverá respeitar todas as leis e regulamentos aplicáveis e munir-se de quaisquer outras autorizações, licenças e registos legalmente exigíveis.",,L001080.2020.RH5A.V1
TUA20240916002772,T000041,,"A Entidade Licenciadora reserva-se o direito de restringir excecionalmente o regime de utilização dos recursos hídricos agora atribuído, nomeadamente na decorrência de secas, cheias e acidentes, nos termos da presente licença e no regime legal aplicável.",,L001080.2020.RH5A.V1
TUA20241003002946,T000028,,"Em caso de incumprimento da presente licença, o titular fica sujeito às sanções previstas no Decreto-Lei n.º 226-A/2007, de 31 de maio.",,L001135.2020.RH5A.V1
TUA20241003002946,T000029,,A matéria tributável da componente E é determinada com base no Programa de autocontrolo a implementar.,,L001135.2020.RH5A.V1
TUA20241003002946,T000030,,"As despesas com vistorias extraordinárias inerentes à emissão desta licença, ou as que resultarem de reclamações justificadas, serão suportadas pelo seu titular.",,L001135.2020.RH5A.V1
TUA20241003002946,T000031,,"A licença só poderá ser transmitida mediante autorização da entidade licenciadora de acordo com o disposto no artigo 26º do Decreto-Lei n.º 226-A/2007, de 31 de maio.",,L001135.2020.RH5A.V1
TUA20241003002946,T000032,,"Para efeitos de fiscalização ou inspeção, o titular fica obrigado a facultar, às Entidades Competentes, esta licença, bem como o acesso à área, construções e equipamentos a ela associados e aos registos detalhados do controlo da operação do sistema de tratamento.",,L001135.2020.RH5A.V1
TUA20241003002946,T000033,,"O titular fica obrigado a informar a Entidade Licenciadora, no prazo máximo de 24 horas, de qualquer acidente ou anomalia ocorrido nas instalações que afete o cumprimento das condições indicadas nesta licença bem como das medidas já implementadas e/ou previstas para correção da situação.",,L001135.2020.RH5A.V1
TUA20241003002946,T000034,,"A licença só poderá ser transacionada e temporariamente cedida mediante autorização da Entidade Licenciadora de acordo com o disposto no artigo 27.º do Decreto-Lei n.º 226-A/2007, de 31 de maio.",,L001135.2020.RH5A.V1
TUA20241003002946,T000035,,"A licença caduca nas condições previstas no presente título e no artigo 33.º do Decreto-Lei n.º 226-A/2007, de 31 de maio.",,L001135.2020.RH5A.V1
TUA20241003002946,T000036,,"O titular fica sujeito, de acordo com o Decreto-Lei n.º 97/2008, de 11 de junho, na sua redação atual, ao pagamento da Taxa de Recursos Hídricos (TRH) calculada de acordo com a seguinte fórmula: TRH = E + O, em que E – descarga de efluentes e O – ocupação do domínio público hídrico do Estado, se aplicável.",,L001135.2020.RH5A.V1
TUA20241003002946,T000037,,"A presente licença pode ser revista ou revogada nos casos previstos nos artigos 28.º e 32.º do Decreto-Lei n.º 226-A/2007, de 31 de maio.",,L001135.2020.RH5A.V1
TUA20241003002946,T000038,,"O titular obriga-se a cumprir o disposto na presente licença, em todas as leis e regulamentos vigentes, na parte em que lhe for aplicável, bem como outras normas ou regulamentos que venham a ser posteriormente aprovados e a entrar em vigor, quer as suas disposições se harmonizem ou não com os direitos e obrigações que à presente licença sejam aplicáveis.",,L001135.2020.RH5A.V1
TUA20241003002946,T000039,,"Sem prejuízo das sanções aplicáveis, sempre que o registo atualizado dos valores do autocontrolo, não seja entregue com a periodicidade definida na Licença, a componente E será calculada tendo por base as características do efluente bruto estabelecidas no projeto de execução da ETAR ou incluídas na presente licença.",,L001135.2020.RH5A.V1
TUA20241003002946,T000040,,As vistorias que sejam realizadas pela Entidade Licenciadora na sequência dos episódios abrangidos no ponto que antecede são suportadas pelo utilizador.,,L001135.2020.RH5A.V1
TUA20241003002946,T000041,,"O pagamento da taxa de recursos hídricos devida é efetuado no ano seguinte àquele a que a taxa respeite até ao termo disposto na Nota de Liquidação respetiva e deve ser feito de acordo com o previsto no número 4 do artigo 16.º do Decreto-Lei n.º 97/2008, de 11 de junho, na sua redação atual.",,L001135.2020.RH5A.V1
TUA20241003002946,T000042,,"A falta de pagamento atempado fica sujeito a juros de mora à taxa legal em vigor, conforme dispõe o número 5 do artigo 16.º do Decreto-Lei n.º 97",,L001135.2020.RH5A.V1
TUA20241003002946,Código,,,Condição,Código Utilização
TUA20241003002946,,,,"/2008, de 11 de junho, na sua redação atual.",
TUA20241003002946,T000043,,,"A rejeição de águas residuais será exclusivamente realizada no local e nas condições indicadas nesta licença, não estando autorizadas quaisquer outras descargas de efluentes, e não podendo o objeto da presente licença ser alterado sem prévia autorização da Entidade Licenciadora.",L001135.2020.RH5A.V1
TUA20241003002946,T000044,,,"O titular deverá respeitar todas as leis e regulamentos aplicáveis e munir-se de quaisquer outras autorizações, licenças e registos legalmente exigíveis.",L001135.2020.RH5A.V1
TUA20241003002946,T000045,,,"A Entidade Licenciadora reserva-se o direito de restringir excecionalmente o regime de utilização dos recursos hídricos agora atribuído, nomeadamente na decorrência de secas, cheias e acidentes, nos termos da presente licença e no regime legal aplicável.",L001135.2020.RH5A.V1
TUA20241014003042,T000024,,"Em caso de incumprimento da presente licença, o titular fica sujeito às sanções previstas no Decreto-Lei n.º 226-A/2007, de 31 de maio.",,L063042.2024.RH3.V1
TUA20241014003042,T000025,,"As despesas com vistorias extraordinárias inerentes à emissão desta licença, ou as que resultarem de reclamações justificadas, serão suportadas pelo seu titular.",,L063042.2024.RH3.V1
TUA20241014003042,T000026,,"A licença só poderá ser transmitida mediante autorização da entidade licenciadora de acordo com o disposto no artigo 26º do Decreto-Lei n.º 226-A/2007, de 31 de maio.",,L063042.2024.RH3.V1
TUA20241014003042,T000027,,"Para efeitos de fiscalização ou inspeção, o titular fica obrigado a facultar, às Entidades Competentes, esta licença, bem como o acesso à área, construções e equipamentos a ela associados e aos registos detalhados do controlo da operação do sistema de tratamento.",,L063042.2024.RH3.V1
TUA20241014003042,T000028,,"O titular fica obrigado a informar a Entidade Licenciadora, no prazo máximo de 24 horas, de qualquer acidente ou anomalia ocorrido nas instalações que afete o cumprimento das condições indicadas nesta licença bem como das medidas já implementadas e/ou previstas para correção da situação.",,L063042.2024.RH3.V1
TUA20241014003042,T000029,,"A licença só poderá ser transacionada e temporariamente cedida mediante autorização da Entidade Licenciadora de acordo com o disposto no artigo 27.º do Decreto-Lei n.º 226-A/2007, de 31 de maio.",,L063042.2024.RH3.V1
TUA20241014003042,T000030,,"A licença caduca nas condições previstas no presente título e no artigo 33.º do Decreto-Lei n.º 226-A/2007, de 31 de maio.",,L063042.2024.RH3.V1
TUA20241014003042,T000031,,"O titular fica sujeito, de acordo com o Decreto-Lei n.º 97/2008, de 11 de junho, na sua redação atual, ao pagamento da Taxa de Recursos Hídricos (TRH) calculada de acordo com a seguinte fórmula: TRH = E + O, em que E – descarga de efluentes e O – ocupação do domínio público hídrico do Estado, se aplicável.",,L063042.2024.RH3.V1
TUA20241014003042,T000032,,"A presente licença pode ser revista ou revogada nos casos previstos nos artigos 28.º e 32.º do Decreto-Lei n.º 226-A/2007, de 31 de maio.",,L063042.2024.RH3.V1
TUA20241014003042,T000033,,"O titular obriga-se a cumprir o disposto na presente licença, em todas as leis e regulamentos vigentes, na parte em que lhe for aplicável, bem como outras normas ou regulamentos que venham a ser posteriormente aprovados e a entrar em vigor, quer as suas disposições se harmonizem ou não com os direitos e obrigações que à presente licença sejam aplicáveis.",,L063042.2024.RH3.V1
TUA20241014003042,T000034,,"O pagamento da taxa de recursos hídricos devida é efetuado no ano seguinte àquele a que a taxa respeite até ao termo disposto na Nota de Liquidação respetiva e deve ser feito de acordo com o previsto no número 4 do artigo 16.º do Decreto-Lei n.º 97/2008, de 11 de junho, na sua redação atual.",,L063042.2024.RH3.V1
TUA20241014003042,T000035,,"A falta de pagamento atempado fica sujeito a juros de mora à taxa legal em vigor, conforme dispõe o número 5 do artigo 16.º do Decreto-Lei n.º 97/2008, de 11 de junho, na sua redação atual.",,L063042.2024.RH3.V1
TUA20241014003042,T000036,,"A rejeição de águas residuais será exclusivamente realizada no local e nas condições indicadas nesta licença, não estando autorizadas quaisquer outras descargas de efluentes, e não podendo o objeto da presente licença ser alterado sem prévia autorização da Entidade Licenciadora.",,L063042.2024.RH3.V1
TUA20241014003042,T000037,,"O titular deverá respeitar todas as leis e regulamentos aplicáveis e munir-se de quaisquer outras autorizações, licenças e registos legalmente exigíveis.",,L063042.2024.RH3.V1
TUA20241014003042,T000038,,"A Entidade Licenciadora reserva-se o direito de restringir excecionalmente o regime de utilização dos recursos hídricos agora atribuído, nomeadamente na decorrência de secas, cheias e acidentes, nos termos da presente licença e no regime legal aplicável.",,L063042.2024.RH3.V1
TUA20241022003142,T000052,,"Em caso de incumprimento da presente licença, o titular fica sujeito às sanções previstas no Decreto-Lei n.º 226-A/2007, de 31 de maio.",,L063531.2024.RH4A.V1
TUA20241022003142,T000053,,A matéria tributável da componente E é determinada com base no programa de autocontrolo a implementar.,,L063531.2024.RH4A.V1
TUA20241022003142,T000054,,"As despesas com vistorias extraordinárias inerentes à emissão desta licença, ou as que resultarem de reclamações justificadas, serão suportadas pelo seu titular.",,L063531.2024.RH4A.V1
TUA20241022003142,T000055,,"O titular pode, caso se mantenham as condições que determinaram a sua atribuição, solicitar a renovação desta licença, no prazo de 6 meses antes do seu termo.",,L063531.2024.RH4A.V1
TUA20241022003142,T000056,,"A licença só poderá ser transmitida mediante autorização da entidade licenciadora de acordo com o disposto no artigo 26º do Decreto-Lei n.º 226-A/2007, de 31 de maio.",,L063531.2024.RH4A.V1
TUA20241022003142,T000057,,"Para efeitos de fiscalização ou inspeção, o titular fica obrigado a facultar, às Entidades Competentes, esta licença, bem como o acesso à área, construções e equipamentos a ela associados e aos registos detalhados do controlo da operação do sistema de tratamento.",,L063531.2024.RH4A.V1
TUA20241022003142,T000058,,"O titular fica obrigado a informar a Entidade Licenciadora, no prazo máximo de 24 horas, de qualquer acidente ou anomalia ocorrido nas instalações que afete o cumprimento das condições indicadas nesta licença bem como das medidas já implementadas e/ou previstas para correção da situação.",,L063531.2024.RH4A.V1
TUA20241022003142,T000065,,As vistorias que sejam realizadas pela Entidade Licenciadora na sequência dos episódios abrangidos no ponto que antecede são suportadas pelo utilizador.,,L063531.2024.RH4A.V1
TUA20241022003142,T000059,,"A licença só poderá ser transacionada e temporariamente cedida mediante autorização da Entidade Licenciadora de acordo com o disposto no artigo 27.º do Decreto-Lei n.º 226-A/2007, de 31 de maio.",,L063531.2024.RH4A.V1
TUA20241022003142,T000060,,"A licença caduca nas condições previstas no presente título e no artigo 33.º do Decreto-Lei n.º 226-A/2007, de 31 de maio.",,L063531.2024.RH4A.V1
TUA20241022003142,CódigoCódigo UtilizaçãoCondição,,,,
TUA20241022003142,Código,,,Condição,Código Utilização
TUA20241022003142,T000061,,,"O titular fica sujeito, de acordo com o Decreto-Lei n.º 97/2008, de 11 de junho, na sua redação atual, ao pagamento da Taxa de Recursos Hídricos (TRH) calculada de acordo com a seguinte fórmula: TRH = E + O, em que E – descarga de efluentes e O – ocupação do domínio público hídrico do Estado, se aplicável.",L063531.2024.RH4A.V1
TUA20241022003142,T000062,,,"A presente licença pode ser revista ou revogada nos casos previstos nos artigos 28.º e 32.º do Decreto-Lei n.º 226-A/2007, de 31 de maio.",L063531.2024.RH4A.V1
TUA20241022003142,T000063,,,"O titular obriga-se a cumprir o disposto na presente licença, em todas as leis e regulamentos vigentes, na parte em que lhe for aplicável, bem como outras normas ou regulamentos que venham a ser posteriormente aprovados e a entrar em vigor, quer as suas disposições se harmonizem ou não com os direitos e obrigações que à presente licença sejam aplicáveis.",L063531.2024.RH4A.V1
TUA20241022003142,T000064,,,"Sem prejuízo das sanções aplicáveis, sempre que o registo atualizado dos valores do autocontrolo não seja entregue com a periodicidade definida na Licença, a componente E será calculada tendo por base as características do efluente bruto estabelecidas no projeto de execução da ETAR ou incluídas na presente licença.",L063531.2024.RH4A.V1
TUA20241022003142,T000066,,,"O pagamento da taxa de recursos hídricos devida é efetuado no ano seguinte àquele a que a taxa respeite até ao termo disposto na Nota de Liquidação respetiva e deve ser feito de acordo com o previsto no número 4 do artigo 16.º do Decreto-Lei n.º 97/2008, de 11 de junho, na sua redação atual.",L063531.2024.RH4A.V1
TUA20241022003142,T000067,,,"A falta de pagamento atempado fica sujeito a juros de mora à taxa legal em vigor, conforme dispõe o número 5 do artigo 16.º do Decreto-Lei n.º 97/2008, de 11 de junho, na sua redação atual.",L063531.2024.RH4A.V1
TUA20241022003142,T000068,,,"A rejeição de águas residuais será exclusivamente realizada no local e nas condições indicadas nesta licença, não estando autorizadas quaisquer outras descargas de efluentes, e não podendo o objeto da presente licença ser alterado sem prévia autorização da Entidade Licenciadora.",L063531.2024.RH4A.V1
TUA20241022003142,T000069,,,"O titular deverá respeitar todas as leis e regulamentos aplicáveis e munir-se de quaisquer outras autorizações, licenças e registos legalmente exigíveis.",L063531.2024.RH4A.V1
TUA20241022003142,T000070,,,"A Entidade Licenciadora reserva-se o direito de restringir excecionalmente o regime de utilização dos recursos hídricos agora atribuído, nomeadamente na decorrência de secas, cheias e acidentes, nos termos da presente licença e no regime legal aplicável.",L063531.2024.RH4A.V1
TUA20241122003491,T000061,,"Em caso de incumprimento da presente licença, o titular fica sujeito às sanções previstas no Decreto-Lei n.º 226-A/2007, de 31 de maio.",,L014539.2022.RH4A.V1
TUA20241122003491,T000062,,A matéria tributável da componente E é determinada com base no programa de autocontrolo a implementar.,,L014539.2022.RH4A.V1
TUA20241122003491,T000063,,"As despesas com vistorias extraordinárias inerentes à emissão desta licença, ou as que resultarem de reclamações justificadas, serão suportadas pelo seu titular.",,L014539.2022.RH4A.V1
TUA20241122003491,T000064,,"O titular pode, caso se mantenham as condições que determinaram a sua atribuição, solicitar a renovação desta licença, no prazo de 6 meses antes do seu termo.",,L014539.2022.RH4A.V1
TUA20241122003491,T000065,,"A licença só poderá ser transmitida mediante autorização da entidade licenciadora de acordo com o disposto no artigo 26º do Decreto-Lei n.º 226-A/2007, de 31 de maio.",,L014539.2022.RH4A.V1
TUA20241122003491,T000066,,"Para efeitos de fiscalização ou inspeção, o titular fica obrigado a facultar, às Entidades Competentes, esta licença, bem como o acesso à área, construções e equipamentos a ela associados e aos registos detalhados do controlo da operação do sistema de tratamento.",,L014539.2022.RH4A.V1
TUA20241122003491,T000067,,"O titular fica obrigado a informar a Entidade Licenciadora, no prazo máximo de 24 horas, de qualquer acidente ou anomalia ocorrido nas instalações que afete o cumprimento das condições indicadas nesta licença bem como das medidas já implementadas e/ou previstas para correção da situação.",,L014539.2022.RH4A.V1
TUA20241122003491,T000074,,As vistorias que sejam realizadas pela Entidade Licenciadora na sequência dos episódios abrangidos no ponto que antecede são suportadas pelo utilizador.,,L014539.2022.RH4A.V1
TUA20241122003491,T000068,,"A licença só poderá ser transacionada e temporariamente cedida mediante autorização da Entidade Licenciadora de acordo com o disposto no artigo 27.º do Decreto-Lei n.º 226-A/2007, de 31 de maio.",,L014539.2022.RH4A.V1
TUA20241122003491,T000069,,"A licença caduca nas condições previstas no presente título e no artigo 33.º do Decreto-Lei n.º 226-A/2007, de 31 de maio.",,L014539.2022.RH4A.V1
TUA20241122003491,T000070,,"O titular fica sujeito, de acordo com o Decreto-Lei n.º 97/2008, de 11 de junho, na sua redação atual, ao pagamento da Taxa de Recursos Hídricos (TRH) calculada de acordo com a seguinte fórmula: TRH = E + O, em que E – descarga de efluentes e O – ocupação do domínio público hídrico do Estado, se aplicável.",,L014539.2022.RH4A.V1
TUA20241122003491,T000071,,"A presente licença pode ser revista ou revogada nos casos previstos nos artigos 28.º e 32.º do Decreto-Lei n.º 226-A/2007, de 31 de maio.",,L014539.2022.RH4A.V1
TUA20241122003491,T000072,,"O titular obriga-se a cumprir o disposto na presente licença, em todas as leis e regulamentos vigentes, na parte em que lhe for aplicável, bem como outras normas ou regulamentos que venham a ser posteriormente aprovados e a entrar em vigor, quer as suas disposições se harmonizem ou não com os direitos e obrigações que à presente licença sejam aplicáveis.",,L014539.2022.RH4A.V1
TUA20241122003491,T000073,,"Sem prejuízo das sanções aplicáveis, sempre que o registo atualizado dos valores do autocontrolo não seja entregue com a periodicidade definida na Licença, a componente E será calculada tendo por base as características do efluente bruto estabelecidas no projeto de execução da ETAR ou incluídas na presente licença.",,L014539.2022.RH4A.V1
TUA20241122003491,T000075,,"O pagamento da taxa de recursos hídricos devida é efetuado no ano seguinte àquele a que a taxa respeite até ao termo disposto na Nota de Liquidação respetiva e deve ser feito de acordo com o previsto no número 4 do artigo 16.º do Decreto-Lei n.º 97/2008, de 11 de junho, na sua redação atual.",,L014539.2022.RH4A.V1
TUA20241122003491,T000076,,"A falta de pagamento atempado fica sujeito a juros de mora à taxa legal em vigor, conforme dispõe o número 5 do artigo 16.º do Decreto-Lei n.º 97/2008, de 11 de junho, na sua redação atual.",,L014539.2022.RH4A.V1
TUA20241122003491,T000077,,"A rejeição de águas residuais será exclusivamente realizada no local e nas condições indicadas nesta licença, não estando autorizadas quaisquer outras descargas de efluentes, e não podendo o objeto da presente licença ser alterado sem prévia autorização da Entidade Licenciadora.",,L014539.2022.RH4A.V1
TUA20241122003491,T000078,,"O titular deverá respeitar todas as leis e regulamentos aplicáveis e munir-se de quaisquer outras autorizações, licenças e registos legalmente exigíveis.",,L014539.2022.RH4A.V1
TUA20241122003491,T000079,,"A Entidade Licenciadora reserva-se o direito de restringir excecionalmente o regime de utilização dos recursos hídricos agora atribuído, nomeadamente na decorrência de secas, cheias e acidentes, nos termos da presente licença e no regime legal aplicável.",,L014539.2022.RH4A.V1
TUA20241122003495,T000038,,"Em caso de incumprimento da presente licença, o titular fica sujeito às sanções previstas no Decreto-Lei n.º 226-A/2007, de 31 de maio.",,L014785.2022.RH4A.V1
TUA20241122003495,Código,,,Condição,Código Utilização
TUA20241122003495,T000039,,,A matéria tributável da componente E é determinada com base no programa de autocontrolo a implementar.,L014785.2022.RH4A.V1
TUA20241122003495,T000040,,,"As despesas com vistorias extraordinárias inerentes à emissão desta licença, ou as que resultarem de reclamações justificadas, serão suportadas pelo seu titular.",L014785.2022.RH4A.V1
TUA20241122003495,T000041,,,"O titular pode, caso se mantenham as condições que determinaram a sua atribuição, solicitar a renovação desta licença, no prazo de 6 meses antes do seu termo.",L014785.2022.RH4A.V1
TUA20241122003495,T000042,,,"A licença só poderá ser transmitida mediante autorização da entidade licenciadora de acordo com o disposto no artigo 26º do Decreto-Lei n.º 226-A/2007, de 31 de maio.",L014785.2022.RH4A.V1
TUA20241122003495,T000043,,,"Para efeitos de fiscalização ou inspeção, o titular fica obrigado a facultar, às Entidades Competentes, esta licença, bem como o acesso à área, construções e equipamentos a ela associados e aos registos detalhados do controlo da operação do sistema de tratamento.",L014785.2022.RH4A.V1
TUA20241122003495,T000044,,,"O titular fica obrigado a informar a Entidade Licenciadora, no prazo máximo de 24 horas, de qualquer acidente ou anomalia ocorrido nas instalações que afete o cumprimento das condições indicadas nesta licença bem como das medidas já implementadas e/ou previstas para correção da situação.",L014785.2022.RH4A.V1
TUA20241122003495,T000051,,,As vistorias que sejam realizadas pela Entidade Licenciadora na sequência dos episódios abrangidos no ponto que antecede são suportadas pelo utilizador.,L014785.2022.RH4A.V1
TUA20241122003495,T000045,,,"A licença só poderá ser transacionada e temporariamente cedida mediante autorização da Entidade Licenciadora de acordo com o disposto no artigo 27.º do Decreto-Lei n.º 226-A/2007, de 31 de maio.",L014785.2022.RH4A.V1
TUA20241122003495,T000046,,,"A licença caduca nas condições previstas no presente título e no artigo 33.º do Decreto-Lei n.º 226-A/2007, de 31 de maio.",L014785.2022.RH4A.V1
TUA20241122003495,T000047,,,"O titular fica sujeito, de acordo com o Decreto-Lei n.º 97/2008, de 11 de junho, na sua redação atual, ao pagamento da Taxa de Recursos Hídricos (TRH) calculada de acordo com a seguinte fórmula: TRH = E + O, em que E – descarga de efluentes e O – ocupação do domínio público hídrico do Estado, se aplicável.",L014785.2022.RH4A.V1
TUA20241122003495,T000048,,,"A presente licença pode ser revista ou revogada nos casos previstos nos artigos 28.º e 32.º do Decreto-Lei n.º 226-A/2007, de 31 de maio.",L014785.2022.RH4A.V1
TUA20241122003495,T000049,,,"O titular obriga-se a cumprir o disposto na presente licença, em todas as leis e regulamentos vigentes, na parte em que lhe for aplicável, bem como outras normas ou regulamentos que venham a ser posteriormente aprovados e a entrar em vigor, quer as suas disposições se harmonizem ou não com os direitos e obrigações que à presente licença sejam aplicáveis.",L014785.2022.RH4A.V1
TUA20241122003495,T000050,,,"Sem prejuízo das sanções aplicáveis, sempre que o registo atualizado dos valores do autocontrolo não seja entregue com a periodicidade definida na Licença, a componente E será calculada tendo por base as características do efluente bruto estabelecidas no projeto de execução da ETAR ou incluídas na presente licença.",L014785.2022.RH4A.V1
TUA20241122003495,T000052,,,"O pagamento da taxa de recursos hídricos devida é efetuado no ano seguinte àquele a que a taxa respeite até ao termo disposto na Nota de Liquidação respetiva e deve ser feito de acordo com o previsto no número 4 do artigo 16.º do Decreto-Lei n.º 97/2008, de 11 de junho, na sua redação atual.",L014785.2022.RH4A.V1
TUA20241122003495,T000053,,,"A falta de pagamento atempado fica sujeito a juros de mora à taxa legal em vigor, conforme dispõe o número 5 do artigo 16.º do Decreto-Lei n.º 97/2008, de 11 de junho, na sua redação atual.",L014785.2022.RH4A.V1
TUA20241122003495,T000054,,,"A rejeição de águas residuais será exclusivamente realizada no local e nas condições indicadas nesta licença, não estando autorizadas quaisquer outras descargas de efluentes, e não podendo o objeto da presente licença ser alterado sem prévia autorização da Entidade Licenciadora.",L014785.2022.RH4A.V1
TUA20241122003495,T000055,,,"O titular deverá respeitar todas as leis e regulamentos aplicáveis e munir-se de quaisquer outras autorizações, licenças e registos legalmente exigíveis.",L014785.2022.RH4A.V1
TUA20241122003495,T000056,,,"A Entidade Licenciadora reserva-se o direito de restringir excecionalmente o regime de utilização dos recursos hídricos agora atribuído, nomeadamente na decorrência de secas, cheias e acidentes, nos termos da presente licença e no regime legal aplicável.",L014785.2022.RH4A.V1
TUA20241210003651,T000054,,"Em caso de incumprimento da presente licença, o titular fica sujeito às sanções previstas no Decreto-Lei n.º 226-A/2007, de 31 de maio.",,L065853.2024.RH4A.V1
TUA20241210003651,T000055,,A matéria tributável da componente E é determinada com base no programa de autocontrolo a implementar.,,L065853.2024.RH4A.V1
TUA20241210003651,T000056,,"As despesas com vistorias extraordinárias inerentes à emissão desta licença, ou as que resultarem de reclamações justificadas, serão suportadas pelo seu titular.",,L065853.2024.RH4A.V1
TUA20241210003651,T000057,,"O titular pode, caso se mantenham as condições que determinaram a sua atribuição, solicitar a renovação desta licença, no prazo de 6 meses antes do seu termo.",,L065853.2024.RH4A.V1
TUA20241210003651,Código,,,Condição,Código Utilização
TUA20241210003651,T000058,,,"A licença só poderá ser transmitida mediante autorização da entidade licenciadora de acordo com o disposto no artigo 26º do Decreto-Lei n.º 226-A/2007, de 31 de maio.",L065853.2024.RH4A.V1
TUA20241210003651,T000059,,,"Para efeitos de fiscalização ou inspeção, o titular fica obrigado a facultar, às Entidades Competentes, esta licença, bem como o acesso à área, construções e equipamentos a ela associados e aos registos detalhados do controlo da operação do sistema de tratamento.",L065853.2024.RH4A.V1
TUA20241210003651,T000060,,,"O titular fica obrigado a informar a Entidade Licenciadora, no prazo máximo de 24 horas, de qualquer acidente ou anomalia ocorrido nas instalações que afete o cumprimento das condições indicadas nesta licença bem como das medidas já implementadas e/ou previstas para correção da situação.",L065853.2024.RH4A.V1
TUA20241210003651,T000067,,,As vistorias que sejam realizadas pela Entidade Licenciadora na sequência dos episódios abrangidos no ponto que antecede são suportadas pelo utilizador.,L065853.2024.RH4A.V1
TUA20241210003651,T000061,,,"A licença só poderá ser transacionada e temporariamente cedida mediante autorização da Entidade Licenciadora de acordo com o disposto no artigo 27.º do Decreto-Lei n.º 226-A/2007, de 31 de maio.",L065853.2024.RH4A.V1
TUA20241210003651,T000062,,,"A licença caduca nas condições previstas no presente título e no artigo 33.º do Decreto-Lei n.º 226-A/2007, de 31 de maio.",L065853.2024.RH4A.V1
TUA20241210003651,T000063,,,"O titular fica sujeito, de acordo com o Decreto-Lei n.º 97/2008, de 11 de junho, na sua redação atual, ao pagamento da Taxa de Recursos Hídricos (TRH) calculada de acordo com a seguinte fórmula: TRH = E + O, em que E – descarga de efluentes e O – ocupação do domínio público hídrico do Estado, se aplicável.",L065853.2024.RH4A.V1
TUA20241210003651,T000064,,,"A presente licença pode ser revista ou revogada nos casos previstos nos artigos 28.º e 32.º do Decreto-Lei n.º 226-A/2007, de 31 de maio.",L065853.2024.RH4A.V1
TUA20241210003651,T000065,,,"O titular obriga-se a cumprir o disposto na presente licença, em todas as leis e regulamentos vigentes, na parte em que lhe for aplicável, bem como outras normas ou regulamentos que venham a ser posteriormente aprovados e a entrar em vigor, quer as suas disposições se harmonizem ou não com os direitos e obrigações que à presente licença sejam aplicáveis.",L065853.2024.RH4A.V1
TUA20241210003651,T000066,,,"Sem prejuízo das sanções aplicáveis, sempre que o registo atualizado dos valores do autocontrolo não seja entregue com a periodicidade definida na Licença, a componente E será calculada tendo por base as características do efluente bruto estabelecidas no projeto de execução da ETAR ou incluídas na presente licença.",L065853.2024.RH4A.V1
TUA20241210003651,T000068,,,"O pagamento da taxa de recursos hídricos devida é efetuado no ano seguinte àquele a que a taxa respeite até ao termo disposto na Nota de Liquidação respetiva e deve ser feito de acordo com o previsto no número 4 do artigo 16.º do Decreto-Lei n.º 97/2008, de 11 de junho, na sua redação atual.",L065853.2024.RH4A.V1
TUA20241210003651,T000069,,,"A falta de pagamento atempado fica sujeito a juros de mora à taxa legal em vigor, conforme dispõe o número 5 do artigo 16.º do Decreto-Lei n.º 97/2008, de 11 de junho, na sua redação atual.",L065853.2024.RH4A.V1
TUA20241210003651,T000070,,,"A rejeição de águas residuais será exclusivamente realizada no local e nas condições indicadas nesta licença, não estando autorizadas quaisquer outras descargas de efluentes, e não podendo o objeto da presente licença ser alterado sem prévia autorização da Entidade Licenciadora.",L065853.2024.RH4A.V1
TUA20241210003651,T000071,,,"O titular deverá respeitar todas as leis e regulamentos aplicáveis e munir-se de quaisquer outras autorizações, licenças e registos legalmente exigíveis.",L065853.2024.RH4A.V1
TUA20241210003651,T000072,,,"A Entidade Licenciadora reserva-se o direito de restringir excecionalmente o regime de utilização dos recursos hídricos agora atribuído, nomeadamente na decorrência de secas, cheias e acidentes, nos termos da presente licença e no regime legal aplicável.",L065853.2024.RH4A.V1
TUA20250226000655,T000029,,"A rejeição de águas residuais será exclusivamente realizada no local e nas condições indicadas nesta licença, não estando autorizadas quaisquer outras descargas de efluentes, e não podendo o objeto da presente licença ser alterado sem prévia autorização da Entidade Licenciadora.",,L070191.2025.RH7.V1
TUA20250226000655,T000030,,"O titular obriga-se a cumprir o disposto na presente licença, em todas as leis e regulamentos vigentes, na parte em que lhe for aplicável, bem como outras normas ou regulamentos que venham a ser posteriormente aprovados e a entrar em vigor, quer as suas disposições se harmonizem ou não com os direitos e obrigações que à presente licença sejam aplicáveis.",,L070191.2025.RH7.V1
TUA20250226000655,T000031,,"O titular fica sujeito, de acordo com o Decreto-Lei n.º 97/2008, de 11 de junho, na sua redação atual, ao pagamento da Taxa de Recursos Hídricos (TRH) calculada de acordo com a seguinte fórmula: TRH = E + O, em que E – descarga de efluentes e O – ocupação do domínio público hídrico do Estado, se aplicável.",,L070191.2025.RH7.V1
TUA20250226000655,T000032,,A matéria tributável da componente E é determinada com base no Anexo – Programa de autocontrolo a implementar.,,L070191.2025.RH7.V1
TUA20250226000655,T000033,,"Sem prejuízo das sanções aplicáveis, sempre que o registo atualizado dos valores do autocontrolo, referido no ponto 4 que antecede, não seja entregue com a periodicidade definida na Licença, a componente E será calculada tendo por base as características do efluente bruto estabelecidas no projeto de execução da ETAR ou incluídas na presente licença.",,L070191.2025.RH7.V1
TUA20250226000655,T000034,,"O pagamento da taxa de recursos hídricos devida é efetuado no ano seguinte àquele a que a taxa respeite até ao termo disposto na Nota de Liquidação respetiva e deve ser feito de acordo com o previsto no número 4 do artigo 16.º do Decreto-Lei n.º 97/2008, de 11 de junho, na sua redação atual.",,L070191.2025.RH7.V1
TUA20250226000655,T000035,,"A falta de pagamento atempado fica sujeito a juros de mora à taxa legal em vigor, conforme dispõe o número 5 do artigo 16.º do Decreto-Lei n.º 97/2008, de 11 de junho, na sua redação atual.",,L070191.2025.RH7.V1
TUA20250226000655,T000036,,"Para efeitos de fiscalização ou inspeção, o titular fica obrigado a facultar, às Entidades Competentes, esta licença, bem como o acesso à área, construções e equipamentos a ela associados e aos registos detalhados do controlo da operação do sistema de tratamento.",,L070191.2025.RH7.V1
TUA20250226000655,T000037,,"As despesas com vistorias extraordinárias inerentes à emissão desta licença, ou as que resultarem de reclamações justificadas, serão suportadas pelo seu titular.",,L070191.2025.RH7.V1
TUA20250226000655,T000038,,"A presente licença pode ser revista ou revogada nos casos previstos nos artigos 28.º e 32.º do Decreto-Lei n.º 226-A/2007, de 31 de maio.",,L070191.2025.RH7.V1
TUA20250226000655,T000039,,"A Entidade Licenciadora reserva-se o direito de restringir excecionalmente o regime de utilização dos recursos hídricos agora atribuído, nomeadamente na decorrência de secas, cheias e acidentes, nos termos da presente licença e no regime legal aplicável.",,L070191.2025.RH7.V1
TUA20250226000655,T000040,,"A licença só poderá ser transmitida mediante autorização da entidade licenciadora de acordo com o disposto no artigo 26º do Decreto-Lei n.º 226-A/2007, de 31 de maio.",,L070191.2025.RH7.V1
TUA20250226000655,T000041,,"A licença só poderá ser transacionada e temporariamente cedida mediante autorização da Entidade Licenciadora de acordo com o disposto no artigo 27.º do Decreto-Lei n.º 226-A/2007, de 31 de maio.",,L070191.2025.RH7.V1
TUA20250226000655,T000042,,"A licença caduca nas condições previstas no presente título e no artigo 33.º do Decreto-Lei n.º 226-A/2007, de 31 de maio.",,L070191.2025.RH7.V1
TUA20250226000655,CódigoCódigo UtilizaçãoCondição,,,,
TUA20250226000655,Código,,,Condição,Código Utilização
TUA20250226000655,T000043,,,"O titular pode, caso se mantenham as condições que determinaram a sua atribuição, solicitar a renovação desta licença, no prazo de 6 meses antes do seu termo.",L070191.2025.RH7.V1
TUA20250226000655,T000044,,,"O titular fica obrigado a informar a Entidade Licenciadora, no prazo máximo de 24 horas, de qualquer acidente ou anomalia ocorrido nas instalações que afete o cumprimento das condições indicadas nesta licença bem como das medidas já implementadas e/ou previstas para correção da situação.",L070191.2025.RH7.V1
TUA20250226000655,T000045,,,As vistorias que sejam realizadas pela Entidade Licenciadora na sequência dos episódios abrangidos no ponto que antecede são suportadas pelo utilizador.,L070191.2025.RH7.V1
TUA20250226000655,T000046,,,"Em caso de incumprimento da presente licença, o titular fica sujeito às sanções previstas no Decreto-Lei n.º 226-A/2007, de 31 de maio.",L070191.2025.RH7.V1
TUA20250226000655,T000047,,,"O titular deverá respeitar todas as leis e regulamentos aplicáveis e munir-se de quaisquer outras autorizações, licenças e registos legalmente exigíveis.",L070191.2025.RH7.V1
TUA20250317000834,T000054,,"Em caso de incumprimento da presente licença, o titular fica sujeito às sanções previstas no Decreto-Lei n.º 226-A/2007, de 31 de maio.",,L014699.2022.RH4A.V1
TUA20250317000834,T000055,,A matéria tributável da componente E é determinada com base no programa de autocontrolo a implementar.,,L014699.2022.RH4A.V1
TUA20250317000834,T000056,,"As despesas com vistorias extraordinárias inerentes à emissão desta licença, ou as que resultarem de reclamações justificadas, serão suportadas pelo seu titular.",,L014699.2022.RH4A.V1
TUA20250317000834,T000057,,"O titular pode, caso se mantenham as condições que determinaram a sua atribuição, solicitar a renovação desta licença, no prazo de 6 meses antes do seu termo.",,L014699.2022.RH4A.V1
TUA20250317000834,Código,,,Condição,Código Utilização
TUA20250317000834,T000058,,,"A licença só poderá ser transmitida mediante autorização da entidade licenciadora de acordo com o disposto no artigo 26º do Decreto-Lei n.º 226-A/2007, de 31 de maio.",L014699.2022.RH4A.V1
TUA20250317000834,T000059,,,"Para efeitos de fiscalização ou inspeção, o titular fica obrigado a facultar, às Entidades Competentes, esta licença, bem como o acesso à área, construções e equipamentos a ela associados e aos registos detalhados do controlo da operação do sistema de tratamento.",L014699.2022.RH4A.V1
TUA20250317000834,T000060,,,"O titular fica obrigado a informar a Entidade Licenciadora, no prazo máximo de 24 horas, de qualquer acidente ou anomalia ocorrido nas instalações que afete o cumprimento das condições indicadas nesta licença bem como das medidas já implementadas e/ou previstas para correção da situação.",L014699.2022.RH4A.V1
TUA20250317000834,T000067,,,As vistorias que sejam realizadas pela Entidade Licenciadora na sequência dos episódios abrangidos no ponto que antecede são suportadas pelo utilizador.,L014699.2022.RH4A.V1
TUA20250317000834,T000061,,,"A licença só poderá ser transacionada e temporariamente cedida mediante autorização da Entidade Licenciadora de acordo com o disposto no artigo 27.º do Decreto-Lei n.º 226-A/2007, de 31 de maio.",L014699.2022.RH4A.V1
TUA20250317000834,T000062,,,"A licença caduca nas condições previstas no presente título e no artigo 33.º do Decreto-Lei n.º 226-A/2007, de 31 de maio.",L014699.2022.RH4A.V1
TUA20250317000834,T000063,,,"O titular fica sujeito, de acordo com o Decreto-Lei n.º 97/2008, de 11 de junho, na sua redação atual, ao pagamento da Taxa de Recursos Hídricos (TRH) calculada de acordo com a seguinte fórmula: TRH = E + O, em que E – descarga de efluentes e O – ocupação do domínio público hídrico do Estado, se aplicável.",L014699.2022.RH4A.V1
TUA20250317000834,T000064,,,"A presente licença pode ser revista ou revogada nos casos previstos nos artigos 28.º e 32.º do Decreto-Lei n.º 226-A/2007, de 31 de maio.",L014699.2022.RH4A.V1
TUA20250317000834,T000065,,,"O titular obriga-se a cumprir o disposto na presente licença, em todas as leis e regulamentos vigentes, na parte em que lhe for aplicável, bem como outras normas ou regulamentos que venham a ser posteriormente aprovados e a entrar em vigor, quer as suas disposições se harmonizem ou não com os direitos e obrigações que à presente licença sejam aplicáveis.",L014699.2022.RH4A.V1
TUA20250317000834,T000066,,,"Sem prejuízo das sanções aplicáveis, sempre que o registo atualizado dos valores do autocontrolo não seja entregue com a periodicidade definida na Licença, a componente E será calculada tendo por base as características do efluente bruto estabelecidas no projeto de execução da ETAR ou incluídas na presente licença.",L014699.2022.RH4A.V1
TUA20250317000834,T000068,,,"O pagamento da taxa de recursos hídricos devida é efetuado no ano seguinte àquele a que a taxa respeite até ao termo disposto na Nota de Liquidação respetiva e deve ser feito de acordo com o previsto no número 4 do artigo 16.º do Decreto-Lei n.º 97/2008, de 11 de junho, na sua redação atual.",L014699.2022.RH4A.V1
TUA20250317000834,T000069,,,"A falta de pagamento atempado fica sujeito a juros de mora à taxa legal em vigor, conforme dispõe o número 5 do artigo 16.º do Decreto-Lei n.º 97/2008, de 11 de junho, na sua redação atual.",L014699.2022.RH4A.V1
TUA20250317000834,T000070,,,"A rejeição de águas residuais será exclusivamente realizada no local e nas condições indicadas nesta licença, não estando autorizadas quaisquer outras descargas de efluentes, e não podendo o objeto da presente licença ser alterado sem prévia autorização da Entidade Licenciadora.",L014699.2022.RH4A.V1
TUA20250317000834,T000071,,,"O titular deverá respeitar todas as leis e regulamentos aplicáveis e munir-se de quaisquer outras autorizações, licenças e registos legalmente exigíveis.",L014699.2022.RH4A.V1
TUA20250317000834,T000072,,,"A Entidade Licenciadora reserva-se o direito de restringir excecionalmente o regime de utilização dos recursos hídricos agora atribuído, nomeadamente na decorrência de secas, cheias e acidentes, nos termos da presente licença e no regime legal aplicável.",L014699.2022.RH4A.V1
TUA20250416001449,T000093,,"Em caso de incumprimento da presente licença, o titular fica sujeito às sanções previstas no Decreto-Lei n.º 226-A/2007, de 31 de maio.",,L032810.2023.RH4A.V1
TUA20250416001449,T000094,,A matéria tributável da componente E é determinada com base no programa de autocontrolo a implementar.,,L032810.2023.RH4A.V1
TUA20250416001449,T000096,,"O titular pode, caso se mantenham as condições que determinaram a sua atribuição, solicitar a renovação desta licença, no prazo de 6 meses antes do seu termo.",,L032810.2023.RH4A.V1
TUA20250416001449,T000097,,"A licença só poderá ser transmitida mediante autorização da entidade licenciadora de acordo com o disposto no artigo 26º do Decreto-Lei n.º 226-A/2007, de 31 de maio.",,L032810.2023.RH4A.V1
TUA20250416001449,T000098,,"Para efeitos de fiscalização ou inspeção, o titular fica obrigado a facultar, às Entidades Competentes, esta licença, bem como o acesso à área, construções e equipamentos a ela associados e aos registos detalhados do controlo da operação do sistema de tratamento.",,L032810.2023.RH4A.V1
TUA20250416001449,T000099,,"O titular fica obrigado a informar a Entidade Licenciadora, no prazo máximo de 24 horas, de qualquer acidente ou anomalia ocorrido nas instalações que afete o cumprimento das condições indicadas nesta licença bem como das medidas já implementadas e/ou previstas para correção da situação.",,L032810.2023.RH4A.V1
TUA20250416001449,T000095,,"As despesas com vistorias extraordinárias inerentes à emissão desta licença, ou as que resultarem de reclamações justificadas, serão suportadas pelo seu titular.",,L032810.2023.RH4A.V1
TUA20250416001449,T000100,,"A licença só poderá ser transacionada e temporariamente cedida mediante autorização da Entidade Licenciadora de acordo com o disposto no artigo 27.º do Decreto-Lei n.º 226-A/2007, de 31 de maio.",,L032810.2023.RH4A.V1
TUA20250416001449,T000101,,"A licença caduca nas condições previstas no presente título e no artigo 33.º do Decreto-Lei n.º 226-A/2007, de 31 de maio.",,L032810.2023.RH4A.V1
TUA20250416001449,T000102,,"O titular fica sujeito, de acordo com o Decreto-Lei n.º 97/2008, de 11 de junho, na sua redação atual, ao pagamento da Taxa de Recursos Hídricos (TRH) calculada de acordo com a seguinte fórmula: TRH = E + O, em que E – descarga de efluentes e O – ocupação do domínio público hídrico do Estado, se aplicável.",,L032810.2023.RH4A.V1
TUA20250416001449,T000103,,"A presente licença pode ser revista ou revogada nos casos previstos nos artigos 28.º e 32.º do Decreto-Lei n.º 226-A/2007, de 31 de maio.",,L032810.2023.RH4A.V1
TUA20250416001449,T000104,,"O titular obriga-se a cumprir o disposto na presente licença, em todas as leis e regulamentos vigentes, na parte em que lhe for aplicável, bem como outras normas ou regulamentos que venham a ser posteriormente aprovados e a entrar em vigor, quer as suas disposições se harmonizem ou não com os direitos e obrigações que à presente licença sejam aplicáveis.",,L032810.2023.RH4A.V1
TUA20250416001449,T000105,,"Sem prejuízo das sanções aplicáveis, sempre que o registo atualizado dos valores do autocontrolo não seja entregue com a periodicidade definida na Licença, a componente E será calculada tendo por base as características do efluente bruto estabelecidas no projeto de execução da ETAR ou incluídas na presente licença.",,L032810.2023.RH4A.V1
TUA20250416001449,T000106,,As vistorias que sejam realizadas pela Entidade Licenciadora na sequência dos episódios abrangidos no ponto que antecede são suportadas pelo,,L032810.2023.RH4A.V1
TUA20250416001449,Código,,,Condição,Código Utilização
TUA20250416001449,,,,utilizador.,
TUA20250416001449,T000107,,,"O pagamento da taxa de recursos hídricos devida é efetuado no ano seguinte àquele a que a taxa respeite até ao termo disposto na Nota de Liquidação respetiva e deve ser feito de acordo com o previsto no número 4 do artigo 16.º do Decreto-Lei n.º 97/2008, de 11 de junho, na sua redação atual.",L032810.2023.RH4A.V1
TUA20250416001449,T000108,,,"A falta de pagamento atempado fica sujeito a juros de mora à taxa legal em vigor, conforme dispõe o número 5 do artigo 16.º do Decreto-Lei n.º 97/2008, de 11 de junho, na sua redação atual.",L032810.2023.RH4A.V1
TUA20250416001449,T000109,,,"A rejeição de águas residuais será exclusivamente realizada no local e nas condições indicadas nesta licença, não estando autorizadas quaisquer outras descargas de efluentes, e não podendo o objeto da presente licença ser alterado sem prévia autorização da Entidade Licenciadora.",L032810.2023.RH4A.V1
TUA20250416001449,T000110,,,"O titular deverá respeitar todas as leis e regulamentos aplicáveis e munir-se de quaisquer outras autorizações, licenças e registos legalmente exigíveis.",L032810.2023.RH4A.V1
TUA20250416001449,T000111,,,"A Entidade Licenciadora reserva-se o direito de restringir excecionalmente o regime de utilização dos recursos hídricos agora atribuído, nomeadamente na decorrência de secas, cheias e acidentes, nos termos da presente licença e no regime legal aplicável.",L032810.2023.RH4A.V1
TUA20250602001876,T000046,,"A rejeição de águas residuais será exclusivamente realizada no local e nas condições indicadas nesta licença, não estando autorizadas quaisquer outras descargas de efluentes, e não podendo o objeto da presente licença ser alterado sem prévia autorização da Entidade Licenciadora.",,L075151.2025.RH6.V1
TUA20250602001876,T000047,,"O titular obriga-se a cumprir o disposto na presente licença, em todas as leis e regulamentos vigentes, na parte em que lhe for aplicável, bem como outras normas ou regulamentos que venham a ser posteriormente aprovados e a entrar em vigor, quer as suas disposições se harmonizem ou não com os direitos e obrigações que à presente licença sejam aplicáveis.",,L075151.2025.RH6.V1
TUA20250602001876,T000048,,"O titular fica sujeito, de acordo com o Decreto-Lei n.º 97/2008, de 11 de junho, na sua redação atual, ao pagamento da Taxa de Recursos Hídricos (TRH) calculada de acordo com a seguinte fórmula: TRH = E + O, em que E – descarga de efluentes e O – ocupação do domínio público hídrico do Estado, se aplicável.",,L075151.2025.RH6.V1
TUA20250602001876,T000049,,A matéria tributável da componente E é determinada com base no Anexo – Programa de autocontrolo a implementar.,,L075151.2025.RH6.V1
TUA20250602001876,T000050,,"Sem prejuízo das sanções aplicáveis, sempre que o registo atualizado dos valores do autocontrolo, referido no ponto 4 que antecede, não seja entregue com a periodicidade definida na Licença, a componente E será calculada tendo por base as características do efluente bruto estabelecidas no projeto de execução da ETAR ou incluídas na presente licença.",,L075151.2025.RH6.V1
TUA20250602001876,T000051,,"O pagamento da taxa de recursos hídricos devida é efetuado no ano seguinte àquele a que a taxa respeite até ao termo disposto na Nota de Liquidação respetiva e deve ser feito de acordo com o previsto no número 4 do artigo 16.º do Decreto-Lei n.º 97/2008, de 11 de junho, na sua redação atual.",,L075151.2025.RH6.V1
TUA20250602001876,T000052,,"A falta de pagamento atempado fica sujeito a juros de mora à taxa legal em vigor, conforme dispõe o número 5 do artigo 16.º do Decreto-Lei n.º 97/2008, de 11 de junho, na sua redação atual.",,L075151.2025.RH6.V1
TUA20250602001876,T000053,,"Para efeitos de fiscalização ou inspeção, o titular fica obrigado a facultar, às Entidades Competentes, esta licença, bem como o acesso à área, construções e equipamentos a ela associados e aos registos detalhados do controlo da operação do sistema de tratamento.",,L075151.2025.RH6.V1
TUA20250602001876,T000054,,"As despesas com vistorias extraordinárias inerentes à emissão desta licença, ou as que resultarem de reclamações justificadas, serão suportadas pelo seu titular.",,L075151.2025.RH6.V1
TUA20250602001876,T000055,,"A presente licença pode ser revista ou revogada nos casos previstos nos artigos 28.º e 32.º do Decreto-Lei n.º 226-A/2007, de 31 de maio.",,L075151.2025.RH6.V1
TUA20250602001876,T000056,,"A Entidade Licenciadora reserva-se o direito de restringir excecionalmente o regime de utilização dos recursos hídricos agora atribuído, nomeadamente na decorrência de secas, cheias e acidentes, nos termos da presente licença e no regime legal aplicável.",,L075151.2025.RH6.V1
TUA20250602001876,T000057,,"A licença só poderá ser transmitida mediante autorização da entidade licenciadora de acordo com o disposto no artigo 26º do Decreto-Lei n.º 226-A/2007, de 31 de maio.",,L075151.2025.RH6.V1
TUA20250602001876,T000058,,"A licença só poderá ser transacionada e temporariamente cedida mediante autorização da Entidade Licenciadora de acordo com o disposto no artigo 27.º do Decreto-Lei n.º 226-A/2007, de 31 de maio.",,L075151.2025.RH6.V1
TUA20250602001876,T000059,,"A licença caduca nas condições previstas no presente título e no artigo 33.º do Decreto-Lei n.º 226-A/2007, de 31 de maio.",,L075151.2025.RH6.V1
TUA20250602001876,T000060,,"O titular pode, caso se mantenham as condições que determinaram a sua atribuição, solicitar a renovação desta licença, no prazo de 6 meses antes",,L075151.2025.RH6.V1
TUA20250602001876,Código,,,Condição,Código Utilização
TUA20250602001876,,,,do seu termo.,
TUA20250602001876,T000061,,,"O titular fica obrigado a informar a Entidade Licenciadora, no prazo máximo de 24 horas, de qualquer acidente ou anomalia ocorrido nas instalações que afete o cumprimento das condições indicadas nesta licença bem como das medidas já implementadas e/ou previstas para correção da situação.",L075151.2025.RH6.V1
TUA20250602001876,T000062,,,As vistorias que sejam realizadas pela Entidade Licenciadora na sequência dos episódios abrangidos no ponto que antecede são suportadas pelo utilizador.,L075151.2025.RH6.V1
TUA20250602001876,T000063,,,"Em caso de incumprimento da presente licença, o titular fica sujeito às sanções previstas no Decreto-Lei n.º 226-A/2007, de 31 de maio.",L075151.2025.RH6.V1
TUA20250602001876,T000064,,,"O titular deverá respeitar todas as leis e regulamentos aplicáveis e munir-se de quaisquer outras autorizações, licenças e registos legalmente exigíveis.",L075151.2025.RH6.V1
TUA20250722002408,T000043,,"Em caso de incumprimento da presente licença, o titular fica sujeito às sanções previstas no Decreto-Lei n.º 226-A/2007, de 31 de maio.",,L017803.2020.RH4A.V1
TUA20250722002408,T000044,,A matéria tributável da componente E é determinada com base no programa de autocontrolo a implementar.,,L017803.2020.RH4A.V1
TUA20250722002408,T000045,,"As despesas com vistorias extraordinárias inerentes à emissão desta licença, ou as que resultarem de reclamações justificadas, serão suportadas pelo seu titular.",,L017803.2020.RH4A.V1
TUA20250722002408,T000046,,"O titular pode, caso se mantenham as condições que determinaram a sua atribuição, solicitar a renovação desta licença, no prazo de 6 meses antes do seu termo.",,L017803.2020.RH4A.V1
TUA20250722002408,T000047,,"A licença só poderá ser transmitida mediante autorização da entidade licenciadora de acordo com o disposto no artigo 26º do Decreto-Lei n.º 226-A/2007, de 31 de maio.",,L017803.2020.RH4A.V1
TUA20250722002408,T000048,,"Para efeitos de fiscalização ou inspeção, o titular fica obrigado a facultar, às Entidades Competentes, esta licença, bem como o acesso à área, construções e equipamentos a ela associados e aos registos detalhados do controlo da operação do sistema de tratamento.",,L017803.2020.RH4A.V1
TUA20250722002408,T000049,,"O titular fica obrigado a informar a Entidade Licenciadora, no prazo máximo de 24 horas, de qualquer acidente ou anomalia ocorrido nas instalações que afete o cumprimento das condições indicadas nesta licença bem como das medidas já implementadas e/ou previstas para correção da situação.",,L017803.2020.RH4A.V1
TUA20250722002408,T000056,,As vistorias que sejam realizadas pela Entidade Licenciadora na sequência dos episódios abrangidos no ponto que antecede são suportadas pelo utilizador.,,L017803.2020.RH4A.V1
TUA20250722002408,T000050,,"A licença só poderá ser transacionada e temporariamente cedida mediante autorização da Entidade Licenciadora de acordo com o disposto no artigo 27.º do Decreto-Lei n.º 226-A/2007, de 31 de maio.",,L017803.2020.RH4A.V1
TUA20250722002408,T000051,,"A licença caduca nas condições previstas no presente título e no artigo 33.º do Decreto-Lei n.º 226-A/2007, de 31 de maio.",,L017803.2020.RH4A.V1
TUA20250722002408,T000052,,"O titular fica sujeito, de acordo com o Decreto-Lei n.º 97/2008, de 11 de junho, na sua redação atual, ao pagamento da Taxa de Recursos Hídricos (TRH) calculada de acordo com a seguinte fórmula: TRH = E + O, em que E – descarga de efluentes e O – ocupação do domínio público hídrico do Estado, se aplicável.",,L017803.2020.RH4A.V1
TUA20250722002408,T000053,,"A presente licença pode ser revista ou revogada nos casos previstos nos artigos 28.º e 32.º do Decreto-Lei n.º 226-A/2007, de 31 de maio.",,L017803.2020.RH4A.V1
TUA20250722002408,,,"O titular obriga-se a cumprir o disposto na presente licença, em todas as leis e regulamentos vigentes, na parte em que lhe for aplicável, bem como",,
TUA20250722002408,Código,,,Condição,Código Utilização
TUA20250722002408,T000054,,,"outras normas ou regulamentos que venham a ser posteriormente aprovados e a entrar em vigor, quer as suas disposições se harmonizem ou não com os direitos e obrigações que à presente licença sejam aplicáveis.",L017803.2020.RH4A.V1
TUA20250722002408,T000055,,,"Sem prejuízo das sanções aplicáveis, sempre que o registo atualizado dos valores do autocontrolo não seja entregue com a periodicidade definida na Licença, a componente E será calculada tendo por base as características do efluente bruto estabelecidas no projeto de execução da ETAR ou incluídas na presente licença.",L017803.2020.RH4A.V1
TUA20250722002408,T000057,,,"O pagamento da taxa de recursos hídricos devida é efetuado no ano seguinte àquele a que a taxa respeite até ao termo disposto na Nota de Liquidação respetiva e deve ser feito de acordo com o previsto no número 4 do artigo 16.º do Decreto-Lei n.º 97/2008, de 11 de junho, na sua redação atual.",L017803.2020.RH4A.V1
TUA20250722002408,T000058,,,"A falta de pagamento atempado fica sujeito a juros de mora à taxa legal em vigor, conforme dispõe o número 5 do artigo 16.º do Decreto-Lei n.º 97/2008, de 11 de junho, na sua redação atual.",L017803.2020.RH4A.V1
TUA20250722002408,T000059,,,"A rejeição de águas residuais será exclusivamente realizada no local e nas condições indicadas nesta licença, não estando autorizadas quaisquer outras descargas de efluentes, e não podendo o objeto da presente licença ser alterado sem prévia autorização da Entidade Licenciadora.",L017803.2020.RH4A.V1
TUA20250722002408,T000060,,,"O titular deverá respeitar todas as leis e regulamentos aplicáveis e munir-se de quaisquer outras autorizações, licenças e registos legalmente exigíveis.",L017803.2020.RH4A.V1
TUA20250722002408,T000061,,,"A Entidade Licenciadora reserva-se o direito de restringir excecionalmente o regime de utilização dos recursos hídricos agora atribuído, nomeadamente na decorrência de secas, cheias e acidentes, nos termos da presente licença e no regime legal aplicável.",L017803.2020.RH4A.V1
TUA20260202000317,T000021,,"Em caso de incumprimento da presente licença, o titular fica sujeito às sanções previstas no Decreto-Lei n.º 226-A/2007, de 31 de maio.",,L014337.2019.RH5A.V1
