Nº TUA,Parâmetro,ParamKey,Chave,VLE (% mín. redução),VLE,VLE mín,VLE máx,Carga máx. admissível (kg/dia),Legislação aplicável,Avaliação da Conformidade Legal,Observações,Frequência de amostragem,Tipo de amostragem,"Critério 1
Média mensal =< VLE
Média anual =< VLE","Critério 2
Valor máximo observado ≤ ao dobro do VLE
","Critério 3
Borlas - Quadro III DL 152/97","Critério 4
Valor Máximo Observado não superior a xx% VLE
Valor Máximo Observado não superior a xx% VLE para SST","Critério 5
Média anual ≤ VLE","Critério 6
O valor máximo observado durante o mês de laboração não pode ultrapassar uma ordem de grandeza do valor limite que lhe corresponde.","Critério 7
Nenhuma amostra poderá se encontrar fora do intervalo 5,0 -10,0"
TUA20220411000574,Carência Química de Oxigénio (mg/L O2),CQO,TUA20220411000574|CQO,,150,,150.0,,"Abordagem combinada de acordo com o estabelecido no artigo 53.º da Lei nº 58/2005, de 29 de dezembro, na sua redação atual.","Considera-se que as águas residuais tratadas estão conformes com os parâmetros estabelecidos se, para cada um dos parâmetros aplicáveis, individualmente considerados, as amostras revelarem que as águas obedecem à norma de qualidade descrita nesta licença, nos seguintes termos:a) Nenhuma amostra excede o valor paramétrico em mais de 100%; e b) O número máximo anual de amostras não conformes será obtido através de relação estatística similar à aplicável às águas residuais urbanas, descrita no quadro n.º 3 do Anexo I do Decreto-Lei n.º 152/97, de 19 de junho, na sua redação atual.",,Mensal,Composta (i),Média mensal =< VLE; Média anual =< VLE,Valor máximo observado ≤ ao dobro do VLE,Borlas (1); Borlas; Borlas (2),Valor Máximo Observado não superior a 100% VLE,,,
TUA20220411000574,Carência Bioquímica de Oxigénio (mg/L O2),CBO5,TUA20220411000574|CBO5,,40,,40.0,,"Abordagem combinada de acordo com o estabelecido no artigo 53.º da Lei nº 58/2005, de 29 de dezembro, na sua redação atual.","Considera-se que as águas residuais tratadas estão conformes com os parâmetros estabelecidos se, para cada um dos parâmetros aplicáveis, individualmente considerados, as amostras revelarem que as águas obedecem à norma de qualidade descrita nesta licença, nos seguintes termos:a) Nenhuma amostra excede o valor paramétrico em mais de 100%; e b) O número máximo anual de amostras não conformes será obtido através de relação estatística similar à aplicável às águas residuais urbanas, descrita no quadro n.º 3 do Anexo I do Decreto-Lei n.º 152/97, de 19 de junho, na sua redação atual.",,Mensal,Composta (i),Média mensal =< VLE; Média anual =< VLE,Valor máximo observado ≤ ao dobro do VLE,Borlas (1); Borlas; Borlas (2),Valor Máximo Observado não superior a 100% VLE,,,
TUA20220411000574,Sólidos Suspensos Totais (mg/L),SST,TUA20220411000574|SST,,60,,60.0,,"Abordagem combinada de acordo com o estabelecido no artigo 53.º da Lei nº 58/2005, de 29 de dezembro, na sua redação atual.","Considera-se que as águas residuais tratadas estão conformes com os parâmetros estabelecidos se, para cada um dos parâmetros aplicáveis, individualmente considerados, as amostras revelarem que as águas obedecem à norma de qualidade descrita nesta licença, nos seguintes termos:a) Nenhuma amostra excede o valor paramétrico em mais de 100%; e b) O número máximo anual de amostras não conformes será obtido através de relação estatística similar à aplicável às águas residuais urbanas, descrita no quadro n.º 3 do Anexo I do Decreto-Lei n.º 152/97, de 19 de junho, na sua redação atual.",,Mensal,Composta (i),Média mensal =< VLE; Média anual =< VLE,Valor máximo observado ≤ ao dobro do VLE,Borlas; Borlas (2); Borlas (1),Valor Máximo Observado não superior a 150% VLE; Valor Máximo Observado não superior a 100% VLE,,,
TUA20220411000574,pH (Escala de Sörensen),pH,TUA20220411000574|pH,,6 a 9,6.0,9.0,,"Abordagem combinada de acordo com o estabelecido no artigo 53.º da Lei nº 58/2005, de 29 de dezembro, na sua redação atual.","Considera-se que as águas residuais tratadas estão conformes com os parâmetros estabelecidos se, para cada um dos parâmetros aplicáveis, individualmente considerados, as amostras revelarem que as águas obedecem à norma de qualidade descrita nesta licença, nos seguintes termos:a) Nenhuma amostra excede o valor paramétrico em mais de 100%; e b) O número máximo anual de amostras não conformes será obtido através de relação estatística similar à aplicável às águas residuais urbanas, descrita no quadro n.º 3 do Anexo I do Decreto-Lei n.º 152/97, de 19 de junho, na sua redação atual.",,Mensal,Composta (i),Média mensal =< VLE,Valor máximo observado ≤ ao dobro do VLE,Borlas (1); Borlas (2); Borlas,Valor Máximo Observado não superior a 100% VLE,,,5<Valor<10; 5<Valor<10????
TUA20220411000574,Óleos e Gorduras (mg/L),O&G,TUA20220411000574|O&G,,15,,15.0,,"Abordagem combinada de acordo com o estabelecido no artigo 53.º da Lei nº 58/2005, de 29 de dezembro, na sua redação atual.","Considera-se que as águas residuais tratadas estão conformes com os parâmetros estabelecidos se, para cada um dos parâmetros aplicáveis, individualmente considerados, as amostras revelarem que as águas obedecem à norma de qualidade descrita nesta licença, nos seguintes termos:a) Nenhuma amostra excede o valor paramétrico em mais de 100%; e b) O número máximo anual de amostras não conformes será obtido através de relação estatística similar à aplicável às águas residuais urbanas, descrita no quadro n.º 3 do Anexo I do Decreto-Lei n.º 152/97, de 19 de junho, na sua redação atual.",,Trimestral,Pontual,Média mensal =< VLE,Valor máximo observado ≤ ao dobro do VLE,Borlas (2); Borlas; Borlas (1),,,,
TUA20220420000646,pH (Escala de Sörensen),pH,TUA20220420000646|pH,,6 a 9,6.0,9.0,,"Abordagem combinada de acordo com o estabelecido no artigo 53.º da Lei nº 58/2005, de 29 de dezembro, na sua redação atual.","Considera-se que as águas residuais tratadas estão conformes com os parâmetros estabelecidos se, para cada um dos parâmetros aplicáveis, individualmente considerados, as amostras revelarem que as águas obedecem à norma de qualidade descrita nesta licença, nos seguintes termos:a) Nenhuma amostra excede o valor paramétrico em mais de 100%; e b) O número máximo anual de amostras não conformes será obtido através de relação estatística similar à aplicável às águas residuais urbanas, descrita no quadro n.º 3 do Anexo I do Decreto-Lei n.º 152/97, de 19 de junho, na sua redação atual.",,Mensal,Pontual,Média mensal =< VLE,Valor máximo observado ≤ ao dobro do VLE,Borlas (1); Borlas (2); Borlas,Valor Máximo Observado não superior a 100% VLE,,,5<Valor<10; 5<Valor<10????
TUA20220420000646,Carência Química de Oxigénio (mg/L O2),CQO,TUA20220420000646|CQO,,150,,150.0,,"Abordagem combinada de acordo com o estabelecido no artigo 53.º da Lei nº 58/2005, de 29 de dezembro, na sua redação atual.","Considera-se que as águas residuais tratadas estão conformes com os parâmetros estabelecidos se, para cada um dos parâmetros aplicáveis, individualmente considerados, as amostras revelarem que as águas obedecem à norma de qualidade descrita nesta licença, nos seguintes termos:a) Nenhuma amostra excede o valor paramétrico em mais de 100%; e b) O número máximo anual de amostras não conformes será obtido através de relação estatística similar à aplicável às águas residuais urbanas, descrita no quadro n.º 3 do Anexo I do Decreto-Lei n.º 152/97, de 19 de junho, na sua redação atual.",,Mensal,Pontual,Média mensal =< VLE; Média anual =< VLE,Valor máximo observado ≤ ao dobro do VLE,Borlas (1); Borlas; Borlas (2),Valor Máximo Observado não superior a 100% VLE,,,
TUA20220420000646,Carência Bioquímica de Oxigénio (mg/L O2),CBO5,TUA20220420000646|CBO5,,40,,40.0,,"Abordagem combinada de acordo com o estabelecido no artigo 53.º da Lei nº 58/2005, de 29 de dezembro, na sua redação atual.","Considera-se que as águas residuais tratadas estão conformes com os parâmetros estabelecidos se, para cada um dos parâmetros aplicáveis, individualmente considerados, as amostras revelarem que as águas obedecem à norma de qualidade descrita nesta licença, nos seguintes termos:a) Nenhuma amostra excede o valor paramétrico em mais de 100%; e b) O número máximo anual de amostras não conformes será obtido através de relação estatística similar à aplicável às águas residuais urbanas, descrita no quadro n.º 3 do Anexo I do Decreto-Lei n.º 152/97, de 19 de junho, na sua redação atual.",,Mensal,Pontual,Média mensal =< VLE; Média anual =< VLE,Valor máximo observado ≤ ao dobro do VLE,Borlas (1); Borlas; Borlas (2),Valor Máximo Observado não superior a 100% VLE,,,
TUA20220420000646,Sólidos Suspensos Totais (mg/L),SST,TUA20220420000646|SST,,60,,60.0,,"Abordagem combinada de acordo com o estabelecido no artigo 53.º da Lei nº 58/2005, de 29 de dezembro, na sua redação atual.","Considera-se que as águas residuais tratadas estão conformes com os parâmetros estabelecidos se, para cada um dos parâmetros aplicáveis, individualmente considerados, as amostras revelarem que as águas obedecem à norma de qualidade descrita nesta licença, nos seguintes termos:a) Nenhuma amostra excede o valor paramétrico em mais de 100%; e b) O número máximo anual de amostras não conformes será obtido através de relação estatística similar à aplicável às águas residuais urbanas, descrita no quadro n.º 3 do Anexo I do Decreto-Lei n.º 152/97, de 19 de junho, na sua redação atual.",,Mensal,Pontual,Média mensal =< VLE; Média anual =< VLE,Valor máximo observado ≤ ao dobro do VLE,Borlas; Borlas (2); Borlas (1),Valor Máximo Observado não superior a 150% VLE; Valor Máximo Observado não superior a 100% VLE,,,
TUA20220420000646,Óleos e Gorduras (mg/L),O&G,TUA20220420000646|O&G,,15,,15.0,,"Abordagem combinada de acordo com o estabelecido no artigo 53.º da Lei nº 58/2005, de 29 de dezembro, na sua redação atual.","Considera-se que as águas residuais tratadas estão conformes com os parâmetros estabelecidos se, para cada um dos parâmetros aplicáveis, individualmente considerados, as amostras revelarem que as águas obedecem à norma de qualidade descrita nesta licença, nos seguintes termos:a) Nenhuma amostra excede o valor paramétrico em mais de 100%; e b) O número máximo anual de amostras não conformes será obtido através de relação estatística similar à aplicável às águas residuais urbanas, descrita no quadro n.º 3 do Anexo I do Decreto-Lei n.º 152/97, de 19 de junho, na sua redação atual.",,Trimestral,Pontual,Média mensal =< VLE,Valor máximo observado ≤ ao dobro do VLE,Borlas (2); Borlas; Borlas (1),,,,
TUA20220511000842,Carência Bioquímica de Oxigénio (mg/L O2),CBO5,TUA20220511000842|CBO5,,25,,25.0,,"Decreto-Lei nº 152/97, de 19 de junho","Decreto-Lei n.º 152/97, de 19 de junho, com as alterações introduzidas pelos Decretos-Leis n.os 348/98, de 9 de novembro, 149/2004, de 22 de junho e 198/2008, de 8 de outubro: Verificação do n.º mínimo anual de amostras e verificação do n.º máximo de amostras não conformes e verificação do desvio aos valores paramétricos.",,Quinzenal,Composta (ii),Média mensal =< VLE; Média anual =< VLE,Valor máximo observado ≤ ao dobro do VLE,Borlas (1); Borlas; Borlas (2),Valor Máximo Observado não superior a 100% VLE,,,
TUA20220511000842,Carência Química de Oxigénio (mg/L O2),CQO,TUA20220511000842|CQO,,125,,125.0,,"Decreto-Lei nº 152/97, de 19 de junho","Decreto-Lei n.º 152/97, de 19 de junho, com as alterações introduzidas pelos Decretos-Leis n.os 348/98, de 9 de novembro, 149/2004, de 22 de junho e 198/2008, de 8 de outubro: Verificação do n.º mínimo anual de amostras e verificação do n.º máximo de amostras não conformes e verificação do desvio aos valores paramétricos.",,Quinzenal,Composta (ii),Média mensal =< VLE; Média anual =< VLE,Valor máximo observado ≤ ao dobro do VLE,Borlas (1); Borlas; Borlas (2),Valor Máximo Observado não superior a 100% VLE,,,
TUA20220511000842,pH (Escala de Sörensen),pH,TUA20220511000842|pH,,6 - 9,6.0,9.0,,"Anexo XVIII do Decreto-Lei nº 236/98, de 1 de agosto","De acordo com o nº6 do artigo 69o do Decreto-Lei nº 236/98, de 1 de Agosto.",,Quinzenal,Composta (ii),Média mensal =< VLE,Valor máximo observado ≤ ao dobro do VLE,Borlas (1); Borlas (2); Borlas,Valor Máximo Observado não superior a 100% VLE,,,5<Valor<10; 5<Valor<10????
TUA20220511000842,Sólidos Suspensos Totais (mg/L),SST,TUA20220511000842|SST,,60,,60.0,,"Decreto-Lei nº 152/97, de 19 de junho","Decreto-Lei n.º 152/97, de 19 de junho, com as alterações introduzidas pelos Decretos-Leis n.os 348/98, de 9 de novembro, 149/2004, de 22 de junho e 198/2008, de 8 de outubro: Verificação do n.º mínimo anual de amostras e verificação do n.º máximo de amostras não conformes e verificação do desvio aos valores paramétricos.",,Quinzenal,Composta (ii),Média mensal =< VLE; Média anual =< VLE,Valor máximo observado ≤ ao dobro do VLE,Borlas; Borlas (2); Borlas (1),Valor Máximo Observado não superior a 150% VLE; Valor Máximo Observado não superior a 100% VLE,,,
TUA20220511000844,Carência Bioquímica de Oxigénio (mg/L O2),CBO5,TUA20220511000844|CBO5,,40,,40.0,,"Anexo XVIII do Decreto-Lei nº 236/98, de 1 de agosto","De acordo com o nº6 do artigo 69o do Decreto-Lei nº 236/98, de 1 de Agosto. Verificação do n.º mínimo anual de amostras e verificação do n.º máximo de amostras não conformes e verificação do desvio aos valores paramétricos.",,Mensal,Pontual,Média mensal =< VLE; Média anual =< VLE,Valor máximo observado ≤ ao dobro do VLE,Borlas (1); Borlas; Borlas (2),Valor Máximo Observado não superior a 100% VLE,,,
TUA20220511000844,Carência Química de Oxigénio (mg/L O2),CQO,TUA20220511000844|CQO,,150,,150.0,,"Anexo XVIII do Decreto-Lei nº 236/98, de 1 de agosto","De acordo com o nº6 do artigo 69o do Decreto-Lei nº 236/98, de 1 de Agosto. Verificação do n.º mínimo anual de amostras e verificação do n.º máximo de amostras não conformes e verificação do desvio aos valores paramétricos.",,Mensal,Pontual,Média mensal =< VLE; Média anual =< VLE,Valor máximo observado ≤ ao dobro do VLE,Borlas (1); Borlas; Borlas (2),Valor Máximo Observado não superior a 100% VLE,,,
TUA20220511000844,pH (Escala de Sörensen),pH,TUA20220511000844|pH,,6 - 9,6.0,9.0,,"Anexo XVIII do Decreto-Lei nº 236/98, de 1 de agosto","De acordo com o nº6 do artigo 69o do Decreto-Lei nº 236/98, de 1 de Agosto. Verificação do n.º mínimo anual de amostras e verificação do n.º máximo de amostras não conformes e verificação do desvio aos valores paramétricos.",,Mensal,Pontual,Média mensal =< VLE,Valor máximo observado ≤ ao dobro do VLE,Borlas (1); Borlas (2); Borlas,Valor Máximo Observado não superior a 100% VLE,,,5<Valor<10; 5<Valor<10????
TUA20220511000845,pH (Escala de Sörensen),pH,TUA20220511000845|pH,,6-9,6.0,9.0,,"Anexo XVIII do Decreto-Lei nº 236/98, de 1 de agosto","De acordo com o nº6 do artigo 69o do Decreto-Lei nº 236/98, de 1 de Agosto. Verificação do n.º mínimo anual de amostras e verificação do n.º máximo de amostras não conformes e verificação do desvio aos valores paramétricos.",,Mensal,Composta (ii),Média mensal =< VLE,Valor máximo observado ≤ ao dobro do VLE,Borlas (1); Borlas (2); Borlas,Valor Máximo Observado não superior a 100% VLE,,,5<Valor<10; 5<Valor<10????
TUA20220511000845,Carência Bioquímica de Oxigénio (mg/L O2),CBO5,TUA20220511000845|CBO5,,40,,40.0,,"Anexo XVIII do Decreto-Lei nº 236/98, de 1 de agosto","De acordo com o nº6 do artigo 69o do Decreto-Lei nº 236/98, de 1 de Agosto. Verificação do n.º mínimo anual de amostras e verificação do n.º máximo de amostras não conformes e verificação do desvio aos valores paramétricos.",,Mensal,Composta (ii),Média mensal =< VLE; Média anual =< VLE,Valor máximo observado ≤ ao dobro do VLE,Borlas (1); Borlas; Borlas (2),Valor Máximo Observado não superior a 100% VLE,,,
TUA20220511000845,Carência Química de Oxigénio (mg/L O2),CQO,TUA20220511000845|CQO,,150,,150.0,,"Anexo XVIII do Decreto-Lei nº 236/98, de 1 de agosto","De acordo com o nº6 do artigo 69o do Decreto-Lei nº 236/98, de 1 de Agosto. Verificação do n.º mínimo anual de amostras e verificação do n.º máximo de amostras não conformes e verificação do desvio aos valores paramétricos.",,Mensal,Composta (ii),Média mensal =< VLE; Média anual =< VLE,Valor máximo observado ≤ ao dobro do VLE,Borlas (1); Borlas; Borlas (2),Valor Máximo Observado não superior a 100% VLE,,,
TUA20220511000845,Sólidos Suspensos Totais (mg/L),SST,TUA20220511000845|SST,,60,,60.0,,"Anexo XVIII do Decreto-Lei nº 236/98, de 1 de agosto","De acordo com o nº6 do artigo 69o do Decreto-Lei nº 236/98, de 1 de Agosto. Verificação do n.º mínimo anual de amostras e verificação do n.º máximo de amostras não conformes e verificação do desvio aos valores paramétricos.",,Mensal,Composta (ii),Média mensal =< VLE; Média anual =< VLE,Valor máximo observado ≤ ao dobro do VLE,Borlas; Borlas (2); Borlas (1),Valor Máximo Observado não superior a 150% VLE; Valor Máximo Observado não superior a 100% VLE,,,
TUA20220718001522,pH (Escala de Sörensen),pH,TUA20220718001522|pH,,6 a 9,6.0,9.0,,"Abordagem combinada de acordo com o estabelecido no artigo 53.º da Lei nº 58/2005, de 29 de dezembro, na sua redação atual.","Considera-se que as águas residuais tratadas estão conformes com os parâmetros estabelecidos se, para cada um dos parâmetros aplicáveis, individualmente considerados, as amostras revelarem que as águas obedecem à norma de qualidade descrita nesta licença, nos seguintes termos:a) Nenhuma amostra excede o valor paramétrico em mais de 100%; e b) O número máximo anual de amostras não conformes será obtido através de relação estatística similar à aplicável às águas residuais urbanas, descrita no quadro n.º 3 do Anexo I do Decreto-Lei n.º 152/97, de 19 de junho, na sua redação atual.",,Mensal,Composta (i),Média mensal =< VLE,Valor máximo observado ≤ ao dobro do VLE,Borlas (1); Borlas (2); Borlas,Valor Máximo Observado não superior a 100% VLE,,,5<Valor<10; 5<Valor<10????
TUA20220718001522,Carência Química de Oxigénio (mg/L O2),CQO,TUA20220718001522|CQO,,125,,125.0,,"Abordagem combinada de acordo com o estabelecido no artigo 53.º da Lei nº 58/2005, de 29 de dezembro, na sua redação atual, conjugada com o Decreto-Lei nº 152/97, de 19 de junho com as alterações introduzidas pelos Decreto-Lei nº 172/2001, de 26 de maio; Decreto-Lei nº 149/2004, de 22 de junho; Decreto-Lei n.º 198/2008, de 8 de outubro; Decreto-Lei n.º 133/2015, de 13 de julho e Decreto-Lei n.º 77/2021, de 27 de agosto.","Considera-se que as águas residuais tratadas estão conformes com os parâmetros estabelecidos se, para cada um dos parâmetros aplicáveis, individualmente considerados, as amostras revelarem que as águas obedecem à norma de qualidade descrita nesta licença, nos seguintes termos:a) Nenhuma amostra excede o valor paramétrico em mais de 100%; e b) O número máximo anual de amostras não conformes será obtido através de relação estatística similar à aplicável às águas residuais urbanas, descrita no quadro n.º 3 do Anexo I do Decreto-Lei n.º 152/97, de 19 de junho, na sua redação atual.",,Mensal,Composta (i),Média mensal =< VLE; Média anual =< VLE,Valor máximo observado ≤ ao dobro do VLE,Borlas (1); Borlas; Borlas (2),Valor Máximo Observado não superior a 100% VLE,,,
TUA20220718001522,Carência Bioquímica de Oxigénio (mg/L O2),CBO5,TUA20220718001522|CBO5,,25,,25.0,,"Abordagem combinada de acordo com o estabelecido no artigo 53.º da Lei nº 58/2005, de 29 de dezembro, na sua redação atual, conjugada com o Decreto-Lei nº 152/97, de 19 de junho com as alterações introduzidas pelos Decreto-Lei nº 172/2001, de 26 de maio; Decreto-Lei nº 149/2004, de 22 de junho; Decreto-Lei n.º 198/2008, de 8 de outubro; Decreto-Lei n.º 133/2015, de 13 de julho e Decreto-Lei n.º 77/2021, de 27 de agosto.","Considera-se que as águas residuais tratadas estão conformes com os parâmetros estabelecidos se, para cada um dos parâmetros aplicáveis, individualmente considerados, as amostras revelarem que as águas obedecem à norma de qualidade descrita nesta licença, nos seguintes termos:a) Nenhuma amostra excede o valor paramétrico em mais de 100%; e b) O número máximo anual de amostras não conformes será obtido através de relação estatística similar à aplicável às águas residuais urbanas, descrita no quadro n.º 3 do Anexo I do Decreto-Lei n.º 152/97, de 19 de junho, na sua redação atual.",,Mensal,Composta (i),Média mensal =< VLE; Média anual =< VLE,Valor máximo observado ≤ ao dobro do VLE,Borlas (1); Borlas; Borlas (2),Valor Máximo Observado não superior a 100% VLE,,,
TUA20220718001522,Sólidos Suspensos Totais (mg/L),SST,TUA20220718001522|SST,,35,,35.0,,"Abordagem combinada de acordo com o estabelecido no artigo 53.º da Lei nº 58/2005, de 29 de dezembro, na sua redação atual, conjugada com o Decreto-Lei nº 152/97, de 19 de junho com as alterações introduzidas pelos Decreto-Lei nº 172/2001, de 26 de maio; Decreto-Lei nº 149/2004, de 22 de junho; Decreto-Lei n.º 198/2008, de 8 de outubro; Decreto-Lei n.º 133/2015, de 13 de julho e Decreto-Lei n.º 77/2021, de 27 de agosto.","Considera-se que as águas residuais tratadas estão conformes com os parâmetros estabelecidos se, para cada um dos parâmetros aplicáveis, individualmente considerados, as amostras revelarem que as águas obedecem à norma de qualidade descrita nesta licença, nos seguintes termos:a) Nenhuma amostra excede o valor paramétrico em mais de 100%; e b) O número máximo anual de amostras não conformes será obtido através de relação estatística similar à aplicável às águas residuais urbanas, descrita no quadro n.º 3 do Anexo I do Decreto-Lei n.º 152/97, de 19 de junho, na sua redação atual.",,Mensal,Composta (i),Média mensal =< VLE; Média anual =< VLE,Valor máximo observado ≤ ao dobro do VLE,Borlas; Borlas (2); Borlas (1),Valor Máximo Observado não superior a 150% VLE; Valor Máximo Observado não superior a 100% VLE,,,
TUA20220718001522,Óleos e Gorduras (mg/L),O&G,TUA20220718001522|O&G,,15,,15.0,,"Abordagem combinada de acordo com o estabelecido no artigo 53.º da Lei nº 58/2005, de 29 de dezembro, na sua redação atual.","Considera-se que as águas residuais tratadas estão conformes com os parâmetros estabelecidos se, para cada um dos parâmetros aplicáveis, individualmente considerados, as amostras revelarem que as águas obedecem à norma de qualidade descrita nesta licença, nos seguintes termos:a) Nenhuma amostra excede o valor paramétrico em mais de 100%; e b) O número máximo anual de amostras não conformes será obtido através de relação estatística similar à aplicável às águas residuais urbanas, descrita no quadro n.º 3 do Anexo I do Decreto-Lei n.º 152/97, de 19 de junho, na sua redação atual.",,Trimestral,Pontual,Média mensal =< VLE,Valor máximo observado ≤ ao dobro do VLE,Borlas (2); Borlas; Borlas (1),,,,
TUA20220718001522,Azoto total (mg/L N),N,TUA20220718001522|N,,15,,15.0,,"Abordagem combinada de acordo com o estabelecido no artigo 53.º da Lei nº 58/2005, de 29 de dezembro, na sua redação atual.","Considera-se que as águas residuais tratadas estão conformes com os parâmetros estabelecidos se, para cada um dos parâmetros aplicáveis, individualmente considerados, as amostras revelarem que as águas obedecem à norma de qualidade descrita nesta licença, nos seguintes termos:a) Nenhuma amostra excede o valor paramétrico em mais de 100%; e b) O número máximo anual de amostras não conformes será obtido através de relação estatística similar à aplicável às águas residuais urbanas, descrita no quadro n.º 3 do Anexo I do Decreto-Lei n.º 152/97, de 19 de junho, na sua redação atual.",,Trimestral,Composta (i),Média mensal =< VLE,Valor máximo observado ≤ ao dobro do VLE,,,Média anual ≤ VLE,,
TUA20220718001522,Fósforo total (mg/L P),P,TUA20220718001522|P,,10,,10.0,,"Abordagem combinada de acordo com o estabelecido no artigo 53.º da Lei nº 58/2005, de 29 de dezembro, na sua redação atual.","Considera-se que as águas residuais tratadas estão conformes com os parâmetros estabelecidos se, para cada um dos parâmetros aplicáveis, individualmente considerados, as amostras revelarem que as águas obedecem à norma de qualidade descrita nesta licença, nos seguintes termos:a) Nenhuma amostra excede o valor paramétrico em mais de 100%; e b) O número máximo anual de amostras não conformes será obtido através de relação estatística similar à aplicável às águas residuais urbanas, descrita no quadro n.º 3 do Anexo I do Decreto-Lei n.º 152/97, de 19 de junho, na sua redação atual.",,Trimestral,Composta (i),,,Borlas,Valor Máximo Observado não superior a 100% VLE,Média anual ≤ VLE,,
TUA20220718001522,Escherichia coli (ufc/100 mL),Escherichia coli (ufc/100 mL),TUA20220718001522|Escherichia coli (ufc/100 mL),,2000,,2000.0,,"Abordagem combinada de acordo com o estabelecido no artigo 53.º da Lei nº 58/2005, de 29 de dezembro, na sua redação atual.","Considera-se que as águas residuais tratadas estão conformes com os parâmetros estabelecidos se, para cada um dos parâmetros aplicáveis, individualmente considerados, as amostras revelarem que as águas obedecem à norma de qualidade descrita nesta licença, nos seguintes termos:a) Nenhuma amostra excede o valor paramétrico em mais de 100%; e b) O número máximo anual de amostras não conformes será obtido através de relação estatística similar à aplicável às águas residuais urbanas, descrita no quadro n.º 3 do Anexo I do Decreto-Lei n.º 152/97, de 19 de junho, na sua redação atual.",,Mensal,Pontual,Média mensal =< VLE; Média anual =< VLE,Valor máximo observado ≤ ao dobro do VLE,Borlas (2); Borlas,Valor Máximo Observado não superior a 100% VLE,,Ordem de grandeza,
TUA20220720001537,pH (Escala de Sörensen),pH,TUA20220720001537|pH,,6 a 9,6.0,9.0,,"Abordagem combinada de acordo com o estabelecido no artigo 53.º da Lei nº 58/2005, de 29 de dezembro, na sua redação atual.","Considera-se que as águas residuais tratadas estão conformes para o parâmetro pH, se as amostras revelarem que as águas obedecem à norma de qualidade descrita nesta licença, nos seguintes termos: :a) Nenhuma amostra poderá se encontrar fora do intervalo 5,0 -10,0, eb) O número máximo anual de amostras não conformes será obtido através de relação estatística similar à aplicável às águas residuais urbanas, descrita b) O número máximo anual de amostras não conformes será obtido através de relação estatística similar à aplicável às águas residuais urbanas, descrita no quadro n.º 3 do Anexo I do Decreto-Lei n.º 152/97, de 19 de junho, na sua redação atual.",,Mensal,Composta (i),Média mensal =< VLE,Valor máximo observado ≤ ao dobro do VLE,Borlas (1); Borlas (2); Borlas,Valor Máximo Observado não superior a 100% VLE,,,5<Valor<10; 5<Valor<10????
TUA20220720001537,Carência Química de Oxigénio (mg/L O2),CQO,TUA20220720001537|CQO,,125,,125.0,,"Abordagem combinada de acordo com o estabelecido no artigo 53.º da Lei nº 58/2005, de 29 de dezembro, na sua redação atual, conjugada com o Decreto-Lei nº 152/97, de 19 de junho com as alterações introduzidas pelos Decreto-Lei nº 172/2001, de 26 de maio; Decreto-Lei nº 149/2004, de 22 de junho; Decreto-Lei n.º 198/2008, de 8 de outubro; Decreto-Lei n.º 133/2015, de 13 de julho e Decreto-Lei n.º 77/2021, de 27 de agosto.","A verificação da conformidade dos parâmetros CBO5, CQO e SST com Valor Limite de Emissão (VLE) estabelecido de acordo com Decreto-Lei n.º 152/97, de 19 de junho, na sua redação atual, é realizada de acordo com o definido na alínea D) do Anexo I do mesmo diploma.",,Mensal,Composta (i),Média mensal =< VLE; Média anual =< VLE,Valor máximo observado ≤ ao dobro do VLE,Borlas (1); Borlas; Borlas (2),Valor Máximo Observado não superior a 100% VLE,,,
TUA20220720001537,Carência Bioquímica de Oxigénio (mg/L O2),CBO5,TUA20220720001537|CBO5,,25,,25.0,,"Abordagem combinada de acordo com o estabelecido no artigo 53.º da Lei nº 58/2005, de 29 de dezembro, na sua redação atual, conjugada com o Decreto-Lei nº 152/97, de 19 de junho com as alterações introduzidas pelos Decreto-Lei nº 172/2001, de 26 de maio; Decreto-Lei nº 149/2004, de 22 de junho; Decreto-Lei n.º 198/2008, de 8 de outubro; Decreto-Lei n.º 133/2015, de 13 de julho e Decreto-Lei n.º 77/2021, de 27 de agosto.","A verificação da conformidade dos parâmetros CBO5, CQO e SST com Valor Limite de Emissão (VLE) estabelecido de acordo com Decreto-Lei n.º 152/97, de 19 de junho, na sua redação atual, é realizada de acordo com o definido na alínea D) do Anexo I do mesmo diploma.",,Mensal,Composta (i),Média mensal =< VLE; Média anual =< VLE,Valor máximo observado ≤ ao dobro do VLE,Borlas (1); Borlas; Borlas (2),Valor Máximo Observado não superior a 100% VLE,,,
TUA20220720001537,Sólidos Suspensos Totais (mg/L),SST,TUA20220720001537|SST,,35,,35.0,,"Abordagem combinada de acordo com o estabelecido no artigo 53.º da Lei nº 58/2005, de 29 de dezembro, na sua redação atual, conjugada com o Decreto-Lei nº 152/97, de 19 de junho com as alterações introduzidas pelos Decreto-Lei nº 172/2001, de 26 de maio; Decreto-Lei nº 149/2004, de 22 de junho; Decreto-Lei n.º 198/2008, de 8 de outubro; Decreto-Lei n.º 133/2015, de 13 de julho e Decreto-Lei n.º 77/2021, de 27 de agosto.","A verificação da conformidade dos parâmetros CBO5, CQO e SST com Valor Limite de Emissão (VLE) estabelecido de acordo com Decreto-Lei n.º 152/97, de 19 de junho, na sua redação atual, é realizada de acordo com o definido na alínea D) do Anexo I do mesmo diploma.",,Mensal,Composta (i),Média mensal =< VLE; Média anual =< VLE,Valor máximo observado ≤ ao dobro do VLE,Borlas; Borlas (2); Borlas (1),Valor Máximo Observado não superior a 150% VLE; Valor Máximo Observado não superior a 100% VLE,,,
TUA20220720001537,Óleos e Gorduras (mg/L),O&G,TUA20220720001537|O&G,,15,,15.0,,"Abordagem combinada de acordo com o estabelecido no artigo 53.º da Lei nº 58/2005, de 29 de dezembro, na sua redação atual.","Considera-se que as águas residuais tratadas estão conformes com os parâmetros estabelecidos se, para cada um dos parâmetros aplicáveis, individualmente considerados, as amostras revelarem que as águas obedecem à norma de qualidade descrita nesta licença, nos seguintes termos:a) Nenhuma amostra excede o valor paramétrico em mais de 100%; e b) O número máximo anual de amostras não conformes será obtido através de relação estatística similar à aplicável às águas residuais urbanas, descrita no quadro n.º 3 do Anexo I do Decreto-Lei n.º 152/97, de 19 de junho, na sua redação atual.",,Trimestral,Pontual,Média mensal =< VLE,Valor máximo observado ≤ ao dobro do VLE,Borlas (2); Borlas; Borlas (1),,,,
TUA20220720001537,Azoto total (mg/L N),N,TUA20220720001537|N,,15,,15.0,,"Abordagem combinada de acordo com o estabelecido no artigo 53.º da Lei nº 58/2005, de 29 de dezembro, na sua redação atual.","Considera-se que as águas residuais tratadas estão conformes com os parâmetros estabelecidos se, para cada um dos parâmetros aplicáveis, individualmente considerados, as amostras revelarem que as águas obedecem à norma de qualidade descrita nesta licença, nos seguintes termos:a) Nenhuma amostra excede o valor paramétrico em mais de 100%; e b) O número máximo anual de amostras não conformes será obtido através de relação estatística similar à aplicável às águas residuais urbanas, descrita no quadro n.º 3 do Anexo I do Decreto-Lei n.º 152/97, de 19 de junho, na sua redação atual.",,Trimestral,Composta (i),Média mensal =< VLE,Valor máximo observado ≤ ao dobro do VLE,,,Média anual ≤ VLE,,
TUA20220720001537,Fósforo total (mg/L P),P,TUA20220720001537|P,,10,,10.0,,"Abordagem combinada de acordo com o estabelecido no artigo 53.º da Lei nº 58/2005, de 29 de dezembro, na sua redação atual.","Considera-se que as águas residuais tratadas estão conformes com os parâmetros estabelecidos se, para cada um dos parâmetros aplicáveis, individualmente considerados, as amostras revelarem que as águas obedecem à norma de qualidade descrita nesta licença, nos seguintes termos:a) Nenhuma amostra excede o valor paramétrico em mais de 100%; e b) O número máximo anual de amostras não conformes será obtido através de relação estatística similar à aplicável às águas residuais urbanas, descrita no quadro n.º 3 do Anexo I do Decreto-Lei n.º 152/97, de 19 de junho, na sua redação atual.",,Trimestral,Composta (i),,,Borlas,Valor Máximo Observado não superior a 100% VLE,Média anual ≤ VLE,,
TUA20220720001537,Escherichia coli (ufc/100 mL),Escherichia coli (ufc/100 mL),TUA20220720001537|Escherichia coli (ufc/100 mL),,2000,,2000.0,,"Abordagem combinada de acordo com o estabelecido no artigo 53.º da Lei nº 58/2005, de 29 de dezembro, na sua redação atual.","Para os parâmetros microbiológicos, o valor máximo observado, em amostras não conformes, durante o ano em análise não ultrapassa uma ordem de grandeza do valor limite que lhe corresponde nos casos em que o VLE seja igual ou superior a 1000 ufc/100mL ou NMP/100mL. Nas situações em que o VLE é inferior a 1000 ufc/100mL ou NMP/100mL, o valor máximo observado não ultrapassa o dobro do VLE que lhe corresponde. O número máximo anual de amostras não conformes será obtido através de relação estatística similar à aplicável às águas residuais urbanas, descrita no quadro n.º 3, do Anexo I, do Decreto-Lei n.º 152/97, de 19 de junho, na sua redação atual.",,Mensal,Pontual,Média mensal =< VLE; Média anual =< VLE,Valor máximo observado ≤ ao dobro do VLE,Borlas (2); Borlas,Valor Máximo Observado não superior a 100% VLE,,Ordem de grandeza,
TUA20220720001538,pH (Escala de Sörensen),pH,TUA20220720001538|pH,,6 a 9,6.0,9.0,,"Abordagem combinada de acordo com o estabelecido no artigo 53.º da Lei nº 58/2005, de 29 de dezembro, na sua redação atual.","Considera-se que as águas residuais tratadas estão conformes para o parâmetro pH, se as amostras revelarem que as águas obedecem à norma de qualidade descrita nesta licença, nos seguintes termos: :a) Nenhuma amostra poderá se encontrar fora do intervalo 5,0 -10,0, eb) O número máximo anual de amostras não conformes será obtido através de relação estatística similar à aplicável às águas residuais urbanas, descrita no quadro n.º 3 do Anexo I do Decreto-Lei n.º 152/97, de 19 de junho, na sua redação atual.",,Mensal,Composta (i),Média mensal =< VLE,Valor máximo observado ≤ ao dobro do VLE,Borlas (1); Borlas (2); Borlas,Valor Máximo Observado não superior a 100% VLE,,,5<Valor<10; 5<Valor<10????
TUA20220720001538,Carência Química de Oxigénio (mg/L O2),CQO,TUA20220720001538|CQO,,150,,150.0,,"Abordagem combinada de acordo com o estabelecido no artigo 53.º da Lei nº 58/2005, de 29 de dezembro, na sua redação atual.","Considera-se que as águas residuais tratadas estão conformes com os parâmetros estabelecidos se, para cada um dos parâmetros aplicáveis, individualmente considerados, as amostras revelarem que as águas obedecem à norma de qualidade descrita nesta licença, nos seguintes termos:a) Nenhuma amostra excede o valor paramétrico em mais de 100%; e b) O número máximo anual de amostras não conformes será obtido através de relação estatística similar à aplicável às águas residuais urbanas, descrita no quadro n.º 3 do Anexo I do Decreto-Lei n.º 152/97, de 19 de junho, na sua redação atual.",,Mensal,Composta (i),Média mensal =< VLE; Média anual =< VLE,Valor máximo observado ≤ ao dobro do VLE,Borlas (1); Borlas; Borlas (2),Valor Máximo Observado não superior a 100% VLE,,,
TUA20220720001538,Carência Bioquímica de Oxigénio (mg/L O2),CBO5,TUA20220720001538|CBO5,,40,,40.0,,"Abordagem combinada de acordo com o estabelecido no artigo 53.º da Lei nº 58/2005, de 29 de dezembro, na sua redação atual.","Considera-se que as águas residuais tratadas estão conformes com os parâmetros estabelecidos se, para cada um dos parâmetros aplicáveis, individualmente considerados, as amostras revelarem que as águas obedecem à norma de qualidade descrita nesta licença, nos seguintes termos:a) Nenhuma amostra excede o valor paramétrico em mais de 100%; e b) O número máximo anual de amostras não conformes será obtido através de relação estatística similar à aplicável às águas residuais urbanas, descrita no quadro n.º 3 do Anexo I do Decreto-Lei n.º 152/97, de 19 de junho, na sua redação atual.",,Mensal,Composta (i),Média mensal =< VLE; Média anual =< VLE,Valor máximo observado ≤ ao dobro do VLE,Borlas (1); Borlas; Borlas (2),Valor Máximo Observado não superior a 100% VLE,,,
TUA20220720001538,Sólidos Suspensos Totais (mg/L),SST,TUA20220720001538|SST,,60,,60.0,,"Abordagem combinada de acordo com o estabelecido no artigo 53.º da Lei nº 58/2005, de 29 de dezembro, na sua redação atual.","Considera-se que as águas residuais tratadas estão conformes com os parâmetros estabelecidos se, para cada um dos parâmetros aplicáveis, individualmente considerados, as amostras revelarem que as águas obedecem à norma de qualidade descrita nesta licença, nos seguintes termos:a) Nenhuma amostra excede o valor paramétrico em mais de 100%; e b) O número máximo anual de amostras não conformes será obtido através de relação estatística similar à aplicável às águas residuais urbanas, descrita no quadro n.º 3 do Anexo I do Decreto-Lei n.º 152/97, de 19 de junho, na sua redação atual.",,Mensal,Composta (i),Média mensal =< VLE; Média anual =< VLE,Valor máximo observado ≤ ao dobro do VLE,Borlas; Borlas (2); Borlas (1),Valor Máximo Observado não superior a 150% VLE; Valor Máximo Observado não superior a 100% VLE,,,
TUA20220720001538,Escherichia coli (ufc/100 mL),Escherichia coli (ufc/100 mL),TUA20220720001538|Escherichia coli (ufc/100 mL),,2000,,2000.0,,"Abordagem combinada de acordo com o estabelecido no artigo 53.º da Lei nº 58/2005, de 29 de dezembro, na sua redação atual.","Para os parâmetros microbiológicos, o valor máximo observado, em amostras não conformes, durante o ano em análise não ultrapassa uma ordem de grandeza do valor limite que lhe corresponde nos casos em que o VLE seja igual ou superior a 1000 ufc/100mL ou NMP/100mL. Nas situações em que o VLE é inferior a 1000 ufc/100mL ou NMP/100mL, o valor máximo observado não ultrapassa o dobro do VLE que lhe corresponde. O número máximo anual de amostras não conformes será obtido através de relação estatística similar à aplicável às águas residuais urbanas, descrita no quadro n.º 3, do Anexo I, do Decreto-Lei n.º 152/97, de 19 de junho, na sua redação atual.",,Mensal,Pontual,Média mensal =< VLE; Média anual =< VLE,Valor máximo observado ≤ ao dobro do VLE,Borlas (2); Borlas,Valor Máximo Observado não superior a 100% VLE,,Ordem de grandeza,
TUA20220720001538,Óleos e Gorduras (mg/L),O&G,TUA20220720001538|O&G,,15,,15.0,,"Abordagem combinada de acordo com o estabelecido no artigo 53.º da Lei nº 58/2005, de 29 de dezembro, na sua redação atual.","Considera-se que as águas residuais tratadas estão conformes com os parâmetros estabelecidos se, para cada um dos parâmetros aplicáveis, individualmente considerados, as amostras revelarem que as águas obedecem à norma de qualidade descrita nesta licença, nos seguintes termos:a) Nenhuma amostra excede o valor paramétrico em mais de 100%; e b) O número máximo anual de amostras não conformes será obtido através de relação estatística similar à aplicável às águas residuais urbanas, descrita no quadro n.º 3 do Anexo I do Decreto-Lei n.º 152/97, de 19 de junho, na sua redação atual.",,Trimestral,Pontual,Média mensal =< VLE,Valor máximo observado ≤ ao dobro do VLE,Borlas (2); Borlas; Borlas (1),,,,
TUA20220720001538,Azoto total (mg/L N),N,TUA20220720001538|N,,15,,15.0,,"Abordagem combinada de acordo com o estabelecido no artigo 53.º da Lei nº 58/2005, de 29 de dezembro, na sua redação atual.","Considera-se que as águas residuais tratadas estão conformes com os parâmetros estabelecidos se, para cada um dos parâmetros aplicáveis, individualmente considerados, as amostras revelarem que as águas obedecem à norma de qualidade descrita nesta licença, nos seguintes termos:a) Nenhuma amostra excede o valor paramétrico em mais de 100%; e b) O número máximo anual de amostras não conformes será obtido através de relação estatística similar à aplicável às águas residuais urbanas, descrita no quadro n.º 3 do Anexo I do Decreto-Lei n.º 152/97, de 19 de junho, na sua redação atual.",,Trimestral,Composta (i),Média mensal =< VLE,Valor máximo observado ≤ ao dobro do VLE,,,Média anual ≤ VLE,,
TUA20220720001538,Fósforo total (mg/L P),P,TUA20220720001538|P,,10,,10.0,,"Abordagem combinada de acordo com o estabelecido no artigo 53.º da Lei nº 58/2005, de 29 de dezembro, na sua redação atual.","Considera-se que as águas residuais tratadas estão conformes com os parâmetros estabelecidos se, para cada um dos parâmetros aplicáveis, individualmente considerados, as amostras revelarem que as águas obedecem à norma de qualidade descrita nesta licença, nos seguintes termos:a) Nenhuma amostra excede o valor paramétrico em mais de 100%; e b) O número máximo anual de amostras não conformes será obtido através de relação estatística similar à aplicável às águas residuais urbanas, descrita no quadro n.º 3 do Anexo I do Decreto-Lei n.º 152/97, de 19 de junho, na sua redação atual.",,Trimestral,Composta (i),,,Borlas,Valor Máximo Observado não superior a 100% VLE,Média anual ≤ VLE,,
TUA20220919002148,Carência Bioquímica de Oxigénio (mg/L O2),CBO5,TUA20220919002148|CBO5,,40,,40.0,,"Abordagem combinada de acordo com o estabelecido no artigo 53.º da Lei nº 58/2005, de 29 de dezembro, na sua redação atual.","Considera-se que as águas residuais tratadas estão conformes com os parâmetros estabelecidos se, para cada um dos parâmetros aplicáveis, individualmente considerados, as amostras revelarem que as águas obedecem à norma de qualidade descrita nesta licença, nos seguintes termos:a) Nenhuma amostra excede o valor paramétrico em mais de 100%; e b) O número máximo anual de amostras não conformes será obtido através de relação estatística similar à aplicável às águas residuais urbanas, descrita no quadro n.º 3 do Anexo I do Decreto-Lei n.º 152/97, de 19 de junho, na sua redação atual.",,Trimestral,Composta (iv),Média mensal =< VLE; Média anual =< VLE,Valor máximo observado ≤ ao dobro do VLE,Borlas (1); Borlas; Borlas (2),Valor Máximo Observado não superior a 100% VLE,,,
TUA20220919002148,Carência Química de Oxigénio (mg/L O2),CQO,TUA20220919002148|CQO,,150,,150.0,,"Abordagem combinada de acordo com o estabelecido no artigo 53.º da Lei nº 58/2005, de 29 de dezembro, na sua redação atual.","Considera-se que as águas residuais tratadas estão conformes com os parâmetros estabelecidos se, para cada um dos parâmetros aplicáveis, individualmente considerados, as amostras revelarem que as águas obedecem à norma de qualidade descrita nesta licença, nos seguintes termos:a) Nenhuma amostra excede o valor paramétrico em mais de 100%; e b) O número máximo anual de amostras não conformes será obtido através de relação estatística similar à aplicável às águas residuais urbanas, descrita no quadro n.º 3 do Anexo I do Decreto-Lei n.º 152/97, de 19 de junho, na sua redação atual.",,Trimestral,Composta (iv),Média mensal =< VLE; Média anual =< VLE,Valor máximo observado ≤ ao dobro do VLE,Borlas (1); Borlas; Borlas (2),Valor Máximo Observado não superior a 100% VLE,,,
TUA20220919002148,Sólidos Suspensos Totais (mg/L),SST,TUA20220919002148|SST,,60,,60.0,,"Abordagem combinada de acordo com o estabelecido no artigo 53.º da Lei nº 58/2005, de 29 de dezembro, na sua redação atual.","Considera-se que as águas residuais tratadas estão conformes com os parâmetros estabelecidos se, para cada um dos parâmetros aplicáveis, individualmente considerados, as amostras revelarem que as águas obedecem à norma de qualidade descrita nesta licença, nos seguintes termos:a) Nenhuma amostra excede o valor paramétrico em mais de 100%; e b) O número máximo anual de amostras não conformes será obtido através de relação estatística similar à aplicável às águas residuais urbanas, descrita no quadro n.º 3 do Anexo I do Decreto-Lei n.º 152/97, de 19 de junho, na sua redação atual.",,Trimestral,Composta (iv),Média mensal =< VLE; Média anual =< VLE,Valor máximo observado ≤ ao dobro do VLE,Borlas; Borlas (2); Borlas (1),Valor Máximo Observado não superior a 150% VLE; Valor Máximo Observado não superior a 100% VLE,,,
TUA20220919002148,pH (Escala de Sörensen),pH,TUA20220919002148|pH,,6-9,6.0,9.0,,"Abordagem combinada de acordo com o estabelecido no artigo 53.º da Lei nº 58/2005, de 29 de dezembro, na sua redação atual.","Considera-se que as águas residuais tratadas estão conformes com os parâmetros estabelecidos se, para cada um dos parâmetros aplicáveis, individualmente considerados, as amostras revelarem que as águas obedecem à norma de qualidade descrita nesta licença, nos seguintes termos:a) Nenhuma amostra excede o valor paramétrico em mais de 100%; e b) O número máximo anual de amostras não conformes será obtido através de relação estatística similar à aplicável às águas residuais urbanas, descrita no quadro n.º 3 do Anexo I do Decreto-Lei n.º 152/97, de 19 de junho, na sua redação atual.",,Trimestral,Composta (iv),Média mensal =< VLE,Valor máximo observado ≤ ao dobro do VLE,Borlas (1); Borlas (2); Borlas,Valor Máximo Observado não superior a 100% VLE,,,5<Valor<10; 5<Valor<10????
TUA20220922002189,Carência Bioquímica de Oxigénio (mg/L O2),CBO5,TUA20220922002189|CBO5,,40,,40.0,,"Anexo XVIII do Decreto-Lei nº 236/98, de 1 de agosto.","De acordo com o nº6 do artigo 69o do Decreto-Lei nº 236/98, de 1 de Agosto.",,Trimestral,Pontual,Média mensal =< VLE; Média anual =< VLE,Valor máximo observado ≤ ao dobro do VLE,Borlas (1); Borlas; Borlas (2),Valor Máximo Observado não superior a 100% VLE,,,
TUA20220922002189,Carência Química de Oxigénio (mg/L O2),CQO,TUA20220922002189|CQO,,150,,150.0,,"Anexo XVIII do Decreto-Lei nº 236/98, de 1 de agosto.","De acordo com o nº6 do artigo 69o do Decreto-Lei nº 236/98, de 1 de Agosto.",,Trimestral,Pontual,Média mensal =< VLE; Média anual =< VLE,Valor máximo observado ≤ ao dobro do VLE,Borlas (1); Borlas; Borlas (2),Valor Máximo Observado não superior a 100% VLE,,,
TUA20220922002189,Sólidos Suspensos Totais (mg/L),SST,TUA20220922002189|SST,,60,,60.0,,"Anexo XVIII do Decreto-Lei nº 236/98, de 1 de agosto.","De acordo com o nº6 do artigo 69o do Decreto-Lei nº 236/98, de 1 de Agosto.",,Trimestral,Pontual,Média mensal =< VLE; Média anual =< VLE,Valor máximo observado ≤ ao dobro do VLE,Borlas; Borlas (2); Borlas (1),Valor Máximo Observado não superior a 150% VLE; Valor Máximo Observado não superior a 100% VLE,,,
TUA20220922002190,Carência Bioquímica de Oxigénio (mg/L O2),CBO5,TUA20220922002190|CBO5,,40,,40.0,,"Anexo XVIII do Decreto-Lei nº 236/98, de 1 de agosto.","De acordo com o nº6 do artigo 69o do Decreto-Lei nº 236/98, de 1 de Agosto.",,Trimestral,Composta (i),Média mensal =< VLE; Média anual =< VLE,Valor máximo observado ≤ ao dobro do VLE,Borlas (1); Borlas; Borlas (2),Valor Máximo Observado não superior a 100% VLE,,,
TUA20220922002190,Carência Química de Oxigénio (mg/L O2),CQO,TUA20220922002190|CQO,,150,,150.0,,"Anexo XVIII do Decreto-Lei nº 236/98, de 1 de agosto.","De acordo com o nº6 do artigo 69o do Decreto-Lei nº 236/98, de 1 de Agosto.",,Trimestral,Composta (i),Média mensal =< VLE; Média anual =< VLE,Valor máximo observado ≤ ao dobro do VLE,Borlas (1); Borlas; Borlas (2),Valor Máximo Observado não superior a 100% VLE,,,
TUA20220922002190,Sólidos Suspensos Totais (mg/L),SST,TUA20220922002190|SST,,60,,60.0,,"Anexo XVIII do Decreto-Lei nº 236/98, de 1 de agosto.","De acordo com o nº6 do artigo 69o do Decreto-Lei nº 236/98, de 1 de Agosto.",,Trimestral,Composta (i),Média mensal =< VLE; Média anual =< VLE,Valor máximo observado ≤ ao dobro do VLE,Borlas; Borlas (2); Borlas (1),Valor Máximo Observado não superior a 150% VLE; Valor Máximo Observado não superior a 100% VLE,,,
TUA20220927002236,Carência Bioquímica de Oxigénio (mg/L O2),CBO5,TUA20220927002236|CBO5,,40,,40.0,,"Anexo XVIII do Decreto-Lei nº 236/98, de 1 de agosto.","De acordo com o nº6 do artigo 69o do Decreto-Lei nº 236/98, de 1 de Agosto.",,Mensal,Composta (i),Média mensal =< VLE; Média anual =< VLE,Valor máximo observado ≤ ao dobro do VLE,Borlas (1); Borlas; Borlas (2),Valor Máximo Observado não superior a 100% VLE,,,
TUA20220927002236,Carência Química de Oxigénio (mg/L O2),CQO,TUA20220927002236|CQO,,150,,150.0,,"Anexo XVIII do Decreto-Lei nº 236/98, de 1 de agosto.","De acordo com o nº6 do artigo 69o do Decreto-Lei nº 236/98, de 1 de Agosto.",,Mensal,Composta (i),Média mensal =< VLE; Média anual =< VLE,Valor máximo observado ≤ ao dobro do VLE,Borlas (1); Borlas; Borlas (2),Valor Máximo Observado não superior a 100% VLE,,,
TUA20220927002236,Sólidos Suspensos Totais (mg/L),SST,TUA20220927002236|SST,,60,,60.0,,"Anexo XVIII do Decreto-Lei nº 236/98, de 1 de agosto.","De acordo com o nº6 do artigo 69o do Decreto-Lei nº 236/98, de 1 de Agosto.",,Mensal,Composta (i),Média mensal =< VLE; Média anual =< VLE,Valor máximo observado ≤ ao dobro do VLE,Borlas; Borlas (2); Borlas (1),Valor Máximo Observado não superior a 150% VLE; Valor Máximo Observado não superior a 100% VLE,,,
TUA20220930002259,Carência Bioquímica de Oxigénio (mg/L O2),CBO5,TUA20220930002259|CBO5,,40,,40.0,,"Anexo XVIII do Decreto-Lei nº 236/98, de 1 de agosto.","De acordo com o nº6 do artigo 69o do Decreto-Lei nº 236/98, de 1 de Agosto.",,Trimestral,Composta (i),Média mensal =< VLE; Média anual =< VLE,Valor máximo observado ≤ ao dobro do VLE,Borlas (1); Borlas; Borlas (2),Valor Máximo Observado não superior a 100% VLE,,,
TUA20220930002259,Carência Química de Oxigénio (mg/L O2),CQO,TUA20220930002259|CQO,,150,,150.0,,"Anexo XVIII do Decreto-Lei nº 236/98, de 1 de agosto.","De acordo com o nº6 do artigo 69o do Decreto-Lei nº 236/98, de 1 de Agosto.",,Trimestral,Composta (i),Média mensal =< VLE; Média anual =< VLE,Valor máximo observado ≤ ao dobro do VLE,Borlas (1); Borlas; Borlas (2),Valor Máximo Observado não superior a 100% VLE,,,
TUA20220930002259,Sólidos Suspensos Totais (mg/L),SST,TUA20220930002259|SST,,60,,60.0,,"Anexo XVIII do Decreto-Lei nº 236/98, de 1 de agosto.","De acordo com o nº6 do artigo 69o do Decreto-Lei nº 236/98, de 1 de Agosto.",,Trimestral,Composta (i),Média mensal =< VLE; Média anual =< VLE,Valor máximo observado ≤ ao dobro do VLE,Borlas; Borlas (2); Borlas (1),Valor Máximo Observado não superior a 150% VLE; Valor Máximo Observado não superior a 100% VLE,,,
TUA20221010002354,pH (Escala de Sörensen),pH,TUA20221010002354|pH,,6-9,6.0,9.0,,"Abordagem combinada de acordo com o estabelecido no artigo 53.º da Lei nº 58/2005, de 29 de dezembro, na sua redação atual, conjugada com o Anexo XVIII do Decreto-Lei nº 236/98, de 1 de agosto.","Considera-se que as águas residuais tratadas estão conformes com os parâmetros estabelecidos se, para cada um dos parâmetros aplicáveis, individualmente considerados, as amostras revelarem que as águas obedecem à norma de qualidade descrita nesta licença, nos seguintes termos:a) Nenhuma amostra excede o valor paramétrico em mais de 100%; e b) O número máximo anual de amostras não conformes será obtido através de relação estatística similar à aplicável às águas residuais urbanas, descrita no quadro n.º 3 do Anexo I do Decreto-Lei n.º 152/97, de 19 de junho, na sua redação atual.",,Mensal,Composta (iii),Média mensal =< VLE,Valor máximo observado ≤ ao dobro do VLE,Borlas (1); Borlas (2); Borlas,Valor Máximo Observado não superior a 100% VLE,,,5<Valor<10; 5<Valor<10????
TUA20221010002354,Carência Bioquímica de Oxigénio (mg/L O2),CBO5,TUA20221010002354|CBO5,,40,,40.0,,"Abordagem combinada de acordo com o estabelecido no artigo 53.º da Lei nº 58/2005, de 29 de dezembro, na sua redação atual, conjugada com o Anexo XVIII do Decreto-Lei nº 236/98, de 1 de agosto.","Considera-se que as águas residuais tratadas estão conformes com os parâmetros estabelecidos se, para cada um dos parâmetros aplicáveis, individualmente considerados, as amostras revelarem que as águas obedecem à norma de qualidade descrita nesta licença, nos seguintes termos:a) Nenhuma amostra excede o valor paramétrico em mais de 100%; e b) O número máximo anual de amostras não conformes será obtido através de relação estatística similar à aplicável às águas residuais urbanas, descrita no quadro n.º 3 do Anexo I do Decreto-Lei n.º 152/97, de 19 de junho, na sua redação atual.",,Mensal,Composta (iii),Média mensal =< VLE; Média anual =< VLE,Valor máximo observado ≤ ao dobro do VLE,Borlas (1); Borlas; Borlas (2),Valor Máximo Observado não superior a 100% VLE,,,
TUA20221010002354,Carência Química de Oxigénio (mg/L O2),CQO,TUA20221010002354|CQO,,150,,150.0,,"Abordagem combinada de acordo com o estabelecido no artigo 53.º da Lei nº 58/2005, de 29 de dezembro, na sua redação atual, conjugada com o Anexo XVIII do Decreto-Lei nº 236/98, de 1 de agosto.","Considera-se que as águas residuais tratadas estão conformes com os parâmetros estabelecidos se, para cada um dos parâmetros aplicáveis, individualmente considerados, as amostras revelarem que as águas obedecem à norma de qualidade descrita nesta licença, nos seguintes termos:a) Nenhuma amostra excede o valor paramétrico em mais de 100%; e b) O número máximo anual de amostras não conformes será obtido através de relação estatística similar à aplicável às águas residuais urbanas, descrita no quadro n.º 3 do Anexo I do Decreto-Lei n.º 152/97, de 19 de junho, na sua redação atual.",,Mensal,Composta (iii),Média mensal =< VLE; Média anual =< VLE,Valor máximo observado ≤ ao dobro do VLE,Borlas (1); Borlas; Borlas (2),Valor Máximo Observado não superior a 100% VLE,,,
TUA20221010002354,Sólidos Suspensos Totais (mg/L),SST,TUA20221010002354|SST,,60,,60.0,,"Abordagem combinada de acordo com o estabelecido no artigo 53.º da Lei nº 58/2005, de 29 de dezembro, na sua redação atual, conjugada com o Anexo XVIII do Decreto-Lei nº 236/98, de 1 de agosto.","Considera-se que as águas residuais tratadas estão conformes com os parâmetros estabelecidos se, para cada um dos parâmetros aplicáveis, individualmente considerados, as amostras revelarem que as águas obedecem à norma de qualidade descrita nesta licença, nos seguintes termos:a) Nenhuma amostra excede o valor paramétrico em mais de 100%; e b) O número máximo anual de amostras não conformes será obtido através de relação estatística similar à aplicável às águas residuais urbanas, descrita no quadro n.º 3 do Anexo I do Decreto-Lei n.º 152/97, de 19 de junho, na sua redação atual.",,Mensal,Composta (iii),Média mensal =< VLE; Média anual =< VLE,Valor máximo observado ≤ ao dobro do VLE,Borlas; Borlas (2); Borlas (1),Valor Máximo Observado não superior a 150% VLE; Valor Máximo Observado não superior a 100% VLE,,,
TUA20221010002355,pH (Escala de Sörensen),pH,TUA20221010002355|pH,,6-9,6.0,9.0,,"Abordagem combinada de acordo com o estabelecido no artigo 53.º da Lei nº 58/2005, de 29 de dezembro, na sua redação atual, conjugada com o Anexo XVIII do Decreto-Lei nº 236/98, de 1 de agosto.","Considera-se que as águas residuais tratadas estão conformes com os parâmetros estabelecidos se, para cada um dos parâmetros aplicáveis, individualmente considerados, as amostras revelarem que as águas obedecem à norma de qualidade descrita nesta licença, nos seguintes termos:a) Nenhuma amostra excede o valor paramétrico em mais de 100%; e b) O número máximo anual de amostras não conformes será obtido através de relação estatística similar à aplicável às águas residuais urbanas, descrita no quadro n.º 3 do Anexo I do Decreto-Lei n.º 152/97, de 19 de junho, na sua redação atual.",,Mensal,Composta (iii),Média mensal =< VLE,Valor máximo observado ≤ ao dobro do VLE,Borlas (1); Borlas (2); Borlas,Valor Máximo Observado não superior a 100% VLE,,,5<Valor<10; 5<Valor<10????
TUA20221010002355,Carência Bioquímica de Oxigénio (mg/L O2),CBO5,TUA20221010002355|CBO5,,25,,25.0,,"Abordagem combinada de acordo com o estabelecido no artigo 53.º da Lei nº 58/2005, de 29 de dezembro, na sua redação atual, conjugada com o Decreto-Lei nº 152/97, de 19 de junho com as alterações introduzidas pelos Decreto-Lei nº 172/2001, de 26 de maio; Decreto-Lei nº 149/2004, de 22 de Decreto-Lei nº 152/97, de 19 de junho com as alterações introduzidas pelos Decreto-Lei nº 172/2001, de 26 de maio; Decreto-Lei nº 149/2004, de 22 de junho; Decreto-Lei n.º 198/2008, de 8 de outubro; Decreto-Lei n.º 133/2015, de 13 de julho e Decreto-Lei n.º 77/2021, de 27 de agosto.","A verificação da conformidade dos parâmetros CBO5, CQO e SST com Valor Limite de Emissão (VLE) estabelecido de acordo com Decreto-Lei n.º 152/97, de 19 de junho, na sua redação atual, é realizada de acordo com o definido na alínea D) do Anexo I do mesmo diploma.",,Mensal,Composta (iii),Média mensal =< VLE; Média anual =< VLE,Valor máximo observado ≤ ao dobro do VLE,Borlas (1); Borlas; Borlas (2),Valor Máximo Observado não superior a 100% VLE,,,
TUA20221010002355,Carência Química de Oxigénio (mg/L O2),CQO,TUA20221010002355|CQO,,125,,125.0,,"Abordagem combinada de acordo com o estabelecido no artigo 53.º da Lei nº 58/2005, de 29 de dezembro, na sua redação atual, conjugada com o Decreto-Lei nº 152/97, de 19 de junho com as alterações introduzidas pelos Decreto-Lei nº 172/2001, de 26 de maio; Decreto-Lei nº 149/2004, de 22 de Decreto-Lei nº 152/97, de 19 de junho com as alterações introduzidas pelos Decreto-Lei nº 172/2001, de 26 de maio; Decreto-Lei nº 149/2004, de 22 de junho; Decreto-Lei n.º 198/2008, de 8 de outubro; Decreto-Lei n.º 133/2015, de 13 de julho e Decreto-Lei n.º 77/2021, de 27 de agosto.","A verificação da conformidade dos parâmetros CBO5, CQO e SST com Valor Limite de Emissão (VLE) estabelecido de acordo com Decreto-Lei n.º 152/97, de 19 de junho, na sua redação atual, é realizada de acordo com o definido na alínea D) do Anexo I do mesmo diploma.",,Mensal,Composta (iii),Média mensal =< VLE; Média anual =< VLE,Valor máximo observado ≤ ao dobro do VLE,Borlas (1); Borlas; Borlas (2),Valor Máximo Observado não superior a 100% VLE,,,
TUA20221010002355,Sólidos Suspensos Totais (mg/L),SST,TUA20221010002355|SST,,35,,35.0,,"Abordagem combinada de acordo com o estabelecido no artigo 53.º da Lei nº 58/2005, de 29 de dezembro, na sua redação atual, conjugada com o Decreto-Lei nº 152/97, de 19 de junho com as alterações introduzidas pelos Decreto-Lei nº 172/2001, de 26 de maio; Decreto-Lei nº 149/2004, de 22 de Decreto-Lei nº 152/97, de 19 de junho com as alterações introduzidas pelos Decreto-Lei nº 172/2001, de 26 de maio; Decreto-Lei nº 149/2004, de 22 de junho; Decreto-Lei n.º 198/2008, de 8 de outubro; Decreto-Lei n.º 133/2015, de 13 de julho e Decreto-Lei n.º 77/2021, de 27 de agosto.","A verificação da conformidade dos parâmetros CBO5, CQO e SST com Valor Limite de Emissão (VLE) estabelecido de acordo com Decreto-Lei n.º 152/97, de 19 de junho, na sua redação atual, é realizada de acordo com o definido na alínea D) do Anexo I do mesmo diploma.",,Mensal,Composta (iii),Média mensal =< VLE; Média anual =< VLE,Valor máximo observado ≤ ao dobro do VLE,Borlas; Borlas (2); Borlas (1),Valor Máximo Observado não superior a 150% VLE; Valor Máximo Observado não superior a 100% VLE,,,
TUA20221010002356,pH (Escala de Sörensen),pH,TUA20221010002356|pH,,6-9,6.0,9.0,,"Abordagem combinada de acordo com o estabelecido no artigo 53.º da Lei nº 58/2005, de 29 de dezembro, na sua redação atual, conjugada com o Anexo XVIII do Decreto-Lei nº 236/98, de 1 de agosto.","Considera-se que as águas residuais tratadas estão conformes com os parâmetros estabelecidos se, para cada um dos parâmetros aplicáveis, individualmente considerados, as amostras revelarem que as águas obedecem à norma de qualidade descrita nesta licença, nos seguintes termos:a) Nenhuma amostra excede o valor paramétrico em mais de 100%; e b) O número máximo anual de amostras não conformes será obtido através de relação estatística similar à aplicável às águas residuais urbanas, descrita no quadro n.º 3 do Anexo I do Decreto-Lei n.º 152/97, de 19 de junho, na sua redação atual.",,Mensal,Composta (iii),Média mensal =< VLE,Valor máximo observado ≤ ao dobro do VLE,Borlas (1); Borlas (2); Borlas,Valor Máximo Observado não superior a 100% VLE,,,5<Valor<10; 5<Valor<10????
TUA20221010002356,Carência Bioquímica de Oxigénio (mg/L O2),CBO5,TUA20221010002356|CBO5,,40,,40.0,,"Abordagem combinada de acordo com o estabelecido no artigo 53.º da Lei nº 58/2005, de 29 de dezembro, na sua redação atual, conjugada com o Anexo XVIII do Decreto-Lei nº 236/98, de 1 de agosto.","Considera-se que as águas residuais tratadas estão conformes com os parâmetros estabelecidos se, para cada um dos parâmetros aplicáveis, individualmente considerados, as amostras revelarem que as águas obedecem à norma de qualidade descrita nesta licença, nos seguintes termos:a) Nenhuma amostra excede o valor paramétrico em mais de 100%; e b) O número máximo anual de amostras não conformes será obtido através de relação estatística similar à aplicável às águas residuais urbanas, descrita no quadro n.º 3 do Anexo I do Decreto-Lei n.º 152/97, de 19 de junho, na sua redação atual.",,Mensal,Composta (iii),Média mensal =< VLE; Média anual =< VLE,Valor máximo observado ≤ ao dobro do VLE,Borlas (1); Borlas; Borlas (2),Valor Máximo Observado não superior a 100% VLE,,,
TUA20221010002356,Carência Química de Oxigénio (mg/L O2),CQO,TUA20221010002356|CQO,,150,,150.0,,"Abordagem combinada de acordo com o estabelecido no artigo 53.º da Lei nº 58/2005, de 29 de dezembro, na sua redação atual, conjugada com o Anexo XVIII do Decreto-Lei nº 236/98, de 1 de agosto.","Considera-se que as águas residuais tratadas estão conformes com os parâmetros estabelecidos se, para cada um dos parâmetros aplicáveis, individualmente considerados, as amostras revelarem que as águas obedecem à norma de qualidade descrita nesta licença, nos seguintes termos:a) Nenhuma amostra excede o valor paramétrico em mais de 100%; e b) O número máximo anual de amostras não conformes será obtido através de relação estatística similar à aplicável às águas residuais urbanas, descrita no quadro n.º 3 do Anexo I do Decreto-Lei n.º 152/97, de 19 de junho, na sua redação atual.",,Mensal,Composta (iii),Média mensal =< VLE; Média anual =< VLE,Valor máximo observado ≤ ao dobro do VLE,Borlas (1); Borlas; Borlas (2),Valor Máximo Observado não superior a 100% VLE,,,
TUA20221010002356,Sólidos Suspensos Totais (mg/L),SST,TUA20221010002356|SST,,60,,60.0,,"Abordagem combinada de acordo com o estabelecido no artigo 53.º da Lei nº 58/2005, de 29 de dezembro, na sua redação atual, conjugada com o Anexo XVIII do Decreto-Lei nº 236/98, de 1 de agosto.","Considera-se que as águas residuais tratadas estão conformes com os parâmetros estabelecidos se, para cada um dos parâmetros aplicáveis, individualmente considerados, as amostras revelarem que as águas obedecem à norma de qualidade descrita nesta licença, nos seguintes termos:a) Nenhuma amostra excede o valor paramétrico em mais de 100%; e b) O número máximo anual de amostras não conformes será obtido através de relação estatística similar à aplicável às águas residuais urbanas, descrita no quadro n.º 3 do Anexo I do Decreto-Lei n.º 152/97, de 19 de junho, na sua redação atual.",,Mensal,Composta (iii),Média mensal =< VLE; Média anual =< VLE,Valor máximo observado ≤ ao dobro do VLE,Borlas; Borlas (2); Borlas (1),Valor Máximo Observado não superior a 150% VLE; Valor Máximo Observado não superior a 100% VLE,,,
TUA20221010002358,pH (Escala de Sörensen),pH,TUA20221010002358|pH,,6-9,6.0,9.0,,"Abordagem combinada de acordo com o estabelecido no artigo 53.º da Lei nº 58/2005, de 29 de dezembro, na sua redação atual, conjugada com o Anexo XVIII do Decreto-Lei nº 236/98, de 1 de agosto.","Considera-se que as águas residuais tratadas estão conformes com os parâmetros estabelecidos se, para cada um dos parâmetros aplicáveis, individualmente considerados, as amostras revelarem que as águas obedecem à norma de qualidade descrita nesta licença, nos seguintes termos:a) Nenhuma amostra excede o valor paramétrico em mais de 100%; e b) O número máximo anual de amostras não conformes será obtido através de relação estatística similar à aplicável às águas residuais urbanas, descrita no quadro n.º 3 do Anexo I do Decreto-Lei n.º 152/97, de 19 de junho, na sua redação atual.",,Quinzenal,Composta (ii),Média mensal =< VLE,Valor máximo observado ≤ ao dobro do VLE,Borlas (1); Borlas (2); Borlas,Valor Máximo Observado não superior a 100% VLE,,,5<Valor<10; 5<Valor<10????
TUA20221010002358,Carência Bioquímica de Oxigénio (mg/L O2),CBO5,TUA20221010002358|CBO5,,25,,25.0,,"Abordagem combinada de acordo com o estabelecido no artigo 53.º da Lei nº 58/2005, de 29 de dezembro, na sua redação atual, conjugada com o Decreto-Lei nº 152/97, de 19 de junho com as alterações introduzidas pelos Decreto-Lei nº 172/2001, de 26 de maio; Decreto-Lei nº 149/2004, de 22 de junho; Decreto-Lei n.º 198/2008, de 8 de outubro; Decreto-Lei n.º 133/2015, de 13 de julho e Decreto-Lei n.º 77/2021, de 27 de agosto.","A verificação da conformidade dos parâmetros CBO5, CQO e SST com Valor Limite de Emissão (VLE) estabelecido de acordo com Decreto-Lei n.º 152/97, de 19 de junho, na sua redação atual, é realizada de acordo com o definido na alínea D) do Anexo I do mesmo diploma.",,Quinzenal,Composta (ii),Média mensal =< VLE; Média anual =< VLE,Valor máximo observado ≤ ao dobro do VLE,Borlas (1); Borlas; Borlas (2),Valor Máximo Observado não superior a 100% VLE,,,
TUA20221010002358,Carência Química de Oxigénio (mg/L O2),CQO,TUA20221010002358|CQO,,125,,125.0,,"Abordagem combinada de acordo com o estabelecido no artigo 53.º da Lei nº 58/2005, de 29 de dezembro, na sua redação atual, conjugada com o Decreto-Lei nº 152/97, de 19 de junho com as alterações introduzidas pelos Decreto-Lei nº 172/2001, de 26 de maio; Decreto-Lei nº 149/2004, de 22 de junho; Decreto-Lei n.º 198/2008, de 8 de outubro; Decreto-Lei n.º 133/2015, de 13 de julho e Decreto-Lei n.º 77/2021, de 27 de agosto.","A verificação da conformidade dos parâmetros CBO5, CQO e SST com Valor Limite de Emissão (VLE) estabelecido de acordo com Decreto-Lei n.º 152/97, de 19 de junho, na sua redação atual, é realizada de acordo com o definido na alínea D) do Anexo I do mesmo diploma.",,Quinzenal,Composta (ii),Média mensal =< VLE; Média anual =< VLE,Valor máximo observado ≤ ao dobro do VLE,Borlas (1); Borlas; Borlas (2),Valor Máximo Observado não superior a 100% VLE,,,
TUA20221010002358,Sólidos Suspensos Totais (mg/L),SST,TUA20221010002358|SST,,35,,35.0,,"Abordagem combinada de acordo com o estabelecido no artigo 53.º da Lei nº 58/2005, de 29 de dezembro, na sua redação atual, conjugada com o Decreto-Lei nº 152/97, de 19 de junho com as alterações introduzidas pelos Decreto-Lei nº 172/2001, de 26 de maio; Decreto-Lei nº 149/2004, de 22 de junho; Decreto-Lei n.º 198/2008, de 8 de outubro; Decreto-Lei n.º 133/2015, de 13 de julho e Decreto-Lei n.º 77/2021, de 27 de agosto.","A verificação da conformidade dos parâmetros CBO5, CQO e SST com Valor Limite de Emissão (VLE) estabelecido de acordo com Decreto-Lei n.º 152/97, de 19 de junho, na sua redação atual, é realizada de acordo com o definido na alínea D) do Anexo I do mesmo diploma.",,Quinzenal,Composta (ii),Média mensal =< VLE; Média anual =< VLE,Valor máximo observado ≤ ao dobro do VLE,Borlas; Borlas (2); Borlas (1),Valor Máximo Observado não superior a 150% VLE; Valor Máximo Observado não superior a 100% VLE,,,
TUA20221010002359,pH (Escala de Sörensen),pH,TUA20221010002359|pH,,6-9,6.0,9.0,,"Abordagem combinada de acordo com o estabelecido no artigo 53.º da Lei nº 58/2005, de 29 de dezembro, na sua redação atual, conjugada com o Anexo XVIII do Decreto-Lei nº 236/98, de 1 de agosto","Considera-se que as águas residuais tratadas estão conformes com os parâmetros estabelecidos se, para cada um dos parâmetros aplicáveis, individualmente considerados, as amostras revelarem que as águas obedecem à norma de qualidade descrita nesta licença, nos seguintes termos:a) Nenhuma amostra excede o valor paramétrico em mais de 100%; e b) O número máximo anual de amostras não conformes será obtido através de relação estatística similar à aplicável às águas residuais urbanas, descrita no quadro n.º 3 do Anexo I do Decreto-Lei n.º 152/97, de 19 de junho, na sua redação atual.",,Mensal,Composta (iii),Média mensal =< VLE,Valor máximo observado ≤ ao dobro do VLE,Borlas (1); Borlas (2); Borlas,Valor Máximo Observado não superior a 100% VLE,,,5<Valor<10; 5<Valor<10????
TUA20221010002359,Carência Bioquímica de Oxigénio (mg/L O2),CBO5,TUA20221010002359|CBO5,,40,,40.0,,"Abordagem combinada de acordo com o estabelecido no artigo 53.º da Lei nº 58/2005, de 29 de dezembro, na sua redação atual, conjugada com o Anexo XVIII do Decreto-Lei nº 236/98, de 1 de agosto","Considera-se que as águas residuais tratadas estão conformes com os parâmetros estabelecidos se, para cada um dos parâmetros aplicáveis, individualmente considerados, as amostras revelarem que as águas obedecem à norma de qualidade descrita nesta licença, nos seguintes termos:a) Nenhuma amostra excede o valor paramétrico em mais de 100%; e b) O número máximo anual de amostras não conformes será obtido através de relação estatística similar à aplicável às águas residuais urbanas, descrita no quadro n.º 3 do Anexo I do Decreto-Lei n.º 152/97, de 19 de junho, na sua redação atual.",,Mensal,Composta (iii),Média mensal =< VLE; Média anual =< VLE,Valor máximo observado ≤ ao dobro do VLE,Borlas (1); Borlas; Borlas (2),Valor Máximo Observado não superior a 100% VLE,,,
TUA20221010002359,Carência Química de Oxigénio (mg/L O2),CQO,TUA20221010002359|CQO,,150,,150.0,,"Abordagem combinada de acordo com o estabelecido no artigo 53.º da Lei nº 58/2005, de 29 de dezembro, na sua redação atual, conjugada com o Anexo XVIII do Decreto-Lei nº 236/98, de 1 de agosto","Considera-se que as águas residuais tratadas estão conformes com os parâmetros estabelecidos se, para cada um dos parâmetros aplicáveis, individualmente considerados, as amostras revelarem que as águas obedecem à norma de qualidade descrita nesta licença, nos seguintes termos:a) Nenhuma amostra excede o valor paramétrico em mais de 100%; e b) O número máximo anual de amostras não conformes será obtido através de relação estatística similar à aplicável às águas residuais urbanas, descrita no quadro n.º 3 do Anexo I do Decreto-Lei n.º 152/97, de 19 de junho, na sua redação atual.",,Mensal,Composta (iii),Média mensal =< VLE; Média anual =< VLE,Valor máximo observado ≤ ao dobro do VLE,Borlas (1); Borlas; Borlas (2),Valor Máximo Observado não superior a 100% VLE,,,
TUA20221010002359,Sólidos Suspensos Totais (mg/L),SST,TUA20221010002359|SST,,60,,60.0,,"Abordagem combinada de acordo com o estabelecido no artigo 53.º da Lei nº 58/2005, de 29 de dezembro, na sua redação atual, conjugada com o Anexo XVIII do Decreto-Lei nº 236/98, de 1 de agosto","Considera-se que as águas residuais tratadas estão conformes com os parâmetros estabelecidos se, para cada um dos parâmetros aplicáveis, individualmente considerados, as amostras revelarem que as águas obedecem à norma de qualidade descrita nesta licença, nos seguintes termos:a) Nenhuma amostra excede o valor paramétrico em mais de 100%; e b) O número máximo anual de amostras não conformes será obtido através de relação estatística similar à aplicável às águas residuais urbanas, descrita no quadro n.º 3 do Anexo I do Decreto-Lei n.º 152/97, de 19 de junho, na sua redação atual.",,Mensal,Composta (iii),Média mensal =< VLE; Média anual =< VLE,Valor máximo observado ≤ ao dobro do VLE,Borlas; Borlas (2); Borlas (1),Valor Máximo Observado não superior a 150% VLE; Valor Máximo Observado não superior a 100% VLE,,,
TUA20221017002426,pH (Escala de Sörensen),pH,TUA20221017002426|pH,,6-9,6.0,9.0,,"Abordagem combinada de acordo com o estabelecido no artigo 53.º da Lei nº 58/2005, de 29 de dezembro, na sua redação atual, conjugada com o Anexo XVIII do Decreto-Lei nº 236/98, de 1 de agosto.","Considera-se que as águas residuais tratadas estão conformes com os parâmetros estabelecidos se, para cada um dos parâmetros aplicáveis, individualmente considerados, as amostras revelarem que as águas obedecem à norma de qualidade descrita nesta licença, nos seguintes termos:a) Nenhuma amostra excede o valor paramétrico em mais de 100%; e b) O número máximo anual de amostras não conformes será obtido através de relação estatística similar à aplicável às águas residuais urbanas, descrita no quadro n.º 3 do Anexo I do Decreto-Lei n.º 152/97, de 19 de junho, na sua redação atual.",,Mensal,Composta (iii),Média mensal =< VLE,Valor máximo observado ≤ ao dobro do VLE,Borlas (1); Borlas (2); Borlas,Valor Máximo Observado não superior a 100% VLE,,,5<Valor<10; 5<Valor<10????
TUA20221017002426,Carência Bioquímica de Oxigénio (mg/L O2),CBO5,TUA20221017002426|CBO5,,40,,40.0,,"Abordagem combinada de acordo com o estabelecido no artigo 53.º da Lei nº 58/2005, de 29 de dezembro, na sua redação atual, conjugada com o Anexo XVIII do Decreto-Lei nº 236/98, de 1 de agosto.","Considera-se que as águas residuais tratadas estão conformes com os parâmetros estabelecidos se, para cada um dos parâmetros aplicáveis, individualmente considerados, as amostras revelarem que as águas obedecem à norma de qualidade descrita nesta licença, nos seguintes termos:a) Nenhuma amostra excede o valor paramétrico em mais de 100%; e b) O número máximo anual de amostras não conformes será obtido através de relação estatística similar à aplicável às águas residuais urbanas, descrita no quadro n.º 3 do Anexo I do Decreto-Lei n.º 152/97, de 19 de junho, na sua redação atual.",,Mensal,Composta (iii),Média mensal =< VLE; Média anual =< VLE,Valor máximo observado ≤ ao dobro do VLE,Borlas (1); Borlas; Borlas (2),Valor Máximo Observado não superior a 100% VLE,,,
TUA20221017002426,Carência Química de Oxigénio (mg/L O2),CQO,TUA20221017002426|CQO,,150,,150.0,,"Abordagem combinada de acordo com o estabelecido no artigo 53.º da Lei nº 58/2005, de 29 de dezembro, na sua redação atual, conjugada com o Anexo XVIII do Decreto-Lei nº 236/98, de 1 de agosto.","Considera-se que as águas residuais tratadas estão conformes com os parâmetros estabelecidos se, para cada um dos parâmetros aplicáveis, individualmente considerados, as amostras revelarem que as águas obedecem à norma de qualidade descrita nesta licença, nos seguintes termos:a) Nenhuma amostra excede o valor paramétrico em mais de 100%; e b) O número máximo anual de amostras não conformes será obtido através de relação estatística similar à aplicável às águas residuais urbanas, descrita no quadro n.º 3 do Anexo I do Decreto-Lei n.º 152/97, de 19 de junho, na sua redação atual.",,Mensal,Composta (iii),Média mensal =< VLE; Média anual =< VLE,Valor máximo observado ≤ ao dobro do VLE,Borlas (1); Borlas; Borlas (2),Valor Máximo Observado não superior a 100% VLE,,,
TUA20221017002426,Sólidos Suspensos Totais (mg/L),SST,TUA20221017002426|SST,,60,,60.0,,"Abordagem combinada de acordo com o estabelecido no artigo 53.º da Lei nº 58/2005, de 29 de dezembro, na sua redação atual, conjugada com o Anexo XVIII do Decreto-Lei nº 236/98, de 1 de agosto.","Considera-se que as águas residuais tratadas estão conformes com os parâmetros estabelecidos se, para cada um dos parâmetros aplicáveis, individualmente considerados, as amostras revelarem que as águas obedecem à norma de qualidade descrita nesta licença, nos seguintes termos:a) Nenhuma amostra excede o valor paramétrico em mais de 100%; e b) O número máximo anual de amostras não conformes será obtido através de relação estatística similar à aplicável às águas residuais urbanas, descrita no quadro n.º 3 do Anexo I do Decreto-Lei n.º 152/97, de 19 de junho, na sua redação atual.",,Mensal,Composta (iii),Média mensal =< VLE; Média anual =< VLE,Valor máximo observado ≤ ao dobro do VLE,Borlas; Borlas (2); Borlas (1),Valor Máximo Observado não superior a 150% VLE; Valor Máximo Observado não superior a 100% VLE,,,
TUA20221017002427,pH (Escala de Sörensen),pH,TUA20221017002427|pH,,6-9,6.0,9.0,,"Abordagem combinada de acordo com o estabelecido no artigo 53.º da Lei nº 58/2005, de 29 de dezembro, na sua redação atual, conjugada com o Anexo XVIII do Decreto-Lei nº 236/98, de 1 de agosto.","Considera-se que as águas residuais tratadas estão conformes com os parâmetros estabelecidos se, para cada um dos parâmetros aplicáveis, individualmente considerados, as amostras revelarem que as águas obedecem à norma de qualidade descrita nesta licença, nos seguintes termos:a) Nenhuma amostra excede o valor paramétrico em mais de 100%; e b) O número máximo anual de amostras não conformes será obtido através de relação estatística similar à aplicável às águas residuais urbanas, descrita no quadro n.º 3 do Anexo I do Decreto-Lei n.º 152/97, de 19 de junho, na sua redação atual.",,Mensal,Composta (iii),Média mensal =< VLE,Valor máximo observado ≤ ao dobro do VLE,Borlas (1); Borlas (2); Borlas,Valor Máximo Observado não superior a 100% VLE,,,5<Valor<10; 5<Valor<10????
TUA20221017002427,Carência Bioquímica de Oxigénio (mg/L O2),CBO5,TUA20221017002427|CBO5,,40,,40.0,,"Abordagem combinada de acordo com o estabelecido no artigo 53.º da Lei nº 58/2005, de 29 de dezembro, na sua redação atual, conjugada com o Anexo XVIII do Decreto-Lei nº 236/98, de 1 de agosto.","Considera-se que as águas residuais tratadas estão conformes com os parâmetros estabelecidos se, para cada um dos parâmetros aplicáveis, individualmente considerados, as amostras revelarem que as águas obedecem à norma de qualidade descrita nesta licença, nos seguintes termos:a) Nenhuma amostra excede o valor paramétrico em mais de 100%; e b) O número máximo anual de amostras não conformes será obtido através de relação estatística similar à aplicável às águas residuais urbanas, descrita no quadro n.º 3 do Anexo I do Decreto-Lei n.º 152/97, de 19 de junho, na sua redação atual.",,Mensal,Composta (iii),Média mensal =< VLE; Média anual =< VLE,Valor máximo observado ≤ ao dobro do VLE,Borlas (1); Borlas; Borlas (2),Valor Máximo Observado não superior a 100% VLE,,,
TUA20221017002427,Carência Química de Oxigénio (mg/L O2),CQO,TUA20221017002427|CQO,,150,,150.0,,"Abordagem combinada de acordo com o estabelecido no artigo 53.º da Lei nº 58/2005, de 29 de dezembro, na sua redação atual, conjugada com o Anexo XVIII do Decreto-Lei nº 236/98, de 1 de agosto.","Considera-se que as águas residuais tratadas estão conformes com os parâmetros estabelecidos se, para cada um dos parâmetros aplicáveis, individualmente considerados, as amostras revelarem que as águas obedecem à norma de qualidade descrita nesta licença, nos seguintes termos:a) Nenhuma amostra excede o valor paramétrico em mais de 100%; e b) O número máximo anual de amostras não conformes será obtido através de relação estatística similar à aplicável às águas residuais urbanas, descrita no quadro n.º 3 do Anexo I do Decreto-Lei n.º 152/97, de 19 de junho, na sua redação atual.",,Mensal,Composta (iii),Média mensal =< VLE; Média anual =< VLE,Valor máximo observado ≤ ao dobro do VLE,Borlas (1); Borlas; Borlas (2),Valor Máximo Observado não superior a 100% VLE,,,
TUA20221017002427,Sólidos Suspensos Totais (mg/L),SST,TUA20221017002427|SST,,60,,60.0,,"Abordagem combinada de acordo com o estabelecido no artigo 53.º da Lei nº 58/2005, de 29 de dezembro, na sua redação atual, conjugada com o Anexo XVIII do Decreto-Lei nº 236/98, de 1 de agosto.","Considera-se que as águas residuais tratadas estão conformes com os parâmetros estabelecidos se, para cada um dos parâmetros aplicáveis, individualmente considerados, as amostras revelarem que as águas obedecem à norma de qualidade descrita nesta licença, nos seguintes termos:a) Nenhuma amostra excede o valor paramétrico em mais de 100%; e b) O número máximo anual de amostras não conformes será obtido através de relação estatística similar à aplicável às águas residuais urbanas, descrita no quadro n.º 3 do Anexo I do Decreto-Lei n.º 152/97, de 19 de junho, na sua redação atual.",,Mensal,Composta (iii),Média mensal =< VLE; Média anual =< VLE,Valor máximo observado ≤ ao dobro do VLE,Borlas; Borlas (2); Borlas (1),Valor Máximo Observado não superior a 150% VLE; Valor Máximo Observado não superior a 100% VLE,,,
TUA20230116000179,pH (Escala de Sörensen),pH,TUA20230116000179|pH,,6 a 9,6.0,9.0,,a,1,,Trimestral,Composta (i),Média mensal =< VLE,Valor máximo observado ≤ ao dobro do VLE,Borlas (1); Borlas (2); Borlas,Valor Máximo Observado não superior a 100% VLE,,,5<Valor<10; 5<Valor<10????
TUA20230116000179,Carência Química de Oxigénio (mg/L O2),CQO,TUA20230116000179|CQO,,150,,150.0,,a,1,,Trimestral,Composta (i),Média mensal =< VLE; Média anual =< VLE,Valor máximo observado ≤ ao dobro do VLE,Borlas (1); Borlas; Borlas (2),Valor Máximo Observado não superior a 100% VLE,,,
TUA20230116000179,Carência Bioquímica de Oxigénio (mg/L O2),CBO5,TUA20230116000179|CBO5,,40,,40.0,,a,1,,Trimestral,Composta (i),Média mensal =< VLE; Média anual =< VLE,Valor máximo observado ≤ ao dobro do VLE,Borlas (1); Borlas; Borlas (2),Valor Máximo Observado não superior a 100% VLE,,,
TUA20230116000179,Sólidos Suspensos Totais (mg/L),SST,TUA20230116000179|SST,,60,,60.0,,a,1,,Trimestral,Composta (i),Média mensal =< VLE; Média anual =< VLE,Valor máximo observado ≤ ao dobro do VLE,Borlas; Borlas (2); Borlas (1),Valor Máximo Observado não superior a 150% VLE; Valor Máximo Observado não superior a 100% VLE,,,
TUA20230116000179,Óleos e Gorduras (mg/L),O&G,TUA20230116000179|O&G,,15,,15.0,,a,1,,Trimestral,Pontual,Média mensal =< VLE,Valor máximo observado ≤ ao dobro do VLE,Borlas (2); Borlas; Borlas (1),,,,
TUA20230116000180,pH (Escala de Sörensen),pH,TUA20230116000180|pH,,6 a 9,6.0,9.0,,"Abordagem combinada de acordo com o estabelecido no artigo 53.º da Lei nº 58/2005, de 29 de dezembro, na sua redação atual.","Considera-se que as águas residuais tratadas estão conformes com os parâmetros estabelecidos se, para cada um dos parâmetros aplicáveis, individualmente considerados, as amostras revelarem que as águas obedecem à norma de qualidade descrita nesta licença, nos seguintes termos:a) Nenhuma amostra excede o valor paramétrico em mais de 100%; e b) O número máximo anual de amostras não conformes será obtido através de relação estatística similar à aplicável às águas residuais urbanas, descrita no quadro n.º 3 do Anexo I do Decreto-Lei n.º 152/97, de 19 de junho, na sua redação atual.",,Trimestral,Composta (i),Média mensal =< VLE,Valor máximo observado ≤ ao dobro do VLE,Borlas (1); Borlas (2); Borlas,Valor Máximo Observado não superior a 100% VLE,,,5<Valor<10; 5<Valor<10????
TUA20230116000180,Carência Química de Oxigénio (mg/L O2),CQO,TUA20230116000180|CQO,,150,,150.0,,"Abordagem combinada de acordo com o estabelecido no artigo 53.º da Lei nº 58/2005, de 29 de dezembro, na sua redação atual.","Considera-se que as águas residuais tratadas estão conformes com os parâmetros estabelecidos se, para cada um dos parâmetros aplicáveis, individualmente considerados, as amostras revelarem que as águas obedecem à norma de qualidade descrita nesta licença, nos seguintes termos:a) Nenhuma amostra excede o valor paramétrico em mais de 100%; e b) O número máximo anual de amostras não conformes será obtido através de relação estatística similar à aplicável às águas residuais urbanas, descrita no quadro n.º 3 do Anexo I do Decreto-Lei n.º 152/97, de 19 de junho, na sua redação atual.",,Trimestral,Composta (i),Média mensal =< VLE; Média anual =< VLE,Valor máximo observado ≤ ao dobro do VLE,Borlas (1); Borlas; Borlas (2),Valor Máximo Observado não superior a 100% VLE,,,
TUA20230116000180,Carência Bioquímica de Oxigénio (mg/L O2),CBO5,TUA20230116000180|CBO5,,40,,40.0,,"Abordagem combinada de acordo com o estabelecido no artigo 53.º da Lei nº 58/2005, de 29 de dezembro, na sua redação atual.","Considera-se que as águas residuais tratadas estão conformes com os parâmetros estabelecidos se, para cada um dos parâmetros aplicáveis, individualmente considerados, as amostras revelarem que as águas obedecem à norma de qualidade descrita nesta licença, nos seguintes termos:a) Nenhuma amostra excede o valor paramétrico em mais de 100%; e b) O número máximo anual de amostras não conformes será obtido através de relação estatística similar à aplicável às águas residuais urbanas, descrita no quadro n.º 3 do Anexo I do Decreto-Lei n.º 152/97, de 19 de junho, na sua redação atual.",,Trimestral,Composta (i),Média mensal =< VLE; Média anual =< VLE,Valor máximo observado ≤ ao dobro do VLE,Borlas (1); Borlas; Borlas (2),Valor Máximo Observado não superior a 100% VLE,,,
TUA20230116000180,Sólidos Suspensos Totais (mg/L),SST,TUA20230116000180|SST,,60,,60.0,,"Abordagem combinada de acordo com o estabelecido no artigo 53.º da Lei nº 58/2005, de 29 de dezembro, na sua redação atual.","Considera-se que as águas residuais tratadas estão conformes com os parâmetros estabelecidos se, para cada um dos parâmetros aplicáveis, individualmente considerados, as amostras revelarem que as águas obedecem à norma de qualidade descrita nesta licença, nos seguintes termos:a) Nenhuma amostra excede o valor paramétrico em mais de 100%; e b) O número máximo anual de amostras não conformes será obtido através de relação estatística similar à aplicável às águas residuais urbanas, descrita no quadro n.º 3 do Anexo I do Decreto-Lei n.º 152/97, de 19 de junho, na sua redação atual.",,Trimestral,Composta (i),Média mensal =< VLE; Média anual =< VLE,Valor máximo observado ≤ ao dobro do VLE,Borlas; Borlas (2); Borlas (1),Valor Máximo Observado não superior a 150% VLE; Valor Máximo Observado não superior a 100% VLE,,,
TUA20230116000180,Óleos e Gorduras (mg/L),O&G,TUA20230116000180|O&G,,15,,15.0,,"Abordagem combinada de acordo com o estabelecido no artigo 53.º da Lei nº 58/2005, de 29 de dezembro, na sua redação atual.","Considera-se que as águas residuais tratadas estão conformes com os parâmetros estabelecidos se, para cada um dos parâmetros aplicáveis, individualmente considerados, as amostras revelarem que as águas obedecem à norma de qualidade descrita nesta licença, nos seguintes termos:a) Nenhuma amostra excede o valor paramétrico em mais de 100%; e b) O número máximo anual de amostras não conformes será obtido através de relação estatística similar à aplicável às águas residuais urbanas, descrita no quadro n.º 3 do Anexo I do Decreto-Lei n.º 152/97, de 19 de junho, na sua redação atual.",,Trimestral,Pontual,Média mensal =< VLE,Valor máximo observado ≤ ao dobro do VLE,Borlas (2); Borlas; Borlas (1),,,,
TUA20230117000197,Carência Bioquímica de Oxigénio (mg/L O2),CBO5,TUA20230117000197|CBO5,,40,,40.0,,"Abordagem combinada conforme descrita no art.º 53.º, da Lei n.º 58/2005, de 29 de dezembro, conjugada com o Decreto-Lei n.º 236/98, de 1 de agosto, ambos na sua redação atual.","Considera-se que as águas residuais tratadas estão conformes com os parâmetros estabelecidos se, para cada um dos parâmetros aplicáveis, individualmente considerados, as amostras revelarem que as águas obedecem à norma de qualidade descrita nesta licença, nos seguintes termos:a) Nenhuma amostra excede o valor paramétrico em mais de 100%; e b) O número máximo anual de amostras não conformes será obtido através de relação estatística similar à aplicável às águas residuais urbanas, descrita no quadro n.º 3 do Anexo I do Decreto-Lei n.º 152/97, de 19 de junho, na sua redação atual.",,Trimestral,Composta (iv),Média mensal =< VLE; Média anual =< VLE,Valor máximo observado ≤ ao dobro do VLE,Borlas (1); Borlas; Borlas (2),Valor Máximo Observado não superior a 100% VLE,,,
TUA20230117000197,Carência Química de Oxigénio (mg/L O2),CQO,TUA20230117000197|CQO,,150,,150.0,,"Abordagem combinada conforme descrita no art.º 53.º, da Lei n.º 58/2005, de 29 de dezembro, conjugada com o Decreto-Lei n.º 236/98, de 1 de agosto, ambos na sua redação atual.","Considera-se que as águas residuais tratadas estão conformes com os parâmetros estabelecidos se, para cada um dos parâmetros aplicáveis, individualmente considerados, as amostras revelarem que as águas obedecem à norma de qualidade descrita nesta licença, nos seguintes termos:a) Nenhuma amostra excede o valor paramétrico em mais de 100%; e b) O número máximo anual de amostras não conformes será obtido através de relação estatística similar à aplicável às águas residuais urbanas, descrita no quadro n.º 3 do Anexo I do Decreto-Lei n.º 152/97, de 19 de junho, na sua redação atual.",,Trimestral,Composta (iv),Média mensal =< VLE; Média anual =< VLE,Valor máximo observado ≤ ao dobro do VLE,Borlas (1); Borlas; Borlas (2),Valor Máximo Observado não superior a 100% VLE,,,
TUA20230117000197,Sólidos Suspensos Totais (mg/L),SST,TUA20230117000197|SST,,60,,60.0,,"Abordagem combinada conforme descrita no art.º 53.º, da Lei n.º 58/2005, de 29 de dezembro, conjugada com o Decreto-Lei n.º 236/98, de 1 de agosto, ambos na sua redação atual.","Considera-se que as águas residuais tratadas estão conformes com os parâmetros estabelecidos se, para cada um dos parâmetros aplicáveis, individualmente considerados, as amostras revelarem que as águas obedecem à norma de qualidade descrita nesta licença, nos seguintes termos:a) Nenhuma amostra excede o valor paramétrico em mais de 100%; e b) O número máximo anual de amostras não conformes será obtido através de relação estatística similar à aplicável às águas residuais urbanas, descrita no quadro n.º 3 do Anexo I do Decreto-Lei n.º 152/97, de 19 de junho, na sua redação atual.",,Trimestral,Composta (iv),Média mensal =< VLE; Média anual =< VLE,Valor máximo observado ≤ ao dobro do VLE,Borlas; Borlas (2); Borlas (1),Valor Máximo Observado não superior a 150% VLE; Valor Máximo Observado não superior a 100% VLE,,,
TUA20230117000197,pH (Escala de Sörensen),pH,TUA20230117000197|pH,,6-9,6.0,9.0,,"Abordagem combinada conforme descrita no art.º 53.º, da Lei n.º 58/2005, de 29 de dezembro, conjugada com o Decreto-Lei n.º 236/98, de 1 de agosto, ambos na sua redação atual.","Considera-se que as águas residuais tratadas estão conformes com os parâmetros estabelecidos se, para cada um dos parâmetros aplicáveis, individualmente considerados, as amostras revelarem que as águas obedecem à norma de qualidade descrita nesta licença, nos seguintes termos:a) Nenhuma amostra excede o valor paramétrico em mais de 100%; e b) O número máximo anual de amostras não conformes será obtido através de relação estatística similar à aplicável às águas residuais urbanas, descrita no quadro n.º 3 do Anexo I do Decreto-Lei n.º 152/97, de 19 de junho, na sua redação atual.",,Trimestral,Composta (iv),Média mensal =< VLE,Valor máximo observado ≤ ao dobro do VLE,Borlas (1); Borlas (2); Borlas,Valor Máximo Observado não superior a 100% VLE,,,5<Valor<10; 5<Valor<10????
TUA20230125000254,pH (Escala de Sörensen),pH,TUA20230125000254|pH,,6-9,6.0,9.0,,"Anexo XVIII do Decreto-Lei nº 236/98, de 1 de agosto.","De acordo com o nº6 do artigo 69o do Decreto-Lei nº 236/98, de 1 de Agosto.",,Mensal,Composta (i),Média mensal =< VLE,Valor máximo observado ≤ ao dobro do VLE,Borlas (1); Borlas (2); Borlas,Valor Máximo Observado não superior a 100% VLE,,,5<Valor<10; 5<Valor<10????
TUA20230125000254,Carência Bioquímica de Oxigénio (mg/L O2),CBO5,TUA20230125000254|CBO5,,40,,40.0,,"Anexo XVIII do Decreto-Lei nº 236/98, de 1 de agosto.","De acordo com o nº6 do artigo 69o do Decreto-Lei nº 236/98, de 1 de Agosto.",,Mensal,Composta (i),Média mensal =< VLE; Média anual =< VLE,Valor máximo observado ≤ ao dobro do VLE,Borlas (1); Borlas; Borlas (2),Valor Máximo Observado não superior a 100% VLE,,,
TUA20230125000254,Carência Química de Oxigénio (mg/L O2),CQO,TUA20230125000254|CQO,,150,,150.0,,"Anexo XVIII do Decreto-Lei nº 236/98, de 1 de agosto.","De acordo com o nº6 do artigo 69o do Decreto-Lei nº 236/98, de 1 de Agosto.",,Mensal,Composta (i),Média mensal =< VLE; Média anual =< VLE,Valor máximo observado ≤ ao dobro do VLE,Borlas (1); Borlas; Borlas (2),Valor Máximo Observado não superior a 100% VLE,,,
TUA20230125000254,Sólidos Suspensos Totais (mg/L),SST,TUA20230125000254|SST,,60,,60.0,,"Anexo XVIII do Decreto-Lei nº 236/98, de 1 de agosto.","De acordo com o nº6 do artigo 69o do Decreto-Lei nº 236/98, de 1 de Agosto.",,Mensal,Composta (i),Média mensal =< VLE; Média anual =< VLE,Valor máximo observado ≤ ao dobro do VLE,Borlas; Borlas (2); Borlas (1),Valor Máximo Observado não superior a 150% VLE; Valor Máximo Observado não superior a 100% VLE,,,
TUA20230125000271,pH (Escala de Sörensen),pH,TUA20230125000271|pH,,6-9,6.0,9.0,,"Anexo XVIII do Decreto-Lei nº 236/98, de 1 de agosto.","De acordo com o nº6 do artigo 69o do Decreto-Lei nº 236/98, de 1 de Agosto.",,Trimestral,Pontual,Média mensal =< VLE,Valor máximo observado ≤ ao dobro do VLE,Borlas (1); Borlas (2); Borlas,Valor Máximo Observado não superior a 100% VLE,,,5<Valor<10; 5<Valor<10????
TUA20230125000271,Carência Bioquímica de Oxigénio (mg/L O2),CBO5,TUA20230125000271|CBO5,,40,,40.0,,"Anexo XVIII do Decreto-Lei nº 236/98, de 1 de agosto.","De acordo com o nº6 do artigo 69o do Decreto-Lei nº 236/98, de 1 de Agosto.",,Trimestral,Pontual,Média mensal =< VLE; Média anual =< VLE,Valor máximo observado ≤ ao dobro do VLE,Borlas (1); Borlas; Borlas (2),Valor Máximo Observado não superior a 100% VLE,,,
TUA20230125000271,Carência Química de Oxigénio (mg/L O2),CQO,TUA20230125000271|CQO,,150,,150.0,,"Anexo XVIII do Decreto-Lei nº 236/98, de 1 de agosto.","De acordo com o nº6 do artigo 69o do Decreto-Lei nº 236/98, de 1 de Agosto.",,Trimestral,Pontual,Média mensal =< VLE; Média anual =< VLE,Valor máximo observado ≤ ao dobro do VLE,Borlas (1); Borlas; Borlas (2),Valor Máximo Observado não superior a 100% VLE,,,
TUA20230125000271,Sólidos Suspensos Totais (mg/L),SST,TUA20230125000271|SST,,60,,60.0,,"Anexo XVIII do Decreto-Lei nº 236/98, de 1 de agosto.","De acordo com o nº6 do artigo 69o do Decreto-Lei nº 236/98, de 1 de Agosto.",,Trimestral,Pontual,Média mensal =< VLE; Média anual =< VLE,Valor máximo observado ≤ ao dobro do VLE,Borlas; Borlas (2); Borlas (1),Valor Máximo Observado não superior a 150% VLE; Valor Máximo Observado não superior a 100% VLE,,,
TUA20230125000272,pH (Escala de Sörensen),pH,TUA20230125000272|pH,,6-9,6.0,9.0,,"Anexo XVIII do Decreto-Lei nº 236/98, de 1 de agosto.","De acordo com o nº6 do artigo 69o do Decreto-Lei nº 236/98, de 1 de Agosto.",,Trimestral,Pontual,Média mensal =< VLE,Valor máximo observado ≤ ao dobro do VLE,Borlas (1); Borlas (2); Borlas,Valor Máximo Observado não superior a 100% VLE,,,5<Valor<10; 5<Valor<10????
TUA20230125000272,Carência Bioquímica de Oxigénio (mg/L O2),CBO5,TUA20230125000272|CBO5,,40,,40.0,,"Anexo XVIII do Decreto-Lei nº 236/98, de 1 de agosto.","De acordo com o nº6 do artigo 69o do Decreto-Lei nº 236/98, de 1 de Agosto.",,Trimestral,Pontual,Média mensal =< VLE; Média anual =< VLE,Valor máximo observado ≤ ao dobro do VLE,Borlas (1); Borlas; Borlas (2),Valor Máximo Observado não superior a 100% VLE,,,
TUA20230125000272,Carência Química de Oxigénio (mg/L O2),CQO,TUA20230125000272|CQO,,150,,150.0,,"Anexo XVIII do Decreto-Lei nº 236/98, de 1 de agosto.","De acordo com o nº6 do artigo 69o do Decreto-Lei nº 236/98, de 1 de Agosto.",,Trimestral,Pontual,Média mensal =< VLE; Média anual =< VLE,Valor máximo observado ≤ ao dobro do VLE,Borlas (1); Borlas; Borlas (2),Valor Máximo Observado não superior a 100% VLE,,,
TUA20230125000272,Sólidos Suspensos Totais (mg/L),SST,TUA20230125000272|SST,,60,,60.0,,"Anexo XVIII do Decreto-Lei nº 236/98, de 1 de agosto.","De acordo com o nº6 do artigo 69o do Decreto-Lei nº 236/98, de 1 de Agosto.",,Trimestral,Pontual,Média mensal =< VLE; Média anual =< VLE,Valor máximo observado ≤ ao dobro do VLE,Borlas; Borlas (2); Borlas (1),Valor Máximo Observado não superior a 150% VLE; Valor Máximo Observado não superior a 100% VLE,,,
TUA20230130000331,pH (Escala de Sörensen),pH,TUA20230130000331|pH,,6 a 9,6.0,9.0,,"Abordagem combinada de acordo com o estabelecido no artigo 53.º da Lei nº 58/2005, de 29 de dezembro, na sua redação atual.","Considera-se que as águas residuais tratadas estão conformes com os parâmetros estabelecidos se, para cada um dos parâmetros aplicáveis, individualmente considerados, as amostras revelarem que as águas obedecem à norma de qualidade descrita nesta licença, nos seguintes termos:a) Nenhuma amostra excede o valor paramétrico em mais de 100%; e b) O número máximo anual de amostras não conformes será obtido através de relação estatística similar à aplicável às águas residuais urbanas, descrita no quadro n.º 3 do Anexo I do Decreto-Lei n.º 152/97, de 19 de junho, na sua redação atual.",,Trimestral,Composta (i),Média mensal =< VLE,Valor máximo observado ≤ ao dobro do VLE,Borlas (1); Borlas (2); Borlas,Valor Máximo Observado não superior a 100% VLE,,,5<Valor<10; 5<Valor<10????
TUA20230130000331,Carência Química de Oxigénio (mg/L O2),CQO,TUA20230130000331|CQO,,150,,150.0,,"Abordagem combinada de acordo com o estabelecido no artigo 53.º da Lei nº 58/2005, de 29 de dezembro, na sua redação atual.","Considera-se que as águas residuais tratadas estão conformes com os parâmetros estabelecidos se, para cada um dos parâmetros aplicáveis, individualmente considerados, as amostras revelarem que as águas obedecem à norma de qualidade descrita nesta licença, nos seguintes termos:a) Nenhuma amostra excede o valor paramétrico em mais de 100%; e b) O número máximo anual de amostras não conformes será obtido através de relação estatística similar à aplicável às águas residuais urbanas, descrita no quadro n.º 3 do Anexo I do Decreto-Lei n.º 152/97, de 19 de junho, na sua redação atual.",,Trimestral,Composta (i),Média mensal =< VLE; Média anual =< VLE,Valor máximo observado ≤ ao dobro do VLE,Borlas (1); Borlas; Borlas (2),Valor Máximo Observado não superior a 100% VLE,,,
TUA20230130000331,Carência Bioquímica de Oxigénio (mg/L O2),CBO5,TUA20230130000331|CBO5,,40,,40.0,,"Abordagem combinada de acordo com o estabelecido no artigo 53.º da Lei nº 58/2005, de 29 de dezembro, na sua redação atual.","Considera-se que as águas residuais tratadas estão conformes com os parâmetros estabelecidos se, para cada um dos parâmetros aplicáveis, individualmente considerados, as amostras revelarem que as águas obedecem à norma de qualidade descrita nesta licença, nos seguintes termos:a) Nenhuma amostra excede o valor paramétrico em mais de 100%; e b) O número máximo anual de amostras não conformes será obtido através de relação estatística similar à aplicável às águas residuais urbanas, descrita no quadro n.º 3 do Anexo I do Decreto-Lei n.º 152/97, de 19 de junho, na sua redação atual.",,Trimestral,Composta (i),Média mensal =< VLE; Média anual =< VLE,Valor máximo observado ≤ ao dobro do VLE,Borlas (1); Borlas; Borlas (2),Valor Máximo Observado não superior a 100% VLE,,,
TUA20230130000331,Sólidos Suspensos Totais (mg/L),SST,TUA20230130000331|SST,,60,,60.0,,"Abordagem combinada de acordo com o estabelecido no artigo 53.º da Lei nº 58/2005, de 29 de dezembro, na sua redação atual.","Considera-se que as águas residuais tratadas estão conformes com os parâmetros estabelecidos se, para cada um dos parâmetros aplicáveis, individualmente considerados, as amostras revelarem que as águas obedecem à norma de qualidade descrita nesta licença, nos seguintes termos:a) Nenhuma amostra excede o valor paramétrico em mais de 100%; e b) O número máximo anual de amostras não conformes será obtido através de relação estatística similar à aplicável às águas residuais urbanas, descrita no quadro n.º 3 do Anexo I do Decreto-Lei n.º 152/97, de 19 de junho, na sua redação atual.",,Trimestral,Composta (i),Média mensal =< VLE; Média anual =< VLE,Valor máximo observado ≤ ao dobro do VLE,Borlas; Borlas (2); Borlas (1),Valor Máximo Observado não superior a 150% VLE; Valor Máximo Observado não superior a 100% VLE,,,
TUA20230130000331,Óleos e Gorduras (mg/L),O&G,TUA20230130000331|O&G,,15,,15.0,,"Abordagem combinada de acordo com o estabelecido no artigo 53.º da Lei nº 58/2005, de 29 de dezembro, na sua redação atual.","Considera-se que as águas residuais tratadas estão conformes com os parâmetros estabelecidos se, para cada um dos parâmetros aplicáveis, individualmente considerados, as amostras revelarem que as águas obedecem à norma de qualidade descrita nesta licença, nos seguintes termos:a) Nenhuma amostra excede o valor paramétrico em mais de 100%; e b) O número máximo anual de amostras não conformes será obtido através de relação estatística similar à aplicável às águas residuais urbanas, descrita no quadro n.º 3 do Anexo I do Decreto-Lei n.º 152/97, de 19 de junho, na sua redação atual.",,Trimestral,Pontual,Média mensal =< VLE,Valor máximo observado ≤ ao dobro do VLE,Borlas (2); Borlas; Borlas (1),,,,
TUA20230130000332,pH (Escala de Sörensen),pH,TUA20230130000332|pH,,6 a 9,6.0,9.0,,"Abordagem combinada de acordo com o estabelecido no artigo 53.º da Lei nº 58/2005, de 29 de dezembro, na sua redação atual.","Considera-se que as águas residuais tratadas estão conformes com os parâmetros estabelecidos se, para cada um dos parâmetros aplicáveis, individualmente considerados, as amostras revelarem que as águas obedecem à norma de qualidade descrita nesta licença, nos seguintes termos:a) Nenhuma amostra excede o valor paramétrico em mais de 100%; e b) O número máximo anual de amostras não conformes será obtido através de relação estatística similar à aplicável às águas residuais urbanas, descrita no quadro n.º 3 do Anexo I do Decreto-Lei n.º 152/97, de 19 de junho, na sua redação atual.",,Trimestral,Composta (i),Média mensal =< VLE,Valor máximo observado ≤ ao dobro do VLE,Borlas (1); Borlas (2); Borlas,Valor Máximo Observado não superior a 100% VLE,,,5<Valor<10; 5<Valor<10????
TUA20230130000332,Carência Química de Oxigénio (mg/L O2),CQO,TUA20230130000332|CQO,,150,,150.0,,"Abordagem combinada de acordo com o estabelecido no artigo 53.º da Lei nº 58/2005, de 29 de dezembro, na sua redação atual.","Considera-se que as águas residuais tratadas estão conformes com os parâmetros estabelecidos se, para cada um dos parâmetros aplicáveis, individualmente considerados, as amostras revelarem que as águas obedecem à norma de qualidade descrita nesta licença, nos seguintes termos:a) Nenhuma amostra excede o valor paramétrico em mais de 100%; e b) O número máximo anual de amostras não conformes será obtido através de relação estatística similar à aplicável às águas residuais urbanas, descrita no quadro n.º 3 do Anexo I do Decreto-Lei n.º 152/97, de 19 de junho, na sua redação atual.",,Trimestral,Composta (i),Média mensal =< VLE; Média anual =< VLE,Valor máximo observado ≤ ao dobro do VLE,Borlas (1); Borlas; Borlas (2),Valor Máximo Observado não superior a 100% VLE,,,
TUA20230130000332,Carência Bioquímica de Oxigénio (mg/L O2),CBO5,TUA20230130000332|CBO5,,40,,40.0,,"Abordagem combinada de acordo com o estabelecido no artigo 53.º da Lei nº 58/2005, de 29 de dezembro, na sua redação atual.","Considera-se que as águas residuais tratadas estão conformes com os parâmetros estabelecidos se, para cada um dos parâmetros aplicáveis, individualmente considerados, as amostras revelarem que as águas obedecem à norma de qualidade descrita nesta licença, nos seguintes termos:a) Nenhuma amostra excede o valor paramétrico em mais de 100%; e b) O número máximo anual de amostras não conformes será obtido através de relação estatística similar à aplicável às águas residuais urbanas, descrita no quadro n.º 3 do Anexo I do Decreto-Lei n.º 152/97, de 19 de junho, na sua redação atual.",,Trimestral,Composta (i),Média mensal =< VLE; Média anual =< VLE,Valor máximo observado ≤ ao dobro do VLE,Borlas (1); Borlas; Borlas (2),Valor Máximo Observado não superior a 100% VLE,,,
TUA20230130000332,Sólidos Suspensos Totais (mg/L),SST,TUA20230130000332|SST,,60,,60.0,,"Abordagem combinada de acordo com o estabelecido no artigo 53.º da Lei nº 58/2005, de 29 de dezembro, na sua redação atual.","Considera-se que as águas residuais tratadas estão conformes com os parâmetros estabelecidos se, para cada um dos parâmetros aplicáveis, individualmente considerados, as amostras revelarem que as águas obedecem à norma de qualidade descrita nesta licença, nos seguintes termos:a) Nenhuma amostra excede o valor paramétrico em mais de 100%; e b) O número máximo anual de amostras não conformes será obtido através de relação estatística similar à aplicável às águas residuais urbanas, descrita no quadro n.º 3 do Anexo I do Decreto-Lei n.º 152/97, de 19 de junho, na sua redação atual.",,Trimestral,Composta (i),Média mensal =< VLE; Média anual =< VLE,Valor máximo observado ≤ ao dobro do VLE,Borlas; Borlas (2); Borlas (1),Valor Máximo Observado não superior a 150% VLE; Valor Máximo Observado não superior a 100% VLE,,,
TUA20230130000332,Óleos e Gorduras (mg/L),O&G,TUA20230130000332|O&G,,15,,15.0,,"Abordagem combinada de acordo com o estabelecido no artigo 53.º da Lei nº 58/2005, de 29 de dezembro, na sua redação atual.","Considera-se que as águas residuais tratadas estão conformes com os parâmetros estabelecidos se, para cada um dos parâmetros aplicáveis, individualmente considerados, as amostras revelarem que as águas obedecem à norma de qualidade descrita nesta licença, nos seguintes termos:a) Nenhuma amostra excede o valor paramétrico em mais de 100%; e b) O número máximo anual de amostras não conformes será obtido através de relação estatística similar à aplicável às águas residuais urbanas, descrita no quadro n.º 3 do Anexo I do Decreto-Lei n.º 152/97, de 19 de junho, na sua redação atual.",,Trimestral,Pontual,Média mensal =< VLE,Valor máximo observado ≤ ao dobro do VLE,Borlas (2); Borlas; Borlas (1),,,,
TUA20230130000333,pH (Escala de Sörensen),pH,TUA20230130000333|pH,,6 a 9,6.0,9.0,,"Abordagem combinada de acordo com o estabelecido no artigo 53.º da Lei nº 58/2005, de 29 de dezembro, na sua redação atual.","Considera-se que as águas residuais tratadas estão conformes com os parâmetros estabelecidos se, para cada um dos parâmetros aplicáveis, individualmente considerados, as amostras revelarem que as águas obedecem à norma de qualidade descrita nesta licença, nos seguintes termos:a) Nenhuma amostra excede o valor paramétrico em mais de 100%; e b) O número máximo anual de amostras não conformes será obtido através de relação estatística similar à aplicável às águas residuais urbanas, descrita no quadro n.º 3 do Anexo I do Decreto-Lei n.º 152/97, de 19 de junho, na sua redação atual.",,Trimestral,Composta (i),Média mensal =< VLE,Valor máximo observado ≤ ao dobro do VLE,Borlas (1); Borlas (2); Borlas,Valor Máximo Observado não superior a 100% VLE,,,5<Valor<10; 5<Valor<10????
TUA20230130000333,Carência Química de Oxigénio (mg/L O2),CQO,TUA20230130000333|CQO,,150,,150.0,,"Abordagem combinada de acordo com o estabelecido no artigo 53.º da Lei nº 58/2005, de 29 de dezembro, na sua redação atual.","Considera-se que as águas residuais tratadas estão conformes com os parâmetros estabelecidos se, para cada um dos parâmetros aplicáveis, individualmente considerados, as amostras revelarem que as águas obedecem à norma de qualidade descrita nesta licença, nos seguintes termos:a) Nenhuma amostra excede o valor paramétrico em mais de 100%; e b) O número máximo anual de amostras não conformes será obtido através de relação estatística similar à aplicável às águas residuais urbanas, descrita no quadro n.º 3 do Anexo I do Decreto-Lei n.º 152/97, de 19 de junho, na sua redação atual.",,Trimestral,Composta (i),Média mensal =< VLE; Média anual =< VLE,Valor máximo observado ≤ ao dobro do VLE,Borlas (1); Borlas; Borlas (2),Valor Máximo Observado não superior a 100% VLE,,,
TUA20230130000333,Carência Bioquímica de Oxigénio (mg/L O2),CBO5,TUA20230130000333|CBO5,,40,,40.0,,"Abordagem combinada de acordo com o estabelecido no artigo 53.º da Lei nº 58/2005, de 29 de dezembro, na sua redação atual.","Considera-se que as águas residuais tratadas estão conformes com os parâmetros estabelecidos se, para cada um dos parâmetros aplicáveis, individualmente considerados, as amostras revelarem que as águas obedecem à norma de qualidade descrita nesta licença, nos seguintes termos:a) Nenhuma amostra excede o valor paramétrico em mais de 100%; e b) O número máximo anual de amostras não conformes será obtido através de relação estatística similar à aplicável às águas residuais urbanas, descrita no quadro n.º 3 do Anexo I do Decreto-Lei n.º 152/97, de 19 de junho, na sua redação atual.",,Trimestral,Composta (i),Média mensal =< VLE; Média anual =< VLE,Valor máximo observado ≤ ao dobro do VLE,Borlas (1); Borlas; Borlas (2),Valor Máximo Observado não superior a 100% VLE,,,
TUA20230130000333,Sólidos Suspensos Totais (mg/L),SST,TUA20230130000333|SST,,60,,60.0,,"Abordagem combinada de acordo com o estabelecido no artigo 53.º da Lei nº 58/2005, de 29 de dezembro, na sua redação atual.","Considera-se que as águas residuais tratadas estão conformes com os parâmetros estabelecidos se, para cada um dos parâmetros aplicáveis, individualmente considerados, as amostras revelarem que as águas obedecem à norma de qualidade descrita nesta licença, nos seguintes termos:a) Nenhuma amostra excede o valor paramétrico em mais de 100%; e b) O número máximo anual de amostras não conformes será obtido através de relação estatística similar à aplicável às águas residuais urbanas, descrita no quadro n.º 3 do Anexo I do Decreto-Lei n.º 152/97, de 19 de junho, na sua redação atual.",,Trimestral,Composta (i),Média mensal =< VLE; Média anual =< VLE,Valor máximo observado ≤ ao dobro do VLE,Borlas; Borlas (2); Borlas (1),Valor Máximo Observado não superior a 150% VLE; Valor Máximo Observado não superior a 100% VLE,,,
TUA20230130000333,Óleos e Gorduras (mg/L),O&G,TUA20230130000333|O&G,,15,,15.0,,"Abordagem combinada de acordo com o estabelecido no artigo 53.º da Lei nº 58/2005, de 29 de dezembro, na sua redação atual.","Considera-se que as águas residuais tratadas estão conformes com os parâmetros estabelecidos se, para cada um dos parâmetros aplicáveis, individualmente considerados, as amostras revelarem que as águas obedecem à norma de qualidade descrita nesta licença, nos seguintes termos:a) Nenhuma amostra excede o valor paramétrico em mais de 100%; e b) O número máximo anual de amostras não conformes será obtido através de relação estatística similar à aplicável às águas residuais urbanas, descrita no quadro n.º 3 do Anexo I do Decreto-Lei n.º 152/97, de 19 de junho, na sua redação atual.",,Trimestral,Pontual,Média mensal =< VLE,Valor máximo observado ≤ ao dobro do VLE,Borlas (2); Borlas; Borlas (1),,,,
TUA20230130000335,pH (Escala de Sörensen),pH,TUA20230130000335|pH,,6 a 9,6.0,9.0,,"Abordagem combinada de acordo com o estabelecido no artigo 53.º da Lei nº 58/2005, de 29 de dezembro, na sua redação atual.","Considera-se que as águas residuais tratadas estão conformes com os parâmetros estabelecidos se, para cada um dos parâmetros aplicáveis, individualmente considerados, as amostras revelarem que as águas obedecem à norma de qualidade descrita nesta licença, nos seguintes termos:a) Nenhuma amostra excede o valor paramétrico em mais de 100%; e b) O número máximo anual de amostras não conformes será obtido através de relação estatística similar à aplicável às águas residuais urbanas, descrita no quadro n.º 3 do Anexo I do Decreto-Lei n.º 152/97, de 19 de junho, na sua redação atual.",,Trimestral,Composta (i),Média mensal =< VLE,Valor máximo observado ≤ ao dobro do VLE,Borlas (1); Borlas (2); Borlas,Valor Máximo Observado não superior a 100% VLE,,,5<Valor<10; 5<Valor<10????
TUA20230130000335,Carência Química de Oxigénio (mg/L O2),CQO,TUA20230130000335|CQO,,150,,150.0,,"Abordagem combinada de acordo com o estabelecido no artigo 53.º da Lei nº 58/2005, de 29 de dezembro, na sua redação atual.","Considera-se que as águas residuais tratadas estão conformes com os parâmetros estabelecidos se, para cada um dos parâmetros aplicáveis, individualmente considerados, as amostras revelarem que as águas obedecem à norma de qualidade descrita nesta licença, nos seguintes termos:a) Nenhuma amostra excede o valor paramétrico em mais de 100%; e b) O número máximo anual de amostras não conformes será obtido através de relação estatística similar à aplicável às águas residuais urbanas, descrita no quadro n.º 3 do Anexo I do Decreto-Lei n.º 152/97, de 19 de junho, na sua redação atual.",,Trimestral,Composta (i),Média mensal =< VLE; Média anual =< VLE,Valor máximo observado ≤ ao dobro do VLE,Borlas (1); Borlas; Borlas (2),Valor Máximo Observado não superior a 100% VLE,,,
TUA20230130000335,Carência Bioquímica de Oxigénio (mg/L O2),CBO5,TUA20230130000335|CBO5,,40,,40.0,,"Abordagem combinada de acordo com o estabelecido no artigo 53.º da Lei nº 58/2005, de 29 de dezembro, na sua redação atual.","Considera-se que as águas residuais tratadas estão conformes com os parâmetros estabelecidos se, para cada um dos parâmetros aplicáveis, individualmente considerados, as amostras revelarem que as águas obedecem à norma de qualidade descrita nesta licença, nos seguintes termos:a) Nenhuma amostra excede o valor paramétrico em mais de 100%; e b) O número máximo anual de amostras não conformes será obtido através de relação estatística similar à aplicável às águas residuais urbanas, descrita no quadro n.º 3 do Anexo I do Decreto-Lei n.º 152/97, de 19 de junho, na sua redação atual.",,Trimestral,Composta (i),Média mensal =< VLE; Média anual =< VLE,Valor máximo observado ≤ ao dobro do VLE,Borlas (1); Borlas; Borlas (2),Valor Máximo Observado não superior a 100% VLE,,,
TUA20230130000335,Sólidos Suspensos Totais (mg/L),SST,TUA20230130000335|SST,,60,,60.0,,"Abordagem combinada de acordo com o estabelecido no artigo 53.º da Lei nº 58/2005, de 29 de dezembro, na sua redação atual.","Considera-se que as águas residuais tratadas estão conformes com os parâmetros estabelecidos se, para cada um dos parâmetros aplicáveis, individualmente considerados, as amostras revelarem que as águas obedecem à norma de qualidade descrita nesta licença, nos seguintes termos:a) Nenhuma amostra excede o valor paramétrico em mais de 100%; e b) O número máximo anual de amostras não conformes será obtido através de relação estatística similar à aplicável às águas residuais urbanas, descrita no quadro n.º 3 do Anexo I do Decreto-Lei n.º 152/97, de 19 de junho, na sua redação atual.",,Trimestral,Composta (i),Média mensal =< VLE; Média anual =< VLE,Valor máximo observado ≤ ao dobro do VLE,Borlas; Borlas (2); Borlas (1),Valor Máximo Observado não superior a 150% VLE; Valor Máximo Observado não superior a 100% VLE,,,
TUA20230130000335,Óleos e Gorduras (mg/L),O&G,TUA20230130000335|O&G,,15,,15.0,,"Abordagem combinada de acordo com o estabelecido no artigo 53.º da Lei nº 58/2005, de 29 de dezembro, na sua redação atual.","Considera-se que as águas residuais tratadas estão conformes com os parâmetros estabelecidos se, para cada um dos parâmetros aplicáveis, individualmente considerados, as amostras revelarem que as águas obedecem à norma de qualidade descrita nesta licença, nos seguintes termos:a) Nenhuma amostra excede o valor paramétrico em mais de 100%; e b) O número máximo anual de amostras não conformes será obtido através de relação estatística similar à aplicável às águas residuais urbanas, descrita no quadro n.º 3 do Anexo I do Decreto-Lei n.º 152/97, de 19 de junho, na sua redação atual.",,Trimestral,Pontual,Média mensal =< VLE,Valor máximo observado ≤ ao dobro do VLE,Borlas (2); Borlas; Borlas (1),,,,
TUA20230130000336,pH (Escala de Sörensen),pH,TUA20230130000336|pH,,6 a 9,6.0,9.0,,"Abordagem combinada de acordo com o estabelecido no artigo 53.º da Lei nº 58/2005, de 29 de dezembro, na sua redação atual.","Considera-se que as águas residuais tratadas estão conformes com os parâmetros estabelecidos se, para cada um dos parâmetros aplicáveis, individualmente considerados, as amostras revelarem que as águas obedecem à norma de qualidade descrita nesta licença, nos seguintes termos:a) Nenhuma amostra excede o valor paramétrico em mais de 100%; e b) O número máximo anual de amostras não conformes será obtido através de relação estatística similar à aplicável às águas residuais urbanas, descrita no quadro n.º 3 do Anexo I do Decreto-Lei n.º 152/97, de 19 de junho, na sua redação atual.",,Mensal,Composta (i),Média mensal =< VLE,Valor máximo observado ≤ ao dobro do VLE,Borlas (1); Borlas (2); Borlas,Valor Máximo Observado não superior a 100% VLE,,,5<Valor<10; 5<Valor<10????
TUA20230130000336,Carência Química de Oxigénio (mg/L O2),CQO,TUA20230130000336|CQO,,150,,150.0,,"Abordagem combinada de acordo com o estabelecido no artigo 53.º da Lei nº 58/2005, de 29 de dezembro, na sua redação atual.","Considera-se que as águas residuais tratadas estão conformes com os parâmetros estabelecidos se, para cada um dos parâmetros aplicáveis, individualmente considerados, as amostras revelarem que as águas obedecem à norma de qualidade descrita nesta licença, nos seguintes termos:a) Nenhuma amostra excede o valor paramétrico em mais de 100%; e b) O número máximo anual de amostras não conformes será obtido através de relação estatística similar à aplicável às águas residuais urbanas, descrita no quadro n.º 3 do Anexo I do Decreto-Lei n.º 152/97, de 19 de junho, na sua redação atual.",,Mensal,Composta (i),Média mensal =< VLE; Média anual =< VLE,Valor máximo observado ≤ ao dobro do VLE,Borlas (1); Borlas; Borlas (2),Valor Máximo Observado não superior a 100% VLE,,,
TUA20230130000336,Carência Bioquímica de Oxigénio (mg/L O2),CBO5,TUA20230130000336|CBO5,,40,,40.0,,"Abordagem combinada de acordo com o estabelecido no artigo 53.º da Lei nº 58/2005, de 29 de dezembro, na sua redação atual.","Considera-se que as águas residuais tratadas estão conformes com os parâmetros estabelecidos se, para cada um dos parâmetros aplicáveis, individualmente considerados, as amostras revelarem que as águas obedecem à norma de qualidade descrita nesta licença, nos seguintes termos:a) Nenhuma amostra excede o valor paramétrico em mais de 100%; e b) O número máximo anual de amostras não conformes será obtido através de relação estatística similar à aplicável às águas residuais urbanas, descrita no quadro n.º 3 do Anexo I do Decreto-Lei n.º 152/97, de 19 de junho, na sua redação atual.",,Mensal,Composta (i),Média mensal =< VLE; Média anual =< VLE,Valor máximo observado ≤ ao dobro do VLE,Borlas (1); Borlas; Borlas (2),Valor Máximo Observado não superior a 100% VLE,,,
TUA20230130000336,Sólidos Suspensos Totais (mg/L),SST,TUA20230130000336|SST,,60,,60.0,,"Abordagem combinada de acordo com o estabelecido no artigo 53.º da Lei nº 58/2005, de 29 de dezembro, na sua redação atual.","Considera-se que as águas residuais tratadas estão conformes com os parâmetros estabelecidos se, para cada um dos parâmetros aplicáveis, individualmente considerados, as amostras revelarem que as águas obedecem à norma de qualidade descrita nesta licença, nos seguintes termos:a) Nenhuma amostra excede o valor paramétrico em mais de 100%; e b) O número máximo anual de amostras não conformes será obtido através de relação estatística similar à aplicável às águas residuais urbanas, descrita no quadro n.º 3 do Anexo I do Decreto-Lei n.º 152/97, de 19 de junho, na sua redação atual.",,Mensal,Composta (i),Média mensal =< VLE; Média anual =< VLE,Valor máximo observado ≤ ao dobro do VLE,Borlas; Borlas (2); Borlas (1),Valor Máximo Observado não superior a 150% VLE; Valor Máximo Observado não superior a 100% VLE,,,
TUA20230130000336,Óleos e Gorduras (mg/L),O&G,TUA20230130000336|O&G,,15,,15.0,,"Abordagem combinada de acordo com o estabelecido no artigo 53.º da Lei nº 58/2005, de 29 de dezembro, na sua redação atual.","Considera-se que as águas residuais tratadas estão conformes com os parâmetros estabelecidos se, para cada um dos parâmetros aplicáveis, individualmente considerados, as amostras revelarem que as águas obedecem à norma de qualidade descrita nesta licença, nos seguintes termos:a) Nenhuma amostra excede o valor paramétrico em mais de 100%; e b) O número máximo anual de amostras não conformes será obtido através de relação estatística similar à aplicável às águas residuais urbanas, descrita no quadro n.º 3 do Anexo I do Decreto-Lei n.º 152/97, de 19 de junho, na sua redação atual.",,Trimestral,Pontual,Média mensal =< VLE,Valor máximo observado ≤ ao dobro do VLE,Borlas (2); Borlas; Borlas (1),,,,
TUA20230202000373,Carência Bioquímica de Oxigénio (mg/L O2),CBO5,TUA20230202000373|CBO5,,25,,25.0,,"Decreto-Lei nº 152/97, de 19 de junho, na redação atual.","De acordo com o Anexo I do Decreto-Lei n.º 152/97, de 19 de junho, com as alterações introduzidas pelos Decretos-Leis n.os 348/98, de 9 de novembro, 149/2004, de 22 de junho e 198/2008, de 8 de outubro: Verificação do n.º mínimo anual de amostras e verificação do n.º máximo de amostras não conformes e verificação do desvio aos valores paramétricos.",,Mensal,Composta (i),Média mensal =< VLE; Média anual =< VLE,Valor máximo observado ≤ ao dobro do VLE,Borlas (1); Borlas; Borlas (2),Valor Máximo Observado não superior a 100% VLE,,,
TUA20230202000373,Carência Química de Oxigénio (mg/L O2),CQO,TUA20230202000373|CQO,,125,,125.0,,"Decreto-Lei nº 152/97, de 19 de junho, na redação atual.","De acordo com o Anexo I do Decreto-Lei n.º 152/97, de 19 de junho, com as alterações introduzidas pelos Decretos-Leis n.os 348/98, de 9 de novembro, 149/2004, de 22 de junho e 198/2008, de 8 de outubro: Verificação do n.º mínimo anual de amostras e verificação do n.º máximo de amostras não conformes e verificação do desvio aos valores paramétricos.",,Mensal,Composta (i),Média mensal =< VLE; Média anual =< VLE,Valor máximo observado ≤ ao dobro do VLE,Borlas (1); Borlas; Borlas (2),Valor Máximo Observado não superior a 100% VLE,,,
TUA20230202000373,Total de Partículas Sólidas em Suspensão (mg/L),Total de Partículas Sólidas em Suspensão (mg/L),TUA20230202000373|Total de Partículas Sólidas em Suspensão (mg/L),,35,,35.0,,"Decreto-Lei nº 152/97, de 19 de junho, na redação atual.","De acordo com o Anexo I do Decreto-Lei n.º 152/97, de 19 de junho, com as alterações introduzidas pelos Decretos-Leis n.os 348/98, de 9 de novembro, 149/2004, de 22 de junho e 198/2008, de 8 de outubro: Verificação do n.º mínimo anual de amostras e verificação do n.º máximo de amostras não conformes e verificação do desvio aos valores paramétricos.",,Mensal,Composta (i),,,Borlas,Valor Máximo Observado não superior a 150% VLE,,,
TUA20230202000374,pH (Escala de Sörensen),pH,TUA20230202000374|pH,,6-9,6.0,9.0,,"Anexo XVIII do Decreto-Lei nº 236/98, de 1 de agosto.","De acordo com o nº6 do artigo 69o do Decreto-Lei nº 236/98, de 1 de Agosto.",,Trimestral,Pontual,Média mensal =< VLE,Valor máximo observado ≤ ao dobro do VLE,Borlas (1); Borlas (2); Borlas,Valor Máximo Observado não superior a 100% VLE,,,5<Valor<10; 5<Valor<10????
TUA20230202000374,Carência Bioquímica de Oxigénio (mg/L O2),CBO5,TUA20230202000374|CBO5,,40,,40.0,,"Anexo XVIII do Decreto-Lei nº 236/98, de 1 de agosto.","De acordo com o nº6 do artigo 69o do Decreto-Lei nº 236/98, de 1 de Agosto.",,Trimestral,Pontual,Média mensal =< VLE; Média anual =< VLE,Valor máximo observado ≤ ao dobro do VLE,Borlas (1); Borlas; Borlas (2),Valor Máximo Observado não superior a 100% VLE,,,
TUA20230202000374,Carência Química de Oxigénio (mg/L O2),CQO,TUA20230202000374|CQO,,150,,150.0,,"Anexo XVIII do Decreto-Lei nº 236/98, de 1 de agosto.","De acordo com o nº6 do artigo 69o do Decreto-Lei nº 236/98, de 1 de Agosto.",,Trimestral,Pontual,Média mensal =< VLE; Média anual =< VLE,Valor máximo observado ≤ ao dobro do VLE,Borlas (1); Borlas; Borlas (2),Valor Máximo Observado não superior a 100% VLE,,,
TUA20230202000374,Sólidos Suspensos Totais (mg/L),SST,TUA20230202000374|SST,,60,,60.0,,"Anexo XVIII do Decreto-Lei nº 236/98, de 1 de agosto.","De acordo com o nº6 do artigo 69o do Decreto-Lei nº 236/98, de 1 de Agosto.",,Trimestral,Pontual,Média mensal =< VLE; Média anual =< VLE,Valor máximo observado ≤ ao dobro do VLE,Borlas; Borlas (2); Borlas (1),Valor Máximo Observado não superior a 150% VLE; Valor Máximo Observado não superior a 100% VLE,,,
TUA20230202000375,pH (Escala de Sörensen),pH,TUA20230202000375|pH,,6-9,6.0,9.0,,"Anexo XVIII do Decreto-Lei nº 236/98, de 1 de agosto.","De acordo com o nº6 do artigo 69o do Decreto-Lei nº 236/98, de 1 de Agosto.",,Trimestral,Pontual,Média mensal =< VLE,Valor máximo observado ≤ ao dobro do VLE,Borlas (1); Borlas (2); Borlas,Valor Máximo Observado não superior a 100% VLE,,,5<Valor<10; 5<Valor<10????
TUA20230202000375,Carência Bioquímica de Oxigénio (mg/L O2),CBO5,TUA20230202000375|CBO5,,40,,40.0,,"Anexo XVIII do Decreto-Lei nº 236/98, de 1 de agosto.","De acordo com o nº6 do artigo 69o do Decreto-Lei nº 236/98, de 1 de Agosto.",,Trimestral,Pontual,Média mensal =< VLE; Média anual =< VLE,Valor máximo observado ≤ ao dobro do VLE,Borlas (1); Borlas; Borlas (2),Valor Máximo Observado não superior a 100% VLE,,,
TUA20230202000375,Carência Química de Oxigénio (mg/L O2),CQO,TUA20230202000375|CQO,,150,,150.0,,"Anexo XVIII do Decreto-Lei nº 236/98, de 1 de agosto.","De acordo com o nº6 do artigo 69o do Decreto-Lei nº 236/98, de 1 de Agosto.",,Trimestral,Pontual,Média mensal =< VLE; Média anual =< VLE,Valor máximo observado ≤ ao dobro do VLE,Borlas (1); Borlas; Borlas (2),Valor Máximo Observado não superior a 100% VLE,,,
TUA20230202000375,Sólidos Suspensos Totais (mg/L),SST,TUA20230202000375|SST,,60,,60.0,,"Anexo XVIII do Decreto-Lei nº 236/98, de 1 de agosto.","De acordo com o nº6 do artigo 69o do Decreto-Lei nº 236/98, de 1 de Agosto.",,Trimestral,Pontual,Média mensal =< VLE; Média anual =< VLE,Valor máximo observado ≤ ao dobro do VLE,Borlas; Borlas (2); Borlas (1),Valor Máximo Observado não superior a 150% VLE; Valor Máximo Observado não superior a 100% VLE,,,
TUA20230202000376,pH (Escala de Sörensen),pH,TUA20230202000376|pH,,6-9,6.0,9.0,,"Anexo XVIII do Decreto-Lei nº 236/98, de 1 de agosto.","De acordo com o nº6 do artigo 69o do Decreto-Lei nº 236/98, de 1 de Agosto.",,Mensal,Composta (i),Média mensal =< VLE,Valor máximo observado ≤ ao dobro do VLE,Borlas (1); Borlas (2); Borlas,Valor Máximo Observado não superior a 100% VLE,,,5<Valor<10; 5<Valor<10????
TUA20230202000376,Carência Bioquímica de Oxigénio (mg/L O2),CBO5,TUA20230202000376|CBO5,,40,,40.0,,"Anexo XVIII do Decreto-Lei nº 236/98, de 1 de agosto.","De acordo com o nº6 do artigo 69o do Decreto-Lei nº 236/98, de 1 de Agosto.",,Mensal,Composta (i),Média mensal =< VLE; Média anual =< VLE,Valor máximo observado ≤ ao dobro do VLE,Borlas (1); Borlas; Borlas (2),Valor Máximo Observado não superior a 100% VLE,,,
TUA20230202000376,Carência Química de Oxigénio (mg/L O2),CQO,TUA20230202000376|CQO,,150,,150.0,,"Anexo XVIII do Decreto-Lei nº 236/98, de 1 de agosto.","De acordo com o nº6 do artigo 69o do Decreto-Lei nº 236/98, de 1 de Agosto.",,Mensal,Composta (i),Média mensal =< VLE; Média anual =< VLE,Valor máximo observado ≤ ao dobro do VLE,Borlas (1); Borlas; Borlas (2),Valor Máximo Observado não superior a 100% VLE,,,
TUA20230202000376,Sólidos Suspensos Totais (mg/L),SST,TUA20230202000376|SST,,60,,60.0,,"Anexo XVIII do Decreto-Lei nº 236/98, de 1 de agosto.","De acordo com o nº6 do artigo 69o do Decreto-Lei nº 236/98, de 1 de Agosto.",,Mensal,Composta (i),Média mensal =< VLE; Média anual =< VLE,Valor máximo observado ≤ ao dobro do VLE,Borlas; Borlas (2); Borlas (1),Valor Máximo Observado não superior a 150% VLE; Valor Máximo Observado não superior a 100% VLE,,,
TUA20230202000377,pH (Escala de Sörensen),pH,TUA20230202000377|pH,,6-9,6.0,9.0,,"Anexo XVIII do Decreto-Lei nº 236/98, de 1 de agosto.","De acordo com o nº6 do artigo 69o do Decreto-Lei nº 236/98, de 1 de Agosto.",,Trimestral,Pontual,Média mensal =< VLE,Valor máximo observado ≤ ao dobro do VLE,Borlas (1); Borlas (2); Borlas,Valor Máximo Observado não superior a 100% VLE,,,5<Valor<10; 5<Valor<10????
TUA20230202000377,Carência Bioquímica de Oxigénio (mg/L O2),CBO5,TUA20230202000377|CBO5,,40,,40.0,,"Anexo XVIII do Decreto-Lei nº 236/98, de 1 de agosto.","De acordo com o nº6 do artigo 69o do Decreto-Lei nº 236/98, de 1 de Agosto.",,Trimestral,Pontual,Média mensal =< VLE; Média anual =< VLE,Valor máximo observado ≤ ao dobro do VLE,Borlas (1); Borlas; Borlas (2),Valor Máximo Observado não superior a 100% VLE,,,
TUA20230202000377,Carência Química de Oxigénio (mg/L O2),CQO,TUA20230202000377|CQO,,150,,150.0,,"Anexo XVIII do Decreto-Lei nº 236/98, de 1 de agosto.","De acordo com o nº6 do artigo 69o do Decreto-Lei nº 236/98, de 1 de Agosto.",,Trimestral,Pontual,Média mensal =< VLE; Média anual =< VLE,Valor máximo observado ≤ ao dobro do VLE,Borlas (1); Borlas; Borlas (2),Valor Máximo Observado não superior a 100% VLE,,,
TUA20230202000377,Sólidos Suspensos Totais (mg/L),SST,TUA20230202000377|SST,,60,,60.0,,"Anexo XVIII do Decreto-Lei nº 236/98, de 1 de agosto.","De acordo com o nº6 do artigo 69o do Decreto-Lei nº 236/98, de 1 de Agosto.",,Trimestral,Pontual,Média mensal =< VLE; Média anual =< VLE,Valor máximo observado ≤ ao dobro do VLE,Borlas; Borlas (2); Borlas (1),Valor Máximo Observado não superior a 150% VLE; Valor Máximo Observado não superior a 100% VLE,,,
TUA20230202000378,pH (Escala de Sörensen),pH,TUA20230202000378|pH,,6-9,6.0,9.0,,"Anexo XVIII do Decreto-Lei nº 236/98, de 1 de agosto.","De acordo com o nº6 do artigo 69o do Decreto-Lei nº 236/98, de 1 de Agosto.",,Trimestral,Pontual,Média mensal =< VLE,Valor máximo observado ≤ ao dobro do VLE,Borlas (1); Borlas (2); Borlas,Valor Máximo Observado não superior a 100% VLE,,,5<Valor<10; 5<Valor<10????
TUA20230202000378,Carência Bioquímica de Oxigénio (mg/L O2),CBO5,TUA20230202000378|CBO5,,40,,40.0,,"Anexo XVIII do Decreto-Lei nº 236/98, de 1 de agosto.","De acordo com o nº6 do artigo 69o do Decreto-Lei nº 236/98, de 1 de Agosto.",,Trimestral,Pontual,Média mensal =< VLE; Média anual =< VLE,Valor máximo observado ≤ ao dobro do VLE,Borlas (1); Borlas; Borlas (2),Valor Máximo Observado não superior a 100% VLE,,,
TUA20230202000378,Carência Química de Oxigénio (mg/L O2),CQO,TUA20230202000378|CQO,,150,,150.0,,"Anexo XVIII do Decreto-Lei nº 236/98, de 1 de agosto.","De acordo com o nº6 do artigo 69o do Decreto-Lei nº 236/98, de 1 de Agosto.",,Trimestral,Pontual,Média mensal =< VLE; Média anual =< VLE,Valor máximo observado ≤ ao dobro do VLE,Borlas (1); Borlas; Borlas (2),Valor Máximo Observado não superior a 100% VLE,,,
TUA20230202000378,Sólidos Suspensos Totais (mg/L),SST,TUA20230202000378|SST,,60,,60.0,,"Anexo XVIII do Decreto-Lei nº 236/98, de 1 de agosto.","De acordo com o nº6 do artigo 69o do Decreto-Lei nº 236/98, de 1 de Agosto.",,Trimestral,Pontual,Média mensal =< VLE; Média anual =< VLE,Valor máximo observado ≤ ao dobro do VLE,Borlas; Borlas (2); Borlas (1),Valor Máximo Observado não superior a 150% VLE; Valor Máximo Observado não superior a 100% VLE,,,
TUA20230208000443,pH (Escala de Sörensen),pH,TUA20230208000443|pH,,6-9,6.0,9.0,,"Anexo XVIII do Decreto-Lei nº 236/98, de 1 de agosto.","De acordo com o nº6 do artigo 69o do Decreto-Lei nº 236/98, de 1 de Agosto.",,Trimestral,Pontual,Média mensal =< VLE,Valor máximo observado ≤ ao dobro do VLE,Borlas (1); Borlas (2); Borlas,Valor Máximo Observado não superior a 100% VLE,,,5<Valor<10; 5<Valor<10????
TUA20230208000443,Carência Bioquímica de Oxigénio (mg/L O2),CBO5,TUA20230208000443|CBO5,,40,,40.0,,"Anexo XVIII do Decreto-Lei nº 236/98, de 1 de agosto.","De acordo com o nº6 do artigo 69o do Decreto-Lei nº 236/98, de 1 de Agosto.",,Trimestral,Pontual,Média mensal =< VLE; Média anual =< VLE,Valor máximo observado ≤ ao dobro do VLE,Borlas (1); Borlas; Borlas (2),Valor Máximo Observado não superior a 100% VLE,,,
TUA20230208000443,Carência Química de Oxigénio (mg/L O2),CQO,TUA20230208000443|CQO,,150,,150.0,,"Anexo XVIII do Decreto-Lei nº 236/98, de 1 de agosto.","De acordo com o nº6 do artigo 69o do Decreto-Lei nº 236/98, de 1 de Agosto.",,Trimestral,Pontual,Média mensal =< VLE; Média anual =< VLE,Valor máximo observado ≤ ao dobro do VLE,Borlas (1); Borlas; Borlas (2),Valor Máximo Observado não superior a 100% VLE,,,
TUA20230208000443,Sólidos Suspensos Totais (mg/L),SST,TUA20230208000443|SST,,60,,60.0,,"Anexo XVIII do Decreto-Lei nº 236/98, de 1 de agosto.","De acordo com o nº6 do artigo 69o do Decreto-Lei nº 236/98, de 1 de Agosto.",,Trimestral,Pontual,Média mensal =< VLE; Média anual =< VLE,Valor máximo observado ≤ ao dobro do VLE,Borlas; Borlas (2); Borlas (1),Valor Máximo Observado não superior a 150% VLE; Valor Máximo Observado não superior a 100% VLE,,,
TUA20230213000471,pH (Escala de Sörensen),pH,TUA20230213000471|pH,,6-9,6.0,9.0,,"Anexo XVIII do Decreto-Lei nº 236/98, de 1 de agosto.","De acordo com o nº6 do artigo 69o do Decreto-Lei nº 236/98, de 1 de Agosto.",,Trimestral,Pontual,Média mensal =< VLE,Valor máximo observado ≤ ao dobro do VLE,Borlas (1); Borlas (2); Borlas,Valor Máximo Observado não superior a 100% VLE,,,5<Valor<10; 5<Valor<10????
TUA20230213000471,Carência Bioquímica de Oxigénio (mg/L O2),CBO5,TUA20230213000471|CBO5,,40,,40.0,,"Anexo XVIII do Decreto-Lei nº 236/98, de 1 de agosto.","De acordo com o nº6 do artigo 69o do Decreto-Lei nº 236/98, de 1 de Agosto.",,Trimestral,Pontual,Média mensal =< VLE; Média anual =< VLE,Valor máximo observado ≤ ao dobro do VLE,Borlas (1); Borlas; Borlas (2),Valor Máximo Observado não superior a 100% VLE,,,
TUA20230213000471,Carência Química de Oxigénio (mg/L O2),CQO,TUA20230213000471|CQO,,150,,150.0,,"Anexo XVIII do Decreto-Lei nº 236/98, de 1 de agosto.","De acordo com o nº6 do artigo 69o do Decreto-Lei nº 236/98, de 1 de Agosto.",,Trimestral,Pontual,Média mensal =< VLE; Média anual =< VLE,Valor máximo observado ≤ ao dobro do VLE,Borlas (1); Borlas; Borlas (2),Valor Máximo Observado não superior a 100% VLE,,,
TUA20230213000471,Sólidos Suspensos Totais (mg/L),SST,TUA20230213000471|SST,,60,,60.0,,"Anexo XVIII do Decreto-Lei nº 236/98, de 1 de agosto.","De acordo com o nº6 do artigo 69o do Decreto-Lei nº 236/98, de 1 de Agosto.",,Trimestral,Pontual,Média mensal =< VLE; Média anual =< VLE,Valor máximo observado ≤ ao dobro do VLE,Borlas; Borlas (2); Borlas (1),Valor Máximo Observado não superior a 150% VLE; Valor Máximo Observado não superior a 100% VLE,,,
TUA20230213000497,Carência Bioquímica de Oxigénio (mg/L O2),CBO5,TUA20230213000497|CBO5,,40,,40.0,,"Abordagem combinada conforme descrita no art.º 53.º, da Lei n.º 58/2005, de 29 de dezembro, na sua redação atual, conjugada com o Decreto-Lei n.º 236/98, de 1 de agosto.","Considera-se que as águas residuais tratadas estão conformes com os parâmetros estabelecidos se, para cada um dos parâmetros aplicáveis, individualmente considerados, as amostras revelarem que as águas obedecem à norma de qualidade descrita nesta licença, nos seguintes termos:a) Nenhuma amostra excede o valor paramétrico em mais de 100%; e b) O número máximo anual de amostras não conformes será obtido através de relação estatística similar à aplicável às águas residuais urbanas, descrita no quadro n.º 3 do Anexo I do Decreto-Lei n.º 152/97, de 19 de junho, na sua redação atual.",,Mensal,Composta (iv),Média mensal =< VLE; Média anual =< VLE,Valor máximo observado ≤ ao dobro do VLE,Borlas (1); Borlas; Borlas (2),Valor Máximo Observado não superior a 100% VLE,,,
TUA20230213000497,Carência Química de Oxigénio (mg/L O2),CQO,TUA20230213000497|CQO,,150,,150.0,,"Abordagem combinada conforme descrita no art.º 53.º, da Lei n.º 58/2005, de 29 de dezembro, na sua redação atual, conjugada com o Decreto-Lei n.º 236/98, de 1 de agosto.","Considera-se que as águas residuais tratadas estão conformes com os parâmetros estabelecidos se, para cada um dos parâmetros aplicáveis, individualmente considerados, as amostras revelarem que as águas obedecem à norma de qualidade descrita nesta licença, nos seguintes termos:a) Nenhuma amostra excede o valor paramétrico em mais de 100%; e b) O número máximo anual de amostras não conformes será obtido através de relação estatística similar à aplicável às águas residuais urbanas, descrita no quadro n.º 3 do Anexo I do Decreto-Lei n.º 152/97, de 19 de junho, na sua redação atual.",,Mensal,Composta (iv),Média mensal =< VLE; Média anual =< VLE,Valor máximo observado ≤ ao dobro do VLE,Borlas (1); Borlas; Borlas (2),Valor Máximo Observado não superior a 100% VLE,,,
TUA20230213000497,Sólidos Suspensos Totais (mg/L),SST,TUA20230213000497|SST,,60,,60.0,,"Abordagem combinada conforme descrita no art.º 53.º, da Lei n.º 58/2005, de 29 de dezembro, na sua redação atual, conjugada com o Decreto-Lei n.º 236/98, de 1 de agosto.","Considera-se que as águas residuais tratadas estão conformes com os parâmetros estabelecidos se, para cada um dos parâmetros aplicáveis, individualmente considerados, as amostras revelarem que as águas obedecem à norma de qualidade descrita nesta licença, nos seguintes termos:a) Nenhuma amostra excede o valor paramétrico em mais de 100%; e b) O número máximo anual de amostras não conformes será obtido através de relação estatística similar à aplicável às águas residuais urbanas, descrita no quadro n.º 3 do Anexo I do Decreto-Lei n.º 152/97, de 19 de junho, na sua redação atual.",,Mensal,Composta (iv),Média mensal =< VLE; Média anual =< VLE,Valor máximo observado ≤ ao dobro do VLE,Borlas; Borlas (2); Borlas (1),Valor Máximo Observado não superior a 150% VLE; Valor Máximo Observado não superior a 100% VLE,,,
TUA20230213000497,pH (Escala de Sörensen),pH,TUA20230213000497|pH,,6-9,6.0,9.0,,"Abordagem combinada conforme descrita no art.º 53.º, da Lei n.º 58/2005, de 29 de dezembro, na sua redação atual, conjugada com o Decreto-Lei n.º 236/98, de 1 de agosto.","Considera-se que as águas residuais tratadas estão conformes com os parâmetros estabelecidos se, para cada um dos parâmetros aplicáveis, individualmente considerados, as amostras revelarem que as águas obedecem à norma de qualidade descrita nesta licença, nos seguintes termos:a) Nenhuma amostra excede o valor paramétrico em mais de 100%; e b) O número máximo anual de amostras não conformes será obtido através de relação estatística similar à aplicável às águas residuais urbanas, descrita no quadro n.º 3 do Anexo I do Decreto-Lei n.º 152/97, de 19 de junho, na sua redação atual.",,Mensal,Composta (iv),Média mensal =< VLE,Valor máximo observado ≤ ao dobro do VLE,Borlas (1); Borlas (2); Borlas,Valor Máximo Observado não superior a 100% VLE,,,5<Valor<10; 5<Valor<10????
TUA20230216000512,pH (Escala de Sörensen),pH,TUA20230216000512|pH,,6-9,6.0,9.0,,"Anexo XVIII do Decreto-Lei nº 236/98, de 1 de agosto.","De acordo com o nº6 do artigo 69o do Decreto-Lei nº 236/98, de 1 de Agosto.",,Trimestral,Composta (i),Média mensal =< VLE,Valor máximo observado ≤ ao dobro do VLE,Borlas (1); Borlas (2); Borlas,Valor Máximo Observado não superior a 100% VLE,,,5<Valor<10; 5<Valor<10????
TUA20230216000512,Carência Bioquímica de Oxigénio (mg/L O2),CBO5,TUA20230216000512|CBO5,,40,,40.0,,"Anexo XVIII do Decreto-Lei nº 236/98, de 1 de agosto.","De acordo com o nº6 do artigo 69o do Decreto-Lei nº 236/98, de 1 de Agosto.",,Trimestral,Composta (i),Média mensal =< VLE; Média anual =< VLE,Valor máximo observado ≤ ao dobro do VLE,Borlas (1); Borlas; Borlas (2),Valor Máximo Observado não superior a 100% VLE,,,
TUA20230216000512,Carência Química de Oxigénio (mg/L O2),CQO,TUA20230216000512|CQO,,150,,150.0,,"Anexo XVIII do Decreto-Lei nº 236/98, de 1 de agosto.","De acordo com o nº6 do artigo 69o do Decreto-Lei nº 236/98, de 1 de Agosto.",,Trimestral,Composta (i),Média mensal =< VLE; Média anual =< VLE,Valor máximo observado ≤ ao dobro do VLE,Borlas (1); Borlas; Borlas (2),Valor Máximo Observado não superior a 100% VLE,,,
TUA20230216000512,Sólidos Suspensos Totais (mg/L),SST,TUA20230216000512|SST,,60,,60.0,,"Anexo XVIII do Decreto-Lei nº 236/98, de 1 de agosto.","De acordo com o nº6 do artigo 69o do Decreto-Lei nº 236/98, de 1 de Agosto.",,Trimestral,Composta (i),Média mensal =< VLE; Média anual =< VLE,Valor máximo observado ≤ ao dobro do VLE,Borlas; Borlas (2); Borlas (1),Valor Máximo Observado não superior a 150% VLE; Valor Máximo Observado não superior a 100% VLE,,,
TUA20230216000513,pH (Escala de Sörensen),pH,TUA20230216000513|pH,,6-9,6.0,9.0,,"Anexo XVIII do Decreto-Lei nº 236/98, de 1 de agosto.","De acordo com o nº6 do artigo 69o do Decreto-Lei nº 236/98, de 1 de Agosto.",,Mensal,Pontual,Média mensal =< VLE,Valor máximo observado ≤ ao dobro do VLE,Borlas (1); Borlas (2); Borlas,Valor Máximo Observado não superior a 100% VLE,,,5<Valor<10; 5<Valor<10????
TUA20230216000513,Carência Bioquímica de Oxigénio (mg/L O2),CBO5,TUA20230216000513|CBO5,,40,,40.0,,"Anexo XVIII do Decreto-Lei nº 236/98, de 1 de agosto.","De acordo com o nº6 do artigo 69o do Decreto-Lei nº 236/98, de 1 de Agosto.",,Mensal,Pontual,Média mensal =< VLE; Média anual =< VLE,Valor máximo observado ≤ ao dobro do VLE,Borlas (1); Borlas; Borlas (2),Valor Máximo Observado não superior a 100% VLE,,,
TUA20230216000513,Carência Química de Oxigénio (mg/L O2),CQO,TUA20230216000513|CQO,,150,,150.0,,"Anexo XVIII do Decreto-Lei nº 236/98, de 1 de agosto.","De acordo com o nº6 do artigo 69o do Decreto-Lei nº 236/98, de 1 de Agosto.",,Mensal,Pontual,Média mensal =< VLE; Média anual =< VLE,Valor máximo observado ≤ ao dobro do VLE,Borlas (1); Borlas; Borlas (2),Valor Máximo Observado não superior a 100% VLE,,,
TUA20230216000513,Sólidos Suspensos Totais (mg/L),SST,TUA20230216000513|SST,,60,,60.0,,"Anexo XVIII do Decreto-Lei nº 236/98, de 1 de agosto.","De acordo com o nº6 do artigo 69o do Decreto-Lei nº 236/98, de 1 de Agosto.",,Mensal,Pontual,Média mensal =< VLE; Média anual =< VLE,Valor máximo observado ≤ ao dobro do VLE,Borlas; Borlas (2); Borlas (1),Valor Máximo Observado não superior a 150% VLE; Valor Máximo Observado não superior a 100% VLE,,,
TUA20230220000545,pH (Escala de Sörensen),pH,TUA20230220000545|pH,,6-9,6.0,9.0,,"Anexo XVIII do Decreto-Lei nº 236/98, de 1 de agosto.","Anexo XVIII do Decreto-Lei nº 236/98, de 1 de agosto.",,Trimestral,Pontual,Média mensal =< VLE,Valor máximo observado ≤ ao dobro do VLE,Borlas (1); Borlas (2); Borlas,Valor Máximo Observado não superior a 100% VLE,,,5<Valor<10; 5<Valor<10????
TUA20230220000545,Carência Bioquímica de Oxigénio (mg/L O2),CBO5,TUA20230220000545|CBO5,,40,,40.0,,"Anexo XVIII do Decreto-Lei nº 236/98, de 1 de agosto.","Anexo XVIII do Decreto-Lei nº 236/98, de 1 de agosto.",,Trimestral,Pontual,Média mensal =< VLE; Média anual =< VLE,Valor máximo observado ≤ ao dobro do VLE,Borlas (1); Borlas; Borlas (2),Valor Máximo Observado não superior a 100% VLE,,,
TUA20230220000545,Carência Química de Oxigénio (mg/L O2),CQO,TUA20230220000545|CQO,,150,,150.0,,"Anexo XVIII do Decreto-Lei nº 236/98, de 1 de agosto.","Anexo XVIII do Decreto-Lei nº 236/98, de 1 de agosto.",,Trimestral,Pontual,Média mensal =< VLE; Média anual =< VLE,Valor máximo observado ≤ ao dobro do VLE,Borlas (1); Borlas; Borlas (2),Valor Máximo Observado não superior a 100% VLE,,,
TUA20230220000545,Sólidos Suspensos Totais (mg/L),SST,TUA20230220000545|SST,,60,,60.0,,"Anexo XVIII do Decreto-Lei nº 236/98, de 1 de agosto.","Anexo XVIII do Decreto-Lei nº 236/98, de 1 de agosto.",,Trimestral,Pontual,Média mensal =< VLE; Média anual =< VLE,Valor máximo observado ≤ ao dobro do VLE,Borlas; Borlas (2); Borlas (1),Valor Máximo Observado não superior a 150% VLE; Valor Máximo Observado não superior a 100% VLE,,,
TUA20230228000613,Carência Bioquímica de Oxigénio (mg/L O2),CBO5,TUA20230228000613|CBO5,,25,,25.0,,"Abordagem combinada de acordo com o estabelecido no artigo 53.º da Lei nº 58/2005, de 29 de dezembro, na sua redação atual, conjugada com o Decreto-Lei nº 152/97, de 19 de junho com as alterações introduzidas pelos Decreto-Lei nº 172/2001, de 26 de maio; Decreto-Lei nº 149/2004, de 22 de junho; Decreto-Lei n.º 198/2008, de 8 de outubro; Decreto-Lei n.º 133/2015, de 13 de julho e Decreto-Lei n.º 77/2021, de 27 de agosto.","A verificação da conformidade dos parâmetros CBO5, CQO e SST com Valor Limite de Emissão (VLE) estabelecido de acordo com Decreto-Lei n.º 152/97, de 19 de junho, na sua redação atual, é realizada de acordo com o definido na alínea D) do Anexo I do mesmo diploma.",,Quinzenal,Composta (ii),Média mensal =< VLE; Média anual =< VLE,Valor máximo observado ≤ ao dobro do VLE,Borlas (1); Borlas; Borlas (2),Valor Máximo Observado não superior a 100% VLE,,,
TUA20230228000613,Carência Química de Oxigénio (mg/L O2),CQO,TUA20230228000613|CQO,,125,,125.0,,"Abordagem combinada de acordo com o estabelecido no artigo 53.º da Lei nº 58/2005, de 29 de dezembro, na sua redação atual, conjugada com o Decreto-Lei nº 152/97, de 19 de junho com as alterações introduzidas pelos Decreto-Lei nº 172/2001, de 26 de maio; Decreto-Lei nº 149/2004, de 22 de junho; Decreto-Lei n.º 198/2008, de 8 de outubro; Decreto-Lei n.º 133/2015, de 13 de julho e Decreto-Lei n.º 77/2021, de 27 de agosto.","A verificação da conformidade dos parâmetros CBO5, CQO e SST com Valor Limite de Emissão (VLE) estabelecido de acordo com Decreto-Lei n.º 152/97, de 19 de junho, na sua redação atual, é realizada de acordo com o definido na alínea D) do Anexo I do mesmo diploma.",,Quinzenal,Composta (ii),Média mensal =< VLE; Média anual =< VLE,Valor máximo observado ≤ ao dobro do VLE,Borlas (1); Borlas; Borlas (2),Valor Máximo Observado não superior a 100% VLE,,,
TUA20230228000613,Sólidos Suspensos Totais (mg/L),SST,TUA20230228000613|SST,,35,,35.0,,"Abordagem combinada de acordo com o estabelecido no artigo 53.º da Lei nº 58/2005, de 29 de dezembro, na sua redação atual, conjugada com o Decreto-Lei nº 152/97, de 19 de junho com as alterações introduzidas pelos Decreto-Lei nº 172/2001, de 26 de maio; Decreto-Lei nº 149/2004, de 22 de junho; Decreto-Lei n.º 198/2008, de 8 de outubro; Decreto-Lei n.º 133/2015, de 13 de julho e Decreto-Lei n.º 77/2021, de 27 de agosto.","A verificação da conformidade dos parâmetros CBO5, CQO e SST com Valor Limite de Emissão (VLE) estabelecido de acordo com Decreto-Lei n.º 152/97, de 19 de junho, na sua redação atual, é realizada de acordo com o definido na alínea D) do Anexo I do mesmo diploma.",,Quinzenal,Composta (ii),Média mensal =< VLE; Média anual =< VLE,Valor máximo observado ≤ ao dobro do VLE,Borlas; Borlas (2); Borlas (1),Valor Máximo Observado não superior a 150% VLE; Valor Máximo Observado não superior a 100% VLE,,,
TUA20230228000613,pH (Escala de Sörensen),pH,TUA20230228000613|pH,,6-9,6.0,9.0,,"Abordagem combinada conforme descrita no art.º 53.º, da Lei n.º 58/2005, de 29 de dezembro, na sua redação atual, conjugada com o Decreto-Lei n.º 236/98, de 1 de agosto.","Considera-se que as águas residuais tratadas estão conformes com os parâmetros estabelecidos se, para cada um dos parâmetros aplicáveis, individualmente considerados, as amostras revelarem que as águas obedecem à norma de qualidade descrita nesta licença, nos seguintes termos:a) Nenhuma amostra excede o valor paramétrico em mais de 100%; e b) O número máximo anual de amostras não conformes será obtido através de relação estatística similar à aplicável às águas residuais urbanas, descrita no quadro n.º 3 do Anexo I do Decreto-Lei n.º 152/97, de 19 de junho, na sua redação atual.",,Quinzenal,Composta (ii),Média mensal =< VLE,Valor máximo observado ≤ ao dobro do VLE,Borlas (1); Borlas (2); Borlas,Valor Máximo Observado não superior a 100% VLE,,,5<Valor<10; 5<Valor<10????
TUA20230228000614,Carência Bioquímica de Oxigénio (mg/L O2),CBO5,TUA20230228000614|CBO5,,20,,20.0,,"Abordagem combinada de acordo com o estabelecido no artigo 53.º da Lei nº 58/2005, de 29 de dezembro, na sua redação atual.","De acordo com o Anexo I do Decreto-Lei n.º 152/97, de 19 de junho, com as alterações introduzidas pelos Decretos-Leis n.os 348/98, de 9 de novembro, 149/2004, de 22 de junho e 198/2008, de 8 de outubro: Verificação do n.º mínimo anual de amostras e verificação do n.º máximo de amostras não conformes e verificação do desvio aos valores paramétricos.",,Quinzenal,Composta (ii),Média mensal =< VLE; Média anual =< VLE,Valor máximo observado ≤ ao dobro do VLE,Borlas (1); Borlas; Borlas (2),Valor Máximo Observado não superior a 100% VLE,,,
TUA20230228000614,Carência Química de Oxigénio (mg/L O2),CQO,TUA20230228000614|CQO,,125,,125.0,,"Decreto-Lei nº 152/97, de 19 de junho","De acordo com o Anexo I do Decreto-Lei n.º 152/97, de 19 de junho, com as alterações introduzidas pelos Decretos-Leis n.os 348/98, de 9 de novembro, 149/2004, de 22 de junho e 198/2008, de 8 de outubro: Verificação do n.º mínimo anual de amostras e verificação do n.º máximo de amostras não conformes e verificação do desvio aos valores paramétricos.",,,,Média mensal =< VLE; Média anual =< VLE,Valor máximo observado ≤ ao dobro do VLE,Borlas (1); Borlas; Borlas (2),Valor Máximo Observado não superior a 100% VLE,,,
TUA20230228000614,Sólidos Suspensos Totais (mg/L),SST,TUA20230228000614|SST,,35,,35.0,,"Decreto-Lei nº 152/97, de 19 de junho","De acordo com o Anexo I do Decreto-Lei n.º 152/97, de 19 de junho, com as alterações introduzidas pelos Decretos-Leis n.os 348/98, de 9 de novembro, 149/2004, de 22 de junho e 198/2008, de 8 de outubro: Verificação do n.º mínimo anual de amostras e verificação do n.º máximo de amostras não conformes e verificação do desvio aos valores paramétricos.",,Quinzenal,Composta (ii),Média mensal =< VLE; Média anual =< VLE,Valor máximo observado ≤ ao dobro do VLE,Borlas; Borlas (2); Borlas (1),Valor Máximo Observado não superior a 150% VLE; Valor Máximo Observado não superior a 100% VLE,,,
TUA20230228000614,pH (Escala de Sörensen),pH,TUA20230228000614|pH,,6 a 9,6.0,9.0,,"Anexo XVIII do Decreto-Lei nº 236/98, de 1 de agosto","De acordo com o nº6 do artigo 69o do Decreto-Lei nº 236/98, de 1 de Agosto. Verificação do n.º mínimo anual de amostras e verificação do n.º máximo de amostras não conformes e verificação do desvio aos valores paramétricos.",,Quinzenal,Composta (ii),Média mensal =< VLE,Valor máximo observado ≤ ao dobro do VLE,Borlas (1); Borlas (2); Borlas,Valor Máximo Observado não superior a 100% VLE,,,5<Valor<10; 5<Valor<10????
TUA20230328000995,pH (Escala de Sörensen),pH,TUA20230328000995|pH,,6-9,6.0,9.0,,"Anexo XVIII do Decreto-Lei nº 236/98, de 1 de agosto.","De acordo com o nº6 do artigo 69o do Decreto-Lei nº 236/98, de 1 de Agosto.",,Trimestral,Pontual,Média mensal =< VLE,Valor máximo observado ≤ ao dobro do VLE,Borlas (1); Borlas (2); Borlas,Valor Máximo Observado não superior a 100% VLE,,,5<Valor<10; 5<Valor<10????
TUA20230328000995,Carência Bioquímica de Oxigénio (mg/L O2),CBO5,TUA20230328000995|CBO5,,40,,40.0,,"Anexo XVIII do Decreto-Lei nº 236/98, de 1 de agosto.","De acordo com o nº6 do artigo 69o do Decreto-Lei nº 236/98, de 1 de Agosto.",,Trimestral,Pontual,Média mensal =< VLE; Média anual =< VLE,Valor máximo observado ≤ ao dobro do VLE,Borlas (1); Borlas; Borlas (2),Valor Máximo Observado não superior a 100% VLE,,,
TUA20230328000995,Carência Química de Oxigénio (mg/L O2),CQO,TUA20230328000995|CQO,,150,,150.0,,"Anexo XVIII do Decreto-Lei nº 236/98, de 1 de agosto.","De acordo com o nº6 do artigo 69o do Decreto-Lei nº 236/98, de 1 de Agosto.",,Trimestral,Pontual,Média mensal =< VLE; Média anual =< VLE,Valor máximo observado ≤ ao dobro do VLE,Borlas (1); Borlas; Borlas (2),Valor Máximo Observado não superior a 100% VLE,,,
TUA20230328000995,Sólidos Suspensos Totais (mg/L),SST,TUA20230328000995|SST,,60,,60.0,,"Anexo XVIII do Decreto-Lei nº 236/98, de 1 de agosto.","De acordo com o nº6 do artigo 69o do Decreto-Lei nº 236/98, de 1 de Agosto.",,Trimestral,Pontual,Média mensal =< VLE; Média anual =< VLE,Valor máximo observado ≤ ao dobro do VLE,Borlas; Borlas (2); Borlas (1),Valor Máximo Observado não superior a 150% VLE; Valor Máximo Observado não superior a 100% VLE,,,
TUA20230328000996,pH (Escala de Sörensen),pH,TUA20230328000996|pH,,6-9,6.0,9.0,,"Anexo XVIII do Decreto-Lei nº 236/98, de 1 de agosto.","De acordo com o nº6 do artigo 69o do Decreto-Lei nº 236/98, de 1 de Agosto.",,Trimestral,Composta (i),Média mensal =< VLE,Valor máximo observado ≤ ao dobro do VLE,Borlas (1); Borlas (2); Borlas,Valor Máximo Observado não superior a 100% VLE,,,5<Valor<10; 5<Valor<10????
TUA20230328000996,Carência Bioquímica de Oxigénio (mg/L O2),CBO5,TUA20230328000996|CBO5,,40,,40.0,,"Anexo XVIII do Decreto-Lei nº 236/98, de 1 de agosto.","De acordo com o nº6 do artigo 69o do Decreto-Lei nº 236/98, de 1 de Agosto.",,Trimestral,Composta (i),Média mensal =< VLE; Média anual =< VLE,Valor máximo observado ≤ ao dobro do VLE,Borlas (1); Borlas; Borlas (2),Valor Máximo Observado não superior a 100% VLE,,,
TUA20230328000996,Carência Química de Oxigénio (mg/L O2),CQO,TUA20230328000996|CQO,,150,,150.0,,"Anexo XVIII do Decreto-Lei nº 236/98, de 1 de agosto.","De acordo com o nº6 do artigo 69o do Decreto-Lei nº 236/98, de 1 de Agosto.",,Trimestral,Composta (i),Média mensal =< VLE; Média anual =< VLE,Valor máximo observado ≤ ao dobro do VLE,Borlas (1); Borlas; Borlas (2),Valor Máximo Observado não superior a 100% VLE,,,
TUA20230328000996,Sólidos Suspensos Totais (mg/L),SST,TUA20230328000996|SST,,60,,60.0,,"Anexo XVIII do Decreto-Lei nº 236/98, de 1 de agosto.","De acordo com o nº6 do artigo 69o do Decreto-Lei nº 236/98, de 1 de Agosto.",,Trimestral,Composta (i),Média mensal =< VLE; Média anual =< VLE,Valor máximo observado ≤ ao dobro do VLE,Borlas; Borlas (2); Borlas (1),Valor Máximo Observado não superior a 150% VLE; Valor Máximo Observado não superior a 100% VLE,,,
TUA20230421001258,pH (Escala de Sörensen),pH,TUA20230421001258|pH,,6-9,6.0,9.0,,"Anexo XVIII do Decreto-Lei nº 236/98, de 1 de agosto.","De acordo com o nº6 do artigo 69o do Decreto-Lei nº 236/98, de 1 de Agosto.",,Trimestral,Pontual,Média mensal =< VLE,Valor máximo observado ≤ ao dobro do VLE,Borlas (1); Borlas (2); Borlas,Valor Máximo Observado não superior a 100% VLE,,,5<Valor<10; 5<Valor<10????
TUA20230421001258,Carência Bioquímica de Oxigénio (mg/L O2),CBO5,TUA20230421001258|CBO5,,40,,40.0,,"Anexo XVIII do Decreto-Lei nº 236/98, de 1 de agosto.","De acordo com o nº6 do artigo 69o do Decreto-Lei nº 236/98, de 1 de Agosto.",,Trimestral,Pontual,Média mensal =< VLE; Média anual =< VLE,Valor máximo observado ≤ ao dobro do VLE,Borlas (1); Borlas; Borlas (2),Valor Máximo Observado não superior a 100% VLE,,,
TUA20230421001258,Carência Química de Oxigénio (mg/L O2),CQO,TUA20230421001258|CQO,,150,,150.0,,"Anexo XVIII do Decreto-Lei nº 236/98, de 1 de agosto.","De acordo com o nº6 do artigo 69o do Decreto-Lei nº 236/98, de 1 de Agosto.",,Trimestral,Pontual,Média mensal =< VLE; Média anual =< VLE,Valor máximo observado ≤ ao dobro do VLE,Borlas (1); Borlas; Borlas (2),Valor Máximo Observado não superior a 100% VLE,,,
TUA20230421001258,Sólidos Suspensos Totais (mg/L),SST,TUA20230421001258|SST,,60,,60.0,,"Anexo XVIII do Decreto-Lei nº 236/98, de 1 de agosto.","De acordo com o nº6 do artigo 69o do Decreto-Lei nº 236/98, de 1 de Agosto.",,Trimestral,Pontual,Média mensal =< VLE; Média anual =< VLE,Valor máximo observado ≤ ao dobro do VLE,Borlas; Borlas (2); Borlas (1),Valor Máximo Observado não superior a 150% VLE; Valor Máximo Observado não superior a 100% VLE,,,
TUA20230421001259,pH (Escala de Sörensen),pH,TUA20230421001259|pH,,6-9,6.0,9.0,,"Anexo XVIII do Decreto-Lei nº 236/98, de 1 de agosto.","De acordo com o nº6 do artigo 69o do Decreto-Lei nº 236/98, de 1 de Agosto.",,Trimestral,Composta (i),Média mensal =< VLE,Valor máximo observado ≤ ao dobro do VLE,Borlas (1); Borlas (2); Borlas,Valor Máximo Observado não superior a 100% VLE,,,5<Valor<10; 5<Valor<10????
TUA20230421001259,Carência Bioquímica de Oxigénio (mg/L O2),CBO5,TUA20230421001259|CBO5,,40,,40.0,,"Anexo XVIII do Decreto-Lei nº 236/98, de 1 de agosto.","De acordo com o nº6 do artigo 69o do Decreto-Lei nº 236/98, de 1 de Agosto.",,Trimestral,Composta (i),Média mensal =< VLE; Média anual =< VLE,Valor máximo observado ≤ ao dobro do VLE,Borlas (1); Borlas; Borlas (2),Valor Máximo Observado não superior a 100% VLE,,,
TUA20230421001259,Carência Química de Oxigénio (mg/L O2),CQO,TUA20230421001259|CQO,,150,,150.0,,"Anexo XVIII do Decreto-Lei nº 236/98, de 1 de agosto.","De acordo com o nº6 do artigo 69o do Decreto-Lei nº 236/98, de 1 de Agosto.",,Trimestral,Composta (i),Média mensal =< VLE; Média anual =< VLE,Valor máximo observado ≤ ao dobro do VLE,Borlas (1); Borlas; Borlas (2),Valor Máximo Observado não superior a 100% VLE,,,
TUA20230421001259,Sólidos Suspensos Totais (mg/L),SST,TUA20230421001259|SST,,60,,60.0,,"Anexo XVIII do Decreto-Lei nº 236/98, de 1 de agosto.","De acordo com o nº6 do artigo 69o do Decreto-Lei nº 236/98, de 1 de Agosto.",,Trimestral,Composta (i),Média mensal =< VLE; Média anual =< VLE,Valor máximo observado ≤ ao dobro do VLE,Borlas; Borlas (2); Borlas (1),Valor Máximo Observado não superior a 150% VLE; Valor Máximo Observado não superior a 100% VLE,,,
TUA20230421001260,pH (Escala de Sörensen),pH,TUA20230421001260|pH,,6-9,6.0,9.0,,"Anexo XVIII do Decreto-Lei nº 236/98, de 1 de agosto.","De acordo com o nº6 do artigo 69o do Decreto-Lei nº 236/98, de 1 de Agosto.",,Trimestral,Pontual,Média mensal =< VLE,Valor máximo observado ≤ ao dobro do VLE,Borlas (1); Borlas (2); Borlas,Valor Máximo Observado não superior a 100% VLE,,,5<Valor<10; 5<Valor<10????
TUA20230421001260,Carência Bioquímica de Oxigénio (mg/L O2),CBO5,TUA20230421001260|CBO5,,40,,40.0,,"Anexo XVIII do Decreto-Lei nº 236/98, de 1 de agosto.","De acordo com o nº6 do artigo 69o do Decreto-Lei nº 236/98, de 1 de Agosto.",,Trimestral,Pontual,Média mensal =< VLE; Média anual =< VLE,Valor máximo observado ≤ ao dobro do VLE,Borlas (1); Borlas; Borlas (2),Valor Máximo Observado não superior a 100% VLE,,,
TUA20230421001260,Carência Química de Oxigénio (mg/L O2),CQO,TUA20230421001260|CQO,,150,,150.0,,"Anexo XVIII do Decreto-Lei nº 236/98, de 1 de agosto.","De acordo com o nº6 do artigo 69o do Decreto-Lei nº 236/98, de 1 de Agosto.",,Trimestral,Pontual,Média mensal =< VLE; Média anual =< VLE,Valor máximo observado ≤ ao dobro do VLE,Borlas (1); Borlas; Borlas (2),Valor Máximo Observado não superior a 100% VLE,,,
TUA20230421001260,Sólidos Suspensos Totais (mg/L),SST,TUA20230421001260|SST,,60,,60.0,,"Anexo XVIII do Decreto-Lei nº 236/98, de 1 de agosto.","De acordo com o nº6 do artigo 69o do Decreto-Lei nº 236/98, de 1 de Agosto.",,Trimestral,Pontual,Média mensal =< VLE; Média anual =< VLE,Valor máximo observado ≤ ao dobro do VLE,Borlas; Borlas (2); Borlas (1),Valor Máximo Observado não superior a 150% VLE; Valor Máximo Observado não superior a 100% VLE,,,
TUA20230421001263,pH (Escala de Sörensen),pH,TUA20230421001263|pH,,6-9,6.0,9.0,,"Anexo XVIII do Decreto-Lei nº 236/98, de 1 de agosto.","De acordo com o nº6 do artigo 69o do Decreto-Lei nº 236/98, de 1 de Agosto.",,Trimestral,Pontual,Média mensal =< VLE,Valor máximo observado ≤ ao dobro do VLE,Borlas (1); Borlas (2); Borlas,Valor Máximo Observado não superior a 100% VLE,,,5<Valor<10; 5<Valor<10????
TUA20230421001263,Carência Bioquímica de Oxigénio (mg/L O2),CBO5,TUA20230421001263|CBO5,,40,,40.0,,"Anexo XVIII do Decreto-Lei nº 236/98, de 1 de agosto.","De acordo com o nº6 do artigo 69o do Decreto-Lei nº 236/98, de 1 de Agosto.",,Trimestral,Pontual,Média mensal =< VLE; Média anual =< VLE,Valor máximo observado ≤ ao dobro do VLE,Borlas (1); Borlas; Borlas (2),Valor Máximo Observado não superior a 100% VLE,,,
TUA20230421001263,Carência Química de Oxigénio (mg/L O2),CQO,TUA20230421001263|CQO,,150,,150.0,,"Anexo XVIII do Decreto-Lei nº 236/98, de 1 de agosto.","De acordo com o nº6 do artigo 69o do Decreto-Lei nº 236/98, de 1 de Agosto.",,Trimestral,Pontual,Média mensal =< VLE; Média anual =< VLE,Valor máximo observado ≤ ao dobro do VLE,Borlas (1); Borlas; Borlas (2),Valor Máximo Observado não superior a 100% VLE,,,
TUA20230421001263,Sólidos Suspensos Totais (mg/L),SST,TUA20230421001263|SST,,60,,60.0,,"Anexo XVIII do Decreto-Lei nº 236/98, de 1 de agosto.","De acordo com o nº6 do artigo 69o do Decreto-Lei nº 236/98, de 1 de Agosto.",,Trimestral,Pontual,Média mensal =< VLE; Média anual =< VLE,Valor máximo observado ≤ ao dobro do VLE,Borlas; Borlas (2); Borlas (1),Valor Máximo Observado não superior a 150% VLE; Valor Máximo Observado não superior a 100% VLE,,,
TUA20230423001281,pH (Escala de Sörensen),pH,TUA20230423001281|pH,,"6,0 - 9,0",6.0,9.0,,"Anexo XVIII do Decreto-Lei n.º 236/98, de 1 de agosto.","De acordo com a alínea D) do Anexo I do Decreto-Lei n.º 152/97, de 19 de junho, com as alterações introduzidas pelos Decretos-Leis n.os 348/98, de 9 de novembro, 149/2004, de 22 de junho, 198/2008, de 8 de outubro, 133/2015, de 13 de julho e 77/2021, de 27 de agosto, e o artigo 69.º do Decreto-Lei n.º 236/98, de 1 de agosto. Atendendo à origem das águas residuais e aos objetivos de qualidade definidos para a massa de água recetora, para os parâmetros cujo V.L.E. é definido com base no Decreto-Lei n.º 236/98, de 1 de agosto, o número máximo anual de amostras que podem não ser conformes não pode exceder 2 (duas).",,Mensal,Composta (ii),Média mensal =< VLE,Valor máximo observado ≤ ao dobro do VLE,Borlas (1); Borlas (2); Borlas,Valor Máximo Observado não superior a 100% VLE,,,5<Valor<10; 5<Valor<10????
TUA20230423001281,Carência Bioquímica de Oxigénio (mg/L O2),CBO5,TUA20230423001281|CBO5,,25,,25.0,,"Anexo I do Decreto-Lei n.º 152/97, de 19 de junho, com as alterações introduzidas pelos Decretos-Leis n.ºs 348/98, de 9 de novembro, 149/2004, de 22 de junho, 198/2008, de 8 de outubro, 133/2015, de 13 de julho e 77/2021, de 27 de agosto (Quadro 1).","De acordo com a alínea D) do Anexo I do Decreto-Lei n.º 152/97, de 19 de junho, com as alterações introduzidas pelos Decretos-Leis n.os 348/98, de 9 de novembro, 149/2004, de 22 de junho, 198/2008, de 8 de outubro, 133/2015, de 13 de julho e 77/2021, de 27 de agosto, e o artigo 69.º do Decreto-Lei n.º 236/98, de 1 de agosto. Atendendo à origem das águas residuais e aos objetivos de qualidade definidos para a massa de água recetora, para os parâmetros cujo V.L.E. é definido com base no Decreto-Lei n.º 236/98, de 1 de agosto, o número máximo anual de amostras que podem não ser conformes não pode exceder 2 (duas).",,Mensal,Composta (ii),Média mensal =< VLE; Média anual =< VLE,Valor máximo observado ≤ ao dobro do VLE,Borlas (1); Borlas; Borlas (2),Valor Máximo Observado não superior a 100% VLE,,,
TUA20230423001281,Carência Química de Oxigénio (mg/L O2),CQO,TUA20230423001281|CQO,,125,,125.0,,"Anexo I do Decreto-Lei n.º 152/97, de 19 de junho, com as alterações introduzidas pelos Decretos-Leis n.ºs 348/98, de 9 de novembro, 149/2004, de 22 de junho, 198/2008, de 8 de outubro, 133/2015, de 13 de julho e 77/2021, de 27 de agosto (Quadro 1).","De acordo com a alínea D) do Anexo I do Decreto-Lei n.º 152/97, de 19 de junho, com as alterações introduzidas pelos Decretos-Leis n.os 348/98, de 9 de novembro, 149/2004, de 22 de junho, 198/2008, de 8 de outubro, 133/2015, de 13 de julho e 77/2021, de 27 de agosto, e o artigo 69.º do Decreto-Lei n.º 236/98, de 1 de agosto. Atendendo à origem das águas residuais e aos objetivos de qualidade definidos para a massa de água recetora, para os parâmetros cujo V.L.E. é definido com base no Decreto-Lei n.º 236/98, de 1 de agosto, o número máximo anual de amostras que podem não ser conformes não pode exceder 2 (duas).",,Mensal,Composta (ii),Média mensal =< VLE; Média anual =< VLE,Valor máximo observado ≤ ao dobro do VLE,Borlas (1); Borlas; Borlas (2),Valor Máximo Observado não superior a 100% VLE,,,
TUA20230423001281,Sólidos Suspensos Totais (mg/L),SST,TUA20230423001281|SST,,35,,35.0,,"Anexo I do Decreto-Lei n.º 152/97, de 19 de junho, com as alterações introduzidas pelos Decretos-Leis n.ºs 348/98, de 9 de novembro, 149/2004, de 22 de junho, 198/2008, de 8 de outubro, 133/2015, de 13 de julho e 77/2021, de 27 de agosto (Quadro 1).","De acordo com a alínea D) do Anexo I do Decreto-Lei n.º 152/97, de 19 de junho, com as alterações introduzidas pelos Decretos-Leis n.os 348/98, de 9 de novembro, 149/2004, de 22 de junho, 198/2008, de 8 de outubro, 133/2015, de 13 de julho e 77/2021, de 27 de agosto, e o artigo 69.º do Decreto-Lei n.º 236/98, de 1 de agosto. Atendendo à origem das águas residuais e aos objetivos de qualidade definidos para a massa de água recetora, para os parâmetros cujo V.L.E. é definido com base no Decreto-Lei n.º 236/98, de 1 de agosto, o número máximo anual de amostras que podem não ser conformes não pode exceder 2 (duas).",,Mensal,Composta (ii),Média mensal =< VLE; Média anual =< VLE,Valor máximo observado ≤ ao dobro do VLE,Borlas; Borlas (2); Borlas (1),Valor Máximo Observado não superior a 150% VLE; Valor Máximo Observado não superior a 100% VLE,,,
TUA20230423001281,Óleos e Gorduras (mg/L),O&G,TUA20230423001281|O&G,,15,,15.0,,"Anexo XVIII do Decreto-Lei n.º 236/98, de 1 de agosto.","De acordo com a alínea D) do Anexo I do Decreto-Lei n.º 152/97, de 19 de junho, com as alterações introduzidas pelos Decretos-Leis n.os 348/98, de 9 de novembro, 149/2004, de 22 de junho, 198/2008, de 8 de outubro, 133/2015, de 13 de julho e 77/2021, de 27 de agosto, e o artigo 69.º do Decreto-Lei n.º 236/98, de 1 de agosto. Atendendo à origem das águas residuais e aos objetivos de qualidade definidos para a massa de água recetora, para os parâmetros cujo V.L.E. é definido com base no Decreto-Lei n.º 236/98, de 1 de agosto, o número máximo anual de amostras que podem não ser conformes não pode exceder 2 (duas).",,Mensal,Composta (ii),Média mensal =< VLE,Valor máximo observado ≤ ao dobro do VLE,Borlas (2); Borlas; Borlas (1),,,,
TUA20230510001393,pH (Escala de Sörensen),pH,TUA20230510001393|pH,,6-9,6.0,9.0,,"Abordagem combinada de acordo com o estabelecido no artigo 53.º da Lei nº 58/2005, de 29 de dezembro, na sua redação atual.","Considera-se que as águas residuais tratadas estão conformes para o parâmetro pH, se as amostras revelarem que as águas obedecem à norma de qualidade descrita nesta licença, nos seguintes termos: a) Nenhuma amostra poderá se encontrar fora do intervalo 5,0 -10,0, e b) O número máximo anual de amostras não conformes será obtido através de relação estatística similar à aplicável às águas residuais urbanas, descrita no quadro n.º 3 do Anexo I do Decreto-Lei n.º 152/97, de 19 de junho, na sua redação atual.",,Quinzenal,Composta (ii),Média mensal =< VLE,Valor máximo observado ≤ ao dobro do VLE,Borlas (1); Borlas (2); Borlas,Valor Máximo Observado não superior a 100% VLE,,,5<Valor<10; 5<Valor<10????
TUA20230510001393,Carência Bioquímica de Oxigénio (mg/L O2),CBO5,TUA20230510001393|CBO5,,25,,25.0,,"Abordagem combinada de acordo com o estabelecido no artigo 53.º da Lei nº 58/2005, de 29 de dezembro, na sua redação atual.","Considera-se que as águas residuais tratadas estão conformes com os parâmetros estabelecidos se, para cada um dos parâmetros aplicáveis, individualmente considerados, as amostras revelarem que as águas obedecem à norma de qualidade descrita nesta licença, nos seguintes termos: a) Nenhuma amostra excede o valor paramétrico em mais de 100%; e b) O número máximo anual de amostras não conformes será obtido através de relação estatística similar à aplicável às águas residuais urbanas, descrita no quadro n.º 3 do Anexo I do Decreto-Lei n.º 152/97, de 19 de junho, na sua redação atual.",,Quinzenal,Composta (ii),Média mensal =< VLE; Média anual =< VLE,Valor máximo observado ≤ ao dobro do VLE,Borlas (1); Borlas; Borlas (2),Valor Máximo Observado não superior a 100% VLE,,,
TUA20230510001393,Carência Química de Oxigénio (mg/L O2),CQO,TUA20230510001393|CQO,,125,,125.0,,"Abordagem combinada de acordo com o estabelecido no artigo 53.º da Lei nº 58/2005, de 29 de dezembro, na sua redação atual.","Considera-se que as águas residuais tratadas estão conformes com os parâmetros estabelecidos se, para cada um dos parâmetros aplicáveis, individualmente considerados, as amostras revelarem que as águas obedecem à norma de qualidade descrita nesta licença, nos seguintes termos: a) Nenhuma amostra excede o valor paramétrico em mais de 100%; e b) O número máximo anual de amostras não conformes será obtido através de relação estatística similar à aplicável às águas residuais urbanas, descrita no quadro n.º 3 do Anexo I do Decreto-Lei n.º 152/97, de 19 de junho, na sua redação atual.",,Quinzenal,Composta (ii),Média mensal =< VLE; Média anual =< VLE,Valor máximo observado ≤ ao dobro do VLE,Borlas (1); Borlas; Borlas (2),Valor Máximo Observado não superior a 100% VLE,,,
TUA20230510001393,Sólidos Suspensos Totais (mg/L),SST,TUA20230510001393|SST,,35,,35.0,,"Abordagem combinada de acordo com o estabelecido no artigo 53.º da Lei nº 58/2005, de 29 de dezembro, na sua redação atual.","Considera-se que as águas residuais tratadas estão conformes com os parâmetros estabelecidos se, para cada um dos parâmetros aplicáveis, individualmente considerados, as amostras revelarem que as águas obedecem à norma de qualidade descrita nesta licença, nos seguintes termos: a) Nenhuma amostra excede o valor paramétrico em mais de 100%; e b) O número máximo anual de amostras não conformes será obtido através de relação estatística similar à aplicável às águas residuais urbanas, descrita no quadro n.º 3 do Anexo I do Decreto-Lei n.º 152/97, de 19 de junho, na sua redação atual.",,Quinzenal,Composta (ii),Média mensal =< VLE; Média anual =< VLE,Valor máximo observado ≤ ao dobro do VLE,Borlas; Borlas (2); Borlas (1),Valor Máximo Observado não superior a 150% VLE; Valor Máximo Observado não superior a 100% VLE,,,
TUA20230510001393,Fósforo total (mg/L P),P,TUA20230510001393|P,,3,,3.0,,"Abordagem combinada de acordo com o estabelecido no artigo 53.º da Lei nº 58/2005, de 29 de dezembro, na sua redação atual.","Considera-se que as águas residuais tratadas estão conformes com os parâmetros estabelecidos se, para cada um dos parâmetros aplicáveis, individualmente considerados, as amostras revelarem que as águas obedecem à norma de qualidade descrita nesta licença, nos seguintes termos: a) Nenhuma amostra excede o valor paramétrico em mais de 100%; e b) O número máximo anual de amostras não conformes será obtido através de relação estatística similar à aplicável às águas residuais urbanas, descrita no quadro n.º 3 do Anexo I do Decreto-Lei n.º 152/97, de 19 de junho, na sua redação atual.",,Quinzenal,Composta (ii),,,Borlas,Valor Máximo Observado não superior a 100% VLE,Média anual ≤ VLE,,
TUA20230510001393,Óleos e Gorduras (mg/L),O&G,TUA20230510001393|O&G,,15,,15.0,,"Abordagem combinada de acordo com o estabelecido no artigo 53.º da Lei nº 58/2005, de 29 de dezembro, na sua redação atual.","Considera-se que as águas residuais tratadas estão conformes com os parâmetros estabelecidos se, para cada um dos parâmetros aplicáveis, individualmente considerados, as amostras revelarem que as águas obedecem à norma de qualidade descrita nesta licença, nos seguintes termos: a) Nenhuma amostra excede o valor paramétrico em mais de 100%; e b) O número máximo anual de amostras não conformes será obtido através de relação estatística similar à aplicável às águas residuais urbanas, descrita no quadro n.º 3 do Anexo I do Decreto-Lei n.º 152/97, de 19 de junho, na sua redação atual.",,Quinzenal,Composta (ii),Média mensal =< VLE,Valor máximo observado ≤ ao dobro do VLE,Borlas (2); Borlas; Borlas (1),,,,
TUA20230510001393,Fenóis (mg/L C6H5OH),Fenóis (mg/L C6H5OH),TUA20230510001393|Fenóis (mg/L C6H5OH),,"0,5",,0.5,,"Abordagem combinada de acordo com o estabelecido no artigo 53.º da Lei nº 58/2005, de 29 de dezembro, na sua redação atual.","Considera-se que as águas residuais tratadas estão conformes com os parâmetros estabelecidos se, para cada um dos parâmetros aplicáveis, individualmente considerados, as amostras revelarem que as águas obedecem à norma de qualidade descrita nesta licença, nos seguintes termos: a) Nenhuma amostra excede o valor paramétrico em mais de 100%; e b) O número máximo anual de amostras não conformes será obtido através de relação estatística similar à aplicável às águas residuais urbanas, descrita no quadro n.º 3 do Anexo I do Decreto-Lei n.º 152/97, de 19 de junho, na sua redação atual.",,Quinzenal,Composta (ii),,Valor máximo observado ≤ ao dobro do VLE,Borlas,Valor Máximo Observado não superior a 100% VLE,,,
TUA20230510001399,pH (Escala de Sörensen),pH,TUA20230510001399|pH,,6-9,6.0,9.0,,"Anexo XVIII do Decreto-Lei nº 236/98, de 1 de agosto.","De acordo com o nº6 do artigo 69o do Decreto-Lei nº 236/98, de 1 de Agosto.",,Trimestral,Pontual,Média mensal =< VLE,Valor máximo observado ≤ ao dobro do VLE,Borlas (1); Borlas (2); Borlas,Valor Máximo Observado não superior a 100% VLE,,,5<Valor<10; 5<Valor<10????
TUA20230510001399,Carência Bioquímica de Oxigénio (mg/L O2),CBO5,TUA20230510001399|CBO5,,40,,40.0,,"Anexo XVIII do Decreto-Lei nº 236/98, de 1 de agosto.","De acordo com o nº6 do artigo 69o do Decreto-Lei nº 236/98, de 1 de Agosto.",,Trimestral,Pontual,Média mensal =< VLE; Média anual =< VLE,Valor máximo observado ≤ ao dobro do VLE,Borlas (1); Borlas; Borlas (2),Valor Máximo Observado não superior a 100% VLE,,,
TUA20230510001399,Carência Química de Oxigénio (mg/L O2),CQO,TUA20230510001399|CQO,,150,,150.0,,"Anexo XVIII do Decreto-Lei nº 236/98, de 1 de agosto.","De acordo com o nº6 do artigo 69o do Decreto-Lei nº 236/98, de 1 de Agosto.",,Trimestral,Pontual,Média mensal =< VLE; Média anual =< VLE,Valor máximo observado ≤ ao dobro do VLE,Borlas (1); Borlas; Borlas (2),Valor Máximo Observado não superior a 100% VLE,,,
TUA20230510001399,Sólidos Suspensos Totais (mg/L),SST,TUA20230510001399|SST,,60,,60.0,,"Anexo XVIII do Decreto-Lei nº 236/98, de 1 de agosto.","De acordo com o nº6 do artigo 69o do Decreto-Lei nº 236/98, de 1 de Agosto.",,Trimestral,Pontual,Média mensal =< VLE; Média anual =< VLE,Valor máximo observado ≤ ao dobro do VLE,Borlas; Borlas (2); Borlas (1),Valor Máximo Observado não superior a 150% VLE; Valor Máximo Observado não superior a 100% VLE,,,
TUA20230602001636,pH (Escala de Sörensen),pH,TUA20230602001636|pH,,6-9,6.0,9.0,,"Anexo XVIII do Decreto-Lei nº 236/98, de 1 de agosto.","De acordo com o nº6 do artigo 69o do Decreto-Lei nº 236/98, de 1 de Agosto.",,Mensal,Pontual,Média mensal =< VLE,Valor máximo observado ≤ ao dobro do VLE,Borlas (1); Borlas (2); Borlas,Valor Máximo Observado não superior a 100% VLE,,,5<Valor<10; 5<Valor<10????
TUA20230602001636,Carência Bioquímica de Oxigénio (mg/L O2),CBO5,TUA20230602001636|CBO5,,40,,40.0,,"Anexo XVIII do Decreto-Lei nº 236/98, de 1 de agosto.","De acordo com o nº6 do artigo 69o do Decreto-Lei nº 236/98, de 1 de Agosto.",,Mensal,Pontual,Média mensal =< VLE; Média anual =< VLE,Valor máximo observado ≤ ao dobro do VLE,Borlas (1); Borlas; Borlas (2),Valor Máximo Observado não superior a 100% VLE,,,
TUA20230602001636,Carência Química de Oxigénio (mg/L O2),CQO,TUA20230602001636|CQO,,150,,150.0,,"Anexo XVIII do Decreto-Lei nº 236/98, de 1 de agosto.","De acordo com o nº6 do artigo 69o do Decreto-Lei nº 236/98, de 1 de Agosto.",,Mensal,Pontual,Média mensal =< VLE; Média anual =< VLE,Valor máximo observado ≤ ao dobro do VLE,Borlas (1); Borlas; Borlas (2),Valor Máximo Observado não superior a 100% VLE,,,
TUA20230602001636,Sólidos Suspensos Totais (mg/L),SST,TUA20230602001636|SST,,60,,60.0,,"Anexo XVIII do Decreto-Lei nº 236/98, de 1 de agosto.","De acordo com o nº6 do artigo 69o do Decreto-Lei nº 236/98, de 1 de Agosto.",,Mensal,Pontual,Média mensal =< VLE; Média anual =< VLE,Valor máximo observado ≤ ao dobro do VLE,Borlas; Borlas (2); Borlas (1),Valor Máximo Observado não superior a 150% VLE; Valor Máximo Observado não superior a 100% VLE,,,
TUA20230602001637,pH (Escala de Sörensen),pH,TUA20230602001637|pH,,6-9,6.0,9.0,,"Anexo XVIII do Decreto-Lei nº 236/98, de 1 de agosto.","De acordo com o nº6 do artigo 69o do Decreto-Lei nº 236/98, de 1 de Agosto.",,Mensal,Composta (i),Média mensal =< VLE,Valor máximo observado ≤ ao dobro do VLE,Borlas (1); Borlas (2); Borlas,Valor Máximo Observado não superior a 100% VLE,,,5<Valor<10; 5<Valor<10????
TUA20230602001637,Carência Bioquímica de Oxigénio (mg/L O2),CBO5,TUA20230602001637|CBO5,,40,,40.0,,"Anexo XVIII do Decreto-Lei nº 236/98, de 1 de agosto.","De acordo com o nº6 do artigo 69o do Decreto-Lei nº 236/98, de 1 de Agosto.",,Mensal,Composta (i),Média mensal =< VLE; Média anual =< VLE,Valor máximo observado ≤ ao dobro do VLE,Borlas (1); Borlas; Borlas (2),Valor Máximo Observado não superior a 100% VLE,,,
TUA20230602001637,Carência Química de Oxigénio (mg/L O2),CQO,TUA20230602001637|CQO,,150,,150.0,,"Anexo XVIII do Decreto-Lei nº 236/98, de 1 de agosto.","De acordo com o nº6 do artigo 69o do Decreto-Lei nº 236/98, de 1 de Agosto.",,Mensal,Composta (i),Média mensal =< VLE; Média anual =< VLE,Valor máximo observado ≤ ao dobro do VLE,Borlas (1); Borlas; Borlas (2),Valor Máximo Observado não superior a 100% VLE,,,
TUA20230602001637,Sólidos Suspensos Totais (mg/L),SST,TUA20230602001637|SST,,60,,60.0,,"Anexo XVIII do Decreto-Lei nº 236/98, de 1 de agosto.","De acordo com o nº6 do artigo 69o do Decreto-Lei nº 236/98, de 1 de Agosto.",,Mensal,Composta (i),Média mensal =< VLE; Média anual =< VLE,Valor máximo observado ≤ ao dobro do VLE,Borlas; Borlas (2); Borlas (1),Valor Máximo Observado não superior a 150% VLE; Valor Máximo Observado não superior a 100% VLE,,,
TUA20230707002024,pH (Escala de Sörensen),pH,TUA20230707002024|pH,,6 a 9,6.0,9.0,,"Abordagem combinada de acordo com o estabelecido no artigo 53.º da Lei nº 58/2005, de 29 de dezembro, na sua redação atual.","Considera-se que as águas residuais tratadas estão conformes para o parâmetro pH, se as amostras revelarem que as águas obedecem à norma de qualidade descrita nesta licença, nos seguintes termos: :a) Nenhuma amostra poderá se encontrar fora do intervalo 5,0 -10,0, eb) O número máximo anual de amostras não conformes será obtido através de relação estatística similar à aplicável às águas residuais urbanas, descrita no quadro n.º 3 do Anexo I do Decreto-Lei n.º 152/97, de 19 de junho, na sua redação atual.",,Mensal,Composta (iii),Média mensal =< VLE,Valor máximo observado ≤ ao dobro do VLE,Borlas (1); Borlas (2); Borlas,Valor Máximo Observado não superior a 100% VLE,,,5<Valor<10; 5<Valor<10????
TUA20230707002024,Carência Química de Oxigénio (mg/L O2),CQO,TUA20230707002024|CQO,,150,,150.0,,"Abordagem combinada de acordo com o estabelecido no artigo 53.º da Lei nº 58/2005, de 29 de dezembro, na sua redação atual.","Considera-se que as águas residuais tratadas estão conformes com os parâmetros estabelecidos se, para cada um dos parâmetros aplicáveis, individualmente considerados, as amostras revelarem que as águas obedecem à norma de qualidade descrita nesta licença, nos seguintes termos:a) Nenhuma amostra excede o valor paramétrico em mais de 100%; e b) O número máximo anual de amostras não conformes será obtido através de relação estatística similar à aplicável às águas residuais urbanas, descrita no quadro n.º 3 do Anexo I do Decreto-Lei n.º 152/97, de 19 de junho, na sua redação atual.",,Mensal,Composta (iii),Média mensal =< VLE; Média anual =< VLE,Valor máximo observado ≤ ao dobro do VLE,Borlas (1); Borlas; Borlas (2),Valor Máximo Observado não superior a 100% VLE,,,
TUA20230707002024,Carência Bioquímica de Oxigénio (mg/L O2),CBO5,TUA20230707002024|CBO5,,40,,40.0,,"Abordagem combinada de acordo com o estabelecido no artigo 53.º da Lei nº 58/2005, de 29 de dezembro, na sua redação atual.","Considera-se que as águas residuais tratadas estão conformes com os parâmetros estabelecidos se, para cada um dos parâmetros aplicáveis, individualmente considerados, as amostras revelarem que as águas obedecem à norma de qualidade descrita nesta licença, nos seguintes termos:a) Nenhuma amostra excede o valor paramétrico em mais de 100%; e b) O número máximo anual de amostras não conformes será obtido através de relação estatística similar à aplicável às águas residuais urbanas, descrita no quadro n.º 3 do Anexo I do Decreto-Lei n.º 152/97, de 19 de junho, na sua redação atual.",,Mensal,Composta (iii),Média mensal =< VLE; Média anual =< VLE,Valor máximo observado ≤ ao dobro do VLE,Borlas (1); Borlas; Borlas (2),Valor Máximo Observado não superior a 100% VLE,,,
TUA20230707002024,Sólidos Suspensos Totais (mg/L),SST,TUA20230707002024|SST,,60,,60.0,,"Abordagem combinada de acordo com o estabelecido no artigo 53.º da Lei nº 58/2005, de 29 de dezembro, na sua redação atual.","Considera-se que as águas residuais tratadas estão conformes com os parâmetros estabelecidos se, para cada um dos parâmetros aplicáveis, individualmente considerados, as amostras revelarem que as águas obedecem à norma de qualidade descrita nesta licença, nos seguintes termos:a) Nenhuma amostra excede o valor paramétrico em mais de 100%; e b) O número máximo anual de amostras não conformes será obtido através de relação estatística similar à aplicável às águas residuais urbanas, descrita no quadro n.º 3 do Anexo I do Decreto-Lei n.º 152/97, de 19 de junho, na sua redação atual.",,Mensal,Composta (iii),Média mensal =< VLE; Média anual =< VLE,Valor máximo observado ≤ ao dobro do VLE,Borlas; Borlas (2); Borlas (1),Valor Máximo Observado não superior a 150% VLE; Valor Máximo Observado não superior a 100% VLE,,,
TUA20230717002123,pH (Escala de Sörensen),pH,TUA20230717002123|pH,,6-9,6.0,9.0,,"Anexo XVIII do Decreto-Lei nº 236/98, de 1 de agosto.","De acordo com o nº6 do artigo 69o do Decreto-Lei nº 236/98, de 1 de Agosto.",,Trimestral,Pontual,Média mensal =< VLE,Valor máximo observado ≤ ao dobro do VLE,Borlas (1); Borlas (2); Borlas,Valor Máximo Observado não superior a 100% VLE,,,5<Valor<10; 5<Valor<10????
TUA20230717002123,Carência Bioquímica de Oxigénio (mg/L O2),CBO5,TUA20230717002123|CBO5,,40,,40.0,,"Anexo XVIII do Decreto-Lei nº 236/98, de 1 de agosto.","De acordo com o nº6 do artigo 69o do Decreto-Lei nº 236/98, de 1 de Agosto.",,Trimestral,Pontual,Média mensal =< VLE; Média anual =< VLE,Valor máximo observado ≤ ao dobro do VLE,Borlas (1); Borlas; Borlas (2),Valor Máximo Observado não superior a 100% VLE,,,
TUA20230717002123,Carência Química de Oxigénio (mg/L O2),CQO,TUA20230717002123|CQO,,150,,150.0,,"Anexo XVIII do Decreto-Lei nº 236/98, de 1 de agosto.","De acordo com o nº6 do artigo 69o do Decreto-Lei nº 236/98, de 1 de Agosto.",,Trimestral,Pontual,Média mensal =< VLE; Média anual =< VLE,Valor máximo observado ≤ ao dobro do VLE,Borlas (1); Borlas; Borlas (2),Valor Máximo Observado não superior a 100% VLE,,,
TUA20230717002123,Sólidos Suspensos Totais (mg/L),SST,TUA20230717002123|SST,,60,,60.0,,"Anexo XVIII do Decreto-Lei nº 236/98, de 1 de agosto.","De acordo com o nº6 do artigo 69o do Decreto-Lei nº 236/98, de 1 de Agosto.",,Trimestral,Pontual,Média mensal =< VLE; Média anual =< VLE,Valor máximo observado ≤ ao dobro do VLE,Borlas; Borlas (2); Borlas (1),Valor Máximo Observado não superior a 150% VLE; Valor Máximo Observado não superior a 100% VLE,,,
TUA20230717002153,pH (Escala de Sörensen),pH,TUA20230717002153|pH,,6 a 9,6.0,9.0,,"Abordagem combinada de acordo com o estabelecido no artigo 53.º da Lei nº 58/2005, de 29 de dezembro, na sua redação atual.","Considera-se que as águas residuais tratadas estão conformes para o parâmetro pH, se as amostras revelarem que as águas obedecem à norma de qualidade descrita nesta licença, nos seguintes termos: :a) Nenhuma amostra poderá se encontrar fora do intervalo 5,0 -10,0, eb) O número máximo anual de amostras não conformes será obtido através de relação estatística similar à aplicável às águas residuais urbanas, descrita no quadro n.º 3 do Anexo I do Decreto-Lei n.º 152/97, de 19 de junho, na sua redação atual.",,Mensal,Composta (iii),Média mensal =< VLE,Valor máximo observado ≤ ao dobro do VLE,Borlas (1); Borlas (2); Borlas,Valor Máximo Observado não superior a 100% VLE,,,5<Valor<10; 5<Valor<10????
TUA20230717002153,Carência Química de Oxigénio (mg/L O2),CQO,TUA20230717002153|CQO,,150,,150.0,,"Abordagem combinada de acordo com o estabelecido no artigo 53.º da Lei nº 58/2005, de 29 de dezembro, na sua redação atual.","Considera-se que as águas residuais tratadas estão conformes com os parâmetros estabelecidos se, para cada um dos parâmetros aplicáveis, individualmente considerados, as amostras revelarem que as águas obedecem à norma de qualidade descrita nesta licença, nos seguintes termos:a) Nenhuma amostra excede o valor paramétrico em mais de 100%; e b) O número máximo anual de amostras não conformes será obtido através de relação estatística similar à aplicável às águas residuais urbanas, descrita no quadro n.º 3 do Anexo I do Decreto-Lei n.º 152/97, de 19 de junho, na sua redação atual.",,Mensal,Composta (iii),Média mensal =< VLE; Média anual =< VLE,Valor máximo observado ≤ ao dobro do VLE,Borlas (1); Borlas; Borlas (2),Valor Máximo Observado não superior a 100% VLE,,,
TUA20230717002153,Carência Bioquímica de Oxigénio (mg/L O2),CBO5,TUA20230717002153|CBO5,,40,,40.0,,"Abordagem combinada de acordo com o estabelecido no artigo 53.º da Lei nº 58/2005, de 29 de dezembro, na sua redação atual.","Considera-se que as águas residuais tratadas estão conformes com os parâmetros estabelecidos se, para cada um dos parâmetros aplicáveis, individualmente considerados, as amostras revelarem que as águas obedecem à norma de qualidade descrita nesta licença, nos seguintes termos:a) Nenhuma amostra excede o valor paramétrico em mais de 100%; e b) O número máximo anual de amostras não conformes será obtido através de relação estatística similar à aplicável às águas residuais urbanas, descrita no quadro n.º 3 do Anexo I do Decreto-Lei n.º 152/97, de 19 de junho, na sua redação atual.",,Mensal,Composta (iii),Média mensal =< VLE; Média anual =< VLE,Valor máximo observado ≤ ao dobro do VLE,Borlas (1); Borlas; Borlas (2),Valor Máximo Observado não superior a 100% VLE,,,
TUA20230717002153,Sólidos Suspensos Totais (mg/L),SST,TUA20230717002153|SST,,60,,60.0,,"Abordagem combinada de acordo com o estabelecido no artigo 53.º da Lei nº 58/2005, de 29 de dezembro, na sua redação atual.","Considera-se que as águas residuais tratadas estão conformes com os parâmetros estabelecidos se, para cada um dos parâmetros aplicáveis, individualmente considerados, as amostras revelarem que as águas obedecem à norma de qualidade descrita nesta licença, nos seguintes termos:a) Nenhuma amostra excede o valor paramétrico em mais de 100%; e b) O número máximo anual de amostras não conformes será obtido através de relação estatística similar à aplicável às águas residuais urbanas, descrita no quadro n.º 3 do Anexo I do Decreto-Lei n.º 152/97, de 19 de junho, na sua redação atual.",,Mensal,Composta (iii),Média mensal =< VLE; Média anual =< VLE,Valor máximo observado ≤ ao dobro do VLE,Borlas; Borlas (2); Borlas (1),Valor Máximo Observado não superior a 150% VLE; Valor Máximo Observado não superior a 100% VLE,,,
TUA20230801002309,pH (Escala de Sörensen),pH,TUA20230801002309|pH,,6.0 a 9.0,6.0,9.0,,"Anexo XVIII do Decreto-Lei nº 236/98, de 1 de agosto.","De acordo com o nº6 do artigo 69º do Decreto-Lei nº 236/98, de 1 de agosto e de acordo com o Anexo I do Decreto-Lei n.º 152/97, de 19 de junho, com as alterações introduzidas pelos Decretos-Lei n.º 348/98, de 9 de novembro, n.º 149/2004, de 22 de junho e n.º 198/2008, de 8 de outubro: verificação do n.º mínimo anual de amostras, verificação do n.º máximo de amostras não conformes e verificação do desvio aos valores paramétricos.",,Trimestral,Composta (i),Média mensal =< VLE,Valor máximo observado ≤ ao dobro do VLE,Borlas (1); Borlas (2); Borlas,Valor Máximo Observado não superior a 100% VLE,,,5<Valor<10; 5<Valor<10????
TUA20230801002309,Carência Bioquímica de Oxigénio (mg/L O2),CBO5,TUA20230801002309|CBO5,,40,,40.0,,"Anexo XVIII do Decreto-Lei nº 236/98, de 1 de agosto.","De acordo com o nº6 do artigo 69º do Decreto-Lei nº 236/98, de 1 de agosto e de acordo com o Anexo I do Decreto-Lei n.º 152/97, de 19 de junho, com as alterações introduzidas pelos Decretos-Lei n.º 348/98, de 9 de novembro, n.º 149/2004, de 22 de junho e n.º 198/2008, de 8 de outubro: verificação do n.º mínimo anual de amostras, verificação do n.º máximo de amostras não conformes e verificação do desvio aos valores paramétricos.",,Trimestral,Composta (i),Média mensal =< VLE; Média anual =< VLE,Valor máximo observado ≤ ao dobro do VLE,Borlas (1); Borlas; Borlas (2),Valor Máximo Observado não superior a 100% VLE,,,
TUA20230801002309,Carência Química de Oxigénio (mg/L O2),CQO,TUA20230801002309|CQO,,150,,150.0,,"Anexo XVIII do Decreto-Lei nº 236/98, de 1 de agosto.","De acordo com o nº6 do artigo 69º do Decreto-Lei nº 236/98, de 1 de agosto e de acordo com o Anexo I do Decreto-Lei n.º 152/97, de 19 de junho, com as alterações introduzidas pelos Decretos-Lei n.º 348/98, de 9 de novembro, n.º 149/2004, de 22 de junho e n.º 198/2008, de 8 de outubro: verificação do n.º mínimo anual de amostras, verificação do n.º máximo de amostras não conformes e verificação do desvio aos valores paramétricos.",,Trimestral,Composta (i),Média mensal =< VLE; Média anual =< VLE,Valor máximo observado ≤ ao dobro do VLE,Borlas (1); Borlas; Borlas (2),Valor Máximo Observado não superior a 100% VLE,,,
TUA20230801002309,Sólidos Suspensos Totais (mg/L),SST,TUA20230801002309|SST,,60,,60.0,,"Anexo XVIII do Decreto-Lei nº 236/98, de 1 de agosto.","De acordo com o nº6 do artigo 69º do Decreto-Lei nº 236/98, de 1 de agosto e de acordo com o Anexo I do Decreto-Lei n.º 152/97, de 19 de junho, com as alterações introduzidas pelos Decretos-Lei n.º 348/98, de 9 de novembro, n.º 149/2004, de 22 de junho e n.º 198/2008, de 8 de outubro: verificação do n.º mínimo anual de amostras, verificação do n.º máximo de amostras não conformes e verificação do desvio aos valores paramétricos.",,,,Média mensal =< VLE; Média anual =< VLE,Valor máximo observado ≤ ao dobro do VLE,Borlas; Borlas (2); Borlas (1),Valor Máximo Observado não superior a 150% VLE; Valor Máximo Observado não superior a 100% VLE,,,
TUA20230808002363,pH (Escala de Sörensen),pH,TUA20230808002363|pH,,6 a 9,6.0,9.0,,"Abordagem combinada de acordo com o estabelecido no artigo 53.º da Lei nº 58/2005, de 29 de dezembro, na sua redação atual.","Considera-se que as águas residuais tratadas estão conformes para o parâmetro pH, se as amostras revelarem que as águas obedecem à norma de qualidade descrita nesta licença, nos seguintes termos: :a) Nenhuma amostra poderá se encontrar fora do intervalo 5,0 -10,0, eb) O número máximo anual de amostras não conformes será obtido através de relação estatística similar à aplicável às águas residuais urbanas, descrita no quadro n.º 3 do Anexo I do Decreto-Lei n.º 152/97, de 19 de junho, na sua redação atual.",,Mensal,Composta (iii),Média mensal =< VLE,Valor máximo observado ≤ ao dobro do VLE,Borlas (1); Borlas (2); Borlas,Valor Máximo Observado não superior a 100% VLE,,,5<Valor<10; 5<Valor<10????
TUA20230808002363,Carência Química de Oxigénio (mg/L O2),CQO,TUA20230808002363|CQO,,150,,150.0,,"Abordagem combinada de acordo com o estabelecido no artigo 53.º da Lei nº 58/2005, de 29 de dezembro, na sua redação atual.","Considera-se que as águas residuais tratadas estão conformes com os parâmetros estabelecidos se, para cada um dos parâmetros aplicáveis, individualmente considerados, as amostras revelarem que as águas obedecem à norma de qualidade descrita nesta licença, nos seguintes termos:a) Nenhuma amostra excede o valor paramétrico em mais de 100%; e b) O número máximo anual de amostras não conformes será obtido através de relação estatística similar à aplicável às águas residuais urbanas, descrita no quadro n.º 3 do Anexo I do Decreto-Lei n.º 152/97, de 19 de junho, na sua redação atual.",,Mensal,Composta (iii),Média mensal =< VLE; Média anual =< VLE,Valor máximo observado ≤ ao dobro do VLE,Borlas (1); Borlas; Borlas (2),Valor Máximo Observado não superior a 100% VLE,,,
TUA20230808002363,Carência Bioquímica de Oxigénio (mg/L O2),CBO5,TUA20230808002363|CBO5,,40,,40.0,,"Abordagem combinada de acordo com o estabelecido no artigo 53.º da Lei nº 58/2005, de 29 de dezembro, na sua redação atual.","Considera-se que as águas residuais tratadas estão conformes com os parâmetros estabelecidos se, para cada um dos parâmetros aplicáveis, individualmente considerados, as amostras revelarem que as águas obedecem à norma de qualidade descrita nesta licença, nos seguintes termos:a) Nenhuma amostra excede o valor paramétrico em mais de 100%; e b) O número máximo anual de amostras não conformes será obtido através de relação estatística similar à aplicável às águas residuais urbanas, descrita no quadro n.º 3 do Anexo I do Decreto-Lei n.º 152/97, de 19 de junho, na sua redação atual.",,Mensal,Composta (iii),Média mensal =< VLE; Média anual =< VLE,Valor máximo observado ≤ ao dobro do VLE,Borlas (1); Borlas; Borlas (2),Valor Máximo Observado não superior a 100% VLE,,,
TUA20230808002363,Sólidos Suspensos Totais (mg/L),SST,TUA20230808002363|SST,,60,,60.0,,"Abordagem combinada de acordo com o estabelecido no artigo 53.º da Lei nº 58/2005, de 29 de dezembro, na sua redação atual.","Considera-se que as águas residuais tratadas estão conformes com os parâmetros estabelecidos se, para cada um dos parâmetros aplicáveis, individualmente considerados, as amostras revelarem que as águas obedecem à norma de qualidade descrita nesta licença, nos seguintes termos:a) Nenhuma amostra excede o valor paramétrico em mais de 100%; e b) O número máximo anual de amostras não conformes será obtido através de relação estatística similar à aplicável às águas residuais urbanas, descrita no quadro n.º 3 do Anexo I do Decreto-Lei n.º 152/97, de 19 de junho, na sua redação atual.",,Mensal,Composta (iii),Média mensal =< VLE; Média anual =< VLE,Valor máximo observado ≤ ao dobro do VLE,Borlas; Borlas (2); Borlas (1),Valor Máximo Observado não superior a 150% VLE; Valor Máximo Observado não superior a 100% VLE,,,
TUA20230816002415,pH (Escala de Sörensen),pH,TUA20230816002415|pH,,6-9,6.0,9.0,,"Anexo XVIII do Decreto-Lei nº 236/98, de 1 de agosto.","De acordo com o nº6 do artigo 69o do Decreto-Lei nº 236/98, de 1 de Agosto.",,Trimestral,Pontual,Média mensal =< VLE,Valor máximo observado ≤ ao dobro do VLE,Borlas (1); Borlas (2); Borlas,Valor Máximo Observado não superior a 100% VLE,,,5<Valor<10; 5<Valor<10????
TUA20230816002415,Carência Bioquímica de Oxigénio (mg/L O2),CBO5,TUA20230816002415|CBO5,,40,,40.0,,"Anexo XVIII do Decreto-Lei nº 236/98, de 1 de agosto.","De acordo com o nº6 do artigo 69o do Decreto-Lei nº 236/98, de 1 de Agosto.",,Trimestral,Pontual,Média mensal =< VLE; Média anual =< VLE,Valor máximo observado ≤ ao dobro do VLE,Borlas (1); Borlas; Borlas (2),Valor Máximo Observado não superior a 100% VLE,,,
TUA20230816002415,Carência Química de Oxigénio (mg/L O2),CQO,TUA20230816002415|CQO,,150,,150.0,,"Anexo XVIII do Decreto-Lei nº 236/98, de 1 de agosto.","De acordo com o nº6 do artigo 69o do Decreto-Lei nº 236/98, de 1 de Agosto.",,Trimestral,Pontual,Média mensal =< VLE; Média anual =< VLE,Valor máximo observado ≤ ao dobro do VLE,Borlas (1); Borlas; Borlas (2),Valor Máximo Observado não superior a 100% VLE,,,
TUA20230816002415,Sólidos Suspensos Totais (mg/L),SST,TUA20230816002415|SST,,60,,60.0,,"Anexo XVIII do Decreto-Lei nº 236/98, de 1 de agosto.","De acordo com o nº6 do artigo 69o do Decreto-Lei nº 236/98, de 1 de Agosto.",,Trimestral,Pontual,Média mensal =< VLE; Média anual =< VLE,Valor máximo observado ≤ ao dobro do VLE,Borlas; Borlas (2); Borlas (1),Valor Máximo Observado não superior a 150% VLE; Valor Máximo Observado não superior a 100% VLE,,,
TUA20230824002503,pH (Escala de Sörensen),pH,TUA20230824002503|pH,,6-9,6.0,9.0,,"Anexo XVIII do Decreto-Lei nº 236/98, de 1 de agosto.","De acordo com o nº6 do artigo 69o do Decreto-Lei nº 236/98, de 1 de Agosto.",,Trimestral,Pontual,Média mensal =< VLE,Valor máximo observado ≤ ao dobro do VLE,Borlas (1); Borlas (2); Borlas,Valor Máximo Observado não superior a 100% VLE,,,5<Valor<10; 5<Valor<10????
TUA20230824002503,Carência Bioquímica de Oxigénio (mg/L O2),CBO5,TUA20230824002503|CBO5,,40,,40.0,,"Anexo XVIII do Decreto-Lei nº 236/98, de 1 de agosto.","De acordo com o nº6 do artigo 69o do Decreto-Lei nº 236/98, de 1 de Agosto.",,Trimestral,Pontual,Média mensal =< VLE; Média anual =< VLE,Valor máximo observado ≤ ao dobro do VLE,Borlas (1); Borlas; Borlas (2),Valor Máximo Observado não superior a 100% VLE,,,
TUA20230824002503,Carência Química de Oxigénio (mg/L O2),CQO,TUA20230824002503|CQO,,150,,150.0,,"Anexo XVIII do Decreto-Lei nº 236/98, de 1 de agosto.","De acordo com o nº6 do artigo 69o do Decreto-Lei nº 236/98, de 1 de Agosto.",,Trimestral,Pontual,Média mensal =< VLE; Média anual =< VLE,Valor máximo observado ≤ ao dobro do VLE,Borlas (1); Borlas; Borlas (2),Valor Máximo Observado não superior a 100% VLE,,,
TUA20230824002503,Sólidos Suspensos Totais (mg/L),SST,TUA20230824002503|SST,,60,,60.0,,"Anexo XVIII do Decreto-Lei nº 236/98, de 1 de agosto.","De acordo com o nº6 do artigo 69o do Decreto-Lei nº 236/98, de 1 de Agosto.",,Trimestral,Pontual,Média mensal =< VLE; Média anual =< VLE,Valor máximo observado ≤ ao dobro do VLE,Borlas; Borlas (2); Borlas (1),Valor Máximo Observado não superior a 150% VLE; Valor Máximo Observado não superior a 100% VLE,,,
TUA20230831002551,pH (Escala de Sörensen),pH,TUA20230831002551|pH,,6-9,6.0,9.0,,"Anexo XVIII do Decreto-Lei nº 236/98, de 1 de agosto.","De acordo com o nº6 do artigo 69o do Decreto-Lei nº 236/98, de 1 de Agosto.",,Trimestral,Pontual,Média mensal =< VLE,Valor máximo observado ≤ ao dobro do VLE,Borlas (1); Borlas (2); Borlas,Valor Máximo Observado não superior a 100% VLE,,,5<Valor<10; 5<Valor<10????
TUA20230831002551,Carência Bioquímica de Oxigénio (mg/L O2),CBO5,TUA20230831002551|CBO5,,40,,40.0,,"Anexo XVIII do Decreto-Lei nº 236/98, de 1 de agosto.","De acordo com o nº6 do artigo 69o do Decreto-Lei nº 236/98, de 1 de Agosto.",,Trimestral,Pontual,Média mensal =< VLE; Média anual =< VLE,Valor máximo observado ≤ ao dobro do VLE,Borlas (1); Borlas; Borlas (2),Valor Máximo Observado não superior a 100% VLE,,,
TUA20230831002551,Carência Química de Oxigénio (mg/L O2),CQO,TUA20230831002551|CQO,,150,,150.0,,"Anexo XVIII do Decreto-Lei nº 236/98, de 1 de agosto.","De acordo com o nº6 do artigo 69o do Decreto-Lei nº 236/98, de 1 de Agosto.",,Trimestral,Pontual,Média mensal =< VLE; Média anual =< VLE,Valor máximo observado ≤ ao dobro do VLE,Borlas (1); Borlas; Borlas (2),Valor Máximo Observado não superior a 100% VLE,,,
TUA20230831002551,Sólidos Suspensos Totais (mg/L),SST,TUA20230831002551|SST,,60,,60.0,,"Anexo XVIII do Decreto-Lei nº 236/98, de 1 de agosto.","De acordo com o nº6 do artigo 69o do Decreto-Lei nº 236/98, de 1 de Agosto.",,Trimestral,Pontual,Média mensal =< VLE; Média anual =< VLE,Valor máximo observado ≤ ao dobro do VLE,Borlas; Borlas (2); Borlas (1),Valor Máximo Observado não superior a 150% VLE; Valor Máximo Observado não superior a 100% VLE,,,
TUA20230905002577,pH (Escala de Sörensen),pH,TUA20230905002577|pH,,6-9,6.0,9.0,,"Anexo XVIII do Decreto-Lei nº 236/98, de 1 de agosto.","De acordo com o nº6 do artigo 69o do Decreto-Lei nº 236/98, de 1 de Agosto.",,Trimestral,Pontual,Média mensal =< VLE,Valor máximo observado ≤ ao dobro do VLE,Borlas (1); Borlas (2); Borlas,Valor Máximo Observado não superior a 100% VLE,,,5<Valor<10; 5<Valor<10????
TUA20230905002577,Carência Bioquímica de Oxigénio (mg/L O2),CBO5,TUA20230905002577|CBO5,,40,,40.0,,"Anexo XVIII do Decreto-Lei nº 236/98, de 1 de agosto.","De acordo com o nº6 do artigo 69o do Decreto-Lei nº 236/98, de 1 de Agosto.",,Trimestral,Pontual,Média mensal =< VLE; Média anual =< VLE,Valor máximo observado ≤ ao dobro do VLE,Borlas (1); Borlas; Borlas (2),Valor Máximo Observado não superior a 100% VLE,,,
TUA20230905002577,Carência Química de Oxigénio (mg/L O2),CQO,TUA20230905002577|CQO,,150,,150.0,,"Anexo XVIII do Decreto-Lei nº 236/98, de 1 de agosto.","De acordo com o nº6 do artigo 69o do Decreto-Lei nº 236/98, de 1 de Agosto.",,Trimestral,Pontual,Média mensal =< VLE; Média anual =< VLE,Valor máximo observado ≤ ao dobro do VLE,Borlas (1); Borlas; Borlas (2),Valor Máximo Observado não superior a 100% VLE,,,
TUA20230905002577,Sólidos Suspensos Totais (mg/L),SST,TUA20230905002577|SST,,60,,60.0,,"Anexo XVIII do Decreto-Lei nº 236/98, de 1 de agosto.","De acordo com o nº6 do artigo 69o do Decreto-Lei nº 236/98, de 1 de Agosto.",,Trimestral,Pontual,Média mensal =< VLE; Média anual =< VLE,Valor máximo observado ≤ ao dobro do VLE,Borlas; Borlas (2); Borlas (1),Valor Máximo Observado não superior a 150% VLE; Valor Máximo Observado não superior a 100% VLE,,,
TUA20230905002578,pH (Escala de Sörensen),pH,TUA20230905002578|pH,,6-9,6.0,9.0,,"Anexo XVIII do Decreto-Lei nº 236/98, de 1 de agosto.","De acordo com o nº6 do artigo 69o do Decreto-Lei nº 236/98, de 1 de Agosto.",,Trimestral,Pontual,Média mensal =< VLE,Valor máximo observado ≤ ao dobro do VLE,Borlas (1); Borlas (2); Borlas,Valor Máximo Observado não superior a 100% VLE,,,5<Valor<10; 5<Valor<10????
TUA20230905002578,Carência Bioquímica de Oxigénio (mg/L O2),CBO5,TUA20230905002578|CBO5,,40,,40.0,,"Anexo XVIII do Decreto-Lei nº 236/98, de 1 de agosto.","De acordo com o nº6 do artigo 69o do Decreto-Lei nº 236/98, de 1 de Agosto.",,Trimestral,Pontual,Média mensal =< VLE; Média anual =< VLE,Valor máximo observado ≤ ao dobro do VLE,Borlas (1); Borlas; Borlas (2),Valor Máximo Observado não superior a 100% VLE,,,
TUA20230905002578,Carência Química de Oxigénio (mg/L O2),CQO,TUA20230905002578|CQO,,150,,150.0,,"Anexo XVIII do Decreto-Lei nº 236/98, de 1 de agosto.","De acordo com o nº6 do artigo 69o do Decreto-Lei nº 236/98, de 1 de Agosto.",,Trimestral,Pontual,Média mensal =< VLE; Média anual =< VLE,Valor máximo observado ≤ ao dobro do VLE,Borlas (1); Borlas; Borlas (2),Valor Máximo Observado não superior a 100% VLE,,,
TUA20230905002578,Sólidos Suspensos Totais (mg/L),SST,TUA20230905002578|SST,,60,,60.0,,"Anexo XVIII do Decreto-Lei nº 236/98, de 1 de agosto.","De acordo com o nº6 do artigo 69o do Decreto-Lei nº 236/98, de 1 de Agosto.",,Trimestral,Pontual,Média mensal =< VLE; Média anual =< VLE,Valor máximo observado ≤ ao dobro do VLE,Borlas; Borlas (2); Borlas (1),Valor Máximo Observado não superior a 150% VLE; Valor Máximo Observado não superior a 100% VLE,,,
TUA20230905002579,pH (Escala de Sörensen),pH,TUA20230905002579|pH,,6-9,6.0,9.0,,"Decreto-Lei nº 152/97, de 19 de junho, na redação atual.","De acordo com o Anexo I do Decreto-Lei n.º 152/97, de 19 de junho, com as alterações introduzidas pelos Decretos-Leis n.os 348/98, de 9 de novembro, 149/2004, de 22 de junho e 198/2008, de 8 de outubro: Verificação do n.º mínimo anual de amostras e verificação do n.º máximo de amostras não conformes e verificação do desvio aos valores paramétricos.",,Mensal,Composta (i),Média mensal =< VLE,Valor máximo observado ≤ ao dobro do VLE,Borlas (1); Borlas (2); Borlas,Valor Máximo Observado não superior a 100% VLE,,,5<Valor<10; 5<Valor<10????
TUA20230905002579,Carência Bioquímica de Oxigénio (mg/L O2),CBO5,TUA20230905002579|CBO5,,25,,25.0,,"Decreto-Lei nº 152/97, de 19 de junho, na redação atual.","De acordo com o Anexo I do Decreto-Lei n.º 152/97, de 19 de junho, com as alterações introduzidas pelos Decretos-Leis n.os 348/98, de 9 de novembro, 149/2004, de 22 de junho e 198/2008, de 8 de outubro: Verificação do n.º mínimo anual de amostras e verificação do n.º máximo de amostras não conformes e verificação do desvio aos valores paramétricos.",,Mensal,Composta (i),Média mensal =< VLE; Média anual =< VLE,Valor máximo observado ≤ ao dobro do VLE,Borlas (1); Borlas; Borlas (2),Valor Máximo Observado não superior a 100% VLE,,,
TUA20230905002579,Carência Química de Oxigénio (mg/L O2),CQO,TUA20230905002579|CQO,,125,,125.0,,"Decreto-Lei nº 152/97, de 19 de junho, na redação atual.","De acordo com o Anexo I do Decreto-Lei n.º 152/97, de 19 de junho, com as alterações introduzidas pelos Decretos-Leis n.os 348/98, de 9 de novembro, 149/2004, de 22 de junho e 198/2008, de 8 de outubro: Verificação do n.º mínimo anual de amostras e verificação do n.º máximo de amostras não conformes e verificação do desvio aos valores paramétricos.",,Mensal,Composta (i),Média mensal =< VLE; Média anual =< VLE,Valor máximo observado ≤ ao dobro do VLE,Borlas (1); Borlas; Borlas (2),Valor Máximo Observado não superior a 100% VLE,,,
TUA20230905002579,Total de Partículas Sólidas em Suspensão (mg/L),Total de Partículas Sólidas em Suspensão (mg/L),TUA20230905002579|Total de Partículas Sólidas em Suspensão (mg/L),,35,,35.0,,"Decreto-Lei nº 152/97, de 19 de junho, na redação atual.","De acordo com o Anexo I do Decreto-Lei n.º 152/97, de 19 de junho, com as alterações introduzidas pelos Decretos-Leis n.os 348/98, de 9 de novembro, 149/2004, de 22 de junho e 198/2008, de 8 de outubro: Verificação do n.º mínimo anual de amostras e verificação do n.º máximo de amostras não conformes e verificação do desvio aos valores paramétricos.",,Mensal,Composta (i),,,Borlas,Valor Máximo Observado não superior a 150% VLE,,,
TUA20230912002642,pH (Escala de Sörensen),pH,TUA20230912002642|pH,,6-9,6.0,9.0,,"Anexo XVIII do Decreto-Lei nº 236/98, de 1 de agosto.","De acordo com o nº6 do artigo 69o do Decreto-Lei nº 236/98, de 1 de Agosto.",,Trimestral,Pontual,Média mensal =< VLE,Valor máximo observado ≤ ao dobro do VLE,Borlas (1); Borlas (2); Borlas,Valor Máximo Observado não superior a 100% VLE,,,5<Valor<10; 5<Valor<10????
TUA20230912002642,Carência Bioquímica de Oxigénio (mg/L O2),CBO5,TUA20230912002642|CBO5,,40,,40.0,,"Anexo XVIII do Decreto-Lei nº 236/98, de 1 de agosto.","De acordo com o nº6 do artigo 69o do Decreto-Lei nº 236/98, de 1 de Agosto.",,Trimestral,Pontual,Média mensal =< VLE; Média anual =< VLE,Valor máximo observado ≤ ao dobro do VLE,Borlas (1); Borlas; Borlas (2),Valor Máximo Observado não superior a 100% VLE,,,
TUA20230912002642,Carência Química de Oxigénio (mg/L O2),CQO,TUA20230912002642|CQO,,150,,150.0,,"Anexo XVIII do Decreto-Lei nº 236/98, de 1 de agosto.","De acordo com o nº6 do artigo 69o do Decreto-Lei nº 236/98, de 1 de Agosto.",,Trimestral,Pontual,Média mensal =< VLE; Média anual =< VLE,Valor máximo observado ≤ ao dobro do VLE,Borlas (1); Borlas; Borlas (2),Valor Máximo Observado não superior a 100% VLE,,,
TUA20230912002642,Sólidos Suspensos Totais (mg/L),SST,TUA20230912002642|SST,,60,,60.0,,"Anexo XVIII do Decreto-Lei nº 236/98, de 1 de agosto.","De acordo com o nº6 do artigo 69o do Decreto-Lei nº 236/98, de 1 de Agosto.",,Trimestral,Pontual,Média mensal =< VLE; Média anual =< VLE,Valor máximo observado ≤ ao dobro do VLE,Borlas; Borlas (2); Borlas (1),Valor Máximo Observado não superior a 150% VLE; Valor Máximo Observado não superior a 100% VLE,,,
TUA20230912002643,pH (Escala de Sörensen),pH,TUA20230912002643|pH,,6-9,6.0,9.0,,"Anexo XVIII do Decreto-Lei nº 236/98, de 1 de agosto.","De acordo com o nº6 do artigo 69o do Decreto-Lei nº 236/98, de 1 de Agosto.",,Trimestral,Composta (i),Média mensal =< VLE,Valor máximo observado ≤ ao dobro do VLE,Borlas (1); Borlas (2); Borlas,Valor Máximo Observado não superior a 100% VLE,,,5<Valor<10; 5<Valor<10????
TUA20230912002643,Carência Bioquímica de Oxigénio (mg/L O2),CBO5,TUA20230912002643|CBO5,,40,,40.0,,"Anexo XVIII do Decreto-Lei nº 236/98, de 1 de agosto.","De acordo com o nº6 do artigo 69o do Decreto-Lei nº 236/98, de 1 de Agosto.",,Trimestral,Composta (i),Média mensal =< VLE; Média anual =< VLE,Valor máximo observado ≤ ao dobro do VLE,Borlas (1); Borlas; Borlas (2),Valor Máximo Observado não superior a 100% VLE,,,
TUA20230912002643,Carência Química de Oxigénio (mg/L O2),CQO,TUA20230912002643|CQO,,150,,150.0,,"Anexo XVIII do Decreto-Lei nº 236/98, de 1 de agosto.","De acordo com o nº6 do artigo 69o do Decreto-Lei nº 236/98, de 1 de Agosto.",,Trimestral,Composta (i),Média mensal =< VLE; Média anual =< VLE,Valor máximo observado ≤ ao dobro do VLE,Borlas (1); Borlas; Borlas (2),Valor Máximo Observado não superior a 100% VLE,,,
TUA20230912002643,Sólidos Suspensos Totais (mg/L),SST,TUA20230912002643|SST,,60,,60.0,,"Anexo XVIII do Decreto-Lei nº 236/98, de 1 de agosto.","De acordo com o nº6 do artigo 69o do Decreto-Lei nº 236/98, de 1 de Agosto.",,Trimestral,Composta (i),Média mensal =< VLE; Média anual =< VLE,Valor máximo observado ≤ ao dobro do VLE,Borlas; Borlas (2); Borlas (1),Valor Máximo Observado não superior a 150% VLE; Valor Máximo Observado não superior a 100% VLE,,,
TUA20230915002702,pH (Escala de Sörensen),pH,TUA20230915002702|pH,,6-9,6.0,9.0,,"Anexo XVIII do Decreto-Lei nº 236/98, de 1 de agosto.","De acordo com o nº6 do artigo 69o do Decreto-Lei nº 236/98, de 1 de Agosto.",,Trimestral,Pontual,Média mensal =< VLE,Valor máximo observado ≤ ao dobro do VLE,Borlas (1); Borlas (2); Borlas,Valor Máximo Observado não superior a 100% VLE,,,5<Valor<10; 5<Valor<10????
TUA20230915002702,Carência Bioquímica de Oxigénio (mg/L O2),CBO5,TUA20230915002702|CBO5,,40,,40.0,,"Anexo XVIII do Decreto-Lei nº 236/98, de 1 de agosto.","De acordo com o nº6 do artigo 69o do Decreto-Lei nº 236/98, de 1 de Agosto.",,Trimestral,Pontual,Média mensal =< VLE; Média anual =< VLE,Valor máximo observado ≤ ao dobro do VLE,Borlas (1); Borlas; Borlas (2),Valor Máximo Observado não superior a 100% VLE,,,
TUA20230915002702,Carência Química de Oxigénio (mg/L O2),CQO,TUA20230915002702|CQO,,150,,150.0,,"Anexo XVIII do Decreto-Lei nº 236/98, de 1 de agosto.","De acordo com o nº6 do artigo 69o do Decreto-Lei nº 236/98, de 1 de Agosto.",,Trimestral,Pontual,Média mensal =< VLE; Média anual =< VLE,Valor máximo observado ≤ ao dobro do VLE,Borlas (1); Borlas; Borlas (2),Valor Máximo Observado não superior a 100% VLE,,,
TUA20230915002702,Sólidos Suspensos Totais (mg/L),SST,TUA20230915002702|SST,,60,,60.0,,"Anexo XVIII do Decreto-Lei nº 236/98, de 1 de agosto.","De acordo com o nº6 do artigo 69o do Decreto-Lei nº 236/98, de 1 de Agosto.",,Trimestral,Pontual,Média mensal =< VLE; Média anual =< VLE,Valor máximo observado ≤ ao dobro do VLE,Borlas; Borlas (2); Borlas (1),Valor Máximo Observado não superior a 150% VLE; Valor Máximo Observado não superior a 100% VLE,,,
TUA20230918002712,pH (Escala de Sörensen),pH,TUA20230918002712|pH,,6-9,6.0,9.0,,"Anexo XVIII do Decreto-Lei nº 236/98, de 1 de agosto.","De acordo com o nº6 do artigo 69o do Decreto-Lei nº 236/98, de 1 de Agosto.",,Trimestral,Pontual,Média mensal =< VLE,Valor máximo observado ≤ ao dobro do VLE,Borlas (1); Borlas (2); Borlas,Valor Máximo Observado não superior a 100% VLE,,,5<Valor<10; 5<Valor<10????
TUA20230918002712,Carência Bioquímica de Oxigénio (mg/L O2),CBO5,TUA20230918002712|CBO5,,40,,40.0,,"Anexo XVIII do Decreto-Lei nº 236/98, de 1 de agosto.","De acordo com o nº6 do artigo 69o do Decreto-Lei nº 236/98, de 1 de Agosto.",,Trimestral,Pontual,Média mensal =< VLE; Média anual =< VLE,Valor máximo observado ≤ ao dobro do VLE,Borlas (1); Borlas; Borlas (2),Valor Máximo Observado não superior a 100% VLE,,,
TUA20230918002712,Carência Química de Oxigénio (mg/L O2),CQO,TUA20230918002712|CQO,,150,,150.0,,"Anexo XVIII do Decreto-Lei nº 236/98, de 1 de agosto.","De acordo com o nº6 do artigo 69o do Decreto-Lei nº 236/98, de 1 de Agosto.",,Trimestral,Pontual,Média mensal =< VLE; Média anual =< VLE,Valor máximo observado ≤ ao dobro do VLE,Borlas (1); Borlas; Borlas (2),Valor Máximo Observado não superior a 100% VLE,,,
TUA20230918002712,Sólidos Suspensos Totais (mg/L),SST,TUA20230918002712|SST,,60,,60.0,,"Anexo XVIII do Decreto-Lei nº 236/98, de 1 de agosto.","De acordo com o nº6 do artigo 69o do Decreto-Lei nº 236/98, de 1 de Agosto.",,Trimestral,Pontual,Média mensal =< VLE; Média anual =< VLE,Valor máximo observado ≤ ao dobro do VLE,Borlas; Borlas (2); Borlas (1),Valor Máximo Observado não superior a 150% VLE; Valor Máximo Observado não superior a 100% VLE,,,
TUA20231010002912,pH (Escala de Sörensen),pH,TUA20231010002912|pH,,6-9,6.0,9.0,,"Anexo XVIII do Decreto-Lei nº 236/98, de 1 de agosto.","De acordo com o nº6 do artigo 69o do Decreto-Lei nº 236/98, de 1 de Agosto.",,Trimestral,Composta (i),Média mensal =< VLE,Valor máximo observado ≤ ao dobro do VLE,Borlas (1); Borlas (2); Borlas,Valor Máximo Observado não superior a 100% VLE,,,5<Valor<10; 5<Valor<10????
TUA20231010002912,Carência Bioquímica de Oxigénio (mg/L O2),CBO5,TUA20231010002912|CBO5,,40,,40.0,,"Anexo XVIII do Decreto-Lei nº 236/98, de 1 de agosto.","De acordo com o nº6 do artigo 69o do Decreto-Lei nº 236/98, de 1 de Agosto.",,Trimestral,Composta (i),Média mensal =< VLE; Média anual =< VLE,Valor máximo observado ≤ ao dobro do VLE,Borlas (1); Borlas; Borlas (2),Valor Máximo Observado não superior a 100% VLE,,,
TUA20231010002912,Carência Química de Oxigénio (mg/L O2),CQO,TUA20231010002912|CQO,,150,,150.0,,"Anexo XVIII do Decreto-Lei nº 236/98, de 1 de agosto.","De acordo com o nº6 do artigo 69o do Decreto-Lei nº 236/98, de 1 de Agosto.",,Trimestral,Composta (i),Média mensal =< VLE; Média anual =< VLE,Valor máximo observado ≤ ao dobro do VLE,Borlas (1); Borlas; Borlas (2),Valor Máximo Observado não superior a 100% VLE,,,
TUA20231010002912,Sólidos Suspensos Totais (mg/L),SST,TUA20231010002912|SST,,60,,60.0,,"Anexo XVIII do Decreto-Lei nº 236/98, de 1 de agosto.","De acordo com o nº6 do artigo 69o do Decreto-Lei nº 236/98, de 1 de Agosto.",,Trimestral,Composta (i),Média mensal =< VLE; Média anual =< VLE,Valor máximo observado ≤ ao dobro do VLE,Borlas; Borlas (2); Borlas (1),Valor Máximo Observado não superior a 150% VLE; Valor Máximo Observado não superior a 100% VLE,,,
TUA20231010002913,pH (Escala de Sörensen),pH,TUA20231010002913|pH,,6-9,6.0,9.0,,"Anexo XVIII do Decreto-Lei nº 236/98, de 1 de agosto.","De acordo com o nº6 do artigo 69o do Decreto-Lei nº 236/98, de 1 de Agosto.",,Trimestral,Composta (i),Média mensal =< VLE,Valor máximo observado ≤ ao dobro do VLE,Borlas (1); Borlas (2); Borlas,Valor Máximo Observado não superior a 100% VLE,,,5<Valor<10; 5<Valor<10????
TUA20231010002913,Carência Bioquímica de Oxigénio (mg/L O2),CBO5,TUA20231010002913|CBO5,,40,,40.0,,"Anexo XVIII do Decreto-Lei nº 236/98, de 1 de agosto.","De acordo com o nº6 do artigo 69o do Decreto-Lei nº 236/98, de 1 de Agosto.",,Trimestral,Composta (i),Média mensal =< VLE; Média anual =< VLE,Valor máximo observado ≤ ao dobro do VLE,Borlas (1); Borlas; Borlas (2),Valor Máximo Observado não superior a 100% VLE,,,
TUA20231010002913,Carência Química de Oxigénio (mg/L O2),CQO,TUA20231010002913|CQO,,150,,150.0,,"Anexo XVIII do Decreto-Lei nº 236/98, de 1 de agosto.","De acordo com o nº6 do artigo 69o do Decreto-Lei nº 236/98, de 1 de Agosto.",,Trimestral,Composta (i),Média mensal =< VLE; Média anual =< VLE,Valor máximo observado ≤ ao dobro do VLE,Borlas (1); Borlas; Borlas (2),Valor Máximo Observado não superior a 100% VLE,,,
TUA20231010002913,Sólidos Suspensos Totais (mg/L),SST,TUA20231010002913|SST,,60,,60.0,,"Anexo XVIII do Decreto-Lei nº 236/98, de 1 de agosto.","De acordo com o nº6 do artigo 69o do Decreto-Lei nº 236/98, de 1 de Agosto.",,Trimestral,Composta (i),Média mensal =< VLE; Média anual =< VLE,Valor máximo observado ≤ ao dobro do VLE,Borlas; Borlas (2); Borlas (1),Valor Máximo Observado não superior a 150% VLE; Valor Máximo Observado não superior a 100% VLE,,,
TUA20231012002959,pH (Escala de Sörensen),pH,TUA20231012002959|pH,,6-9,6.0,9.0,,"Anexo XVIII do Decreto-Lei nº 236/98, de 1 de agosto.","De acordo com o nº6 do artigo 69o do Decreto-Lei nº 236/98, de 1 de Agosto.",,Trimestral,Pontual,Média mensal =< VLE,Valor máximo observado ≤ ao dobro do VLE,Borlas (1); Borlas (2); Borlas,Valor Máximo Observado não superior a 100% VLE,,,5<Valor<10; 5<Valor<10????
TUA20231012002959,Carência Bioquímica de Oxigénio (mg/L O2),CBO5,TUA20231012002959|CBO5,,40,,40.0,,"Anexo XVIII do Decreto-Lei nº 236/98, de 1 de agosto.","De acordo com o nº6 do artigo 69o do Decreto-Lei nº 236/98, de 1 de Agosto.",,Trimestral,Pontual,Média mensal =< VLE; Média anual =< VLE,Valor máximo observado ≤ ao dobro do VLE,Borlas (1); Borlas; Borlas (2),Valor Máximo Observado não superior a 100% VLE,,,
TUA20231012002959,Carência Química de Oxigénio (mg/L O2),CQO,TUA20231012002959|CQO,,150,,150.0,,"Anexo XVIII do Decreto-Lei nº 236/98, de 1 de agosto.","De acordo com o nº6 do artigo 69o do Decreto-Lei nº 236/98, de 1 de Agosto.",,Trimestral,Pontual,Média mensal =< VLE; Média anual =< VLE,Valor máximo observado ≤ ao dobro do VLE,Borlas (1); Borlas; Borlas (2),Valor Máximo Observado não superior a 100% VLE,,,
TUA20231012002959,Sólidos Suspensos Totais (mg/L),SST,TUA20231012002959|SST,,60,,60.0,,"Anexo XVIII do Decreto-Lei nº 236/98, de 1 de agosto.","De acordo com o nº6 do artigo 69o do Decreto-Lei nº 236/98, de 1 de Agosto.",,Trimestral,Pontual,Média mensal =< VLE; Média anual =< VLE,Valor máximo observado ≤ ao dobro do VLE,Borlas; Borlas (2); Borlas (1),Valor Máximo Observado não superior a 150% VLE; Valor Máximo Observado não superior a 100% VLE,,,
TUA20231018003040,pH (Escala de Sörensen),pH,TUA20231018003040|pH,,6-9,6.0,9.0,,"Abordagem combinada de acordo com o estabelecido no artigo 53.º da Lei nº 58/2005, de 29 de dezembro, na sua redação atual.","Considera-se que as águas residuais tratadas estão conformes para o parâmetro pH, se as amostras revelarem que as águas obedecem à norma de qualidade descrita nesta licença, nos seguintes termos: a) Nenhuma amostra poderá se encontrar fora do intervalo 5,0 -10,0, e b) O número máximo anual de amostras não conformes será obtido através de relação estatística similar à aplicável às águas residuais urbanas, descrita no quadro n.º 3 do Anexo I do Decreto-Lei n.º 152/97, de 19 de junho, na sua redação atual.",,Mensal,Composta (ii),Média mensal =< VLE,Valor máximo observado ≤ ao dobro do VLE,Borlas (1); Borlas (2); Borlas,Valor Máximo Observado não superior a 100% VLE,,,5<Valor<10; 5<Valor<10????
TUA20231018003040,Carência Bioquímica de Oxigénio (mg/L O2),CBO5,TUA20231018003040|CBO5,,40,,40.0,,"Abordagem combinada de acordo com o estabelecido no artigo 53.º da Lei nº 58/2005, de 29 de dezembro, na sua redação atual.","Considera-se que as águas residuais tratadas estão conformes com os parâmetros estabelecidos se, para cada um dos parâmetros aplicáveis, individualmente considerados, as amostras revelarem que as águas obedecem à norma de qualidade descrita nesta licença, nos seguintes termos:a) Nenhuma amostra excede o valor paramétrico em mais de 100%; e b) O número máximo anual de amostras não conformes será obtido através de relação estatística similar à aplicável às águas residuais urbanas, descrita no quadro n.º 3 do Anexo I do Decreto-Lei n.º 152/97, de 19 de junho, na sua redação atual.",,Mensal,Composta (ii),Média mensal =< VLE; Média anual =< VLE,Valor máximo observado ≤ ao dobro do VLE,Borlas (1); Borlas; Borlas (2),Valor Máximo Observado não superior a 100% VLE,,,
TUA20231018003040,Carência Química de Oxigénio (mg/L O2),CQO,TUA20231018003040|CQO,,150,,150.0,,"Abordagem combinada de acordo com o estabelecido no artigo 53.º da Lei nº 58/2005, de 29 de dezembro, na sua redação atual.","Considera-se que as águas residuais tratadas estão conformes com os parâmetros estabelecidos se, para cada um dos parâmetros aplicáveis, individualmente considerados, as amostras revelarem que as águas obedecem à norma de qualidade descrita nesta licença, nos seguintes termos:a) Nenhuma amostra excede o valor paramétrico em mais de 100%; e b) O número máximo anual de amostras não conformes será obtido através de relação estatística similar à aplicável às águas residuais urbanas, descrita no quadro n.º 3 do Anexo I do Decreto-Lei n.º 152/97, de 19 de junho, na sua redação atual.",,Mensal,Composta (ii),Média mensal =< VLE; Média anual =< VLE,Valor máximo observado ≤ ao dobro do VLE,Borlas (1); Borlas; Borlas (2),Valor Máximo Observado não superior a 100% VLE,,,
TUA20231018003040,Sólidos Suspensos Totais (mg/L),SST,TUA20231018003040|SST,,60,,60.0,,"Abordagem combinada de acordo com o estabelecido no artigo 53.º da Lei nº 58/2005, de 29 de dezembro, na sua redação atual.","Considera-se que as águas residuais tratadas estão conformes com os parâmetros estabelecidos se, para cada um dos parâmetros aplicáveis, individualmente considerados, as amostras revelarem que as águas obedecem à norma de qualidade descrita nesta licença, nos seguintes termos:a) Nenhuma amostra excede o valor paramétrico em mais de 100%; e b) O número máximo anual de amostras não conformes será obtido através de relação estatística similar à aplicável às águas residuais urbanas, descrita no quadro n.º 3 do Anexo I do Decreto-Lei n.º 152/97, de 19 de junho, na sua redação atual.",,Mensal,Composta (ii),Média mensal =< VLE; Média anual =< VLE,Valor máximo observado ≤ ao dobro do VLE,Borlas; Borlas (2); Borlas (1),Valor Máximo Observado não superior a 150% VLE; Valor Máximo Observado não superior a 100% VLE,,,
TUA20231109003280,pH (Escala de Sörensen),pH,TUA20231109003280|pH,,6-9,6.0,9.0,,"Anexo XVIII do Decreto-Lei nº 236/98, de 1 de agosto.","De acordo com o nº6 do artigo 69o do Decreto-Lei nº 236/98, de 1 de Agosto.",,Trimestral,Pontual,Média mensal =< VLE,Valor máximo observado ≤ ao dobro do VLE,Borlas (1); Borlas (2); Borlas,Valor Máximo Observado não superior a 100% VLE,,,5<Valor<10; 5<Valor<10????
TUA20231109003280,Carência Bioquímica de Oxigénio (mg/L O2),CBO5,TUA20231109003280|CBO5,,40,,40.0,,"Anexo XVIII do Decreto-Lei nº 236/98, de 1 de agosto.","De acordo com o nº6 do artigo 69o do Decreto-Lei nº 236/98, de 1 de Agosto.",,Trimestral,Pontual,Média mensal =< VLE; Média anual =< VLE,Valor máximo observado ≤ ao dobro do VLE,Borlas (1); Borlas; Borlas (2),Valor Máximo Observado não superior a 100% VLE,,,
TUA20231109003280,Carência Química de Oxigénio (mg/L O2),CQO,TUA20231109003280|CQO,,150,,150.0,,"Anexo XVIII do Decreto-Lei nº 236/98, de 1 de agosto.","De acordo com o nº6 do artigo 69o do Decreto-Lei nº 236/98, de 1 de Agosto.",,Trimestral,Pontual,Média mensal =< VLE; Média anual =< VLE,Valor máximo observado ≤ ao dobro do VLE,Borlas (1); Borlas; Borlas (2),Valor Máximo Observado não superior a 100% VLE,,,
TUA20231109003280,Sólidos Suspensos Totais (mg/L),SST,TUA20231109003280|SST,,60,,60.0,,"Anexo XVIII do Decreto-Lei nº 236/98, de 1 de agosto.","De acordo com o nº6 do artigo 69o do Decreto-Lei nº 236/98, de 1 de Agosto.",,Trimestral,Pontual,Média mensal =< VLE; Média anual =< VLE,Valor máximo observado ≤ ao dobro do VLE,Borlas; Borlas (2); Borlas (1),Valor Máximo Observado não superior a 150% VLE; Valor Máximo Observado não superior a 100% VLE,,,
TUA20231128003520,pH (Escala de Sörensen),pH,TUA20231128003520|pH,,6-9,6.0,9.0,,"Anexo XVIII do Decreto-Lei nº 236/98, de 1 de agosto.","De acordo com o nº6 do artigo 69o do Decreto-Lei nº 236/98, de 1 de Agosto.",,Mensal,Pontual,Média mensal =< VLE,Valor máximo observado ≤ ao dobro do VLE,Borlas (1); Borlas (2); Borlas,Valor Máximo Observado não superior a 100% VLE,,,5<Valor<10; 5<Valor<10????
TUA20231128003520,Carência Bioquímica de Oxigénio (mg/L O2),CBO5,TUA20231128003520|CBO5,,40,,40.0,,"Anexo XVIII do Decreto-Lei nº 236/98, de 1 de agosto.","De acordo com o nº6 do artigo 69o do Decreto-Lei nº 236/98, de 1 de Agosto.",,Mensal,Pontual,Média mensal =< VLE; Média anual =< VLE,Valor máximo observado ≤ ao dobro do VLE,Borlas (1); Borlas; Borlas (2),Valor Máximo Observado não superior a 100% VLE,,,
TUA20231128003520,Carência Química de Oxigénio (mg/L O2),CQO,TUA20231128003520|CQO,,150,,150.0,,"Anexo XVIII do Decreto-Lei nº 236/98, de 1 de agosto.","De acordo com o nº6 do artigo 69o do Decreto-Lei nº 236/98, de 1 de Agosto.",,Mensal,Pontual,Média mensal =< VLE; Média anual =< VLE,Valor máximo observado ≤ ao dobro do VLE,Borlas (1); Borlas; Borlas (2),Valor Máximo Observado não superior a 100% VLE,,,
TUA20231128003520,Sólidos Suspensos Totais (mg/L),SST,TUA20231128003520|SST,,60,,60.0,,"Anexo XVIII do Decreto-Lei nº 236/98, de 1 de agosto.","De acordo com o nº6 do artigo 69o do Decreto-Lei nº 236/98, de 1 de Agosto.",,Mensal,Pontual,Média mensal =< VLE; Média anual =< VLE,Valor máximo observado ≤ ao dobro do VLE,Borlas; Borlas (2); Borlas (1),Valor Máximo Observado não superior a 150% VLE; Valor Máximo Observado não superior a 100% VLE,,,
TUA20231128003521,pH (Escala de Sörensen),pH,TUA20231128003521|pH,,6-9,6.0,9.0,,"Anexo XVIII do Decreto-Lei nº 236/98, de 1 de agosto.","Anexo XVIII do Decreto-Lei nº 236/98, de 1 de agosto.",,Trimestral,Composta (i),Média mensal =< VLE,Valor máximo observado ≤ ao dobro do VLE,Borlas (1); Borlas (2); Borlas,Valor Máximo Observado não superior a 100% VLE,,,5<Valor<10; 5<Valor<10????
TUA20231128003521,Carência Bioquímica de Oxigénio (mg/L O2),CBO5,TUA20231128003521|CBO5,,40,,40.0,,"Anexo XVIII do Decreto-Lei nº 236/98, de 1 de agosto.","Anexo XVIII do Decreto-Lei nº 236/98, de 1 de agosto.",,Trimestral,Composta (i),Média mensal =< VLE; Média anual =< VLE,Valor máximo observado ≤ ao dobro do VLE,Borlas (1); Borlas; Borlas (2),Valor Máximo Observado não superior a 100% VLE,,,
TUA20231128003521,Carência Química de Oxigénio (mg/L O2),CQO,TUA20231128003521|CQO,,150,,150.0,,"Anexo XVIII do Decreto-Lei nº 236/98, de 1 de agosto.","Anexo XVIII do Decreto-Lei nº 236/98, de 1 de agosto.",,Trimestral,Composta (i),Média mensal =< VLE; Média anual =< VLE,Valor máximo observado ≤ ao dobro do VLE,Borlas (1); Borlas; Borlas (2),Valor Máximo Observado não superior a 100% VLE,,,
TUA20231128003521,Sólidos Suspensos Totais (mg/L),SST,TUA20231128003521|SST,,60,,60.0,,"Anexo XVIII do Decreto-Lei nº 236/98, de 1 de agosto.","Anexo XVIII do Decreto-Lei nº 236/98, de 1 de agosto.",,Trimestral,Composta (i),Média mensal =< VLE; Média anual =< VLE,Valor máximo observado ≤ ao dobro do VLE,Borlas; Borlas (2); Borlas (1),Valor Máximo Observado não superior a 150% VLE; Valor Máximo Observado não superior a 100% VLE,,,
TUA20231205003587,pH (Escala de Sörensen),pH,TUA20231205003587|pH,,6-9,6.0,9.0,,"Anexo XVIII do Decreto-Lei nº 236/98, de 1 de agosto.","De acordo com o nº6 do artigo 69o do Decreto-Lei nº 236/98, de 1 de Agosto.",,Trimestral,Pontual,Média mensal =< VLE,Valor máximo observado ≤ ao dobro do VLE,Borlas (1); Borlas (2); Borlas,Valor Máximo Observado não superior a 100% VLE,,,5<Valor<10; 5<Valor<10????
TUA20231205003587,Carência Bioquímica de Oxigénio (mg/L O2),CBO5,TUA20231205003587|CBO5,,40,,40.0,,"Anexo XVIII do Decreto-Lei nº 236/98, de 1 de agosto.","De acordo com o nº6 do artigo 69o do Decreto-Lei nº 236/98, de 1 de Agosto.",,Trimestral,Pontual,Média mensal =< VLE; Média anual =< VLE,Valor máximo observado ≤ ao dobro do VLE,Borlas (1); Borlas; Borlas (2),Valor Máximo Observado não superior a 100% VLE,,,
TUA20231205003587,Carência Química de Oxigénio (mg/L O2),CQO,TUA20231205003587|CQO,,150,,150.0,,"Anexo XVIII do Decreto-Lei nº 236/98, de 1 de agosto.","De acordo com o nº6 do artigo 69o do Decreto-Lei nº 236/98, de 1 de Agosto.",,Trimestral,Pontual,Média mensal =< VLE; Média anual =< VLE,Valor máximo observado ≤ ao dobro do VLE,Borlas (1); Borlas; Borlas (2),Valor Máximo Observado não superior a 100% VLE,,,
TUA20231205003587,Sólidos Suspensos Totais (mg/L),SST,TUA20231205003587|SST,,60,,60.0,,"Anexo XVIII do Decreto-Lei nº 236/98, de 1 de agosto.","De acordo com o nº6 do artigo 69o do Decreto-Lei nº 236/98, de 1 de Agosto.",,Trimestral,Pontual,Média mensal =< VLE; Média anual =< VLE,Valor máximo observado ≤ ao dobro do VLE,Borlas; Borlas (2); Borlas (1),Valor Máximo Observado não superior a 150% VLE; Valor Máximo Observado não superior a 100% VLE,,,
TUA20231206003600,pH (Escala de Sörensen),pH,TUA20231206003600|pH,,6-9,6.0,9.0,,"Anexo XVIII do Decreto-Lei nº 236/98, de 1 de agosto.","De acordo com o nº6 do artigo 69o do Decreto-Lei nº 236/98, de 1 de Agosto.",,Mensal,Pontual,Média mensal =< VLE,Valor máximo observado ≤ ao dobro do VLE,Borlas (1); Borlas (2); Borlas,Valor Máximo Observado não superior a 100% VLE,,,5<Valor<10; 5<Valor<10????
TUA20231206003600,Carência Bioquímica de Oxigénio (mg/L O2),CBO5,TUA20231206003600|CBO5,,40,,40.0,,"Anexo XVIII do Decreto-Lei nº 236/98, de 1 de agosto.","De acordo com o nº6 do artigo 69o do Decreto-Lei nº 236/98, de 1 de Agosto.",,Mensal,Pontual,Média mensal =< VLE; Média anual =< VLE,Valor máximo observado ≤ ao dobro do VLE,Borlas (1); Borlas; Borlas (2),Valor Máximo Observado não superior a 100% VLE,,,
TUA20231206003600,Carência Química de Oxigénio (mg/L O2),CQO,TUA20231206003600|CQO,,150,,150.0,,"Anexo XVIII do Decreto-Lei nº 236/98, de 1 de agosto.","De acordo com o nº6 do artigo 69o do Decreto-Lei nº 236/98, de 1 de Agosto.",,Mensal,Pontual,Média mensal =< VLE; Média anual =< VLE,Valor máximo observado ≤ ao dobro do VLE,Borlas (1); Borlas; Borlas (2),Valor Máximo Observado não superior a 100% VLE,,,
TUA20231206003600,Sólidos Suspensos Totais (mg/L),SST,TUA20231206003600|SST,,60,,60.0,,"Anexo XVIII do Decreto-Lei nº 236/98, de 1 de agosto.","De acordo com o nº6 do artigo 69o do Decreto-Lei nº 236/98, de 1 de Agosto.",,Trimestral,Pontual,Média mensal =< VLE; Média anual =< VLE,Valor máximo observado ≤ ao dobro do VLE,Borlas; Borlas (2); Borlas (1),Valor Máximo Observado não superior a 150% VLE; Valor Máximo Observado não superior a 100% VLE,,,
TUA20231206003602,pH (Escala de Sörensen),pH,TUA20231206003602|pH,,6-9,6.0,9.0,,"Anexo XVIII do Decreto-Lei nº 236/98, de 1 de agosto.","De acordo com o nº6 do artigo 69o do Decreto-Lei nº 236/98, de 1 de Agosto.",,Mensal,Pontual,Média mensal =< VLE,Valor máximo observado ≤ ao dobro do VLE,Borlas (1); Borlas (2); Borlas,Valor Máximo Observado não superior a 100% VLE,,,5<Valor<10; 5<Valor<10????
TUA20231206003602,Carência Bioquímica de Oxigénio (mg/L O2),CBO5,TUA20231206003602|CBO5,,40,,40.0,,"Anexo XVIII do Decreto-Lei nº 236/98, de 1 de agosto.","De acordo com o nº6 do artigo 69o do Decreto-Lei nº 236/98, de 1 de Agosto.",,Mensal,Pontual,Média mensal =< VLE; Média anual =< VLE,Valor máximo observado ≤ ao dobro do VLE,Borlas (1); Borlas; Borlas (2),Valor Máximo Observado não superior a 100% VLE,,,
TUA20231206003602,Carência Química de Oxigénio (mg/L O2),CQO,TUA20231206003602|CQO,,150,,150.0,,"Anexo XVIII do Decreto-Lei nº 236/98, de 1 de agosto.","De acordo com o nº6 do artigo 69o do Decreto-Lei nº 236/98, de 1 de Agosto.",,Mensal,Pontual,Média mensal =< VLE; Média anual =< VLE,Valor máximo observado ≤ ao dobro do VLE,Borlas (1); Borlas; Borlas (2),Valor Máximo Observado não superior a 100% VLE,,,
TUA20231206003602,Sólidos Suspensos Totais (mg/L),SST,TUA20231206003602|SST,,60,,60.0,,"Anexo XVIII do Decreto-Lei nº 236/98, de 1 de agosto.","De acordo com o nº6 do artigo 69o do Decreto-Lei nº 236/98, de 1 de Agosto.",,Mensal,Pontual,Média mensal =< VLE; Média anual =< VLE,Valor máximo observado ≤ ao dobro do VLE,Borlas; Borlas (2); Borlas (1),Valor Máximo Observado não superior a 150% VLE; Valor Máximo Observado não superior a 100% VLE,,,
TUA20231211003636,pH (Escala de Sörensen),pH,TUA20231211003636|pH,,6-9,6.0,9.0,,"Anexo XVIII do Decreto-Lei nº 236/98, de 1 de agosto.","De acordo com o nº6 do artigo 69o do Decreto-Lei nº 236/98, de 1 de Agosto.",,Trimestral,Pontual,Média mensal =< VLE,Valor máximo observado ≤ ao dobro do VLE,Borlas (1); Borlas (2); Borlas,Valor Máximo Observado não superior a 100% VLE,,,5<Valor<10; 5<Valor<10????
TUA20231211003636,Carência Bioquímica de Oxigénio (mg/L O2),CBO5,TUA20231211003636|CBO5,,40,,40.0,,"Anexo XVIII do Decreto-Lei nº 236/98, de 1 de agosto.","De acordo com o nº6 do artigo 69o do Decreto-Lei nº 236/98, de 1 de Agosto.",,Trimestral,Pontual,Média mensal =< VLE; Média anual =< VLE,Valor máximo observado ≤ ao dobro do VLE,Borlas (1); Borlas; Borlas (2),Valor Máximo Observado não superior a 100% VLE,,,
TUA20231211003636,Carência Química de Oxigénio (mg/L O2),CQO,TUA20231211003636|CQO,,150,,150.0,,"Anexo XVIII do Decreto-Lei nº 236/98, de 1 de agosto.","De acordo com o nº6 do artigo 69o do Decreto-Lei nº 236/98, de 1 de Agosto.",,Trimestral,Pontual,Média mensal =< VLE; Média anual =< VLE,Valor máximo observado ≤ ao dobro do VLE,Borlas (1); Borlas; Borlas (2),Valor Máximo Observado não superior a 100% VLE,,,
TUA20231211003636,Sólidos Suspensos Totais (mg/L),SST,TUA20231211003636|SST,,60,,60.0,,"Anexo XVIII do Decreto-Lei nº 236/98, de 1 de agosto.","De acordo com o nº6 do artigo 69o do Decreto-Lei nº 236/98, de 1 de Agosto.",,Trimestral,Pontual,Média mensal =< VLE; Média anual =< VLE,Valor máximo observado ≤ ao dobro do VLE,Borlas; Borlas (2); Borlas (1),Valor Máximo Observado não superior a 150% VLE; Valor Máximo Observado não superior a 100% VLE,,,
TUA20231212003641,pH (Escala de Sörensen),pH,TUA20231212003641|pH,,6 a 9,6.0,9.0,,"Abordagem combinada de acordo com o estabelecido no artigo 53.º da Lei nº 58/2005, de 29 de dezembro, na sua redação atual.","Considera-se que as águas residuais tratadas estão conformes para o parâmetro pH, se as amostras revelarem que as águas obedecem à norma de qualidade descrita nesta licença, nos seguintes termos: :a) Nenhuma amostra poderá se encontrar fora do intervalo 5,0 -10,0, eb) O número máximo anual de amostras não conformes será obtido através de relação estatística similar à aplicável às águas residuais urbanas, descrita no quadro n.º 3 do Anexo I do Decreto-Lei n.º 152/97, de 19 de junho, na sua redação atual.",,Trimestral,Composta (iii),Média mensal =< VLE,Valor máximo observado ≤ ao dobro do VLE,Borlas (1); Borlas (2); Borlas,Valor Máximo Observado não superior a 100% VLE,,,5<Valor<10; 5<Valor<10????
TUA20231212003641,Carência Química de Oxigénio (mg/L O2),CQO,TUA20231212003641|CQO,,150,,150.0,,"Abordagem combinada de acordo com o estabelecido no artigo 53.º da Lei nº 58/2005, de 29 de dezembro, na sua redação atual.","Considera-se que as águas residuais tratadas estão conformes com os parâmetros estabelecidos se, para cada um dos parâmetros aplicáveis, individualmente considerados, as amostras revelarem que as águas obedecem à norma de qualidade descrita nesta licença, nos seguintes termos:a) Nenhuma amostra excede o valor paramétrico em mais de 100%; e b) O número máximo anual de amostras não conformes será obtido através de relação estatística similar à aplicável às águas residuais urbanas, descrita no quadro n.º 3 do Anexo I do Decreto-Lei n.º 152/97, de 19 de junho, na sua redação atual.",,Trimestral,Composta (iii),Média mensal =< VLE; Média anual =< VLE,Valor máximo observado ≤ ao dobro do VLE,Borlas (1); Borlas; Borlas (2),Valor Máximo Observado não superior a 100% VLE,,,
TUA20231212003641,Carência Bioquímica de Oxigénio (mg/L O2),CBO5,TUA20231212003641|CBO5,,40,,40.0,,"Abordagem combinada de acordo com o estabelecido no artigo 53.º da Lei nº 58/2005, de 29 de dezembro, na sua redação atual.","Considera-se que as águas residuais tratadas estão conformes com os parâmetros estabelecidos se, para cada um dos parâmetros aplicáveis, individualmente considerados, as amostras revelarem que as águas obedecem à norma de qualidade descrita nesta licença, nos seguintes termos:a) Nenhuma amostra excede o valor paramétrico em mais de 100%; e b) O número máximo anual de amostras não conformes será obtido através de relação estatística similar à aplicável às águas residuais urbanas, descrita no quadro n.º 3 do Anexo I do Decreto-Lei n.º 152/97, de 19 de junho, na sua redação atual.",,Trimestral,Composta (iii),Média mensal =< VLE; Média anual =< VLE,Valor máximo observado ≤ ao dobro do VLE,Borlas (1); Borlas; Borlas (2),Valor Máximo Observado não superior a 100% VLE,,,
TUA20231212003641,Sólidos Suspensos Totais (mg/L),SST,TUA20231212003641|SST,,60,,60.0,,"Abordagem combinada de acordo com o estabelecido no artigo 53.º da Lei nº 58/2005, de 29 de dezembro, na sua redação atual.","Considera-se que as águas residuais tratadas estão conformes com os parâmetros estabelecidos se, para cada um dos parâmetros aplicáveis, individualmente considerados, as amostras revelarem que as águas obedecem à norma de qualidade descrita nesta licença, nos seguintes termos:a) Nenhuma amostra excede o valor paramétrico em mais de 100%; e b) O número máximo anual de amostras não conformes será obtido através de relação estatística similar à aplicável às águas residuais urbanas, descrita no quadro n.º 3 do Anexo I do Decreto-Lei n.º 152/97, de 19 de junho, na sua redação atual.",,,,Média mensal =< VLE; Média anual =< VLE,Valor máximo observado ≤ ao dobro do VLE,Borlas; Borlas (2); Borlas (1),Valor Máximo Observado não superior a 150% VLE; Valor Máximo Observado não superior a 100% VLE,,,
TUA20231228003808,pH (Escala de Sörensen),pH,TUA20231228003808|pH,,6-9,6.0,9.0,,"Anexo XVIII do Decreto-Lei nº 236/98, de 1 de agosto.","De acordo com o nº6 do artigo 69o do Decreto-Lei nº 236/98, de 1 de Agosto.",,Mensal,Pontual,Média mensal =< VLE,Valor máximo observado ≤ ao dobro do VLE,Borlas (1); Borlas (2); Borlas,Valor Máximo Observado não superior a 100% VLE,,,5<Valor<10; 5<Valor<10????
TUA20231228003808,Carência Bioquímica de Oxigénio (mg/L O2),CBO5,TUA20231228003808|CBO5,,40,,40.0,,"Anexo XVIII do Decreto-Lei nº 236/98, de 1 de agosto.","De acordo com o nº6 do artigo 69o do Decreto-Lei nº 236/98, de 1 de Agosto.",,Mensal,Pontual,Média mensal =< VLE; Média anual =< VLE,Valor máximo observado ≤ ao dobro do VLE,Borlas (1); Borlas; Borlas (2),Valor Máximo Observado não superior a 100% VLE,,,
TUA20231228003808,Carência Química de Oxigénio (mg/L O2),CQO,TUA20231228003808|CQO,,150,,150.0,,"Anexo XVIII do Decreto-Lei nº 236/98, de 1 de agosto.","De acordo com o nº6 do artigo 69o do Decreto-Lei nº 236/98, de 1 de Agosto.",,Mensal,Pontual,Média mensal =< VLE; Média anual =< VLE,Valor máximo observado ≤ ao dobro do VLE,Borlas (1); Borlas; Borlas (2),Valor Máximo Observado não superior a 100% VLE,,,
TUA20231228003808,Sólidos Suspensos Totais (mg/L),SST,TUA20231228003808|SST,,60,,60.0,,"Anexo XVIII do Decreto-Lei nº 236/98, de 1 de agosto.","De acordo com o nº6 do artigo 69o do Decreto-Lei nº 236/98, de 1 de Agosto.",,Mensal,Pontual,Média mensal =< VLE; Média anual =< VLE,Valor máximo observado ≤ ao dobro do VLE,Borlas; Borlas (2); Borlas (1),Valor Máximo Observado não superior a 150% VLE; Valor Máximo Observado não superior a 100% VLE,,,
TUA20240131000275,pH (Escala de Sörensen),pH,TUA20240131000275|pH,,6-9,6.0,9.0,,"Abordagem combinada de acordo com o estabelecido no artigo 53.º da Lei nº 58/2005, de 29 de dezembro, na sua redação atual.","Considera-se que as águas residuais tratadas estão conformes para o parâmetro pH, se as amostras revelarem que as águas obedecem à norma de qualidade descrita nesta licença, nos seguintes termos: a) Nenhuma amostra poderá se encontrar fora do intervalo 5,0 -10,0, e b) O número máximo anual de amostras não conformes será obtido através de relação estatística similar à aplicável às águas residuais urbanas, descrita no quadro n.º 3 do Anexo I do Decreto-Lei n.º 152/97, de 19 de junho, na sua redação atual.",,Quinzenal,Composta (ii),Média mensal =< VLE,Valor máximo observado ≤ ao dobro do VLE,Borlas (1); Borlas (2); Borlas,Valor Máximo Observado não superior a 100% VLE,,,5<Valor<10; 5<Valor<10????
TUA20240131000275,Carência Bioquímica de Oxigénio (mg/L O2),CBO5,TUA20240131000275|CBO5,,25,,25.0,,"Abordagem combinada de acordo com o estabelecido no artigo 53.º da Lei nº 58/2005, de 29 de dezembro, na sua redação atual.","Considera-se que as águas residuais tratadas estão conformes com os parâmetros estabelecidos se, para cada um dos parâmetros aplicáveis, individualmente considerados, as amostras revelarem que as águas obedecem à norma de qualidade descrita nesta licença, nos seguintes termos:a) Nenhuma amostra excede o valor paramétrico em mais de 100%; e b) O número máximo anual de amostras não conformes será obtido através de relação estatística similar à aplicável às águas residuais urbanas, descrita no quadro n.º 3 do Anexo I do Decreto-Lei n.º 152/97, de 19 de junho, na sua redação atual.",,Quinzenal,Composta (ii),Média mensal =< VLE; Média anual =< VLE,Valor máximo observado ≤ ao dobro do VLE,Borlas (1); Borlas; Borlas (2),Valor Máximo Observado não superior a 100% VLE,,,
TUA20240131000275,Carência Química de Oxigénio (mg/L O2),CQO,TUA20240131000275|CQO,,125,,125.0,,"Abordagem combinada de acordo com o estabelecido no artigo 53.º da Lei nº 58/2005, de 29 de dezembro, na sua redação atual.","Considera-se que as águas residuais tratadas estão conformes com os parâmetros estabelecidos se, para cada um dos parâmetros aplicáveis, individualmente considerados, as amostras revelarem que as águas obedecem à norma de qualidade descrita nesta licença, nos seguintes termos:a) Nenhuma amostra excede o valor paramétrico em mais de 100%; e b) O número máximo anual de amostras não conformes será obtido através de relação estatística similar à aplicável às águas residuais urbanas, descrita no quadro n.º 3 do Anexo I do Decreto-Lei n.º 152/97, de 19 de junho, na sua redação atual.",,Quinzenal,Composta (ii),Média mensal =< VLE; Média anual =< VLE,Valor máximo observado ≤ ao dobro do VLE,Borlas (1); Borlas; Borlas (2),Valor Máximo Observado não superior a 100% VLE,,,
TUA20240131000275,Sólidos Suspensos Totais (mg/L),SST,TUA20240131000275|SST,,35,,35.0,,"Abordagem combinada de acordo com o estabelecido no artigo 53.º da Lei nº 58/2005, de 29 de dezembro, na sua redação atual.","Considera-se que as águas residuais tratadas estão conformes com os parâmetros estabelecidos se, para cada um dos parâmetros aplicáveis, individualmente considerados, as amostras revelarem que as águas obedecem à norma de qualidade descrita nesta licença, nos seguintes termos:a) Nenhuma amostra excede o valor paramétrico em mais de 100%; e b) O número máximo anual de amostras não conformes será obtido através de relação estatística similar à aplicável às águas residuais urbanas, descrita no quadro n.º 3 do Anexo I do Decreto-Lei n.º 152/97, de 19 de junho, na sua redação atual.",,Quinzenal,Composta (ii),Média mensal =< VLE; Média anual =< VLE,Valor máximo observado ≤ ao dobro do VLE,Borlas; Borlas (2); Borlas (1),Valor Máximo Observado não superior a 150% VLE; Valor Máximo Observado não superior a 100% VLE,,,
TUA20240131000276,pH (Escala de,pH,TUA20240131000276|pH,,6-9,6.0,9.0,,"Abordagem combinada de acordo com o estabelecido no artigo 53.º da Lei nº 58/2005, de 29 de dezembro, na sua redação atual.","Considera-se que as águas residuais tratadas estão conformes para o parâmetro pH, se as amostras revelarem que as águas obedecem à norma de qualidade descrita nesta licença, nos seguintes termos: a) Nenhuma amostra poderá se encontrar fora do intervalo 5,0 -10,0, e b) O número máximo anual de amostras não conformes será obtido através de relação estatística similar à aplicável às águas residuais urbanas, descrita no quadro n.º 3 do Anexo I do Decreto-Lei n.º 152/97, de 19 de junho, na sua redação atual.",,,,not found,not found,not found,not found,not found,not found,not found
TUA20240131000276,Sörensen) Carência Bioquímica de Oxigénio (mg/L O2),CBO5,TUA20240131000276|CBO5,,40,,40.0,,"Abordagem combinada de acordo com o estabelecido no artigo 53.º da Lei nº 58/2005, de 29 de dezembro, na sua redação atual.","Considera-se que as águas residuais tratadas estão conformes com os parâmetros estabelecidos se, para cada um dos parâmetros aplicáveis, individualmente considerados, as amostras revelarem que as águas obedecem à norma de qualidade descrita nesta licença, nos seguintes termos:a) Nenhuma amostra excede o valor paramétrico em mais de 100%; e b) O número máximo anual de amostras não conformes será obtido através de relação estatística similar à aplicável às águas residuais urbanas, descrita no quadro n.º 3 do Anexo I do Decreto-Lei n.º 152/97, de 19 de junho, na sua redação atual.",,,,not found,not found,not found,not found,not found,not found,not found
TUA20240131000276,Carência Química de Oxigénio (mg/L O2),CQO,TUA20240131000276|CQO,,150,,150.0,,"Abordagem combinada de acordo com o estabelecido no artigo 53.º da Lei nº 58/2005, de 29 de dezembro, na sua redação atual.","Considera-se que as águas residuais tratadas estão conformes com os parâmetros estabelecidos se, para cada um dos parâmetros aplicáveis, individualmente considerados, as amostras revelarem que as águas obedecem à norma de qualidade descrita nesta licença, nos seguintes termos:a) Nenhuma amostra excede o valor paramétrico em mais de 100%; e b) O número máximo anual de amostras não conformes será obtido através de relação estatística similar à aplicável às águas residuais urbanas, descrita no quadro n.º 3 do Anexo I do Decreto-Lei n.º 152/97, de 19 de junho, na sua redação atual.",,Mensal,Composta (ii),Média mensal =< VLE; Média anual =< VLE,Valor máximo observado ≤ ao dobro do VLE,Borlas (1); Borlas; Borlas (2),Valor Máximo Observado não superior a 100% VLE,,,
TUA20240131000276,Sólidos Suspensos Totais (mg/L),SST,TUA20240131000276|SST,,60,,60.0,,"Abordagem combinada de acordo com o estabelecido no artigo 53.º da Lei nº 58/2005, de 29 de dezembro, na sua redação atual.","Considera-se que as águas residuais tratadas estão conformes com os parâmetros estabelecidos se, para cada um dos parâmetros aplicáveis, individualmente considerados, as amostras revelarem que as águas obedecem à norma de qualidade descrita nesta licença, nos seguintes termos:a) Nenhuma amostra excede o valor paramétrico em mais de 100%; e b) O número máximo anual de amostras não conformes será obtido através de relação estatística similar à aplicável às águas residuais urbanas, descrita no quadro n.º 3 do Anexo I do Decreto-Lei n.º 152/97, de 19 de junho, na sua redação atual.",,Mensal,Composta (ii),Média mensal =< VLE; Média anual =< VLE,Valor máximo observado ≤ ao dobro do VLE,Borlas; Borlas (2); Borlas (1),Valor Máximo Observado não superior a 150% VLE; Valor Máximo Observado não superior a 100% VLE,,,
TUA20240216000439,pH (Escala de Sörensen),pH,TUA20240216000439|pH,,6-9,6.0,9.0,,"Abordagem combinada de acordo com o estabelecido no artigo 53.º da Lei nº 58/2005, de 29 de dezembro, na sua redação atual.","Considera-se que as águas residuais tratadas estão conformes para o parâmetro pH, se as amostras revelarem que as águas obedecem à norma de qualidade descrita nesta licença, nos seguintes termos: a) Nenhuma amostra poderá se encontrar fora do intervalo 5,0 -10,0, e b) O número máximo anual de amostras não conformes será obtido através de relação estatística similar à aplicável às águas residuais urbanas, descrita no quadro n.º 3 do Anexo I do Decreto-Lei n.º 152/97, de 19 de junho, na sua redação atual.",,Mensal,Pontual,Média mensal =< VLE,Valor máximo observado ≤ ao dobro do VLE,Borlas (1); Borlas (2); Borlas,Valor Máximo Observado não superior a 100% VLE,,,5<Valor<10; 5<Valor<10????
TUA20240216000439,Carência Bioquímica de Oxigénio (mg/L O2),CBO5,TUA20240216000439|CBO5,,40,,40.0,,"Abordagem combinada de acordo com o estabelecido no artigo 53.º da Lei nº 58/2005, de 29 de dezembro, na sua redação atual.","Considera-se que as águas residuais tratadas estão conformes com os parâmetros estabelecidos se, para cada um dos parâmetros aplicáveis, individualmente considerados, as amostras revelarem que as águas obedecem à norma de qualidade descrita nesta licença, nos seguintes termos:a) Nenhuma amostra excede o valor paramétrico em mais de 100%; e b) O número máximo anual de amostras não conformes será obtido através de relação estatística similar à aplicável às águas residuais urbanas, descrita no quadro n.º 3 do Anexo I do Decreto-Lei n.º 152/97, de 19 de junho, na sua redação atual.",,Mensal,Pontual,Média mensal =< VLE; Média anual =< VLE,Valor máximo observado ≤ ao dobro do VLE,Borlas (1); Borlas; Borlas (2),Valor Máximo Observado não superior a 100% VLE,,,
TUA20240216000439,Carência Química de Oxigénio (mg/L O2),CQO,TUA20240216000439|CQO,,150,,150.0,,"Abordagem combinada de acordo com o estabelecido no artigo 53.º da Lei nº 58/2005, de 29 de dezembro, na sua redação atual.","Considera-se que as águas residuais tratadas estão conformes com os parâmetros estabelecidos se, para cada um dos parâmetros aplicáveis, individualmente considerados, as amostras revelarem que as águas obedecem à norma de qualidade descrita nesta licença, nos seguintes termos:a) Nenhuma amostra excede o valor paramétrico em mais de 100%; e b) O número máximo anual de amostras não conformes será obtido através de relação estatística similar à aplicável às águas residuais urbanas, descrita no quadro n.º 3 do Anexo I do Decreto-Lei n.º 152/97, de 19 de junho, na sua redação atual.",,Mensal,Pontual,Média mensal =< VLE; Média anual =< VLE,Valor máximo observado ≤ ao dobro do VLE,Borlas (1); Borlas; Borlas (2),Valor Máximo Observado não superior a 100% VLE,,,
TUA20240216000440,pH (Escala de Sörensen),pH,TUA20240216000440|pH,,6-9,6.0,9.0,,"Abordagem combinada de acordo com o estabelecido no artigo 53.º da Lei nº 58/2005, de 29 de dezembro, na sua redação atual.","Considera-se que as águas residuais tratadas estão conformes para o parâmetro pH, se as amostras revelarem que as águas obedecem à norma de qualidade descrita nesta licença, nos seguintes termos: a) Nenhuma amostra poderá se encontrar fora do intervalo 5,0 -10,0, e b) O número máximo anual de amostras não conformes será obtido através de relação estatística similar à aplicável às águas residuais urbanas, descrita no quadro n.º 3 do Anexo I do Decreto-Lei n.º 152/97, de 19 de junho, na sua redação atual.",,Quinzenal,Pontual,Média mensal =< VLE,Valor máximo observado ≤ ao dobro do VLE,Borlas (1); Borlas (2); Borlas,Valor Máximo Observado não superior a 100% VLE,,,5<Valor<10; 5<Valor<10????
TUA20240216000440,Carência Bioquímica de Oxigénio (mg/L O2),CBO5,TUA20240216000440|CBO5,,25,,25.0,,"Abordagem combinada de acordo com o estabelecido no artigo 53.º da Lei nº 58/2005, de 29 de dezembro, na sua redação atual.","Considera-se que as águas residuais tratadas estão conformes com os parâmetros estabelecidos se, para cada um dos parâmetros aplicáveis, individualmente considerados, as amostras revelarem que as águas obedecem à norma de qualidade descrita nesta licença, nos seguintes termos:a) Nenhuma amostra excede o valor paramétrico em mais de 100%; e b) O número máximo anual de amostras não conformes será obtido através de relação estatística similar à aplicável às águas residuais urbanas, descrita no quadro n.º 3 do Anexo I do Decreto-Lei n.º 152/97, de 19 de junho, na sua redação atual.",,Quinzenal,Pontual,Média mensal =< VLE; Média anual =< VLE,Valor máximo observado ≤ ao dobro do VLE,Borlas (1); Borlas; Borlas (2),Valor Máximo Observado não superior a 100% VLE,,,
TUA20240216000440,Carência Química de Oxigénio (mg/L O2),CQO,TUA20240216000440|CQO,,125,,125.0,,"Abordagem combinada de acordo com o estabelecido no artigo 53.º da Lei nº 58/2005, de 29 de dezembro, na sua redação atual.","Considera-se que as águas residuais tratadas estão conformes com os parâmetros estabelecidos se, para cada um dos parâmetros aplicáveis, individualmente considerados, as amostras revelarem que as águas obedecem à norma de qualidade descrita nesta licença, nos seguintes termos:a) Nenhuma amostra excede o valor paramétrico em mais de 100%; e b) O número máximo anual de amostras não conformes será obtido através de relação estatística similar à aplicável às águas residuais urbanas, descrita no quadro n.º 3 do Anexo I do Decreto-Lei n.º 152/97, de 19 de junho, na sua redação atual.",,Quinzenal,Pontual,Média mensal =< VLE; Média anual =< VLE,Valor máximo observado ≤ ao dobro do VLE,Borlas (1); Borlas; Borlas (2),Valor Máximo Observado não superior a 100% VLE,,,
TUA20240216000440,Óleos e Gorduras (mg/L),O&G,TUA20240216000440|O&G,,15,,15.0,,"Abordagem combinada de acordo com o estabelecido no artigo 53.º da Lei nº 58/2005, de 29 de dezembro, na sua redação atual.","Considera-se que as águas residuais tratadas estão conformes com os parâmetros estabelecidos se, para cada um dos parâmetros aplicáveis, individualmente considerados, as amostras revelarem que as águas obedecem à norma de qualidade descrita nesta licença, nos seguintes termos:a) Nenhuma amostra excede o valor paramétrico em mais de 100%; e b) O número máximo anual de amostras não conformes será obtido através de relação estatística similar à aplicável às águas residuais urbanas, descrita no quadro n.º 3 do Anexo I do Decreto-Lei n.º 152/97, de 19 de junho, na sua redação atual.",,Quinzenal,Pontual,Média mensal =< VLE,Valor máximo observado ≤ ao dobro do VLE,Borlas (2); Borlas; Borlas (1),,,,
TUA20240216000440,Fósforo total (mg/L P),P,TUA20240216000440|P,,3,,3.0,,"Abordagem combinada de acordo com o estabelecido no artigo 53.º da Lei nº 58/2005, de 29 de dezembro, na sua redação atual.","Considera-se que as águas residuais tratadas estão conformes com os parâmetros estabelecidos se, para cada um dos parâmetros aplicáveis, individualmente considerados, as amostras revelarem que as águas obedecem à norma de qualidade descrita nesta licença, nos seguintes termos:a) Nenhuma amostra excede o valor paramétrico em mais de 100%; e b) O número máximo anual de amostras não conformes será obtido através de relação estatística similar à aplicável às águas residuais urbanas, descrita no quadro n.º 3 do Anexo I do Decreto-Lei n.º 152/97, de 19 de junho, na sua redação atual.",,Quinzenal,Pontual,,,Borlas,Valor Máximo Observado não superior a 100% VLE,Média anual ≤ VLE,,
TUA20240216000462,pH (Escala de Sörensen),pH,TUA20240216000462|pH,,6 a 9,6.0,9.0,,"Abordagem combinada de acordo com o estabelecido no artigo 53.º da Lei nº 58/2005, de 29 de dezembro, na sua redação atual.","Considera-se que as águas residuais tratadas estão conformes para o parâmetro pH, se as amostras revelarem que as águas obedecem à norma de qualidade descrita nesta licença, nos seguintes termos: :a) Nenhuma amostra poderá se encontrar fora do intervalo 5,0 -10,0, eb) O número máximo anual de amostras não conformes será obtido através de relação estatística similar à aplicável às águas residuais urbanas, descrita no quadro n.º 3 do Anexo I do Decreto-Lei n.º 152/97, de 19 de junho, na sua redação atual.",,Mensal,Composta (iii),Média mensal =< VLE,Valor máximo observado ≤ ao dobro do VLE,Borlas (1); Borlas (2); Borlas,Valor Máximo Observado não superior a 100% VLE,,,5<Valor<10; 5<Valor<10????
TUA20240216000462,Carência Química de Oxigénio (mg/L O2),CQO,TUA20240216000462|CQO,,150,,150.0,,"Abordagem combinada de acordo com o estabelecido no artigo 53.º da Lei nº 58/2005, de 29 de dezembro, na sua redação atual.","Considera-se que as águas residuais tratadas estão conformes com os parâmetros estabelecidos se, para cada um dos parâmetros aplicáveis, individualmente considerados, as amostras revelarem que as águas obedecem à norma de qualidade descrita nesta licença, nos seguintes termos:a) Nenhuma amostra excede o valor paramétrico em mais de 100%; e b) O número máximo anual de amostras não conformes será obtido através de relação estatística similar à aplicável às águas residuais urbanas, descrita no quadro n.º 3 do Anexo I do Decreto-Lei n.º 152/97, de 19 de junho, na sua redação atual.",,Mensal,Composta (iii),Média mensal =< VLE; Média anual =< VLE,Valor máximo observado ≤ ao dobro do VLE,Borlas (1); Borlas; Borlas (2),Valor Máximo Observado não superior a 100% VLE,,,
TUA20240216000462,Carência Bioquímica de Oxigénio (mg/L O2),CBO5,TUA20240216000462|CBO5,,40,,40.0,,"Abordagem combinada de acordo com o estabelecido no artigo 53.º da Lei nº 58/2005, de 29 de dezembro, na sua redação atual.","Considera-se que as águas residuais tratadas estão conformes com os parâmetros estabelecidos se, para cada um dos parâmetros aplicáveis, individualmente considerados, as amostras revelarem que as águas obedecem à norma de qualidade descrita nesta licença, nos seguintes termos:a) Nenhuma amostra excede o valor paramétrico em mais de 100%; e b) O número máximo anual de amostras não conformes será obtido através de relação estatística similar à aplicável às águas residuais urbanas, descrita no quadro n.º 3 do Anexo I do Decreto-Lei n.º 152/97, de 19 de junho, na sua redação atual.",,Mensal,Composta (iii),Média mensal =< VLE; Média anual =< VLE,Valor máximo observado ≤ ao dobro do VLE,Borlas (1); Borlas; Borlas (2),Valor Máximo Observado não superior a 100% VLE,,,
TUA20240216000462,Sólidos Suspensos Totais (mg/L),SST,TUA20240216000462|SST,,60,,60.0,,"Abordagem combinada de acordo com o estabelecido no artigo 53.º da Lei nº 58/2005, de 29 de dezembro, na sua redação atual.","Considera-se que as águas residuais tratadas estão conformes com os parâmetros estabelecidos se, para cada um dos parâmetros aplicáveis, individualmente considerados, as amostras revelarem que as águas obedecem à norma de qualidade descrita nesta licença, nos seguintes termos:a) Nenhuma amostra excede o valor paramétrico em mais de 100%; e b) O número máximo anual de amostras não conformes será obtido através de relação estatística similar à aplicável às águas residuais urbanas, descrita no quadro n.º 3 do Anexo I do Decreto-Lei n.º 152/97, de 19 de junho, na sua redação atual.",,Mensal,Composta (iii),Média mensal =< VLE; Média anual =< VLE,Valor máximo observado ≤ ao dobro do VLE,Borlas; Borlas (2); Borlas (1),Valor Máximo Observado não superior a 150% VLE; Valor Máximo Observado não superior a 100% VLE,,,
TUA20240216000462,Óleos e Gorduras (mg/L),O&G,TUA20240216000462|O&G,,15,,15.0,,"Abordagem combinada de acordo com o estabelecido no artigo 53.º da Lei nº 58/2005, de 29 de dezembro, na sua redação atual.","Considera-se que as águas residuais tratadas estão conformes com os parâmetros estabelecidos se, para cada um dos parâmetros aplicáveis, individualmente considerados, as amostras revelarem que as águas obedecem à norma de qualidade descrita nesta licença, nos seguintes termos:a) Nenhuma amostra excede o valor paramétrico em mais de 100%; e b) O número máximo anual de amostras não conformes será obtido através de relação estatística similar à aplicável às águas residuais urbanas, descrita no quadro n.º 3 do Anexo I do Decreto-Lei n.º 152/97, de 19 de junho, na sua redação atual.",,Trimestral,Pontual,Média mensal =< VLE,Valor máximo observado ≤ ao dobro do VLE,Borlas (2); Borlas; Borlas (1),,,,
TUA20240223000530,pH (Escala de Sörensen),pH,TUA20240223000530|pH,,6-9,6.0,9.0,,"Abordagem combinada de acordo com o estabelecido no artigo 53.º da Lei nº 58/2005, de 29 de dezembro, na sua redação atual.","Considera-se que as águas residuais tratadas estão conformes para o parâmetro pH, se as amostras revelarem que as águas obedecem à norma de qualidade descrita nesta licença, nos seguintes termos: a) Nenhuma amostra poderá se encontrar fora do intervalo 5,0 -10,0, e b) O número máximo anual de amostras não conformes será obtido através de relação estatística similar à aplicável às águas residuais urbanas, descrita no quadro n.º 3 do Anexo I do Decreto-Lei n.º 152/97, de 19 de junho, na sua redação atual.",,Mensal,Pontual,Média mensal =< VLE,Valor máximo observado ≤ ao dobro do VLE,Borlas (1); Borlas (2); Borlas,Valor Máximo Observado não superior a 100% VLE,,,5<Valor<10; 5<Valor<10????
TUA20240223000530,Carência Bioquímica de Oxigénio (mg/L O2),CBO5,TUA20240223000530|CBO5,,40,,40.0,,"Abordagem combinada de acordo com o estabelecido no artigo 53.º da Lei nº 58/2005, de 29 de dezembro, na sua redação atual.","Considera-se que as águas residuais tratadas estão conformes com os parâmetros estabelecidos se, para cada um dos parâmetros aplicáveis, individualmente considerados, as amostras revelarem que as águas obedecem à norma de qualidade descrita nesta licença, nos seguintes termos:a) Nenhuma amostra excede o valor paramétrico em mais de 100%; e b) O número máximo anual de amostras não conformes será obtido através de relação estatística similar à aplicável às águas residuais urbanas, descrita no quadro n.º 3 do Anexo I do Decreto-Lei n.º 152/97, de 19 de junho, na sua redação atual.",,Mensal,Pontual,Média mensal =< VLE; Média anual =< VLE,Valor máximo observado ≤ ao dobro do VLE,Borlas (1); Borlas; Borlas (2),Valor Máximo Observado não superior a 100% VLE,,,
TUA20240223000530,Carência Química de Oxigénio (mg/L O2),CQO,TUA20240223000530|CQO,,150,,150.0,,"Abordagem combinada de acordo com o estabelecido no artigo 53.º da Lei nº 58/2005, de 29 de dezembro, na sua redação atual.","Considera-se que as águas residuais tratadas estão conformes com os parâmetros estabelecidos se, para cada um dos parâmetros aplicáveis, individualmente considerados, as amostras revelarem que as águas obedecem à norma de qualidade descrita nesta licença, nos seguintes termos:a) Nenhuma amostra excede o valor paramétrico em mais de 100%; e b) O número máximo anual de amostras não conformes será obtido através de relação estatística similar à aplicável às águas residuais urbanas, descrita no quadro n.º 3 do Anexo I do Decreto-Lei n.º 152/97, de 19 de junho, na sua redação atual.",,Mensal,Pontual,Média mensal =< VLE; Média anual =< VLE,Valor máximo observado ≤ ao dobro do VLE,Borlas (1); Borlas; Borlas (2),Valor Máximo Observado não superior a 100% VLE,,,
TUA20240223000530,Óleos e Gorduras (mg/L),O&G,TUA20240223000530|O&G,,15,,15.0,,"Abordagem combinada de acordo com o estabelecido no artigo 53.º da Lei nº 58/2005, de 29 de dezembro, na sua redação atual.","Considera-se que as águas residuais tratadas estão conformes com os parâmetros estabelecidos se, para cada um dos parâmetros aplicáveis, individualmente considerados, as amostras revelarem que as águas obedecem à norma de qualidade descrita nesta licença, nos seguintes termos:a) Nenhuma amostra excede o valor paramétrico em mais de 100%; e b) O número máximo anual de amostras não conformes será obtido através de relação estatística similar à aplicável às águas residuais urbanas, descrita no quadro n.º 3 do Anexo I do Decreto-Lei n.º 152/97, de 19 de junho, na sua redação atual.",,Pontual,,Média mensal =< VLE,Valor máximo observado ≤ ao dobro do VLE,Borlas (2); Borlas; Borlas (1),,,,
TUA20240229000598,pH (Escala de Sörensen),pH,TUA20240229000598|pH,,6 a 9,6.0,9.0,,"Abordagem combinada de acordo com o estabelecido no artigo 53.º da Lei nº 58/2005, de 29 de dezembro, na sua redação atual.","Considera-se que as águas residuais tratadas estão conformes para o parâmetro pH, se as amostras revelarem que as águas obedecem à norma de qualidade descrita nesta licença, nos seguintes termos: a) Nenhuma amostra poderá se encontrar fora do intervalo 5,0 -10,0, e b) O número máximo anual de amostras não conformes será obtido através de relação estatística similar à aplicável às águas residuais urbanas, descrita no quadro n.º 3 do Anexo I do Decreto-Lei n.º 152/97, de 19 de junho, na sua redação atual.",,Quinzenal,Composta (iv),Média mensal =< VLE,Valor máximo observado ≤ ao dobro do VLE,Borlas (1); Borlas (2); Borlas,Valor Máximo Observado não superior a 100% VLE,,,5<Valor<10; 5<Valor<10????
TUA20240229000598,Carência Bioquímica de Oxigénio (mg/L O2),CBO5,TUA20240229000598|CBO5,,25,,25.0,,"Abordagem combinada de acordo com o estabelecido no artigo 53.º da Lei nº 58/2005, de 29 de dezembro, na sua redação atual.","Considera-se que as águas residuais tratadas estão conformes com os parâmetros estabelecidos se, para cada um dos parâmetros aplicáveis, individualmente considerados, as amostras revelarem que as águas obedecem à norma de qualidade descrita nesta licença, nos seguintes termos:a) Nenhuma amostra excede o valor paramétrico em mais de 100%; e b) O número máximo anual de amostras não conformes será obtido através de relação estatística similar à aplicável às águas residuais urbanas, descrita no quadro n.º 3 do Anexo I do Decreto-Lei n.º 152/97, de 19 de junho, na sua redação atual.",,Quinzenal,Composta (iv),Média mensal =< VLE; Média anual =< VLE,Valor máximo observado ≤ ao dobro do VLE,Borlas (1); Borlas; Borlas (2),Valor Máximo Observado não superior a 100% VLE,,,
TUA20240229000598,Carência Química de Oxigénio (mg/L O2),CQO,TUA20240229000598|CQO,,125,,125.0,,"Abordagem combinada de acordo com o estabelecido no artigo 53.º da Lei nº 58/2005, de 29 de dezembro, na sua redação atual.","Considera-se que as águas residuais tratadas estão conformes com os parâmetros estabelecidos se, para cada um dos parâmetros aplicáveis, individualmente considerados, as amostras revelarem que as águas obedecem à norma de qualidade descrita nesta licença, nos seguintes termos:a) Nenhuma amostra excede o valor paramétrico em mais de 100%; e b) O número máximo anual de amostras não conformes será obtido através de relação estatística similar à aplicável às águas residuais urbanas, descrita no quadro n.º 3 do Anexo I do Decreto-Lei n.º 152/97, de 19 de junho, na sua redação atual.",,Quinzenal,Composta (iv),Média mensal =< VLE; Média anual =< VLE,Valor máximo observado ≤ ao dobro do VLE,Borlas (1); Borlas; Borlas (2),Valor Máximo Observado não superior a 100% VLE,,,
TUA20240229000598,Sólidos Suspensos Totais (mg/L),SST,TUA20240229000598|SST,,35,,35.0,,"Abordagem combinada de acordo com o estabelecido no artigo 53.º da Lei nº 58/2005, de 29 de dezembro, na sua redação atual.","Considera-se que as águas residuais tratadas estão conformes com os parâmetros estabelecidos se, para cada um dos parâmetros aplicáveis, individualmente considerados, as amostras revelarem que as águas obedecem à norma de qualidade descrita nesta licença, nos seguintes termos:a) Nenhuma amostra excede o valor paramétrico em mais de 100%; e b) O número máximo anual de amostras não conformes será obtido através de relação estatística similar à aplicável às águas residuais urbanas, descrita no quadro n.º 3 do Anexo I do Decreto-Lei n.º 152/97, de 19 de junho, na sua redação atual.",,Quinzenal,Composta (iv),Média mensal =< VLE; Média anual =< VLE,Valor máximo observado ≤ ao dobro do VLE,Borlas; Borlas (2); Borlas (1),Valor Máximo Observado não superior a 150% VLE; Valor Máximo Observado não superior a 100% VLE,,,
TUA20240901002617,Carência Bioquímica de Oxigénio (mg/L O2),CBO5,TUA20240901002617|CBO5,,40,,40.0,,,,,Trimestral,Pontual,Média mensal =< VLE; Média anual =< VLE,Valor máximo observado ≤ ao dobro do VLE,Borlas (1); Borlas; Borlas (2),Valor Máximo Observado não superior a 100% VLE,,,
TUA20240901002617,Carência Química de Oxigénio (mg/L O2),CQO,TUA20240901002617|CQO,,150,,150.0,,,,,Trimestral,Pontual,Média mensal =< VLE; Média anual =< VLE,Valor máximo observado ≤ ao dobro do VLE,Borlas (1); Borlas; Borlas (2),Valor Máximo Observado não superior a 100% VLE,,,
TUA20240901002617,Sólidos Suspensos Totais (mg/L),SST,TUA20240901002617|SST,,60,,60.0,,,,,Trimestral,Pontual,Média mensal =< VLE; Média anual =< VLE,Valor máximo observado ≤ ao dobro do VLE,Borlas; Borlas (2); Borlas (1),Valor Máximo Observado não superior a 150% VLE; Valor Máximo Observado não superior a 100% VLE,,,
TUA20241030003256,Carência Bioquímica de Oxigénio (mg/L O2),CBO5,TUA20241030003256|CBO5,,40,,40.0,,,,,Semestral,Pontual,Média mensal =< VLE; Média anual =< VLE,Valor máximo observado ≤ ao dobro do VLE,Borlas (1); Borlas; Borlas (2),Valor Máximo Observado não superior a 100% VLE,,,
TUA20241030003256,Carência Química de Oxigénio (mg/L O2),CQO,TUA20241030003256|CQO,,150,,150.0,,,,,Semestral,Pontual,Média mensal =< VLE; Média anual =< VLE,Valor máximo observado ≤ ao dobro do VLE,Borlas (1); Borlas; Borlas (2),Valor Máximo Observado não superior a 100% VLE,,,
TUA20241030003256,Sólidos Suspensos Totais (mg/L),SST,TUA20241030003256|SST,,60,,60.0,,,,,Semestral,Pontual,Média mensal =< VLE; Média anual =< VLE,Valor máximo observado ≤ ao dobro do VLE,Borlas; Borlas (2); Borlas (1),Valor Máximo Observado não superior a 150% VLE; Valor Máximo Observado não superior a 100% VLE,,,
TUA20230530001578,pH (Escala de Sörensen),pH,TUA20230530001578|pH,,6.0 - 9.0,6.0,9.0,,"Anexo XVIII do Decreto-Lei nº 236/98, de 1 de agosto.","De acordo com o nº6 do artigo n.º 69 do Decreto-Lei nº 236/98, de 1 de agosto e de acordo com o Anexo I do Decreto-Lei n.º 152/97, de 19 de junho, com as alterações introduzidas pelos Decretos-Lei n.º 348/98, de 9 de novembro, n.º 149/2004, de 22 de junho e n.º 198/2008, de 8 de outubro: verificação do n.º mínimo anual de amostras, verificação do n.º máximo de amostras não conformes e verificação do desvio aos valores paramétricos.",,Trimestral,Composta (i),Média mensal =< VLE,Valor máximo observado ≤ ao dobro do VLE,Borlas (1); Borlas (2); Borlas,Valor Máximo Observado não superior a 100% VLE,,,5<Valor<10; 5<Valor<10????
TUA20230530001578,Carência Bioquímica de Oxigénio (mg/L O2),CBO5,TUA20230530001578|CBO5,,40,,40.0,,"Anexo XVIII do Decreto-Lei nº 236/98, de 1 de agosto.","De acordo com o nº6 do artigo n.º 69 do Decreto-Lei nº 236/98, de 1 de agosto e de acordo com o Anexo I do Decreto-Lei n.º 152/97, de 19 de junho, com as alterações introduzidas pelos Decretos-Lei n.º 348/98, de 9 de novembro, n.º 149/2004, de 22 de junho e n.º 198/2008, de 8 de outubro: verificação do n.º mínimo anual de amostras, verificação do n.º máximo de amostras não conformes e verificação do desvio aos valores paramétricos.",,Trimestral,Composta (i),Média mensal =< VLE; Média anual =< VLE,Valor máximo observado ≤ ao dobro do VLE,Borlas (1); Borlas; Borlas (2),Valor Máximo Observado não superior a 100% VLE,,,
TUA20230530001578,Carência Química de Oxigénio (mg/L O2),CQO,TUA20230530001578|CQO,,150,,150.0,,"Anexo XVIII do Decreto-Lei nº 236/98, de 1 de agosto.","De acordo com o nº6 do artigo n.º 69 do Decreto-Lei nº 236/98, de 1 de agosto e de acordo com o Anexo I do Decreto-Lei n.º 152/97, de 19 de junho, com as alterações introduzidas pelos Decretos-Lei n.º 348/98, de 9 de novembro, n.º 149/2004, de 22 de junho e n.º 198/2008, de 8 de outubro: verificação do n.º mínimo anual de amostras, verificação do n.º máximo de amostras não conformes e verificação do desvio aos valores paramétricos.",,Trimestral,Composta (i),Média mensal =< VLE; Média anual =< VLE,Valor máximo observado ≤ ao dobro do VLE,Borlas (1); Borlas; Borlas (2),Valor Máximo Observado não superior a 100% VLE,,,
TUA20230530001578,Sólidos Suspensos Totais (mg/L),SST,TUA20230530001578|SST,,60,,60.0,,"Anexo XVIII do Decreto-Lei nº 236/98, de 1 de agosto.","De acordo com o nº6 do artigo n.º 69 do Decreto-Lei nº 236/98, de 1 de agosto e de acordo com o Anexo I do Decreto-Lei n.º 152/97, de 19 de junho, com as alterações introduzidas pelos Decretos-Lei n.º 348/98, de 9 de novembro, n.º 149/2004, de 22 de junho e n.º 198/2008, de 8 de outubro: verificação do n.º mínimo anual de amostras, verificação do n.º máximo de amostras não conformes e verificação do desvio aos valores paramétricos.",,Trimestral,Composta (i),Média mensal =< VLE; Média anual =< VLE,Valor máximo observado ≤ ao dobro do VLE,Borlas; Borlas (2); Borlas (1),Valor Máximo Observado não superior a 150% VLE; Valor Máximo Observado não superior a 100% VLE,,,
TUA20240105000038,pH (Escala de Sörensen),pH,TUA20240105000038|pH,,6-9,6.0,9.0,,"Anexo XVIII do Decreto-Lei nº 236/98, de 1 de agosto.","De acordo com o nº6 do artigo 69o do Decreto-Lei nº 236/98, de 1 de Agosto.",,Mensal,Pontual,Média mensal =< VLE,Valor máximo observado ≤ ao dobro do VLE,Borlas (1); Borlas (2); Borlas,Valor Máximo Observado não superior a 100% VLE,,,5<Valor<10; 5<Valor<10????
TUA20240105000038,Carência Bioquímica de Oxigénio (mg/L O2),CBO5,TUA20240105000038|CBO5,,40,,40.0,,"Anexo XVIII do Decreto-Lei nº 236/98, de 1 de agosto.","De acordo com o nº6 do artigo 69o do Decreto-Lei nº 236/98, de 1 de Agosto.",,Mensal,Pontual,Média mensal =< VLE; Média anual =< VLE,Valor máximo observado ≤ ao dobro do VLE,Borlas (1); Borlas; Borlas (2),Valor Máximo Observado não superior a 100% VLE,,,
TUA20240105000038,Carência Química de Oxigénio (mg/L O2),CQO,TUA20240105000038|CQO,,150,,150.0,,"Anexo XVIII do Decreto-Lei nº 236/98, de 1 de agosto.","De acordo com o nº6 do artigo 69o do Decreto-Lei nº 236/98, de 1 de Agosto.",,,,Média mensal =< VLE; Média anual =< VLE,Valor máximo observado ≤ ao dobro do VLE,Borlas (1); Borlas; Borlas (2),Valor Máximo Observado não superior a 100% VLE,,,
TUA20240105000038,Sólidos Suspensos Totais (mg/L),SST,TUA20240105000038|SST,,60,,60.0,,"Anexo XVIII do Decreto-Lei nº 236/98, de 1 de agosto.","De acordo com o nº6 do artigo 69o do Decreto-Lei nº 236/98, de 1 de Agosto.",,,,Média mensal =< VLE; Média anual =< VLE,Valor máximo observado ≤ ao dobro do VLE,Borlas; Borlas (2); Borlas (1),Valor Máximo Observado não superior a 150% VLE; Valor Máximo Observado não superior a 100% VLE,,,
TUA20240110000102,pH (Escala de Sörensen),pH,TUA20240110000102|pH,,6-9,6.0,9.0,,"Anexo XVIII do Decreto-Lei nº 236/98, de 1 de agosto.","De acordo com o nº6 do artigo 69o do Decreto-Lei nº 236/98, de 1 de Agosto.",,Mensal,Pontual,Média mensal =< VLE,Valor máximo observado ≤ ao dobro do VLE,Borlas (1); Borlas (2); Borlas,Valor Máximo Observado não superior a 100% VLE,,,5<Valor<10; 5<Valor<10????
TUA20240110000102,Carência Bioquímica de Oxigénio (mg/L O2),CBO5,TUA20240110000102|CBO5,,40,,40.0,,"Anexo XVIII do Decreto-Lei nº 236/98, de 1 de agosto.","De acordo com o nº6 do artigo 69o do Decreto-Lei nº 236/98, de 1 de Agosto.",,Mensal,Pontual,Média mensal =< VLE; Média anual =< VLE,Valor máximo observado ≤ ao dobro do VLE,Borlas (1); Borlas; Borlas (2),Valor Máximo Observado não superior a 100% VLE,,,
TUA20240110000102,Carência Química de Oxigénio (mg/L O2),CQO,TUA20240110000102|CQO,,150,,150.0,,"Anexo XVIII do Decreto-Lei nº 236/98, de 1 de agosto.","De acordo com o nº6 do artigo 69o do Decreto-Lei nº 236/98, de 1 de Agosto.",,,,Média mensal =< VLE; Média anual =< VLE,Valor máximo observado ≤ ao dobro do VLE,Borlas (1); Borlas; Borlas (2),Valor Máximo Observado não superior a 100% VLE,,,
TUA20240110000102,Sólidos Suspensos Totais (mg/L),SST,TUA20240110000102|SST,,60,,60.0,,"Anexo XVIII do Decreto-Lei nº 236/98, de 1 de agosto.","De acordo com o nº6 do artigo 69o do Decreto-Lei nº 236/98, de 1 de Agosto.",,,,Média mensal =< VLE; Média anual =< VLE,Valor máximo observado ≤ ao dobro do VLE,Borlas; Borlas (2); Borlas (1),Valor Máximo Observado não superior a 150% VLE; Valor Máximo Observado não superior a 100% VLE,,,
TUA20240123000210,pH (Escala de Sörensen),pH,TUA20240123000210|pH,,6-9,6.0,9.0,,"Anexo XVIII do Decreto-Lei nº 236/98, de 1 de agosto.","De acordo com o nº6 do artigo 69o do Decreto-Lei nº 236/98, de 1 de Agosto.",,Trimestral,Pontual,Média mensal =< VLE,Valor máximo observado ≤ ao dobro do VLE,Borlas (1); Borlas (2); Borlas,Valor Máximo Observado não superior a 100% VLE,,,5<Valor<10; 5<Valor<10????
TUA20240123000210,Carência Bioquímica de Oxigénio (mg/L O2),CBO5,TUA20240123000210|CBO5,,40,,40.0,,"Anexo XVIII do Decreto-Lei nº 236/98, de 1 de agosto.","De acordo com o nº6 do artigo 69o do Decreto-Lei nº 236/98, de 1 de Agosto.",,Trimestral,Pontual,Média mensal =< VLE; Média anual =< VLE,Valor máximo observado ≤ ao dobro do VLE,Borlas (1); Borlas; Borlas (2),Valor Máximo Observado não superior a 100% VLE,,,
TUA20240123000210,Carência Química de Oxigénio (mg/L O2),CQO,TUA20240123000210|CQO,,150,,150.0,,"Anexo XVIII do Decreto-Lei nº 236/98, de 1 de agosto.","De acordo com o nº6 do artigo 69o do Decreto-Lei nº 236/98, de 1 de Agosto.",,Trimestral,Pontual,Média mensal =< VLE; Média anual =< VLE,Valor máximo observado ≤ ao dobro do VLE,Borlas (1); Borlas; Borlas (2),Valor Máximo Observado não superior a 100% VLE,,,
TUA20240123000210,Sólidos Suspensos Totais (mg/L),SST,TUA20240123000210|SST,,60,,60.0,,"Anexo XVIII do Decreto-Lei nº 236/98, de 1 de agosto.","De acordo com o nº6 do artigo 69o do Decreto-Lei nº 236/98, de 1 de Agosto.",,Trimestral,Pontual,Média mensal =< VLE; Média anual =< VLE,Valor máximo observado ≤ ao dobro do VLE,Borlas; Borlas (2); Borlas (1),Valor Máximo Observado não superior a 150% VLE; Valor Máximo Observado não superior a 100% VLE,,,
TUA20240227000550,pH (Escala de Sörensen),pH,TUA20240227000550|pH,,6-9,6.0,9.0,,"Anexo XVIII do Decreto-Lei nº 236/98, de 1 de agosto.","De acordo com o nº6 do artigo 69o do Decreto-Lei nº 236/98, de 1 de Agosto.",,Mensal,Pontual,Média mensal =< VLE,Valor máximo observado ≤ ao dobro do VLE,Borlas (1); Borlas (2); Borlas,Valor Máximo Observado não superior a 100% VLE,,,5<Valor<10; 5<Valor<10????
TUA20240227000550,Carência Bioquímica de Oxigénio (mg/L O2),CBO5,TUA20240227000550|CBO5,,40,,40.0,,"Anexo XVIII do Decreto-Lei nº 236/98, de 1 de agosto.","De acordo com o nº6 do artigo 69o do Decreto-Lei nº 236/98, de 1 de Agosto.",,Mensal,Pontual,Média mensal =< VLE; Média anual =< VLE,Valor máximo observado ≤ ao dobro do VLE,Borlas (1); Borlas; Borlas (2),Valor Máximo Observado não superior a 100% VLE,,,
TUA20240227000550,Carência Química de Oxigénio (mg/L O2),CQO,TUA20240227000550|CQO,,150,,150.0,,"Anexo XVIII do Decreto-Lei nº 236/98, de 1 de agosto.","De acordo com o nº6 do artigo 69o do Decreto-Lei nº 236/98, de 1 de Agosto.",,Mensal,Pontual,Média mensal =< VLE; Média anual =< VLE,Valor máximo observado ≤ ao dobro do VLE,Borlas (1); Borlas; Borlas (2),Valor Máximo Observado não superior a 100% VLE,,,
TUA20240227000550,Sólidos Suspensos Totais (mg/L),SST,TUA20240227000550|SST,,60,,60.0,,"Anexo XVIII do Decreto-Lei nº 236/98, de 1 de agosto.","De acordo com o nº6 do artigo 69o do Decreto-Lei nº 236/98, de 1 de Agosto.",,Mensal,Pontual,Média mensal =< VLE; Média anual =< VLE,Valor máximo observado ≤ ao dobro do VLE,Borlas; Borlas (2); Borlas (1),Valor Máximo Observado não superior a 150% VLE; Valor Máximo Observado não superior a 100% VLE,,,
TUA20240308000724,pH (Escala de Sörensen),pH,TUA20240308000724|pH,,6-9,6.0,9.0,,"Anexo XVIII do Decreto-Lei nº 236/98, de 1 de agosto.","De acordo com o nº6 do artigo 69o do Decreto-Lei nº 236/98, de 1 de Agosto.",,Mensal,Pontual,Média mensal =< VLE,Valor máximo observado ≤ ao dobro do VLE,Borlas (1); Borlas (2); Borlas,Valor Máximo Observado não superior a 100% VLE,,,5<Valor<10; 5<Valor<10????
TUA20240308000724,Carência Bioquímica de Oxigénio (mg/L O2),CBO5,TUA20240308000724|CBO5,,40,,40.0,,"Anexo XVIII do Decreto-Lei nº 236/98, de 1 de agosto.","De acordo com o nº6 do artigo 69o do Decreto-Lei nº 236/98, de 1 de Agosto.",,Mensal,Pontual,Média mensal =< VLE; Média anual =< VLE,Valor máximo observado ≤ ao dobro do VLE,Borlas (1); Borlas; Borlas (2),Valor Máximo Observado não superior a 100% VLE,,,
TUA20240308000724,Carência Química de Oxigénio (mg/L O2),CQO,TUA20240308000724|CQO,,150,,150.0,,"Anexo XVIII do Decreto-Lei nº 236/98, de 1 de agosto.","De acordo com o nº6 do artigo 69o do Decreto-Lei nº 236/98, de 1 de Agosto.",,Mensal,Pontual,Média mensal =< VLE; Média anual =< VLE,Valor máximo observado ≤ ao dobro do VLE,Borlas (1); Borlas; Borlas (2),Valor Máximo Observado não superior a 100% VLE,,,
TUA20240308000724,Sólidos Suspensos Totais (mg/L),SST,TUA20240308000724|SST,,60,,60.0,,"Anexo XVIII do Decreto-Lei nº 236/98, de 1 de agosto.","De acordo com o nº6 do artigo 69o do Decreto-Lei nº 236/98, de 1 de Agosto.",,Mensal,Pontual,Média mensal =< VLE; Média anual =< VLE,Valor máximo observado ≤ ao dobro do VLE,Borlas; Borlas (2); Borlas (1),Valor Máximo Observado não superior a 150% VLE; Valor Máximo Observado não superior a 100% VLE,,,
TUA20240416001180,Carência Bioquímica de Oxigénio (mg/L O2),CBO5,TUA20240416001180|CBO5,,25,,25.0,,"Decreto-Lei nº 152/97, de 19 de junho, na redação atual.","De acordo com o Anexo I do Decreto-Lei n.º 152/97, de 19 de junho, com as alterações introduzidas pelos Decretos-Leis n.os 348/98, de 9 de novembro, 149/2004, de 22 de junho e 198/2008, de 8 de outubro: Verificação do n.º mínimo anual de amostras e verificação do n.º máximo de amostras não conformes e verificação do desvio aos valores paramétricos.",,Mensal,Composta (i),Média mensal =< VLE; Média anual =< VLE,Valor máximo observado ≤ ao dobro do VLE,Borlas (1); Borlas; Borlas (2),Valor Máximo Observado não superior a 100% VLE,,,
TUA20240416001180,Carência Química de Oxigénio (mg/L O2),CQO,TUA20240416001180|CQO,,125,,125.0,,"Decreto-Lei nº 152/97, de 19 de junho, na redação atual.","De acordo com o Anexo I do Decreto-Lei n.º 152/97, de 19 de junho, com as alterações introduzidas pelos Decretos-Leis n.os 348/98, de 9 de novembro, 149/2004, de 22 de junho e 198/2008, de 8 de outubro: Verificação do n.º mínimo anual de amostras e verificação do n.º máximo de amostras não conformes e verificação do desvio aos valores paramétricos.",,Mensal,Composta (i),Média mensal =< VLE; Média anual =< VLE,Valor máximo observado ≤ ao dobro do VLE,Borlas (1); Borlas; Borlas (2),Valor Máximo Observado não superior a 100% VLE,,,
TUA20240416001180,Total de Partículas Sólidas em Suspensão (mg/L),Total de Partículas Sólidas em Suspensão (mg/L),TUA20240416001180|Total de Partículas Sólidas em Suspensão (mg/L),,35,,35.0,,"Decreto-Lei nº 152/97, de 19 de junho, na redação atual.","De acordo com o Anexo I do Decreto-Lei n.º 152/97, de 19 de junho, com as alterações introduzidas pelos Decretos-Leis n.os 348/98, de 9 de novembro, 149/2004, de 22 de junho e 198/2008, de 8 de outubro: Verificação do n.º mínimo anual de amostras e verificação do n.º máximo de amostras não conformes e verificação do desvio aos valores paramétricos.",,Mensal,Composta (i),,,Borlas,Valor Máximo Observado não superior a 150% VLE,,,
TUA20240506001395,pH (Escala de Sörensen),pH,TUA20240506001395|pH,,6-9,6.0,9.0,,"Anexo XVIII do Decreto-Lei nº 236/98, de 1 de agosto.","De acordo com o nº6 do artigo 69o do Decreto-Lei nº 236/98, de 1 de Agosto.",,Mensal,Pontual,Média mensal =< VLE,Valor máximo observado ≤ ao dobro do VLE,Borlas (1); Borlas (2); Borlas,Valor Máximo Observado não superior a 100% VLE,,,5<Valor<10; 5<Valor<10????
TUA20240506001395,Carência Bioquímica de Oxigénio (mg/L O2),CBO5,TUA20240506001395|CBO5,,40,,40.0,,"Anexo XVIII do Decreto-Lei nº 236/98, de 1 de agosto.","De acordo com o nº6 do artigo 69o do Decreto-Lei nº 236/98, de 1 de Agosto.",,Mensal,Pontual,Média mensal =< VLE; Média anual =< VLE,Valor máximo observado ≤ ao dobro do VLE,Borlas (1); Borlas; Borlas (2),Valor Máximo Observado não superior a 100% VLE,,,
TUA20240506001395,Carência Química de Oxigénio (mg/L O2),CQO,TUA20240506001395|CQO,,150,,150.0,,"Anexo XVIII do Decreto-Lei nº 236/98, de 1 de agosto.","De acordo com o nº6 do artigo 69o do Decreto-Lei nº 236/98, de 1 de Agosto.",,Mensal,Pontual,Média mensal =< VLE; Média anual =< VLE,Valor máximo observado ≤ ao dobro do VLE,Borlas (1); Borlas; Borlas (2),Valor Máximo Observado não superior a 100% VLE,,,
TUA20240506001395,Sólidos Suspensos Totais (mg/L),SST,TUA20240506001395|SST,,60,,60.0,,"Anexo XVIII do Decreto-Lei nº 236/98, de 1 de agosto.","De acordo com o nº6 do artigo 69o do Decreto-Lei nº 236/98, de 1 de Agosto.",,Mensal,Pontual,Média mensal =< VLE; Média anual =< VLE,Valor máximo observado ≤ ao dobro do VLE,Borlas; Borlas (2); Borlas (1),Valor Máximo Observado não superior a 150% VLE; Valor Máximo Observado não superior a 100% VLE,,,
TUA20240506001401,pH (Escala de Sörensen),pH,TUA20240506001401|pH,,6-9,6.0,9.0,,"Anexo XVIII do Decreto-Lei nº 236/98, de 1 de agosto.","De acordo com o nº6 do artigo 69o do Decreto-Lei nº 236/98, de 1 de Agosto.",,Mensal,Pontual,Média mensal =< VLE,Valor máximo observado ≤ ao dobro do VLE,Borlas (1); Borlas (2); Borlas,Valor Máximo Observado não superior a 100% VLE,,,5<Valor<10; 5<Valor<10????
TUA20240506001401,Carência Bioquímica de Oxigénio (mg/L O2),CBO5,TUA20240506001401|CBO5,,40,,40.0,,"Anexo XVIII do Decreto-Lei nº 236/98, de 1 de agosto.","De acordo com o nº6 do artigo 69o do Decreto-Lei nº 236/98, de 1 de Agosto.",,Mensal,Pontual,Média mensal =< VLE; Média anual =< VLE,Valor máximo observado ≤ ao dobro do VLE,Borlas (1); Borlas; Borlas (2),Valor Máximo Observado não superior a 100% VLE,,,
TUA20240506001401,Carência Química de Oxigénio (mg/L O2),CQO,TUA20240506001401|CQO,,150,,150.0,,"Anexo XVIII do Decreto-Lei nº 236/98, de 1 de agosto.","De acordo com o nº6 do artigo 69o do Decreto-Lei nº 236/98, de 1 de Agosto.",,Mensal,Pontual,Média mensal =< VLE; Média anual =< VLE,Valor máximo observado ≤ ao dobro do VLE,Borlas (1); Borlas; Borlas (2),Valor Máximo Observado não superior a 100% VLE,,,
TUA20240506001401,Sólidos Suspensos Totais (mg/L),SST,TUA20240506001401|SST,,60,,60.0,,"Anexo XVIII do Decreto-Lei nº 236/98, de 1 de agosto.","De acordo com o nº6 do artigo 69o do Decreto-Lei nº 236/98, de 1 de Agosto.",,Mensal,Pontual,Média mensal =< VLE; Média anual =< VLE,Valor máximo observado ≤ ao dobro do VLE,Borlas; Borlas (2); Borlas (1),Valor Máximo Observado não superior a 150% VLE; Valor Máximo Observado não superior a 100% VLE,,,
TUA20240521001568,pH (Escala de Sörensen),pH,TUA20240521001568|pH,,6.0 - 9.0,6.0,9.0,,"Anexo XVIII do Decreto-Lei nº 236/98, de 1 de agosto.","De acordo com o n.º6 do artigo n.º 69 do Decreto-Lei nº 236/98, de 1 de agosto e de acordo com o Anexo I do Decreto-Lei n.º 152/97, de 19 de junho, com as alterações introduzidas pelos Decretos-Lei n.º 348/98, de 9 de novembro, n.º 149/2004, de 22 de junho e n.º 198/2008, de 8 de outubro: verificação do n.º mínimo anual de amostras, verificação do n.º máximo de amostras não conformes e verificação do desvio aos valores paramétricos.",,Trimestral,Composta (i),Média mensal =< VLE,Valor máximo observado ≤ ao dobro do VLE,Borlas (1); Borlas (2); Borlas,Valor Máximo Observado não superior a 100% VLE,,,5<Valor<10; 5<Valor<10????
TUA20240521001568,Carência Bioquímica de Oxigénio (mg/L O2),CBO5,TUA20240521001568|CBO5,,40,,40.0,,"Anexo XVIII do Decreto-Lei nº 236/98, de 1 de agosto.","De acordo com o n.º6 do artigo n.º 69 do Decreto-Lei nº 236/98, de 1 de agosto e de acordo com o Anexo I do Decreto-Lei n.º 152/97, de 19 de junho, com as alterações introduzidas pelos Decretos-Lei n.º 348/98, de 9 de novembro, n.º 149/2004, de 22 de junho e n.º 198/2008, de 8 de outubro: verificação do n.º mínimo anual de amostras, verificação do n.º máximo de amostras não conformes e verificação do desvio aos valores paramétricos.",,Trimestral,Composta (i),Média mensal =< VLE; Média anual =< VLE,Valor máximo observado ≤ ao dobro do VLE,Borlas (1); Borlas; Borlas (2),Valor Máximo Observado não superior a 100% VLE,,,
TUA20240521001568,Carência Química de Oxigénio (mg/L O2),CQO,TUA20240521001568|CQO,,150,,150.0,,"Anexo XVIII do Decreto-Lei nº 236/98, de 1 de agosto.","De acordo com o n.º6 do artigo n.º 69 do Decreto-Lei nº 236/98, de 1 de agosto e de acordo com o Anexo I do Decreto-Lei n.º 152/97, de 19 de junho, com as alterações introduzidas pelos Decretos-Lei n.º 348/98, de 9 de novembro, n.º 149/2004, de 22 de junho e n.º 198/2008, de 8 de outubro: verificação do n.º mínimo anual de amostras, verificação do n.º máximo de amostras não conformes e verificação do desvio aos valores paramétricos.",,Trimestral,Composta (i),Média mensal =< VLE; Média anual =< VLE,Valor máximo observado ≤ ao dobro do VLE,Borlas (1); Borlas; Borlas (2),Valor Máximo Observado não superior a 100% VLE,,,
TUA20240521001568,Sólidos Suspensos Totais (mg/L),SST,TUA20240521001568|SST,,60,,60.0,,"Anexo XVIII do Decreto-Lei nº 236/98, de 1 de agosto.","De acordo com o n.º6 do artigo n.º 69 do Decreto-Lei nº 236/98, de 1 de agosto e de acordo com o Anexo I do Decreto-Lei n.º 152/97, de 19 de junho, com as alterações introduzidas pelos Decretos-Lei n.º 348/98, de 9 de novembro, n.º 149/2004, de 22 de junho e n.º 198/2008, de 8 de outubro: verificação do n.º mínimo anual de amostras, verificação do n.º máximo de amostras não conformes e verificação do desvio aos valores paramétricos.",,Trimestral,Composta (i),Média mensal =< VLE; Média anual =< VLE,Valor máximo observado ≤ ao dobro do VLE,Borlas; Borlas (2); Borlas (1),Valor Máximo Observado não superior a 150% VLE; Valor Máximo Observado não superior a 100% VLE,,,
TUA20240521001569,pH (Escala de Sörensen),pH,TUA20240521001569|pH,,6.0 - 9.0,6.0,9.0,,"Anexo XVIII do Decreto-Lei nº 236/98, de 1 de agosto.","De acordo com o n.º6 do artigo n.º 69 do Decreto-Lei nº 236/98, de 1 de agosto e de acordo com o Anexo I do Decreto-Lei n.º 152/97, de 19 de junho, com as alterações introduzidas pelos Decretos-Lei n.º 348/98, de 9 de novembro, n.º 149/2004, de 22 de junho e n.º 198/2008, de 8 de outubro: verificação do n.º mínimo anual de amostras, verificação do n.º máximo de amostras não conformes e verificação do desvio aos valores paramétricos.",,Trimestral,Composta (i),Média mensal =< VLE,Valor máximo observado ≤ ao dobro do VLE,Borlas (1); Borlas (2); Borlas,Valor Máximo Observado não superior a 100% VLE,,,5<Valor<10; 5<Valor<10????
TUA20240521001569,Carência Bioquímica de Oxigénio (mg/L O2),CBO5,TUA20240521001569|CBO5,,40,,40.0,,"Anexo XVIII do Decreto-Lei nº 236/98, de 1 de agosto.","De acordo com o n.º6 do artigo n.º 69 do Decreto-Lei nº 236/98, de 1 de agosto e de acordo com o Anexo I do Decreto-Lei n.º 152/97, de 19 de junho, com as alterações introduzidas pelos Decretos-Lei n.º 348/98, de 9 de novembro, n.º 149/2004, de 22 de junho e n.º 198/2008, de 8 de outubro: verificação do n.º mínimo anual de amostras, verificação do n.º máximo de amostras não conformes e verificação do desvio aos valores paramétricos.",,Trimestral,Composta (i),Média mensal =< VLE; Média anual =< VLE,Valor máximo observado ≤ ao dobro do VLE,Borlas (1); Borlas; Borlas (2),Valor Máximo Observado não superior a 100% VLE,,,
TUA20240521001569,Carência Química de Oxigénio (mg/L O2),CQO,TUA20240521001569|CQO,,150,,150.0,,"Anexo XVIII do Decreto-Lei nº 236/98, de 1 de agosto.","De acordo com o n.º6 do artigo n.º 69 do Decreto-Lei nº 236/98, de 1 de agosto e de acordo com o Anexo I do Decreto-Lei n.º 152/97, de 19 de junho, com as alterações introduzidas pelos Decretos-Lei n.º 348/98, de 9 de novembro, n.º 149/2004, de 22 de junho e n.º 198/2008, de 8 de outubro: verificação do n.º mínimo anual de amostras, verificação do n.º máximo de amostras não conformes e verificação do desvio aos valores paramétricos.",,Trimestral,Composta (i),Média mensal =< VLE; Média anual =< VLE,Valor máximo observado ≤ ao dobro do VLE,Borlas (1); Borlas; Borlas (2),Valor Máximo Observado não superior a 100% VLE,,,
TUA20240521001569,Sólidos Suspensos Totais (mg/L),SST,TUA20240521001569|SST,,60,,60.0,,"Anexo XVIII do Decreto-Lei nº 236/98, de 1 de agosto.","De acordo com o n.º6 do artigo n.º 69 do Decreto-Lei nº 236/98, de 1 de agosto e de acordo com o Anexo I do Decreto-Lei n.º 152/97, de 19 de junho, com as alterações introduzidas pelos Decretos-Lei n.º 348/98, de 9 de novembro, n.º 149/2004, de 22 de junho e n.º 198/2008, de 8 de outubro: verificação do n.º mínimo anual de amostras, verificação do n.º máximo de amostras não conformes e verificação do desvio aos valores paramétricos.",,Trimestral,Composta (i),Média mensal =< VLE; Média anual =< VLE,Valor máximo observado ≤ ao dobro do VLE,Borlas; Borlas (2); Borlas (1),Valor Máximo Observado não superior a 150% VLE; Valor Máximo Observado não superior a 100% VLE,,,
TUA20240521001573,pH (Escala de Sörensen),pH,TUA20240521001573|pH,,6.0 - 9.0,6.0,9.0,,"Anexo XVIII do Decreto-Lei nº 236/98, de 1 de agosto.","De acordo com o n.º6 do artigo n.º 69 do Decreto-Lei nº 236/98, de 1 de agosto e de acordo com o Anexo I do Decreto-Lei n.º 152/97, de 19 de junho, com as alterações introduzidas pelos Decretos-Lei n.º 348/98, de 9 de novembro, n.º 149/2004, de 22 de junho e n.º 198/2008, de 8 de outubro: verificação do n.º mínimo anual de amostras, verificação do n.º máximo de amostras não conformes e verificação do desvio aos valores paramétricos.",,Trimestral,Composta (i),Média mensal =< VLE,Valor máximo observado ≤ ao dobro do VLE,Borlas (1); Borlas (2); Borlas,Valor Máximo Observado não superior a 100% VLE,,,5<Valor<10; 5<Valor<10????
TUA20240521001573,Carência Bioquímica de Oxigénio (mg/L O2),CBO5,TUA20240521001573|CBO5,,40,,40.0,,"Anexo XVIII do Decreto-Lei nº 236/98, de 1 de agosto.","De acordo com o n.º6 do artigo n.º 69 do Decreto-Lei nº 236/98, de 1 de agosto e de acordo com o Anexo I do Decreto-Lei n.º 152/97, de 19 de junho, com as alterações introduzidas pelos Decretos-Lei n.º 348/98, de 9 de novembro, n.º 149/2004, de 22 de junho e n.º 198/2008, de 8 de outubro: verificação do n.º mínimo anual de amostras, verificação do n.º máximo de amostras não conformes e verificação do desvio aos valores paramétricos.",,Trimestral,Composta (i),Média mensal =< VLE; Média anual =< VLE,Valor máximo observado ≤ ao dobro do VLE,Borlas (1); Borlas; Borlas (2),Valor Máximo Observado não superior a 100% VLE,,,
TUA20240521001573,Carência Química de Oxigénio (mg/L O2),CQO,TUA20240521001573|CQO,,150,,150.0,,"Anexo XVIII do Decreto-Lei nº 236/98, de 1 de agosto.","De acordo com o n.º6 do artigo n.º 69 do Decreto-Lei nº 236/98, de 1 de agosto e de acordo com o Anexo I do Decreto-Lei n.º 152/97, de 19 de junho, com as alterações introduzidas pelos Decretos-Lei n.º 348/98, de 9 de novembro, n.º 149/2004, de 22 de junho e n.º 198/2008, de 8 de outubro: verificação do n.º mínimo anual de amostras, verificação do n.º máximo de amostras não conformes e verificação do desvio aos valores paramétricos.",,Trimestral,Composta (i),Média mensal =< VLE; Média anual =< VLE,Valor máximo observado ≤ ao dobro do VLE,Borlas (1); Borlas; Borlas (2),Valor Máximo Observado não superior a 100% VLE,,,
TUA20240521001573,Sólidos Suspensos Totais (mg/L),SST,TUA20240521001573|SST,,60,,60.0,,"Anexo XVIII do Decreto-Lei nº 236/98, de 1 de agosto.","De acordo com o n.º6 do artigo n.º 69 do Decreto-Lei nº 236/98, de 1 de agosto e de acordo com o Anexo I do Decreto-Lei n.º 152/97, de 19 de junho, com as alterações introduzidas pelos Decretos-Lei n.º 348/98, de 9 de novembro, n.º 149/2004, de 22 de junho e n.º 198/2008, de 8 de outubro: verificação do n.º mínimo anual de amostras, verificação do n.º máximo de amostras não conformes e verificação do desvio aos valores paramétricos.",,Trimestral,Composta (i),Média mensal =< VLE; Média anual =< VLE,Valor máximo observado ≤ ao dobro do VLE,Borlas; Borlas (2); Borlas (1),Valor Máximo Observado não superior a 150% VLE; Valor Máximo Observado não superior a 100% VLE,,,
TUA20240521001575,pH (Escala de Sörensen),pH,TUA20240521001575|pH,,6.0 - 9.0,6.0,9.0,,"Anexo XVIII do Decreto-Lei nº 236/98, de 1 de agosto.","De acordo com o n.º6 do artigo n.º 69 do Decreto-Lei nº 236/98, de 1 de agosto e de acordo com o Anexo I do Decreto-Lei n.º 152/97, de 19 de junho, com as alterações introduzidas pelos Decretos-Lei n.º 348/98, de 9 de novembro, n.º 149/2004, de 22 de junho e n.º 198/2008, de 8 de outubro: verificação do n.º mínimo anual de amostras, verificação do n.º máximo de amostras não conformes e verificação do desvio aos valores paramétricos.",,Trimestral,Composta (i),Média mensal =< VLE,Valor máximo observado ≤ ao dobro do VLE,Borlas (1); Borlas (2); Borlas,Valor Máximo Observado não superior a 100% VLE,,,5<Valor<10; 5<Valor<10????
TUA20240521001575,Carência Bioquímica de Oxigénio (mg/L O2),CBO5,TUA20240521001575|CBO5,,40,,40.0,,"Anexo XVIII do Decreto-Lei nº 236/98, de 1 de agosto.","De acordo com o n.º6 do artigo n.º 69 do Decreto-Lei nº 236/98, de 1 de agosto e de acordo com o Anexo I do Decreto-Lei n.º 152/97, de 19 de junho, com as alterações introduzidas pelos Decretos-Lei n.º 348/98, de 9 de novembro, n.º 149/2004, de 22 de junho e n.º 198/2008, de 8 de outubro: verificação do n.º mínimo anual de amostras, verificação do n.º máximo de amostras não conformes e verificação do desvio aos valores paramétricos.",,Trimestral,Composta (i),Média mensal =< VLE; Média anual =< VLE,Valor máximo observado ≤ ao dobro do VLE,Borlas (1); Borlas; Borlas (2),Valor Máximo Observado não superior a 100% VLE,,,
TUA20240521001575,Carência Química de Oxigénio (mg/L O2),CQO,TUA20240521001575|CQO,,150,,150.0,,"Anexo XVIII do Decreto-Lei nº 236/98, de 1 de agosto.","De acordo com o n.º6 do artigo n.º 69 do Decreto-Lei nº 236/98, de 1 de agosto e de acordo com o Anexo I do Decreto-Lei n.º 152/97, de 19 de junho, com as alterações introduzidas pelos Decretos-Lei n.º 348/98, de 9 de novembro, n.º 149/2004, de 22 de junho e n.º 198/2008, de 8 de outubro: verificação do n.º mínimo anual de amostras, verificação do n.º máximo de amostras não conformes e verificação do desvio aos valores paramétricos.",,Trimestral,Composta (i),Média mensal =< VLE; Média anual =< VLE,Valor máximo observado ≤ ao dobro do VLE,Borlas (1); Borlas; Borlas (2),Valor Máximo Observado não superior a 100% VLE,,,
TUA20240521001575,Sólidos Suspensos Totais (mg/L),SST,TUA20240521001575|SST,,60,,60.0,,"Anexo XVIII do Decreto-Lei nº 236/98, de 1 de agosto.","De acordo com o n.º6 do artigo n.º 69 do Decreto-Lei nº 236/98, de 1 de agosto e de acordo com o Anexo I do Decreto-Lei n.º 152/97, de 19 de junho, com as alterações introduzidas pelos Decretos-Lei n.º 348/98, de 9 de novembro, n.º 149/2004, de 22 de junho e n.º 198/2008, de 8 de outubro: verificação do n.º mínimo anual de amostras, verificação do n.º máximo de amostras não conformes e verificação do desvio aos valores paramétricos.",,Trimestral,Composta (i),Média mensal =< VLE; Média anual =< VLE,Valor máximo observado ≤ ao dobro do VLE,Borlas; Borlas (2); Borlas (1),Valor Máximo Observado não superior a 150% VLE; Valor Máximo Observado não superior a 100% VLE,,,
TUA20240521001577,pH (Escala de Sörensen),pH,TUA20240521001577|pH,,6.0 - 9.0,6.0,9.0,,"Anexo XVIII do Decreto-Lei nº 236/98, de 1 de agosto.","De acordo com o n.º6 do artigo n.º 69 do Decreto-Lei nº 236/98, de 1 de agosto e de acordo com o Anexo I do Decreto-Lei n.º 152/97, de 19 de junho, com as alterações introduzidas pelos Decretos-Lei n.º 348/98, de 9 de novembro, n.º 149/2004, de 22 de junho e n.º 198/2008, de 8 de outubro: verificação do n.º mínimo anual de amostras, verificação do n.º máximo de amostras não conformes e verificação do desvio aos valores paramétricos.",,Trimestral,Composta (i),Média mensal =< VLE,Valor máximo observado ≤ ao dobro do VLE,Borlas (1); Borlas (2); Borlas,Valor Máximo Observado não superior a 100% VLE,,,5<Valor<10; 5<Valor<10????
TUA20240521001577,Carência Bioquímica de Oxigénio (mg/L O2),CBO5,TUA20240521001577|CBO5,,40,,40.0,,"Anexo XVIII do Decreto-Lei nº 236/98, de 1 de agosto.","De acordo com o n.º6 do artigo n.º 69 do Decreto-Lei nº 236/98, de 1 de agosto e de acordo com o Anexo I do Decreto-Lei n.º 152/97, de 19 de junho, com as alterações introduzidas pelos Decretos-Lei n.º 348/98, de 9 de novembro, n.º 149/2004, de 22 de junho e n.º 198/2008, de 8 de outubro: verificação do n.º mínimo anual de amostras, verificação do n.º máximo de amostras não conformes e verificação do desvio aos valores paramétricos.",,Trimestral,Composta (i),Média mensal =< VLE; Média anual =< VLE,Valor máximo observado ≤ ao dobro do VLE,Borlas (1); Borlas; Borlas (2),Valor Máximo Observado não superior a 100% VLE,,,
TUA20240521001577,Carência Química de Oxigénio (mg/L O2),CQO,TUA20240521001577|CQO,,150,,150.0,,"Anexo XVIII do Decreto-Lei nº 236/98, de 1 de agosto.","De acordo com o n.º6 do artigo n.º 69 do Decreto-Lei nº 236/98, de 1 de agosto e de acordo com o Anexo I do Decreto-Lei n.º 152/97, de 19 de junho, com as alterações introduzidas pelos Decretos-Lei n.º 348/98, de 9 de novembro, n.º 149/2004, de 22 de junho e n.º 198/2008, de 8 de outubro: verificação do n.º mínimo anual de amostras, verificação do n.º máximo de amostras não conformes e verificação do desvio aos valores paramétricos.",,Trimestral,Composta (i),Média mensal =< VLE; Média anual =< VLE,Valor máximo observado ≤ ao dobro do VLE,Borlas (1); Borlas; Borlas (2),Valor Máximo Observado não superior a 100% VLE,,,
TUA20240521001577,Sólidos Suspensos Totais (mg/L),SST,TUA20240521001577|SST,,60,,60.0,,"Anexo XVIII do Decreto-Lei nº 236/98, de 1 de agosto.","De acordo com o n.º6 do artigo n.º 69 do Decreto-Lei nº 236/98, de 1 de agosto e de acordo com o Anexo I do Decreto-Lei n.º 152/97, de 19 de junho, com as alterações introduzidas pelos Decretos-Lei n.º 348/98, de 9 de novembro, n.º 149/2004, de 22 de junho e n.º 198/2008, de 8 de outubro: verificação do n.º mínimo anual de amostras, verificação do n.º máximo de amostras não conformes e verificação do desvio aos valores paramétricos.",,Trimestral,Composta (i),Média mensal =< VLE; Média anual =< VLE,Valor máximo observado ≤ ao dobro do VLE,Borlas; Borlas (2); Borlas (1),Valor Máximo Observado não superior a 150% VLE; Valor Máximo Observado não superior a 100% VLE,,,
TUA20240522001588,pH (Escala de Sörensen),pH,TUA20240522001588|pH,,6.0 - 9.0,6.0,9.0,,"Anexo XVIII do Decreto-Lei nº 236/98, de 1 de agosto.","De acordo com o n.º6 do artigo n.º 69 do Decreto-Lei nº 236/98, de 1 de agosto e de acordo com o Anexo I do Decreto-Lei n.º 152/97, de 19 de junho, com as alterações introduzidas pelos Decretos-Lei n.º 348/98, de 9 de novembro, n.º 149/2004, de 22 de junho e n.º 198/2008, de 8 de outubro: verificação do n.º mínimo anual de amostras, verificação do n.º máximo de amostras não conformes e verificação do desvio aos valores paramétricos.",,Trimestral,Composta (i),Média mensal =< VLE,Valor máximo observado ≤ ao dobro do VLE,Borlas (1); Borlas (2); Borlas,Valor Máximo Observado não superior a 100% VLE,,,5<Valor<10; 5<Valor<10????
TUA20240522001588,Carência Bioquímica de Oxigénio (mg/L O2),CBO5,TUA20240522001588|CBO5,,40,,40.0,,"Anexo XVIII do Decreto-Lei nº 236/98, de 1 de agosto.","De acordo com o n.º6 do artigo n.º 69 do Decreto-Lei nº 236/98, de 1 de agosto e de acordo com o Anexo I do Decreto-Lei n.º 152/97, de 19 de junho, com as alterações introduzidas pelos Decretos-Lei n.º 348/98, de 9 de novembro, n.º 149/2004, de 22 de junho e n.º 198/2008, de 8 de outubro: verificação do n.º mínimo anual de amostras, verificação do n.º máximo de amostras não conformes e verificação do desvio aos valores paramétricos.",,Trimestral,Composta (i),Média mensal =< VLE; Média anual =< VLE,Valor máximo observado ≤ ao dobro do VLE,Borlas (1); Borlas; Borlas (2),Valor Máximo Observado não superior a 100% VLE,,,
TUA20240522001588,Carência Química de Oxigénio (mg/L O2),CQO,TUA20240522001588|CQO,,150,,150.0,,"Anexo XVIII do Decreto-Lei nº 236/98, de 1 de agosto.","De acordo com o n.º6 do artigo n.º 69 do Decreto-Lei nº 236/98, de 1 de agosto e de acordo com o Anexo I do Decreto-Lei n.º 152/97, de 19 de junho, com as alterações introduzidas pelos Decretos-Lei n.º 348/98, de 9 de novembro, n.º 149/2004, de 22 de junho e n.º 198/2008, de 8 de outubro: verificação do n.º mínimo anual de amostras, verificação do n.º máximo de amostras não conformes e verificação do desvio aos valores paramétricos.",,Trimestral,Composta (i),Média mensal =< VLE; Média anual =< VLE,Valor máximo observado ≤ ao dobro do VLE,Borlas (1); Borlas; Borlas (2),Valor Máximo Observado não superior a 100% VLE,,,
TUA20240522001588,Sólidos Suspensos Totais (mg/L),SST,TUA20240522001588|SST,,60,,60.0,,"Anexo XVIII do Decreto-Lei nº 236/98, de 1 de agosto.","De acordo com o n.º6 do artigo n.º 69 do Decreto-Lei nº 236/98, de 1 de agosto e de acordo com o Anexo I do Decreto-Lei n.º 152/97, de 19 de junho, com as alterações introduzidas pelos Decretos-Lei n.º 348/98, de 9 de novembro, n.º 149/2004, de 22 de junho e n.º 198/2008, de 8 de outubro: verificação do n.º mínimo anual de amostras, verificação do n.º máximo de amostras não conformes e verificação do desvio aos valores paramétricos.",,Trimestral,Composta (i),Média mensal =< VLE; Média anual =< VLE,Valor máximo observado ≤ ao dobro do VLE,Borlas; Borlas (2); Borlas (1),Valor Máximo Observado não superior a 150% VLE; Valor Máximo Observado não superior a 100% VLE,,,
TUA20240522001588,Escherichia coli (ufc/100 mL),Escherichia coli (ufc/100 mL),TUA20240522001588|Escherichia coli (ufc/100 mL),,2000,,2000.0,,"Decreto-Lei nº 135/2009, de 3 de junho.","De acordo com o n.º6 do artigo n.º 69 do Decreto-Lei nº 236/98, de 1 de agosto e de acordo com o Anexo I do Decreto-Lei n.º 152/97, de 19 de junho, com as alterações introduzidas pelos Decretos-Lei n.º 348/98, de 9 de novembro, n.º 149/2004, de 22 de junho e n.º 198/2008, de 8 de outubro: verificação do n.º mínimo anual de amostras, verificação do n.º máximo de amostras não conformes e verificação do desvio aos valores paramétricos.",,Trimestral,Pontual,Média mensal =< VLE; Média anual =< VLE,Valor máximo observado ≤ ao dobro do VLE,Borlas (2); Borlas,Valor Máximo Observado não superior a 100% VLE,,Ordem de grandeza,
TUA20240604001677,pH (Escala de Sörensen),pH,TUA20240604001677|pH,,6.0 - 9.0,6.0,9.0,,"Anexo XVIII do Decreto-Lei nº 236/98, de 1 de agosto.","De acordo com o n.º6 do artigo n.º 69 do Decreto-Lei nº 236/98, de 1 de agosto e de acordo com o Anexo I do Decreto-Lei n.º 152/97, de 19 de junho, com as alterações introduzidas pelos Decretos-Lei n.º 348/98, de 9 de novembro, n.º 149/2004, de 22 de junho e n.º 198/2008, de 8 de outubro: verificação do n.º mínimo anual de amostras, verificação do n.º máximo de amostras não conformes e verificação do desvio aos valores paramétricos.",,Trimestral,Composta (i),Média mensal =< VLE,Valor máximo observado ≤ ao dobro do VLE,Borlas (1); Borlas (2); Borlas,Valor Máximo Observado não superior a 100% VLE,,,5<Valor<10; 5<Valor<10????
TUA20240604001677,Carência Bioquímica de Oxigénio (mg/L O2),CBO5,TUA20240604001677|CBO5,,40,,40.0,,"Anexo XVIII do Decreto-Lei nº 236/98, de 1 de agosto.","De acordo com o n.º6 do artigo n.º 69 do Decreto-Lei nº 236/98, de 1 de agosto e de acordo com o Anexo I do Decreto-Lei n.º 152/97, de 19 de junho, com as alterações introduzidas pelos Decretos-Lei n.º 348/98, de 9 de novembro, n.º 149/2004, de 22 de junho e n.º 198/2008, de 8 de outubro: verificação do n.º mínimo anual de amostras, verificação do n.º máximo de amostras não conformes e verificação do desvio aos valores paramétricos.",,Trimestral,Composta (i),Média mensal =< VLE; Média anual =< VLE,Valor máximo observado ≤ ao dobro do VLE,Borlas (1); Borlas; Borlas (2),Valor Máximo Observado não superior a 100% VLE,,,
TUA20240604001677,Carência Química de Oxigénio (mg/L O2),CQO,TUA20240604001677|CQO,,150,,150.0,,"Anexo XVIII do Decreto-Lei nº 236/98, de 1 de agosto.","De acordo com o n.º6 do artigo n.º 69 do Decreto-Lei nº 236/98, de 1 de agosto e de acordo com o Anexo I do Decreto-Lei n.º 152/97, de 19 de junho, com as alterações introduzidas pelos Decretos-Lei n.º 348/98, de 9 de novembro, n.º 149/2004, de 22 de junho e n.º 198/2008, de 8 de outubro: verificação do n.º mínimo anual de amostras, verificação do n.º máximo de amostras não conformes e verificação do desvio aos valores paramétricos.",,Trimestral,Composta (i),Média mensal =< VLE; Média anual =< VLE,Valor máximo observado ≤ ao dobro do VLE,Borlas (1); Borlas; Borlas (2),Valor Máximo Observado não superior a 100% VLE,,,
TUA20240604001677,Sólidos Suspensos Totais (mg/L),SST,TUA20240604001677|SST,,60,,60.0,,"Anexo XVIII do Decreto-Lei nº 236/98, de 1 de agosto.","De acordo com o n.º6 do artigo n.º 69 do Decreto-Lei nº 236/98, de 1 de agosto e de acordo com o Anexo I do Decreto-Lei n.º 152/97, de 19 de junho, com as alterações introduzidas pelos Decretos-Lei n.º 348/98, de 9 de novembro, n.º 149/2004, de 22 de junho e n.º 198/2008, de 8 de outubro: verificação do n.º mínimo anual de amostras, verificação do n.º máximo de amostras não conformes e verificação do desvio aos valores paramétricos.",,Trimestral,Composta (i),Média mensal =< VLE; Média anual =< VLE,Valor máximo observado ≤ ao dobro do VLE,Borlas; Borlas (2); Borlas (1),Valor Máximo Observado não superior a 150% VLE; Valor Máximo Observado não superior a 100% VLE,,,
TUA20240719002219,pH (Escala de Sörensen),pH,TUA20240719002219|pH,,6.0 - 9.0,6.0,9.0,,"Anexo XVIII do Decreto-Lei nº 236/98, de 1 de agosto.","De acordo com o n.º6 do artigo n.º 69 do Decreto-Lei nº 236/98, de 1 de agosto e de acordo com o Anexo I do Decreto-Lei n.º 152/97, de 19 de junho, com as alterações introduzidas pelos Decretos-Lei n.º 348/98, de 9 de novembro, n.º 149/2004, de 22 de junho e n.º 198/2008, de 8 de outubro: verificação do n.º mínimo anual de amostras, verificação do n.º máximo de amostras não conformes e verificação do desvio aos valores paramétricos.",,Trimestral,Composta (i),Média mensal =< VLE,Valor máximo observado ≤ ao dobro do VLE,Borlas (1); Borlas (2); Borlas,Valor Máximo Observado não superior a 100% VLE,,,5<Valor<10; 5<Valor<10????
TUA20240719002219,Carência Bioquímica de Oxigénio (mg/L O2),CBO5,TUA20240719002219|CBO5,,40,,40.0,,"Anexo XVIII do Decreto-Lei nº 236/98, de 1 de agosto.","De acordo com o n.º6 do artigo n.º 69 do Decreto-Lei nº 236/98, de 1 de agosto e de acordo com o Anexo I do Decreto-Lei n.º 152/97, de 19 de junho, com as alterações introduzidas pelos Decretos-Lei n.º 348/98, de 9 de novembro, n.º 149/2004, de 22 de junho e n.º 198/2008, de 8 de outubro: verificação do n.º mínimo anual de amostras, verificação do n.º máximo de amostras não conformes e verificação do desvio aos valores paramétricos.",,Trimestral,Composta (i),Média mensal =< VLE; Média anual =< VLE,Valor máximo observado ≤ ao dobro do VLE,Borlas (1); Borlas; Borlas (2),Valor Máximo Observado não superior a 100% VLE,,,
TUA20240719002219,Carência Química de Oxigénio (mg/L O2),CQO,TUA20240719002219|CQO,,150,,150.0,,"Anexo XVIII do Decreto-Lei nº 236/98, de 1 de agosto.","De acordo com o n.º6 do artigo n.º 69 do Decreto-Lei nº 236/98, de 1 de agosto e de acordo com o Anexo I do Decreto-Lei n.º 152/97, de 19 de junho, com as alterações introduzidas pelos Decretos-Lei n.º 348/98, de 9 de novembro, n.º 149/2004, de 22 de junho e n.º 198/2008, de 8 de outubro: verificação do n.º mínimo anual de amostras, verificação do n.º máximo de amostras não conformes e verificação do desvio aos valores paramétricos.",,Trimestral,Composta (i),Média mensal =< VLE; Média anual =< VLE,Valor máximo observado ≤ ao dobro do VLE,Borlas (1); Borlas; Borlas (2),Valor Máximo Observado não superior a 100% VLE,,,
TUA20240719002219,Sólidos Suspensos Totais (mg/L),SST,TUA20240719002219|SST,,60,,60.0,,"Anexo XVIII do Decreto-Lei nº 236/98, de 1 de agosto.","De acordo com o n.º6 do artigo n.º 69 do Decreto-Lei nº 236/98, de 1 de agosto e de acordo com o Anexo I do Decreto-Lei n.º 152/97, de 19 de junho, com as alterações introduzidas pelos Decretos-Lei n.º 348/98, de 9 de novembro, n.º 149/2004, de 22 de junho e n.º 198/2008, de 8 de outubro: verificação do n.º mínimo anual de amostras, verificação do n.º máximo de amostras não conformes e verificação do desvio aos valores paramétricos.",,Trimestral,Composta (i),Média mensal =< VLE; Média anual =< VLE,Valor máximo observado ≤ ao dobro do VLE,Borlas; Borlas (2); Borlas (1),Valor Máximo Observado não superior a 150% VLE; Valor Máximo Observado não superior a 100% VLE,,,
TUA20240719002220,pH (Escala de Sörensen),pH,TUA20240719002220|pH,,6.0 - 9.0,6.0,9.0,,"Anexo XVIII do Decreto-Lei nº 236/98, de 1 de agosto.","De acordo com o n.º6 do artigo n.º 69 do Decreto-Lei nº 236/98, de 1 de agosto e de acordo com o Anexo I do Decreto-Lei n.º 152/97, de 19 de junho, com as alterações introduzidas pelos Decretos-Lei n.º 348/98, de 9 de novembro, n.º 149/2004, de 22 de junho e n.º 198/2008, de 8 de outubro: verificação do n.º mínimo anual de amostras, verificação do n.º máximo de amostras não conformes e verificação do desvio aos valores paramétricos.",,Trimestral,Composta (i),Média mensal =< VLE,Valor máximo observado ≤ ao dobro do VLE,Borlas (1); Borlas (2); Borlas,Valor Máximo Observado não superior a 100% VLE,,,5<Valor<10; 5<Valor<10????
TUA20240719002220,Carência Bioquímica de Oxigénio (mg/L O2),CBO5,TUA20240719002220|CBO5,,40,,40.0,,"Anexo XVIII do Decreto-Lei nº 236/98, de 1 de agosto.","De acordo com o n.º6 do artigo n.º 69 do Decreto-Lei nº 236/98, de 1 de agosto e de acordo com o Anexo I do Decreto-Lei n.º 152/97, de 19 de junho, com as alterações introduzidas pelos Decretos-Lei n.º 348/98, de 9 de novembro, n.º 149/2004, de 22 de junho e n.º 198/2008, de 8 de outubro: verificação do n.º mínimo anual de amostras, verificação do n.º máximo de amostras não conformes e verificação do desvio aos valores paramétricos.",,Trimestral,Composta (i),Média mensal =< VLE; Média anual =< VLE,Valor máximo observado ≤ ao dobro do VLE,Borlas (1); Borlas; Borlas (2),Valor Máximo Observado não superior a 100% VLE,,,
TUA20240719002220,Carência Química de Oxigénio (mg/L O2),CQO,TUA20240719002220|CQO,,150,,150.0,,"Anexo XVIII do Decreto-Lei nº 236/98, de 1 de agosto.","De acordo com o n.º6 do artigo n.º 69 do Decreto-Lei nº 236/98, de 1 de agosto e de acordo com o Anexo I do Decreto-Lei n.º 152/97, de 19 de junho, com as alterações introduzidas pelos Decretos-Lei n.º 348/98, de 9 de novembro, n.º 149/2004, de 22 de junho e n.º 198/2008, de 8 de outubro: verificação do n.º mínimo anual de amostras, verificação do n.º máximo de amostras não conformes e verificação do desvio aos valores paramétricos.",,Trimestral,Composta (i),Média mensal =< VLE; Média anual =< VLE,Valor máximo observado ≤ ao dobro do VLE,Borlas (1); Borlas; Borlas (2),Valor Máximo Observado não superior a 100% VLE,,,
TUA20240719002220,Sólidos Suspensos Totais (mg/L),SST,TUA20240719002220|SST,,60,,60.0,,"Anexo XVIII do Decreto-Lei nº 236/98, de 1 de agosto.","De acordo com o n.º6 do artigo n.º 69 do Decreto-Lei nº 236/98, de 1 de agosto e de acordo com o Anexo I do Decreto-Lei n.º 152/97, de 19 de junho, com as alterações introduzidas pelos Decretos-Lei n.º 348/98, de 9 de novembro, n.º 149/2004, de 22 de junho e n.º 198/2008, de 8 de outubro: verificação do n.º mínimo anual de amostras, verificação do n.º máximo de amostras não conformes e verificação do desvio aos valores paramétricos.",,Trimestral,Composta (i),Média mensal =< VLE; Média anual =< VLE,Valor máximo observado ≤ ao dobro do VLE,Borlas; Borlas (2); Borlas (1),Valor Máximo Observado não superior a 150% VLE; Valor Máximo Observado não superior a 100% VLE,,,
TUA20240725002275,Carência Bioquímica de Oxigénio (mg/L O2),CBO5,TUA20240725002275|CBO5,,40,,40.0,,"Abordagem combinada de acordo com o estabelecido no artigo 53.º da Lei nº 58/2005, de 29 de dezembro, conjugada com o Decreto-lei n.º 236/98, de 1 de agosto, na sua redação atual.","(1) Considera-se que as águas residuais tratadas estão conformes com os parâmetros estabelecidos se, para cada um dos parâmetros aplicáveis, individualmente considerados, as amostras revelarem que as águas obedecem à norma de qualidade descrita nesta licença, nos seguintes termos:a) Nenhuma amostra excede o valor paramétrico em mais de 100%; e b) O número máximo anual de amostras não conformes será obtido através de relação estatística similar à aplicável às águas residuais urbanas, descrita no quadro n.º 3 do Anexo I do Decreto-Lei n.º 152/97, de 19 de junho, na sua redação atual.",,Mensal,Pontual,Média mensal =< VLE; Média anual =< VLE,Valor máximo observado ≤ ao dobro do VLE,Borlas (1); Borlas; Borlas (2),Valor Máximo Observado não superior a 100% VLE,,,
TUA20240725002275,Carência Química de Oxigénio (mg/L O2),CQO,TUA20240725002275|CQO,,150,,150.0,,"Abordagem combinada de acordo com o estabelecido no artigo 53.º da Lei nº 58/2005, de 29 de dezembro, conjugada com o Decreto-lei n.º 236/98, de 1 de agosto, na sua redação atual.","(1) Considera-se que as águas residuais tratadas estão conformes com os parâmetros estabelecidos se, para cada um dos parâmetros aplicáveis, individualmente considerados, as amostras revelarem que as águas obedecem à norma de qualidade descrita nesta licença, nos seguintes termos:a) Nenhuma amostra excede o valor paramétrico em mais de 100%; e b) O número máximo anual de amostras não conformes será obtido através de relação estatística similar à aplicável às águas residuais urbanas, descrita no quadro n.º 3 do Anexo I do Decreto-Lei n.º 152/97, de 19 de junho, na sua redação atual.",,Mensal,Pontual,Média mensal =< VLE; Média anual =< VLE,Valor máximo observado ≤ ao dobro do VLE,Borlas (1); Borlas; Borlas (2),Valor Máximo Observado não superior a 100% VLE,,,
TUA20240725002275,Sólidos Suspensos Totais (mg/L),SST,TUA20240725002275|SST,,60,,60.0,,"Abordagem combinada de acordo com o estabelecido no artigo 53.º da Lei nº 58/2005, de 29 de dezembro, conjugada com o Decreto-lei n.º 236/98, de 1 de agosto, na sua redação atual.","(1) Considera-se que as águas residuais tratadas estão conformes com os parâmetros estabelecidos se, para cada um dos parâmetros aplicáveis, individualmente considerados, as amostras revelarem que as águas obedecem à norma de qualidade descrita nesta licença, nos seguintes termos:a) Nenhuma amostra excede o valor paramétrico em mais de 100%; e b) O número máximo anual de amostras não conformes será obtido através de relação estatística similar à aplicável às águas residuais urbanas, descrita no quadro n.º 3 do Anexo I do Decreto-Lei n.º 152/97, de 19 de junho, na sua redação atual.",,Mensal,Pontual,Média mensal =< VLE; Média anual =< VLE,Valor máximo observado ≤ ao dobro do VLE,Borlas; Borlas (2); Borlas (1),Valor Máximo Observado não superior a 150% VLE; Valor Máximo Observado não superior a 100% VLE,,,
TUA20240731002345,Carência Bioquímica de Oxigénio (mg/L O2),CBO5,TUA20240731002345|CBO5,,40,,40.0,,"Abordagem combinada de acordo com o estabelecido no artigo 53.º da Lei nº 58/2005, de 29 de dezembro, conjugada com o Decreto-lei n.º 236/98, de 1 de agosto, na sua redação atual.","(1) Considera-se que as águas residuais tratadas estão conformes com os parâmetros estabelecidos se, para cada um dos parâmetros aplicáveis, individualmente considerados, as amostras revelarem que as águas obedecem à norma de qualidade descrita nesta licença, nos seguintes termos:a) Nenhuma amostra excede o valor paramétrico em mais de 100%; e b) O número máximo anual de amostras não conformes será obtido através de relação estatística similar à aplicável às águas residuais urbanas, descrita no quadro n.º 3 do Anexo I do Decreto-Lei n.º 152/97, de 19 de junho, na sua redação atual.",,Mensal,Pontual,Média mensal =< VLE; Média anual =< VLE,Valor máximo observado ≤ ao dobro do VLE,Borlas (1); Borlas; Borlas (2),Valor Máximo Observado não superior a 100% VLE,,,
TUA20240731002345,Carência Química de Oxigénio (mg/L O2),CQO,TUA20240731002345|CQO,,150,,150.0,,"Abordagem combinada de acordo com o estabelecido no artigo 53.º da Lei nº 58/2005, de 29 de dezembro, conjugada com o Decreto-lei n.º 236/98, de 1 de agosto, na sua redação atual.","(1) Considera-se que as águas residuais tratadas estão conformes com os parâmetros estabelecidos se, para cada um dos parâmetros aplicáveis, individualmente considerados, as amostras revelarem que as águas obedecem à norma de qualidade descrita nesta licença, nos seguintes termos:a) Nenhuma amostra excede o valor paramétrico em mais de 100%; e b) O número máximo anual de amostras não conformes será obtido através de relação estatística similar à aplicável às águas residuais urbanas, descrita no quadro n.º 3 do Anexo I do Decreto-Lei n.º 152/97, de 19 de junho, na sua redação atual.",,Mensal,Pontual,Média mensal =< VLE; Média anual =< VLE,Valor máximo observado ≤ ao dobro do VLE,Borlas (1); Borlas; Borlas (2),Valor Máximo Observado não superior a 100% VLE,,,
TUA20240731002345,Sólidos Suspensos Totais (mg/L),SST,TUA20240731002345|SST,,60,,60.0,,"Abordagem combinada de acordo com o estabelecido no artigo 53.º da Lei nº 58/2005, de 29 de dezembro, conjugada com o Decreto-lei n.º 236/98, de 1 de agosto, na sua redação atual.","(1) Considera-se que as águas residuais tratadas estão conformes com os parâmetros estabelecidos se, para cada um dos parâmetros aplicáveis, individualmente considerados, as amostras revelarem que as águas obedecem à norma de qualidade descrita nesta licença, nos seguintes termos:a) Nenhuma amostra excede o valor paramétrico em mais de 100%; e b) O número máximo anual de amostras não conformes será obtido através de relação estatística similar à aplicável às águas residuais urbanas, descrita no quadro n.º 3 do Anexo I do Decreto-Lei n.º 152/97, de 19 de junho, na sua redação atual.",,Mensal,Pontual,Média mensal =< VLE; Média anual =< VLE,Valor máximo observado ≤ ao dobro do VLE,Borlas; Borlas (2); Borlas (1),Valor Máximo Observado não superior a 150% VLE; Valor Máximo Observado não superior a 100% VLE,,,
TUA20240731002347,Carência Bioquímica de Oxigénio (mg/L O2),CBO5,TUA20240731002347|CBO5,,40,,40.0,,"Abordagem combinada de acordo com o estabelecido no artigo 53.º da Lei nº 58/2005, de 29 de dezembro, conjugada com o Decreto-lei n.º 236/98, de 1 de agosto, na sua redação atual.","(1) Considera-se que as águas residuais tratadas estão conformes com os parâmetros estabelecidos se, para cada um dos parâmetros aplicáveis, individualmente considerados, as amostras revelarem que as águas obedecem à norma de qualidade descrita nesta licença, nos seguintes termos:a) Nenhuma amostra excede o valor paramétrico em mais de 100%; e b) O número máximo anual de amostras não conformes será obtido através de relação estatística similar à aplicável às águas residuais urbanas, descrita no quadro n.º 3 do Anexo I do Decreto-Lei n.º 152/97, de 19 de junho, na sua redação atual.",,Mensal,Composta (i),Média mensal =< VLE; Média anual =< VLE,Valor máximo observado ≤ ao dobro do VLE,Borlas (1); Borlas; Borlas (2),Valor Máximo Observado não superior a 100% VLE,,,
TUA20240731002347,Carência Química de Oxigénio (mg/L O2),CQO,TUA20240731002347|CQO,,150,,150.0,,"Abordagem combinada de acordo com o estabelecido no artigo 53.º da Lei nº 58/2005, de 29 de dezembro, conjugada com o Decreto-lei n.º 236/98, de 1 de agosto, na sua redação atual.","(1) Considera-se que as águas residuais tratadas estão conformes com os parâmetros estabelecidos se, para cada um dos parâmetros aplicáveis, individualmente considerados, as amostras revelarem que as águas obedecem à norma de qualidade descrita nesta licença, nos seguintes termos:a) Nenhuma amostra excede o valor paramétrico em mais de 100%; e b) O número máximo anual de amostras não conformes será obtido através de relação estatística similar à aplicável às águas residuais urbanas, descrita no quadro n.º 3 do Anexo I do Decreto-Lei n.º 152/97, de 19 de junho, na sua redação atual.",,Mensal,Composta (i),Média mensal =< VLE; Média anual =< VLE,Valor máximo observado ≤ ao dobro do VLE,Borlas (1); Borlas; Borlas (2),Valor Máximo Observado não superior a 100% VLE,,,
TUA20240731002347,Sólidos Suspensos Totais (mg/L),SST,TUA20240731002347|SST,,60,,60.0,,"Abordagem combinada de acordo com o estabelecido no artigo 53.º da Lei nº 58/2005, de 29 de dezembro, conjugada com o Decreto-lei n.º 236/98, de 1 de agosto, na sua redação atual.","(1) Considera-se que as águas residuais tratadas estão conformes com os parâmetros estabelecidos se, para cada um dos parâmetros aplicáveis, individualmente considerados, as amostras revelarem que as águas obedecem à norma de qualidade descrita nesta licença, nos seguintes termos:a) Nenhuma amostra excede o valor paramétrico em mais de 100%; e b) O número máximo anual de amostras não conformes será obtido através de relação estatística similar à aplicável às águas residuais urbanas, descrita no quadro n.º 3 do Anexo I do Decreto-Lei n.º 152/97, de 19 de junho, na sua redação atual.",,Mensal,Composta (i),Média mensal =< VLE; Média anual =< VLE,Valor máximo observado ≤ ao dobro do VLE,Borlas; Borlas (2); Borlas (1),Valor Máximo Observado não superior a 150% VLE; Valor Máximo Observado não superior a 100% VLE,,,
TUA20240808002408,pH (Escala de Sörensen),pH,TUA20240808002408|pH,,6.0 - 9.0,6.0,9.0,,"Anexo XVIII do Decreto-Lei nº 236/98, de 1 de agosto.","De acordo com o n.º6 do artigo 69º do Decreto-Lei nº 236/98, de 1 de agosto e de acordo com o Anexo I do Decreto-Lei n.º 152/97, de 19 de junho, com as alterações introduzidas pelos Decretos-Lei n.º 348/98, de 9 de novembro, n.º 149/2004, de 22 de junho e n.º 198/2008, de 8 de outubro: verificação do n.º mínimo anual de amostras, verificação do n.º máximo de amostras não conformes e verificação do desvio aos valores paramétricos.",,Trimestral,Composta (i),Média mensal =< VLE,Valor máximo observado ≤ ao dobro do VLE,Borlas (1); Borlas (2); Borlas,Valor Máximo Observado não superior a 100% VLE,,,5<Valor<10; 5<Valor<10????
TUA20240808002408,Carência Bioquímica de Oxigénio (mg/L O2),CBO5,TUA20240808002408|CBO5,,40,,40.0,,"Anexo XVIII do Decreto-Lei nº 236/98, de 1 de agosto.","De acordo com o n.º6 do artigo 69º do Decreto-Lei nº 236/98, de 1 de agosto e de acordo com o Anexo I do Decreto-Lei n.º 152/97, de 19 de junho, com as alterações introduzidas pelos Decretos-Lei n.º 348/98, de 9 de novembro, n.º 149/2004, de 22 de junho e n.º 198/2008, de 8 de outubro: verificação do n.º mínimo anual de amostras, verificação do n.º máximo de amostras não conformes e verificação do desvio aos valores paramétricos.",,Trimestral,Composta (i),Média mensal =< VLE; Média anual =< VLE,Valor máximo observado ≤ ao dobro do VLE,Borlas (1); Borlas; Borlas (2),Valor Máximo Observado não superior a 100% VLE,,,
TUA20240808002408,Carência Química de Oxigénio (mg/L O2),CQO,TUA20240808002408|CQO,,150,,150.0,,"Anexo XVIII do Decreto-Lei nº 236/98, de 1 de agosto.","De acordo com o n.º6 do artigo 69º do Decreto-Lei nº 236/98, de 1 de agosto e de acordo com o Anexo I do Decreto-Lei n.º 152/97, de 19 de junho, com as alterações introduzidas pelos Decretos-Lei n.º 348/98, de 9 de novembro, n.º 149/2004, de 22 de junho e n.º 198/2008, de 8 de outubro: verificação do n.º mínimo anual de amostras, verificação do n.º máximo de amostras não conformes e verificação do desvio aos valores paramétricos.",,Trimestral,Composta (i),Média mensal =< VLE; Média anual =< VLE,Valor máximo observado ≤ ao dobro do VLE,Borlas (1); Borlas; Borlas (2),Valor Máximo Observado não superior a 100% VLE,,,
TUA20240808002408,Sólidos Suspensos Totais (mg/L),SST,TUA20240808002408|SST,,60,,60.0,,"Anexo XVIII do Decreto-Lei nº 236/98, de 1 de agosto.","De acordo com o n.º6 do artigo 69º do Decreto-Lei nº 236/98, de 1 de agosto e de acordo com o Anexo I do Decreto-Lei n.º 152/97, de 19 de junho, com as alterações introduzidas pelos Decretos-Lei n.º 348/98, de 9 de novembro, n.º 149/2004, de 22 de junho e n.º 198/2008, de 8 de outubro: verificação do n.º mínimo anual de amostras, verificação do n.º máximo de amostras não conformes e verificação do desvio aos valores paramétricos.",,Trimestral,Composta (i),Média mensal =< VLE; Média anual =< VLE,Valor máximo observado ≤ ao dobro do VLE,Borlas; Borlas (2); Borlas (1),Valor Máximo Observado não superior a 150% VLE; Valor Máximo Observado não superior a 100% VLE,,,
TUA20240904002654,pH (Escala de Sörensen),pH,TUA20240904002654|pH,,6.0 - 9.0,6.0,9.0,,"Anexo XVIII do Decreto-Lei nº 236/98, de 1 de agosto.","De acordo com o n.º6 do artigo 69º do Decreto-Lei nº 236/98, de 1 de agosto e de acordo com o Anexo I do Decreto-Lei n.º 152/97, de 19 de junho, com as alterações introduzidas pelos Decretos-Lei n.º 348/98, de 9 de novembro, n.º 149/2004, de 22 de junho e n.º 198/2008, de 8 de outubro: verificação do n.º mínimo anual de amostras, verificação do n.º máximo de amostras não conformes e verificação do desvio aos valores paramétricos.",,Trimestral,Composta (i),Média mensal =< VLE,Valor máximo observado ≤ ao dobro do VLE,Borlas (1); Borlas (2); Borlas,Valor Máximo Observado não superior a 100% VLE,,,5<Valor<10; 5<Valor<10????
TUA20240904002654,Carência Bioquímica de Oxigénio (mg/L O2),CBO5,TUA20240904002654|CBO5,,40,,40.0,,"Anexo XVIII do Decreto-Lei nº 236/98, de 1 de agosto.","De acordo com o n.º6 do artigo 69º do Decreto-Lei nº 236/98, de 1 de agosto e de acordo com o Anexo I do Decreto-Lei n.º 152/97, de 19 de junho, com as alterações introduzidas pelos Decretos-Lei n.º 348/98, de 9 de novembro, n.º 149/2004, de 22 de junho e n.º 198/2008, de 8 de outubro: verificação do n.º mínimo anual de amostras, verificação do n.º máximo de amostras não conformes e verificação do desvio aos valores paramétricos.",,Trimestral,Composta (i),Média mensal =< VLE; Média anual =< VLE,Valor máximo observado ≤ ao dobro do VLE,Borlas (1); Borlas; Borlas (2),Valor Máximo Observado não superior a 100% VLE,,,
TUA20240904002654,Carência Química de Oxigénio (mg/L O2),CQO,TUA20240904002654|CQO,,150,,150.0,,"Anexo XVIII do Decreto-Lei nº 236/98, de 1 de agosto.","De acordo com o n.º6 do artigo 69º do Decreto-Lei nº 236/98, de 1 de agosto e de acordo com o Anexo I do Decreto-Lei n.º 152/97, de 19 de junho, com as alterações introduzidas pelos Decretos-Lei n.º 348/98, de 9 de novembro, n.º 149/2004, de 22 de junho e n.º 198/2008, de 8 de outubro: verificação do n.º mínimo anual de amostras, verificação do n.º máximo de amostras não conformes e verificação do desvio aos valores paramétricos.",,Trimestral,Composta (i),Média mensal =< VLE; Média anual =< VLE,Valor máximo observado ≤ ao dobro do VLE,Borlas (1); Borlas; Borlas (2),Valor Máximo Observado não superior a 100% VLE,,,
TUA20240904002654,Sólidos Suspensos Totais (mg/L),SST,TUA20240904002654|SST,,60,,60.0,,"Anexo XVIII do Decreto-Lei nº 236/98, de 1 de agosto.","De acordo com o n.º6 do artigo 69º do Decreto-Lei nº 236/98, de 1 de agosto e de acordo com o Anexo I do Decreto-Lei n.º 152/97, de 19 de junho, com as alterações introduzidas pelos Decretos-Lei n.º 348/98, de 9 de novembro, n.º 149/2004, de 22 de junho e n.º 198/2008, de 8 de outubro: verificação do n.º mínimo anual de amostras, verificação do n.º máximo de amostras não conformes e verificação do desvio aos valores paramétricos.",,Trimestral,Composta (i),Média mensal =< VLE; Média anual =< VLE,Valor máximo observado ≤ ao dobro do VLE,Borlas; Borlas (2); Borlas (1),Valor Máximo Observado não superior a 150% VLE; Valor Máximo Observado não superior a 100% VLE,,,
TUA20240916002772,pH (Escala de Sörensen),pH,TUA20240916002772|pH,,6 a 9,6.0,9.0,,"Abordagem combinada de acordo com o estabelecido no artigo 53.º da Lei nº 58/2005, de 29 de dezembro, na sua redação atual.","Considera-se que as águas residuais tratadas estão conformes para o parâmetro pH, se as amostras revelarem que as águas obedecem à norma de qualidade descrita nesta licença, nos seguintes termos: :a) Nenhuma amostra poderá se encontrar fora do intervalo 5,0 -10,0, eb) O número máximo anual de amostras não conformes será obtido através de relação estatística similar à aplicável às águas residuais urbanas, descrita no quadro n.º 3 do Anexo I do Decreto-Lei n.º 152/97, de 19 de junho, na sua redação atual.",,Mensal,Pontual,Média mensal =< VLE,Valor máximo observado ≤ ao dobro do VLE,Borlas (1); Borlas (2); Borlas,Valor Máximo Observado não superior a 100% VLE,,,5<Valor<10; 5<Valor<10????
TUA20240916002772,Carência Química de Oxigénio (mg/L O2),CQO,TUA20240916002772|CQO,,150,,150.0,,"Abordagem combinada de acordo com o estabelecido no artigo 53.º da Lei nº 58/2005, de 29 de dezembro, na sua redação atual.","Considera-se que as águas residuais tratadas estão conformes com os parâmetros estabelecidos se, para cada um dos parâmetros aplicáveis, individualmente considerados, as amostras revelarem que as águas obedecem à norma de qualidade descrita nesta licença, nos seguintes termos:a) Nenhuma amostra excede o valor paramétrico em mais de 100%; e b) O número máximo anual de amostras não conformes será obtido através de relação estatística similar à aplicável às águas residuais urbanas, descrita no quadro n.º 3 do Anexo I do Decreto-Lei n.º 152/97, de 19 de junho, na sua redação atual.",,Mensal,Pontual,Média mensal =< VLE; Média anual =< VLE,Valor máximo observado ≤ ao dobro do VLE,Borlas (1); Borlas; Borlas (2),Valor Máximo Observado não superior a 100% VLE,,,
TUA20240916002772,Carência Bioquímica de Oxigénio (mg/L O2),CBO5,TUA20240916002772|CBO5,,40,,40.0,,"Abordagem combinada de acordo com o estabelecido no artigo 53.º da Lei nº 58/2005, de 29 de dezembro, na sua redação atual.","Considera-se que as águas residuais tratadas estão conformes com os parâmetros estabelecidos se, para cada um dos parâmetros aplicáveis, individualmente considerados, as amostras revelarem que as águas obedecem à norma de qualidade descrita nesta licença, nos seguintes termos:a) Nenhuma amostra excede o valor paramétrico em mais de 100%; e b) O número máximo anual de amostras não conformes será obtido através de relação estatística similar à aplicável às águas residuais urbanas, descrita no quadro n.º 3 do Anexo I do Decreto-Lei n.º 152/97, de 19 de junho, na sua redação atual.",,Mensal,Pontual,Média mensal =< VLE; Média anual =< VLE,Valor máximo observado ≤ ao dobro do VLE,Borlas (1); Borlas; Borlas (2),Valor Máximo Observado não superior a 100% VLE,,,
TUA20240916002772,Sólidos Suspensos Totais (mg/L),SST,TUA20240916002772|SST,,60,,60.0,,"Abordagem combinada de acordo com o estabelecido no artigo 53.º da Lei nº 58/2005, de 29 de dezembro, na sua redação atual.","Considera-se que as águas residuais tratadas estão conformes com os parâmetros estabelecidos se, para cada um dos parâmetros aplicáveis, individualmente considerados, as amostras revelarem que as águas obedecem à norma de qualidade descrita nesta licença, nos seguintes termos:a) Nenhuma amostra excede o valor paramétrico em mais de 100%; e b) O número máximo anual de amostras não conformes será obtido através de relação estatística similar à aplicável às águas residuais urbanas, descrita no quadro n.º 3 do Anexo I do Decreto-Lei n.º 152/97, de 19 de junho, na sua redação atual.",,Mensal,Pontual,Média mensal =< VLE; Média anual =< VLE,Valor máximo observado ≤ ao dobro do VLE,Borlas; Borlas (2); Borlas (1),Valor Máximo Observado não superior a 150% VLE; Valor Máximo Observado não superior a 100% VLE,,,
TUA20241003002946,pH (Escala de,pH,TUA20241003002946|pH,,6 a 9,6.0,9.0,,"Abordagem combinada de acordo com o estabelecido no artigo 53.º da Lei nº 58/2005, de 29 de dezembro, na sua redação atual.","Considera-se que as águas residuais tratadas estão conformes para o parâmetro pH, se as amostras revelarem que as águas obedecem à norma de qualidade descrita nesta licença, nos seguintes termos: :a) Nenhuma amostra poderá se encontrar fora do intervalo 5,0 -10,0, eb) O número máximo anual de amostras não conformes será obtido através de relação estatística similar à aplicável às águas residuais urbanas, descrita no quadro n.º 3 do Anexo I do Decreto-Lei n.º 152/97, de 19 de junho, na sua redação atual.",,,,not found,not found,not found,not found,not found,not found,not found
TUA20241003002946,Sörensen) Carência Química de Oxigénio (mg/L O2),CQO,TUA20241003002946|CQO,,150,,150.0,,"Abordagem combinada de acordo com o estabelecido no artigo 53.º da Lei nº 58/2005, de 29 de dezembro, na sua redação atual.","Considera-se que as águas residuais tratadas estão conformes com os parâmetros estabelecidos se, para cada um dos parâmetros aplicáveis, individualmente considerados, as amostras revelarem que as águas obedecem à norma de qualidade descrita nesta licença, nos seguintes termos:a) Nenhuma amostra excede o valor paramétrico em mais de 100%; e b) O número máximo anual de amostras não conformes será obtido através de relação estatística similar à aplicável às águas residuais urbanas, descrita no quadro n.º 3 do Anexo I do Decreto-Lei n.º 152/97, de 19 de junho, na sua redação atual.",,,,not found,not found,not found,not found,not found,not found,not found
TUA20241003002946,Carência Bioquímica de Oxigénio (mg/L O2),CBO5,TUA20241003002946|CBO5,,40,,40.0,,"Abordagem combinada de acordo com o estabelecido no artigo 53.º da Lei nº 58/2005, de 29 de dezembro, na sua redação atual.","Considera-se que as águas residuais tratadas estão conformes com os parâmetros estabelecidos se, para cada um dos parâmetros aplicáveis, individualmente considerados, as amostras revelarem que as águas obedecem à norma de qualidade descrita nesta licença, nos seguintes termos:a) Nenhuma amostra excede o valor paramétrico em mais de 100%; e b) O número máximo anual de amostras não conformes será obtido através de relação estatística similar à aplicável às águas residuais urbanas, descrita no quadro n.º 3 do Anexo I do Decreto-Lei n.º 152/97, de 19 de junho, na sua redação atual.",,Mensal,Pontual,Média mensal =< VLE; Média anual =< VLE,Valor máximo observado ≤ ao dobro do VLE,Borlas (1); Borlas; Borlas (2),Valor Máximo Observado não superior a 100% VLE,,,
TUA20241003002946,Sólidos Suspensos Totais (mg/L),SST,TUA20241003002946|SST,,60,,60.0,,"Abordagem combinada de acordo com o estabelecido no artigo 53.º da Lei nº 58/2005, de 29 de dezembro, na sua redação atual.","Considera-se que as águas residuais tratadas estão conformes com os parâmetros estabelecidos se, para cada um dos parâmetros aplicáveis, individualmente considerados, as amostras revelarem que as águas obedecem à norma de qualidade descrita nesta licença, nos seguintes termos:a) Nenhuma amostra excede o valor paramétrico em mais de 100%; e b) O número máximo anual de amostras não conformes será obtido através de relação estatística similar à aplicável às águas residuais urbanas, descrita no quadro n.º 3 do Anexo I do Decreto-Lei n.º 152/97, de 19 de junho, na sua redação atual.",,Mensal,Pontual,Média mensal =< VLE; Média anual =< VLE,Valor máximo observado ≤ ao dobro do VLE,Borlas; Borlas (2); Borlas (1),Valor Máximo Observado não superior a 150% VLE; Valor Máximo Observado não superior a 100% VLE,,,
TUA20241014003042,Carência Bioquímica de Oxigénio (mg/L O2),CBO5,TUA20241014003042|CBO5,,40,,40.0,,"(a) Abordagem combinada de acordo com o estabelecido no artigo 53.º da Lei nº 58/2005, de 29 de dezembro, na sua redação atual.","(1) Considera-se que as águas residuais tratadas estão conformes com os parâmetros estabelecidos se, para cada um dos parâmetros aplicáveis, individualmente considerados, as amostras revelarem que as águas obedecem à norma de qualidade descrita nesta licença, nos seguintes termos:a) Nenhuma amostra excede o valor paramétrico em mais de 100%; e b) O número máximo anual de amostras não conformes será obtido através de relação estatística similar à aplicável às águas residuais urbanas, descrita no quadro n.º 3 do Anexo I do Decreto-Lei n.º 152/97, de 19 de junho, na sua redação atual.",,Mensal,Composta (i),Média mensal =< VLE; Média anual =< VLE,Valor máximo observado ≤ ao dobro do VLE,Borlas (1); Borlas; Borlas (2),Valor Máximo Observado não superior a 100% VLE,,,
TUA20241014003042,Carência Química de Oxigénio (mg/L O2),CQO,TUA20241014003042|CQO,,150,,150.0,,"(a) Abordagem combinada de acordo com o estabelecido no artigo 53.º da Lei nº 58/2005, de 29 de dezembro, na sua redação atual.","(1) Considera-se que as águas residuais tratadas estão conformes com os parâmetros estabelecidos se, para cada um dos parâmetros aplicáveis, individualmente considerados, as amostras revelarem que as águas obedecem à norma de qualidade descrita nesta licença, nos seguintes termos:a) Nenhuma amostra excede o valor paramétrico em mais de 100%; e b) O número máximo anual de amostras não conformes será obtido através de relação estatística similar à aplicável às águas residuais urbanas, descrita no quadro n.º 3 do Anexo I do Decreto-Lei n.º 152/97, de 19 de junho, na sua redação atual.",,Mensal,Composta (i),Média mensal =< VLE; Média anual =< VLE,Valor máximo observado ≤ ao dobro do VLE,Borlas (1); Borlas; Borlas (2),Valor Máximo Observado não superior a 100% VLE,,,
TUA20241014003042,Sólidos Suspensos Totais (mg/L),SST,TUA20241014003042|SST,,60,,60.0,,"(a) Abordagem combinada de acordo com o estabelecido no artigo 53.º da Lei nº 58/2005, de 29 de dezembro, na sua redação atual.","(1) Considera-se que as águas residuais tratadas estão conformes com os parâmetros estabelecidos se, para cada um dos parâmetros aplicáveis, individualmente considerados, as amostras revelarem que as águas obedecem à norma de qualidade descrita nesta licença, nos seguintes termos:a) Nenhuma amostra excede o valor paramétrico em mais de 100%; e b) O número máximo anual de amostras não conformes será obtido através de relação estatística similar à aplicável às águas residuais urbanas, descrita no quadro n.º 3 do Anexo I do Decreto-Lei n.º 152/97, de 19 de junho, na sua redação atual.",,Mensal,Composta (i),Média mensal =< VLE; Média anual =< VLE,Valor máximo observado ≤ ao dobro do VLE,Borlas; Borlas (2); Borlas (1),Valor Máximo Observado não superior a 150% VLE; Valor Máximo Observado não superior a 100% VLE,,,
TUA20241022003142,pH (Escala de Sörensen),pH,TUA20241022003142|pH,,6.0 - 9.0,6.0,9.0,,"Anexo XVIII do Decreto-Lei nº 236/98, de 1 de agosto.","De acordo com o n.º6 do artigo 69º do Decreto-Lei nº 236/98, de 1 de agosto e de acordo com o Anexo I do Decreto-Lei n.º 152/97, de 19 de junho, com as alterações introduzidas pelos Decretos-Lei n.º 348/98, de 9 de novembro, n.º 149/2004, de 22 de junho e n.º 198/2008, de 8 de outubro: verificação do n.º mínimo anual de amostras, verificação do n.º máximo de amostras não conformes e verificação do desvio aos valores paramétricos.",,Mensal,Composta (i),Média mensal =< VLE,Valor máximo observado ≤ ao dobro do VLE,Borlas (1); Borlas (2); Borlas,Valor Máximo Observado não superior a 100% VLE,,,5<Valor<10; 5<Valor<10????
TUA20241022003142,Carência Bioquímica de Oxigénio (mg/L O2),CBO5,TUA20241022003142|CBO5,,25,,25.0,,"Decreto-Lei nº 152/97, de 19 de junho.","De acordo com o n.º6 do artigo 69º do Decreto-Lei nº 236/98, de 1 de agosto e de acordo com o Anexo I do Decreto-Lei n.º 152/97, de 19 de junho, com as alterações introduzidas pelos Decretos-Lei n.º 348/98, de 9 de novembro, n.º 149/2004, de 22 de junho e n.º 198/2008, de 8 de outubro: verificação do n.º mínimo anual de amostras, verificação do n.º máximo de amostras não conformes e verificação do desvio aos valores paramétricos.",,Mensal,Composta (i),Média mensal =< VLE; Média anual =< VLE,Valor máximo observado ≤ ao dobro do VLE,Borlas (1); Borlas; Borlas (2),Valor Máximo Observado não superior a 100% VLE,,,
TUA20241022003142,Carência Química de Oxigénio (mg/L O2),CQO,TUA20241022003142|CQO,,125,,125.0,,"Decreto-Lei nº 152/97, de 19 de junho.","De acordo com o n.º6 do artigo 69º do Decreto-Lei nº 236/98, de 1 de agosto e de acordo com o Anexo I do Decreto-Lei n.º 152/97, de 19 de junho, com as alterações introduzidas pelos Decretos-Lei n.º 348/98, de 9 de novembro, n.º 149/2004, de 22 de junho e n.º 198/2008, de 8 de outubro: verificação do n.º mínimo anual de amostras, verificação do n.º máximo de amostras não conformes e verificação do desvio aos valores paramétricos.",,Mensal,Composta (i),Média mensal =< VLE; Média anual =< VLE,Valor máximo observado ≤ ao dobro do VLE,Borlas (1); Borlas; Borlas (2),Valor Máximo Observado não superior a 100% VLE,,,
TUA20241022003142,Sólidos Suspensos Totais (mg/L),SST,TUA20241022003142|SST,,35,,35.0,,"Decreto-Lei nº 152/97, de 19 de junho.","De acordo com o n.º6 do artigo 69º do Decreto-Lei nº 236/98, de 1 de agosto e de acordo com o Anexo I do Decreto-Lei n.º 152/97, de 19 de junho, com as alterações introduzidas pelos Decretos-Lei n.º 348/98, de 9 de novembro, n.º 149/2004, de 22 de junho e n.º 198/2008, de 8 de outubro: verificação do n.º mínimo anual de amostras, verificação do n.º máximo de amostras não conformes e verificação do desvio aos valores paramétricos.",,Mensal,Composta (i),Média mensal =< VLE; Média anual =< VLE,Valor máximo observado ≤ ao dobro do VLE,Borlas; Borlas (2); Borlas (1),Valor Máximo Observado não superior a 150% VLE; Valor Máximo Observado não superior a 100% VLE,,,
TUA20241122003491,pH (Escala de Sörensen),pH,TUA20241122003491|pH,,6.0 - 9.0,6.0,9.0,,"Anexo XVIII do Decreto-Lei nº 236/98, de 1 de agosto.","De acordo com o n.º6 do artigo 69º do Decreto-Lei nº 236/98, de 1 de agosto e de acordo com o Anexo I do Decreto-Lei n.º 152/97, de 19 de junho, com as alterações introduzidas pelos Decretos-Lei n.º 348/98, de 9 de novembro, n.º 149/2004, de 22 de junho e n.º 198/2008, de 8 de outubro: verificação do n.º mínimo anual de amostras, verificação do n.º máximo de amostras não conformes e verificação do desvio aos valores paramétricos.",,Mensal,Composta (i),Média mensal =< VLE,Valor máximo observado ≤ ao dobro do VLE,Borlas (1); Borlas (2); Borlas,Valor Máximo Observado não superior a 100% VLE,,,5<Valor<10; 5<Valor<10????
TUA20241122003491,Carência Bioquímica de Oxigénio (mg/L O2),CBO5,TUA20241122003491|CBO5,,25,,25.0,,"Decreto-Lei nº 152/97, de 19 de junho","De acordo com o n.º6 do artigo 69º do Decreto-Lei nº 236/98, de 1 de agosto e de acordo com o Anexo I do Decreto-Lei n.º 152/97, de 19 de junho, com as alterações introduzidas pelos Decretos-Lei n.º 348/98, de 9 de novembro, n.º 149/2004, de 22 de junho e n.º 198/2008, de 8 de outubro: verificação do n.º mínimo anual de amostras, verificação do n.º máximo de amostras não conformes e verificação do desvio aos valores paramétricos.",,Mensal,Composta (i),Média mensal =< VLE; Média anual =< VLE,Valor máximo observado ≤ ao dobro do VLE,Borlas (1); Borlas; Borlas (2),Valor Máximo Observado não superior a 100% VLE,,,
TUA20241122003491,Carência Química de Oxigénio (mg/L O2),CQO,TUA20241122003491|CQO,,125,,125.0,,"Decreto-Lei nº 152/97, de 19 de junho","De acordo com o n.º6 do artigo 69º do Decreto-Lei nº 236/98, de 1 de agosto e de acordo com o Anexo I do Decreto-Lei n.º 152/97, de 19 de junho, com as alterações introduzidas pelos Decretos-Lei n.º 348/98, de 9 de novembro, n.º 149/2004, de 22 de junho e n.º 198/2008, de 8 de outubro: verificação do n.º mínimo anual de amostras, verificação do n.º máximo de amostras não conformes e verificação do desvio aos valores paramétricos.",,Mensal,Composta (i),Média mensal =< VLE; Média anual =< VLE,Valor máximo observado ≤ ao dobro do VLE,Borlas (1); Borlas; Borlas (2),Valor Máximo Observado não superior a 100% VLE,,,
TUA20241122003491,Sólidos Suspensos Totais (mg/L),SST,TUA20241122003491|SST,,35,,35.0,,"Decreto-Lei nº 152/97, de 19 de junho","De acordo com o n.º6 do artigo 69º do Decreto-Lei nº 236/98, de 1 de agosto e de acordo com o Anexo I do Decreto-Lei n.º 152/97, de 19 de junho, com as alterações introduzidas pelos Decretos-Lei n.º 348/98, de 9 de novembro, n.º 149/2004, de 22 de junho e n.º 198/2008, de 8 de outubro: verificação do n.º mínimo anual de amostras, verificação do n.º máximo de amostras não conformes e verificação do desvio aos valores paramétricos.",,Mensal,Composta (i),Média mensal =< VLE; Média anual =< VLE,Valor máximo observado ≤ ao dobro do VLE,Borlas; Borlas (2); Borlas (1),Valor Máximo Observado não superior a 150% VLE; Valor Máximo Observado não superior a 100% VLE,,,
TUA20241122003491,Óleos e Gorduras (mg/L),O&G,TUA20241122003491|O&G,,15,,15.0,,"Anexo XVIII do Decreto-Lei nº 236/98, de 1 de agosto.","De acordo com o n.º6 do artigo 69º do Decreto-Lei nº 236/98, de 1 de agosto e de acordo com o Anexo I do Decreto-Lei n.º 152/97, de 19 de junho, com as alterações introduzidas pelos Decretos-Lei n.º 348/98, de 9 de novembro, n.º 149/2004, de 22 de junho e n.º 198/2008, de 8 de outubro: verificação do n.º mínimo anual de amostras, verificação do n.º máximo de amostras não conformes e verificação do desvio aos valores paramétricos.",,Mensal,Pontual,Média mensal =< VLE,Valor máximo observado ≤ ao dobro do VLE,Borlas (2); Borlas; Borlas (1),,,,
TUA20241122003495,pH (Escala de Sörensen),pH,TUA20241122003495|pH,,6.0 - 9.0,6.0,9.0,,"Anexo XVIII do Decreto-Lei nº 236/98, de 1 de agosto.","De acordo com o n.º6 do artigo 69º do Decreto-Lei nº 236/98, de 1 de agosto e de acordo com o Anexo I do Decreto-Lei n.º 152/97, de 19 de junho, com as alterações introduzidas pelos Decretos-Lei n.º 348/98, de 9 de novembro, n.º 149/2004, de 22 de junho e n.º 198/2008, de 8 de outubro: verificação do n.º mínimo anual de amostras, verificação do n.º máximo de amostras não conformes e verificação do desvio aos valores paramétricos.",,Mensal,Composta (i),Média mensal =< VLE,Valor máximo observado ≤ ao dobro do VLE,Borlas (1); Borlas (2); Borlas,Valor Máximo Observado não superior a 100% VLE,,,5<Valor<10; 5<Valor<10????
TUA20241122003495,Carência Bioquímica de Oxigénio (mg/L O2),CBO5,TUA20241122003495|CBO5,,20,,20.0,,"Critério de aplicação do artigo 53.º da Lei nº 58/2005, de 29 de dezembro, na sua redação atual, conjugado com o Decreto-Lei nº 152/97, de 19 de junho.","De acordo com o n.º6 do artigo 69º do Decreto-Lei nº 236/98, de 1 de agosto e de acordo com o Anexo I do Decreto-Lei n.º 152/97, de 19 de junho, com as alterações introduzidas pelos Decretos-Lei n.º 348/98, de 9 de novembro, n.º 149/2004, de 22 de junho e n.º 198/2008, de 8 de outubro: verificação do n.º mínimo anual de amostras, verificação do n.º máximo de amostras não conformes e verificação do desvio aos valores paramétricos.",,Mensal,Composta (i),Média mensal =< VLE; Média anual =< VLE,Valor máximo observado ≤ ao dobro do VLE,Borlas (1); Borlas; Borlas (2),Valor Máximo Observado não superior a 100% VLE,,,
TUA20241122003495,Carência Química de Oxigénio (mg/L O2),CQO,TUA20241122003495|CQO,,100,,100.0,,"Critério de aplicação do artigo 53.º da Lei nº 58/2005, de 29 de dezembro, na sua redação atual, conjugado com o Decreto-Lei nº 152/97, de 19 de junho.","De acordo com o n.º6 do artigo 69º do Decreto-Lei nº 236/98, de 1 de agosto e de acordo com o Anexo I do Decreto-Lei n.º 152/97, de 19 de junho, com as alterações introduzidas pelos Decretos-Lei n.º 348/98, de 9 de novembro, n.º 149/2004, de 22 de junho e n.º 198/2008, de 8 de outubro: verificação do n.º mínimo anual de amostras, verificação do n.º máximo de amostras não conformes e verificação do desvio aos valores paramétricos.",,Mensal,Composta (i),Média mensal =< VLE; Média anual =< VLE,Valor máximo observado ≤ ao dobro do VLE,Borlas (1); Borlas; Borlas (2),Valor Máximo Observado não superior a 100% VLE,,,
TUA20241122003495,Sólidos Suspensos Totais (mg/L),SST,TUA20241122003495|SST,,28,,28.0,,"Critério de aplicação do artigo 53.º da Lei nº 58/2005, de 29 de dezembro, na sua redação atual, conjugado com o Decreto-Lei nº 152/97, de 19 de junho.","De acordo com o n.º6 do artigo 69º do Decreto-Lei nº 236/98, de 1 de agosto e de acordo com o Anexo I do Decreto-Lei n.º 152/97, de 19 de junho, com as alterações introduzidas pelos Decretos-Lei n.º 348/98, de 9 de novembro, n.º 149/2004, de 22 de junho e n.º 198/2008, de 8 de outubro: verificação do n.º mínimo anual de amostras, verificação do n.º máximo de amostras não conformes e verificação do desvio aos valores paramétricos.",,Mensal,Composta (i),Média mensal =< VLE; Média anual =< VLE,Valor máximo observado ≤ ao dobro do VLE,Borlas; Borlas (2); Borlas (1),Valor Máximo Observado não superior a 150% VLE; Valor Máximo Observado não superior a 100% VLE,,,
TUA20241122003495,Óleos e Gorduras (mg/L),O&G,TUA20241122003495|O&G,,12,,12.0,,"Critério de aplicação do artigo 53.º da Lei nº 58/2005, de 29 de dezembro, na sua redação atual, conjugado com Anexo XVIII do Decreto-Lei nº 236/98, de 1 de agosto.","De acordo com o n.º6 do artigo 69º do Decreto-Lei nº 236/98, de 1 de agosto e de acordo com o Anexo I do Decreto-Lei n.º 152/97, de 19 de junho, com as alterações introduzidas pelos Decretos-Lei n.º 348/98, de 9 de novembro, n.º 149/2004, de 22 de junho e n.º 198/2008, de 8 de outubro: verificação do n.º mínimo anual de amostras, verificação do n.º máximo de amostras não conformes e verificação do desvio aos valores paramétricos.",,Mensal,Pontual,Média mensal =< VLE,Valor máximo observado ≤ ao dobro do VLE,Borlas (2); Borlas; Borlas (1),,,,
TUA20241210003651,pH (Escala de Sörensen),pH,TUA20241210003651|pH,,6.0 - 9.0,6.0,9.0,,"Anexo XVIII do Decreto-Lei nº 236/98, de 1 de agosto","De acordo com o n.º6 do artigo 69º do Decreto-Lei nº 236/98, de 1 de agosto e de acordo com o Anexo I do Decreto-Lei n.º 152/97, de 19 de junho, com as alterações introduzidas pelos Decretos-Lei n.º 348/98, de 9 de novembro, n.º 149/2004, de 22 de junho e n.º 198/2008, de 8 de outubro: verificação do n.º mínimo anual de amostras, verificação do n.º máximo de amostras não conformes e verificação do desvio aos valores paramétricos.",,Mensal,Composta (i),Média mensal =< VLE,Valor máximo observado ≤ ao dobro do VLE,Borlas (1); Borlas (2); Borlas,Valor Máximo Observado não superior a 100% VLE,,,5<Valor<10; 5<Valor<10????
TUA20241210003651,Carência Bioquímica de Oxigénio (mg/L O2),CBO5,TUA20241210003651|CBO5,,25,,25.0,,"Decreto-Lei nº 152/97, de 19 de junho","De acordo com o n.º6 do artigo 69º do Decreto-Lei nº 236/98, de 1 de agosto e de acordo com o Anexo I do Decreto-Lei n.º 152/97, de 19 de junho, com as alterações introduzidas pelos Decretos-Lei n.º 348/98, de 9 de novembro, n.º 149/2004, de 22 de junho e n.º 198/2008, de 8 de outubro: verificação do n.º mínimo anual de amostras, verificação do n.º máximo de amostras não conformes e verificação do desvio aos valores paramétricos.",,Mensal,Composta (i),Média mensal =< VLE; Média anual =< VLE,Valor máximo observado ≤ ao dobro do VLE,Borlas (1); Borlas; Borlas (2),Valor Máximo Observado não superior a 100% VLE,,,
TUA20241210003651,Carência Química de Oxigénio (mg/L O2),CQO,TUA20241210003651|CQO,,125,,125.0,,"Decreto-Lei nº 152/97, de 19 de junho","De acordo com o n.º6 do artigo 69º do Decreto-Lei nº 236/98, de 1 de agosto e de acordo com o Anexo I do Decreto-Lei n.º 152/97, de 19 de junho, com as alterações introduzidas pelos Decretos-Lei n.º 348/98, de 9 de novembro, n.º 149/2004, de 22 de junho e n.º 198/2008, de 8 de outubro: verificação do n.º mínimo anual de amostras, verificação do n.º máximo de amostras não conformes e verificação do desvio aos valores paramétricos.",,Mensal,Composta (i),Média mensal =< VLE; Média anual =< VLE,Valor máximo observado ≤ ao dobro do VLE,Borlas (1); Borlas; Borlas (2),Valor Máximo Observado não superior a 100% VLE,,,
TUA20241210003651,Sólidos Suspensos Totais (mg/L),SST,TUA20241210003651|SST,,40,,40.0,,"Decreto-Lei nº 152/97, de 19 de junho","De acordo com o n.º6 do artigo 69º do Decreto-Lei nº 236/98, de 1 de agosto e de acordo com o Anexo I do Decreto-Lei n.º 152/97, de 19 de junho, com as alterações introduzidas pelos Decretos-Lei n.º 348/98, de 9 de novembro, n.º 149/2004, de 22 de junho e n.º 198/2008, de 8 de outubro: verificação do n.º mínimo anual de amostras, verificação do n.º máximo de amostras não conformes e verificação do desvio aos valores paramétricos.",,Mensal,Composta (i),Média mensal =< VLE; Média anual =< VLE,Valor máximo observado ≤ ao dobro do VLE,Borlas; Borlas (2); Borlas (1),Valor Máximo Observado não superior a 150% VLE; Valor Máximo Observado não superior a 100% VLE,,,
TUA20250226000655,pH (Escala de Sörensen),pH,TUA20250226000655|pH,,"6,0 - 9,0",6.0,9.0,,"Anexo XVIII do Decreto-Lei n.º 236/98, de 1 de agosto.","De acordo com o artigo 69.º do Decreto-Lei n.º 236/98, de 1 de agosto. Atendendo à origem das águas residuais e aos objetivos de qualidade definidos para a massa de água recetora, o número máximo anual de amostras que podem não ser conformes não pode exceder 1 (uma) para os parâmetros pH, CBO5, CQO e SST; para o parâmetro Óleos e gorduras todas as amostras têm de ser conformes.",,Trimestral,Composta (iii),Média mensal =< VLE,Valor máximo observado ≤ ao dobro do VLE,Borlas (1); Borlas (2); Borlas,Valor Máximo Observado não superior a 100% VLE,,,5<Valor<10; 5<Valor<10????
TUA20250226000655,Carência Bioquímica de Oxigénio (mg/L O2),CBO5,TUA20250226000655|CBO5,,40,,40.0,,"Anexo XVIII do Decreto-Lei n.º 236/98, de 1 de agosto.","De acordo com o artigo 69.º do Decreto-Lei n.º 236/98, de 1 de agosto. Atendendo à origem das águas residuais e aos objetivos de qualidade definidos para a massa de água recetora, o número máximo anual de amostras que podem não ser conformes não pode exceder 1 (uma) para os parâmetros pH, CBO5, CQO e SST; para o parâmetro Óleos e gorduras todas as amostras têm de ser conformes.",,Trimestral,Composta (iii),Média mensal =< VLE; Média anual =< VLE,Valor máximo observado ≤ ao dobro do VLE,Borlas (1); Borlas; Borlas (2),Valor Máximo Observado não superior a 100% VLE,,,
TUA20250226000655,Carência Química de Oxigénio (mg/L O2),CQO,TUA20250226000655|CQO,,150,,150.0,,"Anexo XVIII do Decreto-Lei n.º 236/98, de 1 de agosto.","De acordo com o artigo 69.º do Decreto-Lei n.º 236/98, de 1 de agosto. Atendendo à origem das águas residuais e aos objetivos de qualidade definidos para a massa de água recetora, o número máximo anual de amostras que podem não ser conformes não pode exceder 1 (uma) para os parâmetros pH, CBO5, CQO e SST; para o parâmetro Óleos e gorduras todas as amostras têm de ser conformes.",,,,Média mensal =< VLE; Média anual =< VLE,Valor máximo observado ≤ ao dobro do VLE,Borlas (1); Borlas; Borlas (2),Valor Máximo Observado não superior a 100% VLE,,,
TUA20250226000655,Sólidos Suspensos Totais (mg/L),SST,TUA20250226000655|SST,,60,,60.0,,"Anexo XVIII do Decreto-Lei n.º 236/98, de 1 de agosto.","De acordo com o artigo 69.º do Decreto-Lei n.º 236/98, de 1 de agosto. Atendendo à origem das águas residuais e aos objetivos de qualidade definidos para a massa de água recetora, o número máximo anual de amostras que podem não ser conformes não pode exceder 1 (uma) para os parâmetros pH, CBO5, CQO e SST; para o parâmetro Óleos e gorduras todas as amostras têm de ser conformes.",,Trimestral,Composta (iii),Média mensal =< VLE; Média anual =< VLE,Valor máximo observado ≤ ao dobro do VLE,Borlas; Borlas (2); Borlas (1),Valor Máximo Observado não superior a 150% VLE; Valor Máximo Observado não superior a 100% VLE,,,
TUA20250226000655,Óleos e Gorduras (mg/L),O&G,TUA20250226000655|O&G,,15,,15.0,,"Anexo XVIII do Decreto-Lei n.º 236/98, de 1 de agosto.","De acordo com o artigo 69.º do Decreto-Lei n.º 236/98, de 1 de agosto. Atendendo à origem das águas residuais e aos objetivos de qualidade definidos para a massa de água recetora, o número máximo anual de amostras que podem não ser conformes não pode exceder 1 (uma) para os parâmetros pH, CBO5, CQO e SST; para o parâmetro Óleos e gorduras todas as amostras têm de ser conformes.",,Semestral,Composta (iii),Média mensal =< VLE,Valor máximo observado ≤ ao dobro do VLE,Borlas (2); Borlas; Borlas (1),,,,
TUA20250317000834,pH (Escala de Sörensen),pH,TUA20250317000834|pH,,6.0 - 9.0,6.0,9.0,,"Anexo XVIII do Decreto-Lei nº 236/98, de 1 de agosto.","De acordo com o n.º6 do artigo 69º do Decreto-Lei nº 236/98, de 1 de agosto e de acordo com o Anexo I do Decreto-Lei n.º 152/97, de 19 de junho, com as alterações introduzidas pelos Decretos-Lei n.º 348/98, de 9 de novembro, n.º 149/2004, de 22 de junho e n.º 198/2008, de 8 de outubro: verificação do n.º mínimo anual de amostras, verificação do n.º máximo de amostras não conformes e verificação do desvio aos valores paramétricos.",,Mensal,Composta (i),Média mensal =< VLE,Valor máximo observado ≤ ao dobro do VLE,Borlas (1); Borlas (2); Borlas,Valor Máximo Observado não superior a 100% VLE,,,5<Valor<10; 5<Valor<10????
TUA20250317000834,Carência Bioquímica de Oxigénio (mg/L O2),CBO5,TUA20250317000834|CBO5,,25,,25.0,,"Decreto-Lei nº 152/97, de 19 de junho.","De acordo com o n.º6 do artigo 69º do Decreto-Lei nº 236/98, de 1 de agosto e de acordo com o Anexo I do Decreto-Lei n.º 152/97, de 19 de junho, com as alterações introduzidas pelos Decretos-Lei n.º 348/98, de 9 de novembro, n.º 149/2004, de 22 de junho e n.º 198/2008, de 8 de outubro: verificação do n.º mínimo anual de amostras, verificação do n.º máximo de amostras não conformes e verificação do desvio aos valores paramétricos.",,Mensal,Composta (i),Média mensal =< VLE; Média anual =< VLE,Valor máximo observado ≤ ao dobro do VLE,Borlas (1); Borlas; Borlas (2),Valor Máximo Observado não superior a 100% VLE,,,
TUA20250317000834,Carência Química de Oxigénio (mg/L O2),CQO,TUA20250317000834|CQO,,125,,125.0,,"Decreto-Lei nº 152/97, de 19 de junho.","De acordo com o n.º6 do artigo 69º do Decreto-Lei nº 236/98, de 1 de agosto e de acordo com o Anexo I do Decreto-Lei n.º 152/97, de 19 de junho, com as alterações introduzidas pelos Decretos-Lei n.º 348/98, de 9 de novembro, n.º 149/2004, de 22 de junho e n.º 198/2008, de 8 de outubro: verificação do n.º mínimo anual de amostras, verificação do n.º máximo de amostras não conformes e verificação do desvio aos valores paramétricos.",,Mensal,Composta (i),Média mensal =< VLE; Média anual =< VLE,Valor máximo observado ≤ ao dobro do VLE,Borlas (1); Borlas; Borlas (2),Valor Máximo Observado não superior a 100% VLE,,,
TUA20250317000834,Sólidos Suspensos Totais (mg/L),SST,TUA20250317000834|SST,,35,,35.0,,"Decreto-Lei nº 152/97, de 19 de junho.","De acordo com o n.º6 do artigo 69º do Decreto-Lei nº 236/98, de 1 de agosto e de acordo com o Anexo I do Decreto-Lei n.º 152/97, de 19 de junho, com as alterações introduzidas pelos Decretos-Lei n.º 348/98, de 9 de novembro, n.º 149/2004, de 22 de junho e n.º 198/2008, de 8 de outubro: verificação do n.º mínimo anual de amostras, verificação do n.º máximo de amostras não conformes e verificação do desvio aos valores paramétricos.",,Mensal,Composta (i),Média mensal =< VLE; Média anual =< VLE,Valor máximo observado ≤ ao dobro do VLE,Borlas; Borlas (2); Borlas (1),Valor Máximo Observado não superior a 150% VLE; Valor Máximo Observado não superior a 100% VLE,,,
TUA20250416001449,pH (Escala de Sörensen),pH,TUA20250416001449|pH,,6.0 - 9.0,6.0,9.0,,"Anexo XVIII do Decreto-Lei nº 236/98, de 1 de agosto.","De acordo com o n.º6 do artigo 69º do Decreto-Lei nº 236/98, de 1 de agosto e de acordo com o Anexo I do Decreto-Lei n.º 152/97, de 19 de junho, com as alterações introduzidas pelos Decretos-Lei n.º 348/98, de 9 de novembro, n.º 149/2004, de 22 de junho e n.º 198/2008, de 8 de outubro: verificação do n.º mínimo anual de amostras, verificação do n.º máximo de amostras não conformes e verificação do desvio aos valores paramétricos.",,Mensal,Composta (i),Média mensal =< VLE,Valor máximo observado ≤ ao dobro do VLE,Borlas (1); Borlas (2); Borlas,Valor Máximo Observado não superior a 100% VLE,,,5<Valor<10; 5<Valor<10????
TUA20250416001449,Carência Bioquímica de Oxigénio (mg/L O2),CBO5,TUA20250416001449|CBO5,,25,,25.0,,"Decreto-Lei nº 152/97, de 19 de junho.","De acordo com o n.º6 do artigo 69º do Decreto-Lei nº 236/98, de 1 de agosto e de acordo com o Anexo I do Decreto-Lei n.º 152/97, de 19 de junho, com as alterações introduzidas pelos Decretos-Lei n.º 348/98, de 9 de novembro, n.º 149/2004, de 22 de junho e n.º 198/2008, de 8 de outubro: verificação do n.º mínimo anual de amostras, verificação do n.º máximo de amostras não conformes e verificação do desvio aos valores paramétricos.",,Mensal,Composta (i),Média mensal =< VLE; Média anual =< VLE,Valor máximo observado ≤ ao dobro do VLE,Borlas (1); Borlas; Borlas (2),Valor Máximo Observado não superior a 100% VLE,,,
TUA20250416001449,Carência Química de Oxigénio (mg/L O2),CQO,TUA20250416001449|CQO,,125,,125.0,,"Decreto-Lei nº 152/97, de 19 de junho.","De acordo com o n.º6 do artigo 69º do Decreto-Lei nº 236/98, de 1 de agosto e de acordo com o Anexo I do Decreto-Lei n.º 152/97, de 19 de junho, com as alterações introduzidas pelos Decretos-Lei n.º 348/98, de 9 de novembro, n.º 149/2004, de 22 de junho e n.º 198/2008, de 8 de outubro: verificação do n.º mínimo anual de amostras, verificação do n.º máximo de amostras não conformes e verificação do desvio aos valores paramétricos.",,Mensal,Composta (i),Média mensal =< VLE; Média anual =< VLE,Valor máximo observado ≤ ao dobro do VLE,Borlas (1); Borlas; Borlas (2),Valor Máximo Observado não superior a 100% VLE,,,
TUA20250416001449,Sólidos Suspensos Totais (mg/L),SST,TUA20250416001449|SST,,35,,35.0,,"Decreto-Lei nº 152/97, de 19 de junho.","De acordo com o n.º6 do artigo 69º do Decreto-Lei nº 236/98, de 1 de agosto e de acordo com o Anexo I do Decreto-Lei n.º 152/97, de 19 de junho, com as alterações introduzidas pelos Decretos-Lei n.º 348/98, de 9 de novembro, n.º 149/2004, de 22 de junho e n.º 198/2008, de 8 de outubro: verificação do n.º mínimo anual de amostras, verificação do n.º máximo de amostras não conformes e verificação do desvio aos valores paramétricos.",,Mensal,Composta (i),Média mensal =< VLE; Média anual =< VLE,Valor máximo observado ≤ ao dobro do VLE,Borlas; Borlas (2); Borlas (1),Valor Máximo Observado não superior a 150% VLE; Valor Máximo Observado não superior a 100% VLE,,,
TUA20250416001449,Azoto total (mg/L N),N,TUA20250416001449|N,,15,,15.0,,"Decreto-Lei nº 152/97, de 19 de junho.","De acordo com o n.º6 do artigo 69º do Decreto-Lei nº 236/98, de 1 de agosto e de acordo com o Anexo I do Decreto-Lei n.º 152/97, de 19 de junho, com as alterações introduzidas pelos Decretos-Lei n.º 348/98, de 9 de novembro, n.º 149/2004, de 22 de junho e n.º 198/2008, de 8 de outubro: verificação do n.º mínimo anual de amostras, verificação do n.º máximo de amostras não conformes e verificação do desvio aos valores paramétricos.",,Mensal,Composta (i),Média mensal =< VLE,Valor máximo observado ≤ ao dobro do VLE,,,Média anual ≤ VLE,,
TUA20250416001449,Fósforo total (mg/L P),P,TUA20250416001449|P,,2,,2.0,,"Decreto-Lei nº 152/97, de 19 de junho.","De acordo com o n.º6 do artigo 69º do Decreto-Lei nº 236/98, de 1 de agosto e de acordo com o Anexo I do Decreto-Lei n.º 152/97, de 19 de junho, com as alterações introduzidas pelos Decretos-Lei n.º 348/98, de 9 de novembro, n.º 149/2004, de 22 de junho e n.º 198/2008, de 8 de outubro: verificação do n.º mínimo anual de amostras, verificação do n.º máximo de amostras não conformes e verificação do desvio aos valores paramétricos.",,Mensal,Composta (i),,,Borlas,Valor Máximo Observado não superior a 100% VLE,Média anual ≤ VLE,,
TUA20250416001449,Azoto amoniacal (mg/L NH4),N,TUA20250416001449|N,,10,,10.0,,"Anexo XVIII do Decreto-Lei nº 236/98, de 1 de agosto.","De acordo com o n.º6 do artigo 69º do Decreto-Lei nº 236/98, de 1 de agosto e de acordo com o Anexo I do Decreto-Lei n.º 152/97, de 19 de junho, com as alterações introduzidas pelos Decretos-Lei n.º 348/98, de 9 de novembro, n.º 149/2004, de 22 de junho e n.º 198/2008, de 8 de outubro: verificação do n.º mínimo anual de amostras, verificação do n.º máximo de amostras não conformes e verificação do desvio aos valores paramétricos.",,Mensal,Composta (i),,Valor máximo observado ≤ ao dobro do VLE,Borlas (2); Borlas,Valor Máximo Observado não superior a 100% VLE,,,
TUA20250416001449,Óleos e Gorduras (mg/L),O&G,TUA20250416001449|O&G,,15,,15.0,,"Anexo XVIII do Decreto-Lei nº 236/98, de 1 de agosto.","De acordo com o n.º6 do artigo 69º do Decreto-Lei nº 236/98, de 1 de agosto e de acordo com o Anexo I do Decreto-Lei n.º 152/97, de 19 de junho, com as alterações introduzidas pelos Decretos-Lei n.º 348/98, de 9 de novembro, n.º 149/2004, de 22 de junho e n.º 198/2008, de 8 de outubro: verificação do n.º mínimo anual de amostras, verificação do n.º máximo de amostras não conformes e verificação do desvio aos valores paramétricos.",,Mensal,Pontual,Média mensal =< VLE,Valor máximo observado ≤ ao dobro do VLE,Borlas (2); Borlas; Borlas (1),,,,
TUA20250416001449,Carência Bioquímica de Oxigénio (período de estiagem) (mg/L O2),CBO5,TUA20250416001449|CBO5,,20,,20.0,,"Critério de aplicação do artigo 53.º da Lei nº 58/2005, de 29 de dezembro, na sua redação atual, conjugado com Decreto-Lei nº 152/97, de 19 de junho. | Considera-se o período de estiagem de 1 de junho a 30 de setembro.","De acordo com o n.º6 do artigo 69º do Decreto-Lei nº 236/98, de 1 de agosto e de acordo com o Anexo I do Decreto-Lei n.º 152/97, de 19 de junho, com as alterações introduzidas pelos Decretos-Lei n.º 348/98, de 9 de novembro, n.º 149/2004, de 22 de junho e n.º 198/2008, de 8 de outubro: verificação do n.º mínimo anual de amostras, verificação do n.º máximo de amostras não conformes e verificação do desvio aos valores paramétricos.",,,,Média mensal =< VLE; Média anual =< VLE,Valor máximo observado ≤ ao dobro do VLE,Borlas (1); Borlas; Borlas (2),Valor Máximo Observado não superior a 100% VLE,,,
TUA20250416001449,Carência Química de Oxigénio (período de estiagem) (mg/L O2),CQO,TUA20250416001449|CQO,,100,,100.0,,"Critério de aplicação do artigo 53.º da Lei nº 58/2005, de 29 de dezembro, na sua redação atual, conjugado com Decreto-Lei nº 152/97, de 19 de junho. | Considera-se o período de estiagem de 1 de junho a 30 de setembro.","De acordo com o n.º6 do artigo 69º do Decreto-Lei nº 236/98, de 1 de agosto e de acordo com o Anexo I do Decreto-Lei n.º 152/97, de 19 de junho, com as alterações introduzidas pelos Decretos-Lei n.º 348/98, de 9 de novembro, n.º 149/2004, de 22 de junho e n.º 198/2008, de 8 de outubro: verificação do n.º mínimo anual de amostras, verificação do n.º máximo de amostras não conformes e verificação do desvio aos valores paramétricos.",,,,Média mensal =< VLE; Média anual =< VLE,Valor máximo observado ≤ ao dobro do VLE,Borlas (1); Borlas; Borlas (2),Valor Máximo Observado não superior a 100% VLE,,,
TUA20250416001449,Sólidos Suspensos Totais (período de estiagem) (mg/L),SST,TUA20250416001449|SST,,28,,28.0,,"Critério de aplicação do artigo 53.º da Lei nº 58/2005, de 29 de dezembro, na sua redação atual, conjugado com Decreto-Lei nº 152/97, de 19 de junho. | Considera-se o período de estiagem de 1 de junho a 30 de setembro.","De acordo com o n.º6 do artigo 69º do Decreto-Lei nº 236/98, de 1 de agosto e de acordo com o Anexo I do Decreto-Lei n.º 152/97, de 19 de junho, com as alterações introduzidas pelos Decretos-Lei n.º 348/98, de 9 de novembro, n.º 149/2004, de 22 de junho e n.º 198/2008, de 8 de outubro: verificação do n.º mínimo anual de amostras, verificação do n.º máximo de amostras não conformes e verificação do desvio aos valores paramétricos.",,,,Média mensal =< VLE; Média anual =< VLE,Valor máximo observado ≤ ao dobro do VLE,Borlas; Borlas (2); Borlas (1),Valor Máximo Observado não superior a 150% VLE; Valor Máximo Observado não superior a 100% VLE,,,
TUA20250416001449,Azoto total (período de estiagem) (mg/L N),N,TUA20250416001449|N,,12,,12.0,,"Critério de aplicação do artigo 53.º da Lei nº 58/2005, de 29 de dezembro, na sua redação atual, conjugado com Decreto-Lei nº 152/97, de 19 de junho. | Considera-se o período de estiagem de 1 de junho a 30 de setembro.","De acordo com o n.º6 do artigo 69º do Decreto-Lei nº 236/98, de 1 de agosto e de acordo com o Anexo I do Decreto-Lei n.º 152/97, de 19 de junho, com as alterações introduzidas pelos Decretos-Lei n.º 348/98, de 9 de novembro, n.º 149/2004, de 22 de junho e n.º 198/2008, de 8 de outubro: verificação do n.º mínimo anual de amostras, verificação do n.º máximo de amostras não conformes e verificação do desvio aos valores paramétricos.",,,,Média mensal =< VLE,Valor máximo observado ≤ ao dobro do VLE,,,Média anual ≤ VLE,,
TUA20250416001449,Fósforo total (período de estiagem) (mg/L P),P,TUA20250416001449|P,,1.6,,1.6,,"Critério de aplicação do artigo 53.º da Lei nº 58/2005, de 29 de dezembro, na sua redação atual, conjugado com Decreto-Lei nº 152/97, de 19 de junho. | Considera-se o período de estiagem de 1 de junho a 30 de setembro.","De acordo com o n.º6 do artigo 69º do Decreto-Lei nº 236/98, de 1 de agosto e de acordo com o Anexo I do Decreto-Lei n.º 152/97, de 19 de junho, com as alterações introduzidas pelos Decretos-Lei n.º 348/98, de 9 de novembro, n.º 149/2004, de 22 de junho e n.º 198/2008, de 8 de outubro: verificação do n.º mínimo anual de amostras, verificação do n.º máximo de amostras não conformes e verificação do desvio aos valores paramétricos.",,,,,,Borlas,Valor Máximo Observado não superior a 100% VLE,Média anual ≤ VLE,,
TUA20250416001449,Azoto amoniacal (período de estiagem) (mg/L NH4),N,TUA20250416001449|N,,8,,8.0,,"Considera-se o período de estiagem de 1 de junho a 30 de setembro. | Critério de aplicação do artigo 53.º da Lei nº 58/2005, de 29 de dezembro, na sua redação atual, conjugado com Anexo XVIII do Decreto-Lei nº 236/98, de 1 de agosto.","De acordo com o n.º6 do artigo 69º do Decreto-Lei nº 236/98, de 1 de agosto e de acordo com o Anexo I do Decreto-Lei n.º 152/97, de 19 de junho, com as alterações introduzidas pelos Decretos-Lei n.º 348/98, de 9 de novembro, n.º 149/2004, de 22 de junho e n.º 198/2008, de 8 de outubro: verificação do n.º mínimo anual de amostras, verificação do n.º máximo de amostras não conformes e verificação do desvio aos valores paramétricos.",,,,,Valor máximo observado ≤ ao dobro do VLE,Borlas (2); Borlas,Valor Máximo Observado não superior a 100% VLE,,,
TUA20250416001449,Óleos e Gorduras (período de estiagem) (mg/L),O&G,TUA20250416001449|O&G,,12,,12.0,,"Considera-se o período de estiagem de 1 de junho a 30 de setembro. | Critério de aplicação do artigo 53.º da Lei nº 58/2005, de 29 de dezembro, na sua redação atual, conjugado com Anexo XVIII do Decreto-Lei nº 236/98, de 1 de agosto.","De acordo com o n.º6 do artigo 69º do Decreto-Lei nº 236/98, de 1 de agosto e de acordo com o Anexo I do Decreto-Lei n.º 152/97, de 19 de junho, com as alterações introduzidas pelos Decretos-Lei n.º 348/98, de 9 de novembro, n.º 149/2004, de 22 de junho e n.º 198/2008, de 8 de outubro: verificação do n.º mínimo anual de amostras, verificação do n.º máximo de amostras não conformes e verificação do desvio aos valores paramétricos.",,,,Média mensal =< VLE,Valor máximo observado ≤ ao dobro do VLE,Borlas (2); Borlas; Borlas (1),,,,
TUA20250602001876,pH (Escala de Sörensen),pH,TUA20250602001876|pH,,"6,0 - 9,0",6.0,9.0,,"Anexo XVIII do Decreto-Lei n.º 236/98, de 1 de agosto.","De acordo com o artigo 69.º do Decreto-Lei n.º 236/98, de 1 de agosto. Atendendo à origem das águas residuais e aos objetivos de qualidade definidos para a massa de água recetora, o número máximo anual de amostras que podem não ser conformes não pode exceder 1 (uma) para os parâmetros pH, CBO5 e CQO; para o parâmetro Óleos e Gorduras todas as amostras têm de ser conformes.",,Trimestral,Pontual,Média mensal =< VLE,Valor máximo observado ≤ ao dobro do VLE,Borlas (1); Borlas (2); Borlas,Valor Máximo Observado não superior a 100% VLE,,,5<Valor<10; 5<Valor<10????
TUA20250602001876,Carência Bioquímica de Oxigénio (mg/L O2),CBO5,TUA20250602001876|CBO5,,40,,40.0,,"Anexo XVIII do Decreto-Lei n.º 236/98, de 1 de agosto.","De acordo com o artigo 69.º do Decreto-Lei n.º 236/98, de 1 de agosto. Atendendo à origem das águas residuais e aos objetivos de qualidade definidos para a massa de água recetora, o número máximo anual de amostras que podem não ser conformes não pode exceder 1 (uma) para os parâmetros pH, CBO5 e CQO; para o parâmetro Óleos e Gorduras todas as amostras têm de ser conformes.",,Trimestral,Pontual,Média mensal =< VLE; Média anual =< VLE,Valor máximo observado ≤ ao dobro do VLE,Borlas (1); Borlas; Borlas (2),Valor Máximo Observado não superior a 100% VLE,,,
TUA20250602001876,Carência Química de Oxigénio (mg/L O2),CQO,TUA20250602001876|CQO,,150,,150.0,,"Anexo XVIII do Decreto-Lei n.º 236/98, de 1 de agosto.","De acordo com o artigo 69.º do Decreto-Lei n.º 236/98, de 1 de agosto. Atendendo à origem das águas residuais e aos objetivos de qualidade definidos para a massa de água recetora, o número máximo anual de amostras que podem não ser conformes não pode exceder 1 (uma) para os parâmetros pH, CBO5 e CQO; para o parâmetro Óleos e Gorduras todas as amostras têm de ser conformes.",,Trimestral,Pontual,Média mensal =< VLE; Média anual =< VLE,Valor máximo observado ≤ ao dobro do VLE,Borlas (1); Borlas; Borlas (2),Valor Máximo Observado não superior a 100% VLE,,,
TUA20250602001876,Óleos e Gorduras (mg/L),O&G,TUA20250602001876|O&G,,15,,15.0,,"Anexo XVIII do Decreto-Lei n.º 236/98, de 1 de agosto.","De acordo com o artigo 69.º do Decreto-Lei n.º 236/98, de 1 de agosto. Atendendo à origem das águas residuais e aos objetivos de qualidade definidos para a massa de água recetora, o número máximo anual de amostras que podem não ser conformes não pode exceder 1 (uma) para os parâmetros pH, CBO5 e CQO; para o parâmetro Óleos e Gorduras todas as amostras têm de ser conformes.",,,,Média mensal =< VLE,Valor máximo observado ≤ ao dobro do VLE,Borlas (2); Borlas; Borlas (1),,,,
TUA20250722002408,pH (Escala de Sörensen),pH,TUA20250722002408|pH,,6.0 - 9.0,6.0,9.0,,"Anexo XVIII do Decreto-Lei nº 236/98, de 1 de agosto.","De acordo com o n.º6 do artigo 69º do Decreto-Lei nº 236/98, de 1 de agosto e de acordo com o Anexo I do Decreto-Lei n.º 152/97, de 19 de junho, com as alterações introduzidas pelos Decretos-Lei n.º 348/98, de 9 de novembro, n.º 149/2004, de 22 de junho e n.º 198/2008, de 8 de outubro: verificação do n.º mínimo anual de amostras, verificação do n.º máximo de amostras não conformes e verificação do desvio aos valores paramétricos.",,Trimestral,Composta (i),Média mensal =< VLE,Valor máximo observado ≤ ao dobro do VLE,Borlas (1); Borlas (2); Borlas,Valor Máximo Observado não superior a 100% VLE,,,5<Valor<10; 5<Valor<10????
TUA20250722002408,Carência Bioquímica de Oxigénio (mg/L O2),CBO5,TUA20250722002408|CBO5,,40,,40.0,,"Anexo XVIII do Decreto-Lei nº 236/98, de 1 de agosto.","De acordo com o n.º6 do artigo 69º do Decreto-Lei nº 236/98, de 1 de agosto e de acordo com o Anexo I do Decreto-Lei n.º 152/97, de 19 de junho, com as alterações introduzidas pelos Decretos-Lei n.º 348/98, de 9 de novembro, n.º 149/2004, de 22 de junho e n.º 198/2008, de 8 de outubro: verificação do n.º mínimo anual de amostras, verificação do n.º máximo de amostras não conformes e verificação do desvio aos valores paramétricos.",,Trimestral,Composta (i),Média mensal =< VLE; Média anual =< VLE,Valor máximo observado ≤ ao dobro do VLE,Borlas (1); Borlas; Borlas (2),Valor Máximo Observado não superior a 100% VLE,,,
TUA20250722002408,Carência Química de Oxigénio (mg/L O2),CQO,TUA20250722002408|CQO,,150,,150.0,,"Anexo XVIII do Decreto-Lei nº 236/98, de 1 de agosto.","De acordo com o n.º6 do artigo 69º do Decreto-Lei nº 236/98, de 1 de agosto e de acordo com o Anexo I do Decreto-Lei n.º 152/97, de 19 de junho, com as alterações introduzidas pelos Decretos-Lei n.º 348/98, de 9 de novembro, n.º 149/2004, de 22 de junho e n.º 198/2008, de 8 de outubro: verificação do n.º mínimo anual de amostras, verificação do n.º máximo de amostras não conformes e verificação do desvio aos valores paramétricos.",,Trimestral,Composta (i),Média mensal =< VLE; Média anual =< VLE,Valor máximo observado ≤ ao dobro do VLE,Borlas (1); Borlas; Borlas (2),Valor Máximo Observado não superior a 100% VLE,,,
TUA20250722002408,Sólidos Suspensos Totais (mg/L),SST,TUA20250722002408|SST,,60,,60.0,,"Anexo XVIII do Decreto-Lei nº 236/98, de 1 de agosto.","De acordo com o n.º6 do artigo 69º do Decreto-Lei nº 236/98, de 1 de agosto e de acordo com o Anexo I do Decreto-Lei n.º 152/97, de 19 de junho, com as alterações introduzidas pelos Decretos-Lei n.º 348/98, de 9 de novembro, n.º 149/2004, de 22 de junho e n.º 198/2008, de 8 de outubro: verificação do n.º mínimo anual de amostras, verificação do n.º máximo de amostras não conformes e verificação do desvio aos valores paramétricos.",,Trimestral,Composta (i),Média mensal =< VLE; Média anual =< VLE,Valor máximo observado ≤ ao dobro do VLE,Borlas; Borlas (2); Borlas (1),Valor Máximo Observado não superior a 150% VLE; Valor Máximo Observado não superior a 100% VLE,,,
TUA20260202000317,pH (Escala de Sörensen),pH,TUA20260202000317|pH,,6-9,6.0,9.0,,"Abordagem combinada de acordo com o estabelecido no artigo 53.º da Lei nº 58/2005, de 29 de dezembro, na sua redação atual.","Considera-se que as águas residuais tratadas estão conformes para o parâmetro pH, se as amostras revelarem que as águas obedecem à norma de qualidade descrita nesta licença, nos seguintes termos: a) Nenhuma amostra poderá se encontrar fora do intervalo 5,0 -10,0; e b) O número máximo anual de amostras não conformes será obtido através de relação estatística similar à aplicável às águas residuais urbanas, descrita no quadro n.º 3 do Anexo I do Decreto-Lei n.º 152/97, de 19 de junho, na sua redação atual.",,Mensal,Composta (ii),Média mensal =< VLE,Valor máximo observado ≤ ao dobro do VLE,Borlas (1); Borlas (2); Borlas,Valor Máximo Observado não superior a 100% VLE,,,5<Valor<10; 5<Valor<10????
TUA20260202000317,Carência Bioquímica de Oxigénio (mg/L O2),CBO5,TUA20260202000317|CBO5,,40,,40.0,,"Abordagem combinada de acordo com o estabelecido no artigo 53.º da Lei nº 58/2005, de 29 de dezembro, na sua redação atual.","Considera-se que as águas residuais tratadas estão conformes com os parâmetros estabelecidos se, para cada um dos parâmetros aplicáveis, individualmente considerados, as amostras revelarem que as águas obedecem à norma de qualidade descrita nesta licença, nos seguintes termos:a) Nenhuma amostra excede o valor paramétrico em mais de 100%; e b) O número máximo anual de amostras não conformes será obtido através de relação estatística similar à aplicável às águas residuais urbanas, descrita no quadro n.º 3 do Anexo I do Decreto-Lei n.º 152/97, de 19 de junho, na sua redação atual.",,Mensal,Composta (ii),Média mensal =< VLE; Média anual =< VLE,Valor máximo observado ≤ ao dobro do VLE,Borlas (1); Borlas; Borlas (2),Valor Máximo Observado não superior a 100% VLE,,,
TUA20260202000317,Carência Química de Oxigénio (mg/L O2),CQO,TUA20260202000317|CQO,,150,,150.0,,"Abordagem combinada de acordo com o estabelecido no artigo 53.º da Lei nº 58/2005, de 29 de dezembro, na sua redação atual.","Considera-se que as águas residuais tratadas estão conformes com os parâmetros estabelecidos se, para cada um dos parâmetros aplicáveis, individualmente considerados, as amostras revelarem que as águas obedecem à norma de qualidade descrita nesta licença, nos seguintes termos:a) Nenhuma amostra excede o valor paramétrico em mais de 100%; e b) O número máximo anual de amostras não conformes será obtido através de relação estatística similar à aplicável às águas residuais urbanas, descrita no quadro n.º 3 do Anexo I do Decreto-Lei n.º 152/97, de 19 de junho, na sua redação atual.",,Mensal,Composta (ii),Média mensal =< VLE; Média anual =< VLE,Valor máximo observado ≤ ao dobro do VLE,Borlas (1); Borlas; Borlas (2),Valor Máximo Observado não superior a 100% VLE,,,
TUA20260202000317,Sólidos Suspensos Totais (mg/L),SST,TUA20260202000317|SST,,60,,60.0,,"Abordagem combinada de acordo com o estabelecido no artigo 53.º da Lei nº 58/2005, de 29 de dezembro, na sua redação atual.","Considera-se que as águas residuais tratadas estão conformes com os parâmetros estabelecidos se, para cada um dos parâmetros aplicáveis, individualmente considerados, as amostras revelarem que as águas obedecem à norma de qualidade descrita nesta licença, nos seguintes termos:a) Nenhuma amostra excede o valor paramétrico em mais de 100%; e b) O número máximo anual de amostras não conformes será obtido através de relação estatística similar à aplicável às águas residuais urbanas, descrita no quadro n.º 3 do Anexo I do Decreto-Lei n.º 152/97, de 19 de junho, na sua redação atual.",,Mensal,Composta (ii),Média mensal =< VLE; Média anual =< VLE,Valor máximo observado ≤ ao dobro do VLE,Borlas; Borlas (2); Borlas (1),Valor Máximo Observado não superior a 150% VLE; Valor Máximo Observado não superior a 100% VLE,,,
