Nº TUA,Código,Código TURH,Condição,Código Utilização
TUA20220411000574,T000066,L006681.2022.RH5A,"No prazo máximo de 30 dias após a data de atribuição do presente título, deverá ser apresentada uma apólice de seguro ou prestada uma caução no valor de 3000€ a favor da entidade licenciadora, para recuperação ambiental, de acordo e nos termos previstos no número 2 do artigo 49º e alínea A) do Anexo I do Decreto-Lei n.º 226-A/2007, de 31 de maio, que garanta o pagamento de indemnizações por eventuais danos causados por erros ou omissões do projeto relativamente à drenagem e tratamento de efluentes ou pelo incumprimento das disposições legais e regulamentares a ele aplicáveis (minutas disponíveis no sítio da Agência Portuguesa do Ambiente, I.P. na internet em www.apambiente.pt – Instrumentos > Licenciamento das utilizações dos recursos hídricos > Formulários).",
TUA20220411000574,T000067,L006681.2022.RH5A,"Os relatórios de autocontrolo, a enviar à Entidade Licenciadora, deverão incluir a identificação de qualquer alteração nas condições de entrada de efluente, avarias nos equipamentos, ou outras situações que alterem o normal funcionamento da ETAR. Quando se verifique a ocorrência de algum incumprimento deverão ser apresentadas as correspondentes medidas corretivas e preventivas.",
TUA20220411000574,T000068,L006681.2022.RH5A,"O titular obriga-se a reportar à Entidade Licenciadora, os volumes descarregados em situações de by-pass (na ETAR e também nas instalações elevatórias associadas), assim como a indicação do período de ocorrência.",
TUA20220411000574,T000069,L006681.2022.RH5A,"Para efeitos de fiscalização ou inspeção poderão ser recolhidas amostras pontuais e/ou compostas, para avaliação da respetiva conformidade com os valores limites de emissão (VLE) expressos em unidades de concentração (massa por volume). No caso das amostras pontuais os VLE acrescem em 50% para os parâmetros com VLE definido no TURH para amostra composta.",
TUA20220411000574,T000070,L006681.2022.RH5A,"No prazo de 30 dias deverá ser entregue a representação da rede de drenagem do subsistema da ETAR e respetivas estações elevatórias, atualizada e preferencialmente em formato shapefile.",
TUA20220411000574,T000071,L006681.2022.RH5A,"Sempre que se registarem caudais efluentes do sistema de tratamento superiores ao caudal de dimensionamento da ETAR em ano de horizonte do projeto, deverá prestar os devidos esclarecimentos, no final de cada semestre, tendo presente a necessidade de rigorosa justificação de que tais acréscimos de caudal tratado não põem em causa a eficiência do sistema de tratamento. Esta informação deverá ser comunicada via SILiAmb, por mensagem associada a esta licença.",
TUA20220411000574,T000072,L006681.2022.RH5A,"O titular obriga-se a manter um dossier organizado contendo as Fichas de Dados de Segurança de todas as substâncias e/ou preparações perigosas utilizadas, devidamente redigidas em língua portuguesa.",
TUA20220411000574,Código,Código TURH,Condição,
TUA20220411000574,T000073,L006681.2022.RH5A,"O titular obriga-se a manter a área envolvente à descarga, em boas condições de funcionamento hidráulico, pelo que fica desde já autorizado a proceder a medidas de conservação e reabilitação da rede hidrográfica, nomeadamente à limpeza e remoção dos sedimentos depositados no interior da linha de água, bem como a eliminar os elementos vegetais implantados no leito e margens maciços de silvas (Rubus ulmifolius) e de canas (Arundo donax).",
TUA20220420000646,,,"No prazo máximo de 30 dias após a data de atribuição do presente título, deverá ser apresentada uma apólice de seguro ou prestada uma caução no valor de 2500€ a favor da entidade licenciadora, para recuperação ambiental, de acordo e nos termos previstos no número 2 do artigo 49º e alínea A) do Anexo I",
TUA20220420000646,Código,Código TURH,Condição,
TUA20220420000646,T000067,L006976.2022.RH5A,"do Decreto-Lei n.º 226-A/2007, de 31 de maio, que garanta o pagamento de indemnizações por eventuais danos causados por erros ou omissões do projeto relativamente à drenagem e tratamento de efluentes ou pelo incumprimento das disposições legais e regulamentares a ele aplicáveis (minutas disponíveis no sítio da Agência Portuguesa do Ambiente, I.P. na internet em www.apambiente.pt – Instrumentos > Licenciamento das utilizações dos recursos hídricos > Formulários).",
TUA20220420000646,T000068,L006976.2022.RH5A,"O titular obriga-se a reportar à Entidade Licenciadora, com periodicidade mensal, o registo dos caudais mensais relativos ao efluente descarregado.",
TUA20220420000646,T000069,L006976.2022.RH5A,"Os relatórios de autocontrolo, a enviar à Entidade Licenciadora, deverão incluir a identificação de qualquer alteração nas condições de entrada de efluente, avarias nos equipamentos, ou outras situações que alterem o normal funcionamento da ETAR. Quando se verifique a ocorrência de algum incumprimento deverão ser apresentadas as correspondentes medidas corretivas e preventivas",
TUA20220420000646,T000070,L006976.2022.RH5A,"Para efeitos de fiscalização ou inspeção poderão ser recolhidas amostras pontuais e/ou compostas, para avaliação da respetiva conformidade com os valores limites de emissão (VLE) expressos em unidades de concentração (massa por volume). No caso das amostras pontuais os VLE acrescem em 50% para os parâmetros com VLE definido no TURH para amostra composta.",
TUA20220420000646,T000071,L006976.2022.RH5A,O titular da licença deverá implementar as medidas preventivas e minimizadoras das consequências inerentes a uma rejeição de emergência no domínio hídrico. Esta condição poderá ser cumprida com a instalação de geradores de emergência nas estações elevatórias ou implementação de outras medidas similares que permitam prevenir ou minimizar qualquer impacte no domínio hídrico.,
TUA20220420000646,T000072,L006976.2022.RH5A,"Sempre que se registarem caudais efluentes do sistema de tratamento superiores ao caudal de dimensionamento da ETAR em ano de horizonte do projeto, deverá prestar os devidos esclarecimentos, no final de cada semestre, tendo presente a necessidade de rigorosa justificação de que tais acréscimos de caudal tratado não põem em causa a eficiência do sistema de tratamento.",
TUA20220420000646,T000073,L006976.2022.RH5A,"O titular obriga-se a manter um dossier organizado contendo as Fichas de Dados de Segurança de todas as substâncias e/ou preparações perigosas utilizadas, devidamente redigidas em língua portuguesa, devendo, quando existem alterações ou a introdução de novas substâncias enviar, semestralmente, à Entidade Licenciadora a respetiva atualização.",
TUA20220420000646,T000074,L006976.2022.RH5A,"No prazo de 30 dias deverá ser entregue a representação da rede de drenagem do subsistema da ETAR e respetivas estações elevatórias, atualizada e preferencialmente em formato shapefile.",
TUA20220420000646,T000075,L006976.2022.RH5A,No prazo máximo de 180 dias deverão ser instalados todos os equipamentos e implementadas as medidas para cumprimento integral das condições desta licença.,
TUA20220420000646,T000076,L006976.2022.RH5A,"O titular obriga-se a manter a área envolvente à descarga, em boas condições de funcionamento hidráulico, pelo que fica desde já autorizado a proceder a medidas de conservação e reabilitação da rede hidrográfica, nomeadamente à remoção dos sedimentos depositados no interior da linha de água, bem como a eliminar os elementos vegetais implantados no leito e margens maciços de silvas (Rubus ulmifolius) e de canas (Arundo donax).",
TUA20220511000842,T000080,L008397.2022.RH5A,"No prazo máximo de 30 dias após a data de atribuição do presente título, deverá ser apresentada uma apólice de seguro ou prestada uma caução no valor de 9 375 € a favor da entidade licenciadora, para recuperação ambiental, de acordo e nos termos previstos no número 2 do artigo 49º e alínea A) do Anexo I do Decreto-Lei n.º 226-A/2007, de 31 de maio, que garanta o pagamento de indemnizações por eventuais danos causados por erros ou omissões do projeto relativamente à drenagem e tratamento de efluentes ou pelo incumprimento das disposições legais e regulamentares a ele aplicáveis (minutas disponíveis no sítio da Agência Portuguesa do Ambiente, I.P. na internet em www.apambiente.pt – Instrumentos > Licenciamento das utilizações dos recursos hídricos > Formulários).",
TUA20220511000842,T000081,L008397.2022.RH5A,"Sempre que se registarem caudais efluentes do sistema de tratamento superiores ao caudal de dimensionamento da ETAR em ano de horizonte do projeto, deverá prestar os devidos esclarecimentos tendo presente a necessidade de rigorosa justificação de que tais acréscimos de caudal tratado não põem em causa a eficiência do sistema de tratamento.",
TUA20220511000842,Código,Código TURH,Condição,
TUA20220511000842,T000082,L008397.2022.RH5A,"Os reportes de autocontrolo deverão incluir a identificação de qualquer alteração nas condições de entrada de efluente, avarias nos equipamentos, ou outras situações que alterem o normal funcionamento da ETAR. Quando se verifique a ocorrência de algum incumprimento deverão ser apresentadas as correspondentes medidas corretivas e preventivas.",
TUA20220511000842,T000083,L008397.2022.RH5A,"O titular obriga-se para o corrente ano civil, a enviar a calendarização prevista para a recolha de amostras de autocontrolo na ETAR, num prazo de 15 dias a contar da data da emissão do presente título; para cada ano civil, a enviar a calendarização prevista até ao dia 15 de Dezembro do ano anterior; caso a programação prevista seja alterada, a enviar a nova calendarização, com uma antecedência mínima de 15 dias.",
TUA20220511000842,T000084,L008397.2022.RH5A,"Para efeitos de fiscalização ou inspeção poderão ser recolhidas amostras pontuais e/ou compostas, para avaliação da respetiva conformidade com os valores limites de emissão (VLE) expressos em unidades de concentração (mg/L). No caso das amostras pontuais os VLE acrescem em 50% para os parâmetros com VLE definido no TURH para amostra composta",
TUA20220511000842,T000085,L008397.2022.RH5A,"O titular obriga-se a manter um dossier organizado contendo as Fichas de Dados de Segurança de todas as substâncias e/ou preparações perigosas utilizadas, devidamente redigidas em língua portuguesa, devendo, quando existem alterações ou a introdução de novas substâncias enviar, semestralmente, à Entidade Licenciadora a respetiva atualização.",
TUA20220511000842,T000086,L008397.2022.RH5A,"O titular obriga-se a manter a área envolvente à descarga, em boas condições de funcionamento hidráulico, pelo que fica desde já autorizado a proceder a medidas de conservação e reabilitação da rede hidrográfica, nomeadamente à limpeza e remoção dos sedimentos depositados no interior da linha de água, bem como a eliminar os elementos vegetais implantados no leito e margens maciços de silvas (Rubus ulmifolius) e de canas (Arundo donax).",
TUA20220511000842,T000087,L008397.2022.RH5A,"Os parâmetros, N total e P total não constituem atualmente requisito de descarga, no entanto, devem ser analisado para efeitos de cálculo da taxa de recursos hídricos (Decreto-Lei n.º 97/2008 de 11 de Junho).",
TUA20220511000842,T000088,L008397.2022.RH5A,"No prazo de 30 dias deverá ser entregue a representação da rede de drenagem do subsistema da ETAR e respetivas estações elevatórias, atualizada e preferencialmente em formato shapefile.",
TUA20220511000844,T000070,L007123.2022.RH5A,"Os relatórios de autocontrolo, a enviar à Entidade Licenciadora, deverão incluir a identificação de qualquer alteração nas condições de entrada de efluente, avarias nos equipamentos, ou outras situações que alterem o normal funcionamento da ETAR. Quando se verifique a ocorrência de algum incumprimento deverão ser apresentadas as correspondentes medidas corretivas e preventivas.",
TUA20220511000844,T000071,L007123.2022.RH5A,"O titular obriga-se para o corrente ano civil, a enviar a calendarização prevista para a recolha de amostras de autocontrolo na ETAR, num prazo de 15 dias a contar da data da emissão do presente título; para cada ano civil, a enviar a calendarização prevista até ao dia 15 de Dezembro do ano anterior; caso a programação prevista seja alterada, a enviar a nova calendarização, com uma antecedência mínima de 15 dias.",
TUA20220511000844,T000072,L007123.2022.RH5A,"Para efeitos de fiscalização ou inspeção poderão ser recolhidas amostras pontuais e/ou compostas, para avaliação da respetiva conformidade com os valores limites de emissão (VLE) expressos em unidades de concentração (massa por volume). No caso das amostras pontuais os VLE acrescem em 50% para os parâmetros com VLE definido no TURH para amostra composta.",
TUA20220511000844,T000073,L007123.2022.RH5A,"No prazo de 30 dias deverá ser entregue a representação da rede de drenagem do subsistema da ETAR e respetivas estações elevatórias, atualizada e preferencialmente em formato shapefile.",
TUA20220511000844,T000074,L007123.2022.RH5A,"Sempre que se registarem caudais efluentes do sistema de tratamento superiores ao caudal de dimensionamento da ETAR em ano de horizonte do projeto, deverá prestar os devidos esclarecimentos, no final de cada semestre, tendo presente a necessidade de rigorosa justificação de que tais acréscimos de caudal tratado não põem em causa a eficiência do sistema de tratamento.",
TUA20220511000844,T000075,L007123.2022.RH5A,"O titular obriga-se a manter um dossier organizado contendo as Fichas de Dados de Segurança de todas as substâncias e/ou preparações perigosas utilizadas, devidamente redigidas em língua portuguesa, devendo, quando existem alterações ou a introdução de novas substâncias enviar, semestralmente, à Entidade Licenciadora a respetiva atualização.",
TUA20220511000844,T000076,L007123.2022.RH5A,"O titular obriga-se a manter a área envolvente à descarga, em boas condições de funcionamento hidráulico, pelo que fica desde já autorizado a proceder a medidas de conservação e reabilitação da rede hidrográfica, nomeadamente à limpeza e remoção dos sedimentos depositados no interior da linha de água, bem como a eliminar os elementos vegetais implantados no leito e margens maciços de silvas (Rubus ulmifolius) e de canas (Arundo donax).",
TUA20220511000844,T000077,L007123.2022.RH5A,"Os parâmetros N total e P total não constituem atualmente requisito de descarga, no entanto, devem ser analisados para efeitos de cálculo da taxa de recursos hídricos (Decreto-Lei n.º 97/2008 de 11 de Junho).",
TUA20220511000844,T000078,L007123.2022.RH5A,"Sempre que se verifique a necessidade de proceder a uma rejeição de emergência, o titular deverá de imediato tomar todas as medidas com vista a minimizar os efeitos daí decorrentes e comunicar a ocorrência à Entidade Licenciadora num prazo máximo de 24 horas seguintes à mesma, comunicando o período total da interrupção (horas), a justificação da sua inevitabilidade, o volume total rejeitado, as coordenadas do local da descarga e as medidas tomadas para a minimização de impacte nos recursos hídricos.",
TUA20220511000844,,,"No prazo máximo de 30 dias após a data de atribuição do presente título, deverá ser apresentada uma apólice de seguro ou prestada uma caução no valor de 3000€ a favor da entidade Licenciadora, para recuperação ambiental, de acordo e nos termos previstos no número 2 do artigo 49º e alínea A) do Anexo I do Decreto-Lei n.º 226-A/2007, de 31 de maio, que garanta o pagamento de indemnizações por eventuais danos causados por erros ou omissões do",
TUA20220511000844,Código,Código TURH,Condição,
TUA20220511000844,T000079,L007123.2022.RH5A,"projeto relativamente à drenagem e tratamento de efluentes ou pelo incumprimento das disposições legais e regulamentares a ele aplicáveis (minutas disponíveis no sítio da Agência Portuguesa do Ambiente, I.P. na internet em www.apambiente.pt – Instrumentos > Licenciamento das utilizações dos recursos hídricos > Formulários).",
TUA20220511000845,T000071,L006972.2022.RH5A,"Os relatórios de autocontrolo, a enviar à Entidade Licenciadora, deverão incluir a identificação de qualquer alteração nas condições de entrada de efluente, avarias nos equipamentos, ou outras situações que alterem o normal funcionamento da ETAR. Quando se verifique a ocorrência de algum incumprimento deverão ser apresentadas as correspondentes medidas corretivas e preventivas.",
TUA20220511000845,T000072,L006972.2022.RH5A,"O titular obriga-se para o corrente ano civil, a enviar a calendarização prevista para a recolha de amostras de autocontrolo na ETAR, num prazo de 15 dias a contar da data da emissão do presente título; para cada ano civil, a enviar a calendarização prevista até ao dia 15 de Dezembro do ano anterior; caso a programação prevista seja alterada, a enviar a nova calendarização, com uma antecedência mínima de 15 dias.",
TUA20220511000845,T000073,L006972.2022.RH5A,O titular obriga-se a enviar à Entidade Licenciadora o registo dos caudais mensais relativos ao efluente rejeitado.,
TUA20220511000845,T000074,L006972.2022.RH5A,"Para efeitos de fiscalização ou inspeção poderão ser recolhidas amostras pontuais e/ou compostas, para avaliação da respetiva conformidade com os valores limites de emissão (VLE) expressos em unidades de concentração (massa por volume). No caso das amostras pontuais os VLE acrescem em 50% para os parâmetros com VLE definido no TURH para amostra composta.",
TUA20220511000845,T000075,L006972.2022.RH5A,"No prazo de 30 dias deverá ser entregue a representação da rede de drenagem do subsistema da ETAR e respetivas estações elevatórias, atualizada e preferencialmente em formato shapefile. (no caso das renovações).",
TUA20220511000845,T000076,L006972.2022.RH5A,"Sempre que se registarem caudais efluentes do sistema de tratamento superiores ao caudal de dimensionamento da ETAR em ano de horizonte do projeto, deverá prestar os devidos esclarecimentos, no final de cada semestre, tendo presente a necessidade de rigorosa justificação de que tais acréscimos de caudal tratado não põem em causa a eficiência do sistema de tratamento.",
TUA20220511000845,T000077,L006972.2022.RH5A,"O titular obriga-se a manter um dossier organizado contendo as Fichas de Dados de Segurança de todas as substâncias e/ou preparações perigosas utilizadas, devidamente redigidas em língua portuguesa, devendo, quando existem alterações ou a introdução de novas substâncias enviar, semestralmente, à Entidade Licenciadora a respetiva atualização.",
TUA20220511000845,T000078,L006972.2022.RH5A,"O titular obriga-se a manter a área envolvente à descarga, em boas condições de funcionamento hidráulico, pelo que fica desde já autorizado a proceder a medidas de conservação e reabilitação da rede hidrográfica, nomeadamente à limpeza e remoção dos sedimentos depositados no interior da linha de água, bem como a eliminar os elementos vegetais implantados no leito e margens maciços de silvas (Rubus ulmifolius) e de canas (Arundo donax).",
TUA20220511000845,T000079,L006972.2022.RH5A,"Os parâmetros N total e P total não constituem atualmente requisito de descarga, no entanto, devem ser analisados para efeitos de cálculo da taxa de recursos hídricos (Decreto-Lei n.º 97/2008 de 11 de Junho).",
TUA20220511000845,T000080,L006972.2022.RH5A,"Sempre que se verifique a necessidade de proceder a uma rejeição de emergência, o titular deverá de imediato tomar todas as medidas com vista a minimizar os efeitos daí decorrentes e comunicar a ocorrência à Entidade Licenciadora num prazo máximo de 24 horas seguintes à mesma, comunicando o período total da interrupção (horas), a justificação da sua inevitabilidade, o volume total rejeitado, as coordenadas do local da descarga e as medidas tomadas para a minimização de impacte nos recursos hídricos.",
TUA20220511000845,,,"No prazo máximo de 30 dias após a data de atribuição do presente título, deverá ser apresentada uma apólice de seguro ou prestada uma caução no valor de 2000€ a favor da entidade Licenciadora, para recuperação ambiental, de acordo e nos termos previstos no número 2 do artigo 49º e alínea A) do Anexo I do Decreto-Lei n.º 226-A/2007, de 31 de maio, que garanta o pagamento de indemnizações por eventuais danos causados por erros ou omissões do",
TUA20220511000845,Código,Código TURH,Condição,
TUA20220511000845,T000081,L006972.2022.RH5A,"projeto relativamente à drenagem e tratamento de efluentes ou pelo incumprimento das disposições legais e regulamentares a ele aplicáveis (minutas disponíveis no sítio da Agência Portuguesa do Ambiente, I.P. na internet em www.apambiente.pt – Instrumentos > Licenciamento das utilizações dos recursos hídricos > Formulários).",
TUA20220718001522,T000070,L012980.2022.RH5A,"No prazo máximo de 30 dias após a data de atribuição do presente título, deverá ser apresentada uma apólice de seguro ou prestada uma caução no valor de 5250 € a favor da entidade licenciadora, para recuperação ambiental, de acordo e nos termos previstos no número 2 do artigo 49º e alínea A) do Anexo I do Decreto-Lei n.º 226-A/2007, de 31 de maio, que garanta o pagamento de indemnizações por eventuais danos causados por erros ou omissões do projeto relativamente à drenagem e tratamento de efluentes ou pelo incumprimento das disposições legais e regulamentares a ele aplicáveis (minutas disponíveis no sítio da Agência Portuguesa do Ambiente, I.P. na internet em www.apambiente.pt – Instrumentos > Licenciamento das utilizações dos recursos hídricos > Formulários).",
TUA20220718001522,T000071,L012980.2022.RH5A,O titular obriga-se à instalação de medidor de caudal à entrada e saída da Estação de Tratamento.,
TUA20220718001522,T000072,L012980.2022.RH5A,"Os relatórios de autocontrolo, a enviar à Entidade Licenciadora, deverão incluir a identificação de qualquer alteração nas condições de entrada de efluente, avarias nos equipamentos, ou outras situações que alterem o normal funcionamento da ETAR. Quando se verifique a ocorrência de algum incumprimento deverão ser apresentadas as correspondentes medidas corretivas e preventivas.",
TUA20220718001522,Código,Código TURH,Condição,
TUA20220718001522,T000073,L012980.2022.RH5A,"O titular obriga-se a enviar à Entidade Licenciadora, com periodicidade mensal, o registo dos caudais mensais relativos ao afluente bruto e efluente rejeitado.",
TUA20220718001522,T000074,L012980.2022.RH5A,"O titular obriga-se a reportar à Entidade Licenciadora, os volumes descarregados em situações de by-pass (na ETAR e também nas instalações elevatórias associadas), assim como a indicação do período de ocorrência.",
TUA20220718001522,T000075,L012980.2022.RH5A,"Deverão ser implementadas medidas preventivas e minimizadoras das consequências inerentes a uma rejeição de emergência no domínio hídrico. Assim, o titular deverá diligenciar no sentido de dotar a(s) Estação(ões) Elevatória(s) de um gerador de emergência ou implementar medidas alternativas que produzam efeito similar.",
TUA20220718001522,T000076,L012980.2022.RH5A,"Para efeitos de fiscalização ou inspeção poderão ser recolhidas amostras pontuais e/ou compostas, para avaliação da respetiva conformidade com os valores limites de emissão (VLE) expressos em unidades de concentração (massa por volume). No caso das amostras pontuais os VLE acrescem em 50% para os parâmetros com VLE definido no TURH para amostra composta.",
TUA20220718001522,T000077,L012980.2022.RH5A,"No prazo de 30 dias deverá ser entregue a representação da rede de drenagem do subsistema da ETAR e respetivas estações elevatórias, preferencialmente em formato shapefile.",
TUA20220718001522,T000078,L012980.2022.RH5A,No prazo máximo de 180 dias deverão ser instalados todos os equipamentos e implementadas as medidas para cumprimento integral das condições desta licença.,
TUA20220718001522,T000079,L012980.2022.RH5A,"O titular obriga-se a manter a área envolvente à descarga, em boas condições de funcionamento hidráulico, pelo que fica desde já autorizado a proceder a medidas de conservação e reabilitação da rede hidrográfica, nomeadamente à remoção dos sedimentos depositados no interior da linha de água, bem como a eliminar os elementos vegetais implantados no leito e margens maciços de silvas (Rubus ulmifolius) e de canas (Arundo donax).",
TUA20220720001537,T000082,L013050.2022.RH5A,"No prazo máximo de 30 dias após a data de atribuição do presente título, deverá ser apresentada uma apólice de seguro ou prestada uma caução no valor de 5250 € a favor da entidade licenciadora, para recuperação ambiental, de acordo e nos termos previstos no número 2 do artigo 49º e alínea A) do Anexo I do Decreto-Lei n.º 226-A/2007, de 31 de maio, que garanta o pagamento de indemnizações por eventuais danos causados por erros ou omissões do projeto relativamente à drenagem e tratamento de efluentes ou pelo incumprimento das disposições legais e regulamentares a ele aplicáveis (minutas disponíveis no sítio da Agência Portuguesa do Ambiente, I.P. na internet em www.apambiente.pt – Instrumentos &gt; Licenciamento das utilizações dos recursos hídricos &gt; Formulários).",
TUA20220720001537,T000083,L013050.2022.RH5A,O titular obriga-se à instalação de medidor de caudal à entrada e saída da Estação de Tratamento.,
TUA20220720001537,T000084,L013050.2022.RH5A,"Os relatórios de autocontrolo, a enviar à Entidade Licenciadora, deverão incluir a identificação de qualquer alteração nas condições de entrada de efluente, avarias nos equipamentos, ou outras situações que alterem o normal funcionamento da ETAR. Quando se verifique a ocorrência de algum incumprimento deverão ser apresentadas as correspondentes medidas corretivas e preventivas.",
TUA20220720001537,T000085,L013050.2022.RH5A,"O titular obriga-se a enviar à Entidade Licenciadora, com periodicidade mensal, o registo dos caudais mensais relativos ao efluente rejeitado.",
TUA20220720001537,T000086,L013050.2022.RH5A,"O titular obriga-se a reportar à Entidade Licenciadora, os volumes descarregados em situações de by-pass (na ETAR e também nas instalações elevatórias associadas), assim como a indicação do período de ocorrência.",
TUA20220720001537,T000087,L013050.2022.RH5A,"Deverão ser implementadas medidas preventivas e minimizadoras das consequências inerentes a uma rejeição de emergência no domínio hídrico. Assim, o titular deverá diligenciar no sentido de dotar a(s) Estação(ões) Elevatória(s) de um gerador de emergência ou implementar medidas alternativas que produzam efeito similar.",
TUA20220720001537,,,No prazo máximo de 180 dias deverão ser instalados todos os equipamentos e implementadas as medidas para cumprimento integral das,
TUA20220720001537,Código,Código TURH,Condição,
TUA20220720001537,T000088,L013050.2022.RH5A,condições desta licença.,
TUA20220720001537,T000089,L013050.2022.RH5A,"O titular obriga-se a manter a área envolvente à descarga, em boas condições de funcionamento hidráulico, pelo que fica desde já autorizado a proceder a medidas de conservação e reabilitação da rede hidrográfica, nomeadamente à remoção dos sedimentos depositados no interior da linha de água, bem como a eliminar os elementos vegetais implantados no leito e margens maciços de silvas (Rubus ulmifolius) e de canas (Arundo donax).",
TUA20220720001538,T000070,L012836.2022.RH5A,"No prazo máximo de 30 dias após a data de atribuição do presente título, deverá ser apresentada uma apólice de seguro ou prestada uma caução no valor de 3000€ a favor da entidade licenciadora, para recuperação ambiental, de acordo e nos termos previstos no número 2 do artigo 49º e alínea A) do Anexo I do Decreto-Lei n.º 226-A/2007, de 31 de maio, que garanta o pagamento de indemnizações por eventuais danos causados por erros ou omissões do projeto relativamente à drenagem e tratamento de efluentes ou pelo incumprimento das disposições legais e regulamentares a ele aplicáveis (minutas disponíveis no sítio da Agência Portuguesa do Ambiente, I.P. na internet em www.apambiente.pt – Instrumentos &gt; Licenciamento das utilizações dos recursos hídricos &gt; Formulários).",
TUA20220720001538,T000071,L012836.2022.RH5A,O titular obriga-se à instalação de medidor de caudal e saída da Estação de Tratamento.,
TUA20220720001538,T000072,L012836.2022.RH5A,"Os relatórios de autocontrolo, a enviar à Entidade Licenciadora, deverão incluir a identificação de qualquer alteração nas condições de entrada de efluente, avarias nos equipamentos, ou outras situações que alterem o normal funcionamento da ETAR. Quando se verifique a ocorrência de algum incumprimento deverão ser apresentadas as correspondentes medidas corretivas e preventivas.",
TUA20220720001538,T000073,L012836.2022.RH5A,"Deverão ser implementadas medidas preventivas e minimizadoras das consequências inerentes a uma rejeição de emergência no domínio hídrico. Assim, o titular deverá diligenciar no sentido de dotar a(s) Estação(ões) Elevatória(s) de um gerador de emergência ou implementar medidas alternativas que produzam efeito similar.",
TUA20220720001538,T000074,L012836.2022.RH5A,"Para efeitos de fiscalização ou inspeção poderão ser recolhidas amostras pontuais e/ou compostas, para avaliação da respetiva conformidade com os valores limites de emissão (VLE) expressos em unidades de concentração (massa por volume). No caso das amostras pontuais os VLE acrescem em 50% para os parâmetros com VLE definido no TURH para amostra composta.",
TUA20220720001538,T000075,L012836.2022.RH5A,No prazo máximo de 180 dias deverão ser instalados todos os equipamentos e implementadas as medidas para cumprimento integral das condições desta licença.,
TUA20220720001538,T000076,L012836.2022.RH5A,"O titular obriga-se a manter a área envolvente à descarga, em boas condições de funcionamento hidráulico, pelo que fica desde já autorizado a proceder a medidas de conservação e reabilitação da rede hidrográfica, nomeadamente à remoção dos sedimentos depositados no interior da linha de água, bem como a eliminar os elementos vegetais implantados no leito e margens maciços de silvas (Rubus ulmifolius) e de canas (Arundo donax).",
TUA20220919002148,T000063,L016764.2022.RH5A,"No prazo máximo de 30 dias após a data de atribuição do presente título, deverá ser apresentada uma apólice de seguro ou prestada uma caução no valor de 1000 € a favor da entidade licenciadora, para recuperação ambiental, de acordo e nos termos previstos no número 2 do artigo 49º e alínea A) do Anexo I do Decreto-Lei n.º 226-A/2007, de 31 de maio, que garanta o pagamento de indemnizações por eventuais danos causados por erros ou omissões do projeto relativamente à drenagem e tratamento de efluentes ou pelo incumprimento das disposições legais e regulamentares a ele aplicáveis (minutas disponíveis no sítio da Agência Portuguesa do Ambiente, I.P. na internet em www.apambiente.pt – Instrumentos > Licenciamento das utilizações dos recursos hídricos > Formulários).",
TUA20220919002148,T000064,L016764.2022.RH5A,"Os relatórios de autocontrolo, a enviar à Entidade Licenciadora, deverão incluir a identificação de qualquer alteração nas condições de entrada de efluente, avarias nos equipamentos, ou outras situações que alterem o normal funcionamento da ETAR. Quando se verifique a ocorrência de algum incumprimento deverão ser apresentadas as correspondentes medidas corretivas e preventivas.",
TUA20220919002148,T000065,L016764.2022.RH5A,"O titular obriga-se para o corrente ano civil, a enviar a calendarização prevista para a recolha de amostras de autocontrolo na ETAR, num prazo de 15 dias a contar da data da emissão do presente título; para cada ano civil, a enviar a calendarização prevista até ao dia 15 de Dezembro do ano anterior; caso a programação prevista seja alterada, a enviar a nova calendarização, com uma antecedência mínima de 15 dias.",
TUA20220919002148,T000066,L016764.2022.RH5A,"Para efeitos de fiscalização ou inspeção poderão ser recolhidas amostras pontuais e/ou compostas, para avaliação da respetiva conformidade com os valores limites de emissão (VLE) expressos em unidades de concentração (massa por volume). No caso das amostras pontuais os VLE acrescem em 50% para os parâmetros com VLE definido no TURH para amostra composta.",
TUA20220919002148,T000067,L016764.2022.RH5A,"O titular obriga-se a manter um dossier organizado contendo as Fichas de Dados de Segurança de todas as substâncias e/ou preparações perigosas utilizadas, devidamente redigidas em língua portuguesa.",
TUA20220919002148,T000068,L016764.2022.RH5A,"O titular obriga-se a manter a área envolvente à descarga, em boas condições de funcionamento hidráulico, pelo que fica desde já autorizado a proceder a medidas de conservação e reabilitação da rede hidrográfica, nomeadamente à limpeza e remoção dos sedimentos depositados no interior da linha de água, bem como a eliminar os elementos vegetais implantados no leito e margens maciços de silvas (Rubus ulmifolius) e de canas (Arundo donax).",
TUA20220919002148,T000069,L016764.2022.RH5A,"As determinações analíticas conducentes à verificação do cumprimento do programa de autocontrolo devem ser preferencialmente realizadas por laboratórios acreditados para o efeito, devendo, nos restantes casos, ser realizadas por laboratórios que mantenham um sistema de controlo de qualidade analítica devidamente documentado e atualizado, à semelhança das orientações descritas na Diretiva 2009/90/CE, transposta para direito interno pelo Decreto-Lei n.º 83/2011, de 20 de junho. Os boletins analíticos terão de vir acompanhados da indicação dos limites de deteção, de quantificação e da incerteza. Os procedimentos de amostragem deverão ser efetuados aplicando boas práticas internacionais de laboratório a fim de reduzir ao mínimo a degradação das amostras entre a colheita e a análise.",
TUA20220919002148,T000070,L016764.2022.RH5A,"Sempre que se registarem caudais efluentes do sistema de tratamento superiores ao caudal de dimensionamento da ETAR em ano de horizonte do projeto, deverá prestar os devidos esclarecimentos, no final de cada semestre, tendo presente a necessidade de rigorosa justificação de que tais acréscimos de caudal tratado não põem em causa a eficiência do sistema de tratamento.",
TUA20220919002148,T000071,L016764.2022.RH5A,O titular obriga-se à instalação de medidor de caudal à saída da Estação de Tratamento.,
TUA20220922002189,T000061,L002661.2018.RH3,"É dispensada a apresentação de apólice de seguro ou prestada uma caução para recuperação ambiental nos termos do disposto no art.º 22º, n.º 226-A/2007, de 31 de maio com as alterações introduzidas pelo Decreto-Lei n.º 82/2010, de 2 de julho.",
TUA20220922002189,T000062,L002661.2018.RH3,"No prazo máximo de 30 dias após a data de atribuição do presente título, deverá ser apresentada uma apólice de seguro ou prestada uma caução no valor de 2 500 € a favor da entidade licenciadora, para recuperação ambiental, de acordo e nos termos previstos no número 2 do artigo 49º e alínea A) do Anexo I do Decreto-Lei n.º 226-A/2007, de 31 de maio, que garanta o pagamento de indemnizações por eventuais danos causados por erros ou omissões do projeto relativamente à drenagem e tratamento de efluentes ou pelo incumprimento das disposições legais e regulamentares a ele aplicáveis (minutas disponíveis no sítio da Agência Portuguesa do Ambiente, I.P. na internet em www.apambiente.pt – Instrumentos > Licenciamento das utilizações dos recursos hídricos > Formulários).",
TUA20220922002189,T000063,L002661.2018.RH3,A monitorização dos parâmetros Azoto total e Fósforo total é para efeitos do cálculo da TRH nos termos do Decreto-Lei n.º 97/2008 de 11 de junho.,
TUA20220922002189,T000064,L002661.2018.RH3,"As determinações analíticas conducentes à verificação do cumprimento do programa de autocontrolo devem ser preferencialmente realizadas por laboratórios acreditados para o efeito, devendo, nos restantes casos, ser realizadas por laboratórios que mantenham um sistema de controlo de qualidade analítica devidamente documentado e atualizado, à semelhança das orientações descritas na Diretiva 2009/90/CE, transposta para direito interno pelo Decreto-Lei n.º 83/2011, de 20 de junho, e das suas sucessivas atualizações. Os boletins analíticos terão de vir acompanhados da indicação dos limites de deteção, de quantificação e da incerteza. Os procedimentos de amostragem deverão ser efetuados aplicando boas práticas internacionais de laboratório a fim de reduzir ao mínimo a degradação das amostras entre a colheita e a análise.",
TUA20220922002189,T000065,L002661.2018.RH3,Para efeitos de fiscalização ou inspeção podem ser recolhidas amostras pontuais. Para avaliação da respetiva conformidade as amostras pontuais podem exceder em 50% os valores limites de emissão (VLE) definidos no TURH.,
TUA20220922002189,T000066,L002661.2018.RH3,"O titular obriga-se a manter a área envolvente à descarga em boas condições de funcionamento hidráulico, pelo que está autorizado a proceder a medidas de conservação, manutenção e reabilitação em domínio hídrico público, nomeadamente à limpeza e remoção dos sedimentos depositados no leito da linha de água, bem como ao corte e remoção de matéria vegetal de natureza infestante que se desenvolva no leito e nas margens, por exemplo: maciços de silvas (Rubus ulmifolius) e de canas (Arundo donax).",
TUA20220922002189,T000067,L002661.2018.RH3,"O presente título renova a licença de utilização dos recursos hídricos n.º: L002661.2018.RH3, válida até 07/03/2023.",
TUA20220922002190,T000061,L002662.2018.RH3,"É dispensada a apresentação de apólice de seguro ou prestada uma caução para recuperação ambiental nos termos do disposto no art.º 22º, n.º 226-A/2007, de 31 de maio com as alterações introduzidas pelo Decreto-Lei n.º 82/2010, de 2 de julho.",
TUA20220922002190,T000062,L002662.2018.RH3,"No prazo máximo de 30 dias após a data de atribuição do presente título, deverá ser apresentada uma apólice de seguro ou prestada uma caução no valor de 4 375 € a favor da entidade licenciadora, para recuperação ambiental, de acordo e nos termos previstos no número 2 do artigo 49º e alínea A) do Anexo I do Decreto-Lei n.º 226-A/2007, de 31 de maio, que garanta o pagamento de indemnizações por eventuais danos causados por erros ou omissões do projeto relativamente à drenagem e tratamento de efluentes ou pelo incumprimento das disposições legais e regulamentares a ele aplicáveis (minutas disponíveis no sítio da Agência Portuguesa do Ambiente, I.P. na internet em www.apambiente.pt – Instrumentos > Licenciamento das utilizações dos recursos hídricos > Formulários).",
TUA20220922002190,T000063,L002662.2018.RH3,A monitorização dos parâmetros Azoto total e Fósforo total é para efeitos do cálculo da TRH nos termos do Decreto-Lei n.º 97/2008 de 11 de junho.,
TUA20220922002190,T000064,L002662.2018.RH3,Para efeitos de fiscalização ou inspeção podem ser recolhidas amostras pontuais. Para avaliação da respetiva conformidade as amostras pontuais podem exceder em 50% os valores limites de emissão (VLE) definidos no TURH.,
TUA20220922002190,T000065,L002662.2018.RH3,"O presente título renova a licença de utilização dos recursos hídricos n.º L002662.2018.RH3, válida até 07/03/2023.",
TUA20220927002236,T000060,L003469.2017.RH3,"É dispensada a apresentação de apólice de seguro ou prestada uma caução para recuperação ambiental nos termos do disposto no art.º 22º, n.º 226-A/2007, de 31 de maio com as alterações introduzidas pelo Decreto-Lei n.º 82/2010, de 2 de julho.",
TUA20220927002236,T000061,L003469.2017.RH3,"No prazo máximo de 30 dias após a data de atribuição do presente título, deverá ser apresentada uma apólice de seguro ou prestada uma caução no valor de 8 250 € a favor da entidade licenciadora, para recuperação ambiental, de acordo e nos termos previstos no número 2 do artigo 49º e alínea A) do Anexo I do Decreto-Lei n.º 226-A/2007, de 31 de maio, que garanta o pagamento de indemnizações por eventuais danos causados por erros ou omissões do projeto relativamente à drenagem e tratamento de efluentes ou pelo incumprimento das disposições legais e regulamentares a ele aplicáveis (minutas disponíveis no sítio da Agência Portuguesa do Ambiente, I.P. na internet em www.apambiente.pt – Instrumentos > Licenciamento das utilizações dos recursos hídricos > Formulários).",
TUA20220927002236,T000062,L003469.2017.RH3,A monitorização dos parâmetros Azoto total e Fósforo total é para efeitos do cálculo da TRH nos termos do Decreto-Lei n.º 97/2008 de 11 de junho.,
TUA20220927002236,T000063,L003469.2017.RH3,Para efeitos de fiscalização ou inspeção podem ser recolhidas amostras pontuais. Para avaliação da respetiva conformidade as amostras pontuais podem exceder em 50% os valores limites de emissão (VLE) definidos no TURH.,
TUA20220927002236,T000064,L003469.2017.RH3,"O titular obriga-se a manter a área envolvente à descarga em boas condições de funcionamento hidráulico, pelo que está autorizado a proceder a medidas de conservação, manutenção e reabilitação em domínio hídrico público, nomeadamente à limpeza e remoção dos sedimentos depositados no leito da linha de água, bem como ao corte e remoção de matéria vegetal de natureza infestante que se desenvolva no leito e nas margens, por exemplo: maciços de silvas (Rubus ulmifolius) e de canas (Arundo donax).",
TUA20220927002236,T000065,L003469.2017.RH3,"O presente título renova a licença de utilização dos recursos hídricos n.º L003469.2017.RH3, válida até 07/03/2023.",
TUA20220930002259,T000061,L002663.2018.RH3,"É dispensada a apresentação de apólice de seguro ou prestada uma caução para recuperação ambiental nos termos do disposto no art.º 22º, n.º 226-A/2007, de 31 de maio com as alterações introduzidas pelo Decreto-Lei n.º 82/2010, de 2 de julho.",
TUA20220930002259,T000062,L002663.2018.RH3,"No prazo máximo de 30 dias após a data de atribuição do presente título, deverá ser apresentada uma apólice de seguro ou prestada uma caução no valor de 6 250 € a favor da entidade licenciadora, para recuperação ambiental, de acordo e nos termos previstos no número 2 do artigo 49º e alínea A) do Anexo I do Decreto-Lei n.º 226-A/2007, de 31 de maio, que garanta o pagamento de indemnizações por eventuais danos causados por erros ou omissões do projeto relativamente à drenagem e tratamento de efluentes ou pelo incumprimento das disposições legais e regulamentares a ele aplicáveis (minutas disponíveis no sítio da Agência Portuguesa do Ambiente, I.P. na internet em www.apambiente.pt – Instrumentos > Licenciamento das utilizações dos recursos hídricos > Formulários).",
TUA20220930002259,T000063,L002663.2018.RH3,"As determinações analíticas conducentes à verificação do cumprimento do programa de autocontrolo devem ser preferencialmente realizadas por laboratórios acreditados para o efeito, devendo, nos restantes casos, ser realizadas por laboratórios que mantenham um sistema de controlo de qualidade analítica devidamente documentado e atualizado, à semelhança das orientações descritas na Diretiva 2009/90/CE, transposta para direito interno pelo Decreto-Lei n.º 83/2011, de 20 de junho, e das suas sucessivas atualizações. Os boletins analíticos terão de vir acompanhados da indicação dos limites de deteção, de quantificação e da incerteza. Os procedimentos de amostragem deverão ser efetuados aplicando boas práticas internacionais de laboratório a fim de reduzir ao mínimo a degradação das amostras entre a colheita e a análise.",
TUA20220930002259,T000064,L002663.2018.RH3,Para efeitos de fiscalização ou inspeção podem ser recolhidas amostras pontuais. Para avaliação da respetiva conformidade as amostras pontuais podem exceder em 50% os valores limites de emissão (VLE) definidos no TURH.,
TUA20220930002259,T000065,L002663.2018.RH3,"O titular obriga-se a manter a área envolvente à descarga em boas condições de funcionamento hidráulico, pelo que está autorizado a proceder a medidas de conservação, manutenção e reabilitação em domínio hídrico público, nomeadamente à limpeza e remoção dos sedimentos depositados no leito da linha de água, bem como ao corte e remoção de matéria vegetal de natureza infestante que se desenvolva no leito e nas margens, por exemplo: maciços de silvas (Rubus ulmifolius) e de canas (Arundo donax).",
TUA20220930002259,T000066,L002663.2018.RH3,"O presente título renova a licença de utilização dos recursos hídricos n.º L002663.2018.RH3, válida até 07/03/2023.",
TUA20221010002354,T000066,L017862.2017.RH5A,"No prazo máximo de 30 dias após a data de atribuição do presente título, deverá ser apresentada uma apólice de seguro ou prestada uma caução no valor de 4 375 € (quatro mil, trezentos e setenta e cinco euros) a favor da entidade licenciadora, para recuperação ambiental, de acordo e nos termos previstos no número 2 do artigo 49º e alínea A) do Anexo I do Decreto-Lei n.º 226-A/2007, de 31 de maio, que garanta o pagamento de indemnizações por eventuais danos causados por erros ou omissões do projeto relativamente à drenagem e tratamento de efluentes ou pelo incumprimento das disposições legais e regulamentares a ele aplicáveis (minutas disponíveis no sítio da Agência Portuguesa do Ambiente, I.P. na internet em www.apambiente.pt – Instrumentos > Licenciamento das utilizações dos recursos hídricos > Formulários).",
TUA20221010002354,T000067,L017862.2017.RH5A,"O titular obriga-se a enviar à Entidade Licenciadora o registo dos caudais mensais relativos ao efluente rejeitado. Esta informação deverá ser comunicada juntamente com o autocontrolo, via SILiAmb, na área de Autocontrolo.",
TUA20221010002354,T000068,L017862.2017.RH5A,"Os relatórios de autocontrolo, a enviar à Entidade Licenciadora, deverão incluir a identificação de qualquer alteração nas condições de entrada de efluente, avarias nos equipamentos, ou outras situações que alterem o normal funcionamento da ETAR. Quando se verifique a ocorrência de algum incumprimento deverão ser apresentadas as correspondentes medidas corretivas e preventivas. Esta informação deverá ser comunicada via SILiAmb, na área de Autocontrolo.",
TUA20221010002354,T000069,L017862.2017.RH5A,"O titular obriga-se para o corrente ano civil, a enviar a calendarização prevista para a recolha de amostras de autocontrolo na ETAR, num prazo de 15 dias a contar da data da emissão do presente título; para cada ano civil, a enviar a calendarização prevista até ao dia 15 de Dezembro do ano anterior; caso a programação prevista seja alterada, a enviar a nova calendarização, com uma antecedência mínima de 15 dias. Esta informação deverá ser comunicada via SILiAmb, via mensagem associada a esta licença.",
TUA20221010002354,T000070,L017862.2017.RH5A,"O titular obriga-se a reportar à Entidade Licenciadora, os volumes descarregados em situações de by-pass (na ETAR e também nas instalações elevatórias associadas), assim como a indicação do período de ocorrência.",
TUA20221010002354,T000071,L017862.2017.RH5A,"Deverão ser implementadas medidas preventivas e minimizadoras das consequências inerentes a uma rejeição de emergência no domínio hídrico. Assim, o titular deverá diligenciar no sentido de dotar a(s) Estação(ões) Elevatória(s) de um gerador de emergência ou implementar medidas alternativas que produzam efeito similar.",
TUA20221010002354,T000072,L017862.2017.RH5A,"O titular obriga-se a manter a área envolvente à descarga, em boas condições de funcionamento hidráulico, pelo que fica desde já autorizado a proceder a medidas de conservação e reabilitação da rede hidrográfica, nomeadamente à limpeza e remoção dos sedimentos depositados no interior da linha de água, bem como a eliminar os elementos vegetais implantados no leito e margens maciços de silvas (Rubus ulmifolius) e de canas (Arundo donax).",
TUA20221010002354,Código,Código TURH,Condição,
TUA20221010002354,T000073,L017862.2017.RH5A,"As determinações analíticas conducentes à verificação do cumprimento do programa de autocontrolo devem ser preferencialmente realizadas por laboratórios acreditados para o efeito, devendo, nos restantes casos, ser realizadas por laboratórios que mantenham um sistema de controlo de qualidade analítica devidamente documentado e atualizado, à semelhança das orientações descritas na Diretiva 2009/90/CE, transposta para direito interno pelo Decreto-Lei n.º 83/2011, de 20 de junho. Os boletins analíticos terão de vir acompanhados da indicação dos limites de deteção, de quantificação e da incerteza. Os procedimentos de amostragem deverão ser efetuados aplicando boas práticas internacionais de laboratório a fim de reduzir ao mínimo a degradação das amostras entre a colheita e a análise.",
TUA20221010002355,T000070,L017689.2017.RH5A,"No prazo máximo de 30 dias após a data de atribuição do presente título, deverá ser apresentada uma apólice de seguro ou prestada uma caução no valor de 6 250 € (seis mil, duzentos e cinquenta euros) a favor da entidade licenciadora, para recuperação ambiental, de acordo e nos termos previstos no número 2 do artigo 49º e alínea A) do Anexo I do Decreto-Lei n.º 226-A/2007, de 31 de maio, que garanta o pagamento de indemnizações por eventuais danos causados por erros ou omissões do projeto relativamente à drenagem e tratamento de efluentes ou pelo incumprimento das disposições legais e regulamentares a ele aplicáveis (minutas disponíveis no sítio da Agência Portuguesa do Ambiente, I.P. na internet em www.apambiente.pt – Instrumentos > Licenciamento das utilizações dos recursos hídricos > Formulários).",
TUA20221010002355,T000071,L017689.2017.RH5A,"O titular obriga-se a enviar à Entidade Licenciadora o registo dos caudais mensais relativos ao efluente rejeitado. Esta informação deverá ser comunicada juntamente com o autocontrolo, via SILiAmb, na área de Autocontrolo.",
TUA20221010002355,T000072,L017689.2017.RH5A,"Os relatórios de autocontrolo, a enviar à Entidade Licenciadora, deverão incluir a identificação de qualquer alteração nas condições de entrada de efluente, avarias nos equipamentos, ou outras situações que alterem o normal funcionamento da ETAR. Quando se verifique a ocorrência de algum incumprimento deverão ser apresentadas as correspondentes medidas corretivas e preventivas. Esta informação deverá ser comunicada via SILiAmb, na área de Autocontrolo.",
TUA20221010002355,T000073,L017689.2017.RH5A,"O titular obriga-se para o corrente ano civil, a enviar a calendarização prevista para a recolha de amostras de autocontrolo na ETAR, num prazo de 15 dias a contar da data da emissão do presente título; para cada ano civil, a enviar a calendarização prevista até ao dia 15 de Dezembro do ano anterior; caso a programação prevista seja alterada, a enviar a nova calendarização, com uma antecedência mínima de 15 dias. Esta informação deverá ser comunicada via SILiAmb, via mensagem associada a esta licença.",
TUA20221010002355,T000074,L017689.2017.RH5A,"Para efeitos de fiscalização ou inspeção poderão ser recolhidas amostras pontuais e/ou compostas, para avaliação da respetiva conformidade com os valores limites de emissão (VLE) expressos em unidades de concentração (massa por volume). No caso das amostras pontuais os VLE acrescem em 50% para os parâmetros com VLE definido no TURH para amostra composta.",
TUA20221010002355,T000075,L017689.2017.RH5A,"Sempre que se registarem caudais efluentes do sistema de tratamento superiores ao caudal de dimensionamento da ETAR em ano de horizonte do projeto, deverá prestar os devidos esclarecimentos, no final de cada semestre, tendo presente a necessidade de rigorosa justificação de que tais acréscimos de caudal tratado não põem em causa a eficiência do sistema de tratamento. Esta informação deverá ser comunicada via SILiAmb, por mensagem associada a esta licença.",
TUA20221010002355,T000076,L017689.2017.RH5A,"O titular obriga-se a manter a área envolvente à descarga, em boas condições de funcionamento hidráulico, pelo que fica desde já autorizado a proceder a medidas de conservação e reabilitação da rede hidrográfica, nomeadamente à limpeza e remoção dos sedimentos depositados no interior da linha de água, bem como a eliminar os elementos vegetais implantados no leito e margens maciços de silvas (Rubus ulmifolius) e de canas (Arundo donax).",
TUA20221010002355,T000077,L017689.2017.RH5A,"As determinações analíticas conducentes à verificação do cumprimento do programa de autocontrolo devem ser preferencialmente realizadas por laboratórios acreditados para o efeito, devendo, nos restantes casos, ser realizadas por laboratórios que mantenham um sistema de controlo de qualidade analítica devidamente documentado e atualizado, à semelhança das orientações descritas na Diretiva 2009/90/CE, transposta para direito interno pelo Decreto-Lei n.º 83/2011, de 20 de junho. Os boletins analíticos terão de vir acompanhados da indicação dos limites de deteção, de quantificação e da incerteza. Os procedimentos de amostragem deverão ser efetuados aplicando boas práticas internacionais de laboratório a fim de reduzir ao mínimo a degradação das amostras entre a colheita e a análise.",
TUA20221010002356,T000069,L017985.2022.RH5A,"No prazo máximo de 30 dias após a data de atribuição do presente título, deverá ser apresentada uma apólice de seguro ou prestada uma caução no valor de 5 000 € (cinco mil euros) a favor da entidade licenciadora, para recuperação ambiental, de acordo e nos termos previstos no número 2 do artigo 49º e alínea A) do Anexo I do Decreto-Lei n.º 226-A/2007, de 31 de maio, que garanta o pagamento de indemnizações por eventuais danos causados por erros ou omissões do projeto relativamente à drenagem e tratamento de efluentes ou pelo incumprimento das disposições legais e regulamentares a ele aplicáveis (minutas disponíveis no sítio da Agência Portuguesa do Ambiente, I.P. na internet em www.apambiente.pt – Instrumentos > Licenciamento das utilizações dos recursos hídricos > Formulários).",
TUA20221010002356,T000070,L017985.2022.RH5A,"O titular obriga-se a enviar à Entidade Licenciadora o registo dos caudais mensais relativos ao efluente rejeitado. Esta informação deverá ser comunicada juntamente com o autocontrolo, via SILiAmb, na área de Autocontrolo.",
TUA20221010002356,T000071,L017985.2022.RH5A,"Os relatórios de autocontrolo, a enviar à Entidade Licenciadora, deverão incluir a identificação de qualquer alteração nas condições de entrada de efluente, avarias nos equipamentos, ou outras situações que alterem o normal funcionamento da ETAR. Quando se verifique a ocorrência de algum incumprimento deverão ser apresentadas as correspondentes medidas corretivas e preventivas. Esta informação deverá ser comunicada via SILiAmb, na área de Autocontrolo.",
TUA20221010002356,T000072,L017985.2022.RH5A,"O titular obriga-se para o corrente ano civil, a enviar a calendarização prevista para a recolha de amostras de autocontrolo na ETAR, num prazo de 15 dias a contar da data da emissão do presente título; para cada ano civil, a enviar a calendarização prevista até ao dia 15 de Dezembro do ano anterior; caso a programação prevista seja alterada, a enviar a nova calendarização, com uma antecedência mínima de 15 dias. Esta informação deverá ser comunicada via SILiAmb, via mensagem associada a esta licença.",
TUA20221010002356,T000073,L017985.2022.RH5A,"Sempre que se registarem caudais efluentes do sistema de tratamento superiores ao caudal de dimensionamento da ETAR em ano de horizonte do projeto, deverá prestar os devidos esclarecimentos, no final de cada semestre, tendo presente a necessidade de rigorosa justificação de que tais acréscimos de caudal tratado não põem em causa a eficiência do sistema de tratamento. Esta informação deverá ser comunicada via SILiAmb, por mensagem associada a esta licença.",
TUA20221010002356,T000074,L017985.2022.RH5A,"Deverão ser implementadas medidas preventivas e minimizadoras das consequências inerentes a uma rejeição de emergência no domínio hídrico. Assim, o titular deverá diligenciar no sentido de dotar a(s) Estação(ões) Elevatória(s) de um gerador de emergência ou implementar medidas alternativas que produzam efeito similar.",
TUA20221010002356,T000075,L017985.2022.RH5A,"O titular obriga-se a manter a área envolvente à descarga, em boas condições de funcionamento hidráulico, pelo que fica desde já autorizado a proceder a medidas de conservação e reabilitação da rede hidrográfica, nomeadamente à limpeza e remoção dos sedimentos depositados no interior da linha de água, bem como a eliminar os elementos vegetais implantados no leito e margens maciços de silvas (Rubus ulmifolius) e de canas (Arundo donax).",
TUA20221010002356,T000076,L017985.2022.RH5A,"As determinações analíticas conducentes à verificação do cumprimento do programa de autocontrolo devem ser preferencialmente realizadas por laboratórios acreditados para o efeito, devendo, nos restantes casos, ser realizadas por laboratórios que mantenham um sistema de controlo de qualidade analítica devidamente documentado e atualizado, à semelhança das orientações descritas na Diretiva 2009/90/CE, transposta para direito interno pelo Decreto-Lei n.º 83/2011, de 20 de junho. Os boletins analíticos terão de vir acompanhados da indicação dos limites de deteção, de quantificação e da incerteza. Os procedimentos de amostragem deverão ser efetuados aplicando boas práticas internacionais de laboratório a fim de reduzir ao mínimo a degradação das amostras entre a colheita e a análise.",
TUA20221010002358,T000069,L017897.2017.RH5A,"No prazo máximo de 30 dias após a data de atribuição do presente título, deverá ser apresentada uma apólice de seguro ou prestada uma caução no valor de 9 375 € ( nove mil, trezentos e setenta e cinco euros) a favor da entidade licenciadora, para recuperação ambiental, de acordo e nos termos previstos no número 2 do artigo 49º e alínea A) do Anexo I do Decreto-Lei n.º 226-A/2007, de 31 de maio, que garanta o pagamento de indemnizações por eventuais danos causados por erros ou omissões do projeto relativamente à drenagem e tratamento de efluentes ou pelo incumprimento das disposições legais e regulamentares a ele aplicáveis (minutas disponíveis no sítio da Agência Portuguesa do Ambiente, I.P. na internet em www.apambiente.pt – Instrumentos > Licenciamento das utilizações dos recursos hídricos > Formulários).",
TUA20221010002358,T000070,L017897.2017.RH5A,O titular obriga-se a enviar à Entidade Licenciadora o registo dos caudais médios diários e dos caudais médios mensais relativos ao efluente rejeitado.,
TUA20221010002358,T000071,L017897.2017.RH5A,"O titular obriga-se a enviar à Entidade Licenciadora o registo dos caudais mensais relativos ao afluente bruto e efluente rejeitado. Esta informação deverá ser comunicada juntamente com o autocontrolo, via SILiAmb, na área de Autocontrolo.",
TUA20221010002358,T000072,L017897.2017.RH5A,"O titular obriga-se para o corrente ano civil, a enviar a calendarização prevista para a recolha de amostras de autocontrolo na ETAR, num prazo de 15 dias a contar da data da emissão do presente título; para cada ano civil, a enviar a calendarização prevista até ao dia 15 de Dezembro do ano anterior; caso a programação prevista seja alterada, a enviar a nova calendarização, com uma antecedência mínima de 15 dias. Esta informação deverá ser comunicada via SILiAmb, via mensagem associada a esta licença.",
TUA20221010002358,T000073,L017897.2017.RH5A,"Para efeitos de fiscalização ou inspeção poderão ser recolhidas amostras pontuais e/ou compostas, para avaliação da respetiva conformidade com os valores limites de emissão (VLE) expressos em unidades de concentração (massa por volume). No caso das amostras pontuais os VLE acrescem em 50% para os parâmetros com VLE definido no TURH para amostra composta.",
TUA20221010002358,T000074,L017897.2017.RH5A,"Sempre que se registarem caudais efluentes do sistema de tratamento superiores ao caudal de dimensionamento da ETAR em ano de horizonte do projeto, deverá prestar os devidos esclarecimentos, no final de cada semestre, tendo presente a necessidade de rigorosa justificação de que tais acréscimos de caudal tratado não põem em causa a eficiência do sistema de tratamento.",
TUA20221010002358,T000075,L017897.2017.RH5A,"O titular obriga-se a manter a área envolvente à descarga, em boas condições de funcionamento hidráulico, pelo que fica desde já autorizado a proceder a medidas de conservação e reabilitação da rede hidrográfica, nomeadamente à limpeza e remoção dos sedimentos depositados no interior da linha de água, bem como a eliminar os elementos vegetais implantados no leito e margens maciços de silvas (Rubus ulmifolius) e de canas (Arundo donax).",
TUA20221010002358,T000076,L017897.2017.RH5A,"O titular obriga-se a reportar à Entidade Licenciadora, os volumes descarregados em situações de by-pass (na ETAR e também nas instalações elevatórias associadas), assim como a indicação do período de ocorrência.",
TUA20221010002358,T000078,L017897.2017.RH5A,"Deverão ser implementadas medidas preventivas e minimizadoras das consequências inerentes a uma rejeição de emergência no domínio hídrico. Assim, o titular deverá diligenciar no sentido de dotar a(s) Estação(ões) Elevatória(s) de um gerador de emergência ou implementar medidas alternativas que produzam efeito similar.",
TUA20221010002358,Código,Código TURH,Condição,
TUA20221010002358,T000077,L017897.2017.RH5A,"As determinações analíticas conducentes à verificação do cumprimento do programa de autocontrolo devem ser preferencialmente realizadas por laboratórios acreditados para o efeito, devendo, nos restantes casos, ser realizadas por laboratórios que mantenham um sistema de controlo de qualidade analítica devidamente documentado e atualizado, à semelhança das orientações descritas na Diretiva 2009/90/CE, transposta para direito interno pelo Decreto-Lei n.º 83/2011, de 20 de junho. Os boletins analíticos terão de vir acompanhados da indicação dos limites de deteção, de quantificação e da incerteza. Os procedimentos de amostragem deverão ser efetuados aplicando boas práticas internacionais de laboratório a fim de reduzir ao mínimo a degradação das amostras entre a colheita e a análise.",
TUA20221010002359,T000066,L016800.2022.RH5A,"No prazo máximo de 30 dias após a data de atribuição do presente título, deverá ser apresentada uma apólice de seguro ou prestada uma caução no valor de 2 500 € (dois mil e quinhentos euros) a favor da entidade licenciadora, para recuperação ambiental, de acordo e nos termos previstos no número 2 do artigo 49º e alínea A) do Anexo I do Decreto-Lei n.º 226-A/2007, de 31 de maio, que garanta o pagamento de indemnizações por eventuais danos causados por erros ou omissões do projeto relativamente à drenagem e tratamento de efluentes ou pelo incumprimento das disposições legais e regulamentares a ele aplicáveis (minutas disponíveis no sítio da Agência Portuguesa do Ambiente, I.P. na internet em www.apambiente.pt – Instrumentos > Licenciamento das utilizações dos recursos hídricos > Formulários).",
TUA20221010002359,T000067,L016800.2022.RH5A,"O titular obriga-se a enviar à Entidade Licenciadora o registo dos caudais mensais relativos ao efluente rejeitado. Esta informação deverá ser comunicada juntamente com o autocontrolo, via SILiAmb, na área de Autocontrolo.",
TUA20221010002359,T000068,L016800.2022.RH5A,"Os relatórios de autocontrolo, a enviar à Entidade Licenciadora, deverão incluir a identificação de qualquer alteração nas condições de entrada de efluente, avarias nos equipamentos, ou outras situações que alterem o normal funcionamento da ETAR. Quando se verifique a ocorrência de algum incumprimento deverão ser apresentadas as correspondentes medidas corretivas e preventivas. Esta informação deverá ser comunicada via SILiAmb, na área de Autocontrolo.",
TUA20221010002359,T000069,L016800.2022.RH5A,"O titular obriga-se para o corrente ano civil, a enviar a calendarização prevista para a recolha de amostras de autocontrolo na ETAR, num prazo de 15 dias a contar da data da emissão do presente título; para cada ano civil, a enviar a calendarização prevista até ao dia 15 de Dezembro do ano anterior; caso a programação prevista seja alterada, a enviar a nova calendarização, com uma antecedência mínima de 15 dias. Esta informação deverá ser comunicada via SILiAmb, via mensagem associada a esta licença.",
TUA20221010002359,T000070,L016800.2022.RH5A,"Para efeitos de fiscalização ou inspeção poderão ser recolhidas amostras pontuais e/ou compostas, para avaliação da respetiva conformidade com os valores limites de emissão (VLE) expressos em unidades de concentração (massa por volume). No caso das amostras pontuais os VLE acrescem em 50% para os parâmetros com VLE definido no TURH para amostra composta.",
TUA20221010002359,T000071,L016800.2022.RH5A,"Deverão ser implementadas medidas preventivas e minimizadoras das consequências inerentes a uma rejeição de emergência no domínio hídrico. Assim, o titular deverá diligenciar no sentido de dotar a(s) Estação(ões) Elevatória(s) de um gerador de emergência ou implementar medidas alternativas que produzam efeito similar.",
TUA20221010002359,T000072,L016800.2022.RH5A,"No prazo de 30 dias deverá ser entregue a representação da rede de drenagem do subsistema da ETAR e respetivas estações elevatórias, atualizada e preferencialmente em formato shapefile.",
TUA20221010002359,T000073,L016800.2022.RH5A,"O titular obriga-se a manter a área envolvente à descarga, em boas condições de funcionamento hidráulico, pelo que fica desde já autorizado a proceder a medidas de conservação e reabilitação da rede hidrográfica, nomeadamente à limpeza e remoção dos sedimentos depositados no interior da linha de água, bem como a eliminar os elementos vegetais implantados no leito e margens maciços de silvas (Rubus ulmifolius) e de canas (Arundo donax).",
TUA20221010002359,Código,Código TURH,Condição,
TUA20221010002359,T000074,L016800.2022.RH5A,"As determinações analíticas conducentes à verificação do cumprimento do programa de autocontrolo devem ser preferencialmente realizadas por laboratórios acreditados para o efeito, devendo, nos restantes casos, ser realizadas por laboratórios que mantenham um sistema de controlo de qualidade analítica devidamente documentado e atualizado, à semelhança das orientações descritas na Diretiva 2009/90/CE, transposta para direito interno pelo Decreto-Lei n.º 83/2011, de 20 de junho. Os boletins analíticos terão de vir acompanhados da indicação dos limites de deteção, de quantificação e da incerteza. Os procedimentos de amostragem deverão ser efetuados aplicando boas práticas internacionais de laboratório a fim de reduzir ao mínimo a degradação das amostras entre a colheita e a análise.",
TUA20221017002426,T000070,L018800.2022.RH5A,"No prazo máximo de 30 dias após a data de atribuição do presente título, deverá ser apresentada uma apólice de seguro ou prestada uma caução no valor de 6 250 € (seis mil, duzentos e cinquenta euros) a favor da entidade licenciadora, para recuperação ambiental, de acordo e nos termos previstos no número 2 do artigo 49º e alínea A) do Anexo I do Decreto-Lei n.º 226-A/2007, de 31 de maio, que garanta o pagamento de indemnizações por eventuais danos causados por erros ou omissões do projeto relativamente à drenagem e tratamento de efluentes ou pelo incumprimento das disposições legais e regulamentares a ele aplicáveis (minutas disponíveis no sítio da Agência Portuguesa do Ambiente, I.P. na internet em www.apambiente.pt – Instrumentos > Licenciamento das utilizações dos recursos hídricos > Formulários).",
TUA20221017002426,T000071,L018800.2022.RH5A,"O titular obriga-se a enviar à Entidade Licenciadora o registo dos caudais mensais relativos ao efluente rejeitado. Esta informação deverá ser comunicada juntamente com o autocontrolo, via SILiAmb, na área de Autocontrolo.",
TUA20221017002426,T000072,L018800.2022.RH5A,"Os relatórios de autocontrolo, a enviar à Entidade Licenciadora, deverão incluir a identificação de qualquer alteração nas condições de entrada de efluente, avarias nos equipamentos, ou outras situações que alterem o normal funcionamento da ETAR. Quando se verifique a ocorrência de algum incumprimento deverão ser apresentadas as correspondentes medidas corretivas e preventivas. Esta informação deverá ser comunicada via SILiAmb, na área de Autocontrolo.",
TUA20221017002426,T000073,L018800.2022.RH5A,"O titular obriga-se para o corrente ano civil, a enviar a calendarização prevista para a recolha de amostras de autocontrolo na ETAR, num prazo de 15 dias a contar da data da emissão do presente título; para cada ano civil, a enviar a calendarização prevista até ao dia 15 de Dezembro do ano anterior; caso a programação prevista seja alterada, a enviar a nova calendarização, com uma antecedência mínima de 15 dias. Esta informação deverá ser comunicada via SILiAmb, via mensagem associada a esta licença.",
TUA20221017002426,Código,Código TURH,Condição,
TUA20221017002426,T000074,L018800.2022.RH5A,"Para efeitos de fiscalização ou inspeção poderão ser recolhidas amostras pontuais e/ou compostas, para avaliação da respetiva conformidade com os valores limites de emissão (VLE) expressos em unidades de concentração (massa por volume). No caso das amostras pontuais os VLE acrescem em 50% para os parâmetros com VLE definido no TURH para amostra composta.",
TUA20221017002426,T000075,L018800.2022.RH5A,"Sempre que se registarem caudais efluentes do sistema de tratamento superiores ao caudal de dimensionamento da ETAR em ano de horizonte do projeto, deverá prestar os devidos esclarecimentos, no final de cada semestre, tendo presente a necessidade de rigorosa justificação de que tais acréscimos de caudal tratado não põem em causa a eficiência do sistema de tratamento. Esta informação deverá ser comunicada via SILiAmb, por mensagem associada a esta licença.",
TUA20221017002426,T000076,L018800.2022.RH5A,"Deverão ser implementadas medidas preventivas e minimizadoras das consequências inerentes a uma rejeição de emergência no domínio hídrico. Assim, o titular deverá diligenciar no sentido de dotar a(s) Estação(ões) Elevatória(s) de um gerador de emergência ou implementar medidas alternativas que produzam efeito similar.",
TUA20221017002426,T000077,L018800.2022.RH5A,"O titular obriga-se a manter a área envolvente à descarga, em boas condições de funcionamento hidráulico, pelo que fica desde já autorizado a proceder a medidas de conservação e reabilitação da rede hidrográfica, nomeadamente à limpeza e remoção dos sedimentos depositados no interior da linha de água, bem como a eliminar os elementos vegetais implantados no leito e margens maciços de silvas (Rubus ulmifolius) e de canas (Arundo donax).",
TUA20221017002426,T000078,L018800.2022.RH5A,"As determinações analíticas conducentes à verificação do cumprimento do programa de autocontrolo devem ser preferencialmente realizadas por laboratórios acreditados para o efeito, devendo, nos restantes casos, ser realizadas por laboratórios que mantenham um sistema de controlo de qualidade analítica devidamente documentado e atualizado, à semelhança das orientações descritas na Diretiva 2009/90/CE, transposta para direito interno pelo Decreto-Lei n.º 83/2011, de 20 de junho. Os boletins analíticos terão de vir acompanhados da indicação dos limites de deteção, de quantificação e da incerteza. Os procedimentos de amostragem deverão ser efetuados aplicando boas práticas internacionais de laboratório a fim de reduzir ao mínimo a degradação das amostras entre a colheita e a análise.",
TUA20221017002427,T000070,L017875.2017.RH5A,"No prazo máximo de 30 dias após a data de atribuição do presente título, deverá ser apresentada uma apólice de seguro ou prestada uma caução no valor de 6 250 € (seis mil, duzentos e cinquenta euros) a favor da entidade licenciadora, para recuperação ambiental, de acordo e nos termos previstos no número 2 do artigo 49º e alínea A) do Anexo I do Decreto-Lei n.º 226-A/2007, de 31 de maio, que garanta o pagamento de indemnizações por eventuais danos causados por erros ou omissões do projeto relativamente à drenagem e tratamento de efluentes ou pelo incumprimento das disposições legais e regulamentares a ele aplicáveis (minutas disponíveis no sítio da Agência Portuguesa do Ambiente, I.P. na internet em www.apambiente.pt – Instrumentos > Licenciamento das utilizações dos recursos hídricos > Formulários).",
TUA20221017002427,T000071,L017875.2017.RH5A,"O titular obriga-se a enviar à Entidade Licenciadora o registo dos caudais mensais relativos ao efluente rejeitado. Esta informação deverá ser comunicada juntamente com o autocontrolo, via SILiAmb, na área de Autocontrolo.",
TUA20221017002427,T000072,L017875.2017.RH5A,"Os relatórios de autocontrolo, a enviar à Entidade Licenciadora, deverão incluir a identificação de qualquer alteração nas condições de entrada de efluente, avarias nos equipamentos, ou outras situações que alterem o normal funcionamento da ETAR. Quando se verifique a ocorrência de algum incumprimento deverão ser apresentadas as correspondentes medidas corretivas e preventivas. Esta informação deverá ser comunicada via SILiAmb, na área de Autocontrolo.",
TUA20221017002427,Código,Código TURH,Condição,
TUA20221017002427,T000073,L017875.2017.RH5A,"O titular obriga-se para o corrente ano civil, a enviar a calendarização prevista para a recolha de amostras de autocontrolo na ETAR, num prazo de 15 dias a contar da data da emissão do presente título; para cada ano civil, a enviar a calendarização prevista até ao dia 15 de Dezembro do ano anterior; caso a programação prevista seja alterada, a enviar a nova calendarização, com uma antecedência mínima de 15 dias. Esta informação deverá ser comunicada via SILiAmb, via mensagem associada a esta licença.",
TUA20221017002427,T000074,L017875.2017.RH5A,"Para efeitos de fiscalização ou inspeção poderão ser recolhidas amostras pontuais e/ou compostas, para avaliação da respetiva conformidade com os valores limites de emissão (VLE) expressos em unidades de concentração (massa por volume). No caso das amostras pontuais os VLE acrescem em 50% para os parâmetros com VLE definido no TURH para amostra composta.",
TUA20221017002427,T000075,L017875.2017.RH5A,"Sempre que se registarem caudais efluentes do sistema de tratamento superiores ao caudal de dimensionamento da ETAR em ano de horizonte do projeto, deverá prestar os devidos esclarecimentos, no final de cada semestre, tendo presente a necessidade de rigorosa justificação de que tais acréscimos de caudal tratado não põem em causa a eficiência do sistema de tratamento. Esta informação deverá ser comunicada via SILiAmb, por mensagem associada a esta licença.",
TUA20221017002427,T000076,L017875.2017.RH5A,"Deverão ser implementadas medidas preventivas e minimizadoras das consequências inerentes a uma rejeição de emergência no domínio hídrico. Assim, o titular deverá diligenciar no sentido de dotar a(s) Estação(ões) Elevatória(s) de um gerador de emergência ou implementar medidas alternativas que produzam efeito similar.",
TUA20221017002427,T000077,L017875.2017.RH5A,"O titular obriga-se a manter a área envolvente à descarga, em boas condições de funcionamento hidráulico, pelo que fica desde já autorizado a proceder a medidas de conservação e reabilitação da rede hidrográfica, nomeadamente à limpeza e remoção dos sedimentos depositados no interior da linha de água, bem como a eliminar os elementos vegetais implantados no leito e margens maciços de silvas (Rubus ulmifolius) e de canas (Arundo donax).",
TUA20221017002427,T000078,L017875.2017.RH5A,"As determinações analíticas conducentes à verificação do cumprimento do programa de autocontrolo devem ser preferencialmente realizadas por laboratórios acreditados para o efeito, devendo, nos restantes casos, ser realizadas por laboratórios que mantenham um sistema de controlo de qualidade analítica devidamente documentado e atualizado, à semelhança das orientações descritas na Diretiva 2009/90/CE, transposta para direito interno pelo Decreto-Lei n.º 83/2011, de 20 de junho. Os boletins analíticos terão de vir acompanhados da indicação dos limites de deteção, de quantificação e da incerteza. Os procedimentos de amostragem deverão ser efetuados aplicando boas práticas internacionais de laboratório a fim de reduzir ao mínimo a degradação das amostras entre a colheita e a análise.",
TUA20230116000179,T000057,L025479.2023.RH5A.V1,"No prazo máximo de 30 dias após a data de atribuição do presente título, deverá ser apresentada uma apólice de seguro ou prestada uma caução no valor de 1500€ a favor da entidade licenciadora, para recuperação ambiental, de acordo e nos termos previstos no número 2 do artigo 49º e alínea A) do Anexo I do Decreto-Lei n.º 226-A/2007, de 31 de maio, que garanta o pagamento de indemnizações por eventuais danos causados por erros ou omissões do projeto relativamente à drenagem e tratamento de efluentes ou pelo incumprimento das disposições legais e regulamentares a ele aplicáveis (minutas disponíveis no sítio da Agência Portuguesa do Ambiente, I.P. na internet em www.apambiente.pt – Instrumentos > Licenciamento das utilizações dos recursos hídricos > Formulários).",
TUA20230116000179,T000058,L025479.2023.RH5A.V1,"O sistema de tratamento instalado deverá dar cumprimento aos valores limite de emissão, previstos no Decreto-Lei nº 236/98, de 1 de agosto.",
TUA20230116000179,T000059,L025479.2023.RH5A.V1,"No prazo máximo de 6 (seis) meses, a contar da data de emissão da presente licença, deverão apresentar um plano de reabilitação da ETAR que permita o cumprimento dos Valores Limite de Emissão (VLE) de todos os parâmetros, expressos nas condições de descarga.",
TUA20230116000179,Código,Código TURH,Condição,
TUA20230116000179,T000060,L025479.2023.RH5A.V1,"O titular obriga-se a apresentar um relatório síntese, semestralmente, a partir do início de vigência da presente licença, a entregar até ao 15º dia do mês seguinte, com a demonstração do desempenho da instalação, evidenciando a melhoria da eficiência de tratamento da ETAR, face às medidas/intervenções implementadas. No relatório deverá, ainda, constar um cronograma com as medidas implementadas e a implementar.",
TUA20230116000179,T000061,L025479.2023.RH5A.V1,"A reabilitação da ETAR deverá ser efetuada até ao final de validade da presente licença, e deverá atingir eficiências que permitam, cumprir os seguintes Valores Limite de Emissão (VLE).",
TUA20230116000179,T000062,L025479.2023.RH5A.V1,"O titular obriga-se a reportar à Entidade Licenciadora, com periodicidade trimestral, o registo dos caudais mensais relativos ao efluente descarregado.",
TUA20230116000179,T000063,L025479.2023.RH5A.V1,"Os relatórios de autocontrolo, a enviar à Entidade Licenciadora, deverão incluir a identificação de qualquer alteração nas condições de entrada de efluente, avarias nos equipamentos, ou outras situações que alterem o normal funcionamento da ETAR. Quando se verifique a ocorrência de algum incumprimento deverão ser apresentadas as correspondentes medidas corretivas e preventivas.",
TUA20230116000179,T000064,L025479.2023.RH5A.V1,"Para efeitos de fiscalização ou inspeção poderão ser recolhidas amostras pontuais e/ou compostas, para avaliação da respetiva conformidade com os valores limites de emissão (VLE) expressos em unidades de concentração (massa por volume). No caso das amostras pontuais os VLE acrescem em 50% para os parâmetros com VLE definido no TURH para amostra composta.",
TUA20230116000179,T000065,L025479.2023.RH5A.V1,O titular da licença deverá implementar as medidas preventivas e minimizadoras das consequências inerentes a uma rejeição de emergência no domínio hídrico. Esta condição poderá ser cumprida com a instalação de geradores de emergência nas estações elevatórias ou implementação de outras medidas similares que permitam prevenir ou minimizar qualquer impacte no domínio hídrico.,
TUA20230116000179,T000066,L025479.2023.RH5A.V1,"O titular obriga-se a manter um dossier organizado contendo as Fichas de Dados de Segurança de todas as substâncias e/ou preparações perigosas utilizadas, devidamente redigidas em língua portuguesa.",
TUA20230116000179,T000067,L025479.2023.RH5A.V1,"O titular obriga-se a manter a área envolvente à descarga, em boas condições de funcionamento hidráulico, pelo que fica desde já autorizado a proceder a medidas de conservação e reabilitação da rede hidrográfica, nomeadamente à remoção dos sedimentos depositados no interior da linha de água, bem como a eliminar os elementos vegetais implantados no leito e margens maciços de silvas (Rubus ulmifolius) e de canas (Arundo donax).",
TUA20230116000180,T000064,L025473.2023.RH5A.V1,"No prazo máximo de 30 dias após a data de atribuição do presente título, deverá ser apresentada uma apólice de seguro ou prestada uma caução no valor de 1500 € a favor da entidade licenciadora, para recuperação ambiental, de acordo e nos termos previstos no número 2 do artigo 49º e alínea A) do Anexo I do Decreto-Lei n.º 226-A/2007, de 31 de maio, que garanta o pagamento de indemnizações por eventuais danos causados por erros ou omissões do projeto relativamente à drenagem e tratamento de efluentes ou pelo incumprimento das disposições legais e regulamentares a ele aplicáveis (minutas disponíveis no sítio da Agência Portuguesa do Ambiente, I.P. na internet em www.apambiente.pt – Instrumentos > Licenciamento das utilizações dos recursos hídricos > Formulários).",
TUA20230116000180,T000065,L025473.2023.RH5A.V1,"O sistema de tratamento instalado deverá dar cumprimento aos valores limite de emissão, previstos no Decreto-Lei nº 236/98, de 1 de agosto.",
TUA20230116000180,T000066,L025473.2023.RH5A.V1,"No prazo máximo de 6 (seis) meses, a contar da data de emissão da presente licença, deverão apresentar um plano de reabilitação da ETAR que permita o cumprimento dos Valores Limite de Emissão (VLE) de todos os parâmetros, expressos nas condições de descarga.",
TUA20230116000180,T000067,L025473.2023.RH5A.V1,"O titular obriga-se a apresentar um relatório síntese, semestralmente, a partir do início de vigência da presente licença, a entregar até ao 15º dia do mês seguinte, com a demonstração do desempenho da instalação, evidenciando a melhoria da eficiência de tratamento da ETAR, face às medidas/intervenções implementadas. No relatório deverá, ainda, constar um cronograma com as medidas implementadas e a implementar.",
TUA20230116000180,T000068,L025473.2023.RH5A.V1,"A reabilitação da ETAR deverá ser efetuada até ao final de validade da presente licença, e deverá atingir eficiências que permitam, cumprir os seguintes Valores Limite de Emissão (VLE).",
TUA20230116000180,T000069,L025473.2023.RH5A.V1,"O titular obriga-se a reportar à Entidade Licenciadora, com periodicidade trimestral, o registo dos caudais mensais relativos ao efluente descarregado.",
TUA20230116000180,T000070,L025473.2023.RH5A.V1,"Os relatórios de autocontrolo, a enviar à Entidade Licenciadora, deverão incluir a identificação de qualquer alteração nas condições de entrada de efluente, avarias nos equipamentos, ou outras situações que alterem o normal funcionamento da ETAR. Quando se verifique a ocorrência de algum incumprimento deverão ser apresentadas as correspondentes medidas corretivas e preventivas.",
TUA20230116000180,T000071,L025473.2023.RH5A.V1,"Para efeitos de fiscalização ou inspeção poderão ser recolhidas amostras pontuais e/ou compostas, para avaliação da respetiva conformidade com os valores limites de emissão (VLE) expressos em unidades de concentração (massa por volume). No caso das amostras pontuais os VLE acrescem em 50% para os parâmetros com VLE definido no TURH para amostra composta.",
TUA20230116000180,T000072,L025473.2023.RH5A.V1,O titular da licença deverá implementar as medidas preventivas e minimizadoras das consequências inerentes a uma rejeição de emergência no domínio hídrico. Esta condição poderá ser cumprida com a instalação de geradores de emergência nas estações elevatórias ou implementação de outras medidas similares que permitam prevenir ou minimizar qualquer impacte no domínio hídrico.,
TUA20230116000180,T000073,L025473.2023.RH5A.V1,"O titular obriga-se a manter um dossier organizado contendo as Fichas de Dados de Segurança de todas as substâncias e/ou preparações perigosas utilizadas, devidamente redigidas em língua portuguesa.",
TUA20230116000180,T000074,L025473.2023.RH5A.V1,"O titular obriga-se a manter a área envolvente à descarga, em boas condições de funcionamento hidráulico, pelo que fica desde já autorizado a proceder a medidas de conservação e reabilitação da rede hidrográfica, nomeadamente à remoção dos sedimentos depositados no interior da linha de água, bem como a eliminar os elementos vegetais implantados no leito e margens maciços de silvas (Rubus ulmifolius) e de canas (Arundo donax).",
TUA20230117000197,T000075,L001739.2013.RH5-T1.V1,"É dispensada a apresentação de apólice de seguro ou prestada uma caução para recuperação ambiental nos termos do disposto no art.º 22º, n.º 226-A/2007, de 31 de maio com as alterações introduzidas pelo Decreto-Lei n.º 82/2010, de 2 de julho.",
TUA20230117000197,T000076,L001739.2013.RH5-T1.V1,O titular obriga-se a enviar à Entidade Licenciadora o registo dos caudais médios diários e dos caudais médios mensais relativos ao efluente rejeitado.,
TUA20230117000197,T000077,L001739.2013.RH5-T1.V1,"Os relatórios de autocontrolo, a enviar à Entidade Licenciadora, deverão incluir a identificação de qualquer alteração nas condições de entrada de efluente, avarias nos equipamentos, ou outras situações que alterem o normal funcionamento da ETAR. Quando se verifique a ocorrência de algum incumprimento deverão ser apresentadas as correspondentes medidas corretivas e preventivas.",
TUA20230117000197,T000078,L001739.2013.RH5-T1.V1,"O titular obriga-se para o corrente ano civil, a enviar a calendarização prevista para a recolha de amostras de autocontrolo na ETAR, num prazo de 15 dias a contar da data da emissão do presente título; para cada ano civil, a enviar a calendarização prevista até ao dia 15 de Dezembro do ano anterior; caso a programação prevista seja alterada, a enviar a nova calendarização, com uma antecedência mínima de 15 dias.",
TUA20230117000197,T000079,L001739.2013.RH5-T1.V1,"Para efeitos de fiscalização ou inspeção poderão ser recolhidas amostras pontuais e/ou compostas, para avaliação da respetiva conformidade com os valores limites de emissão (VLE) expressos em unidades de concentração (massa por volume). No caso das amostras pontuais os VLE acrescem em 50% para os parâmetros com VLE definido no TURH para amostra composta.",
TUA20230117000197,T000080,L001739.2013.RH5-T1.V1,"Sempre que se registarem caudais efluentes do sistema de tratamento superiores ao caudal de dimensionamento da ETAR em ano de horizonte do projeto, deverá prestar os devidos esclarecimentos, no final de cada semestre, tendo presente a necessidade de rigorosa justificação de que tais acréscimos de caudal tratado não põem em causa a eficiência do sistema de tratamento.",
TUA20230117000197,T000081,L001739.2013.RH5-T1.V1,"O titular obriga-se a manter a área envolvente à descarga, em boas condições de funcionamento hidráulico, pelo que fica desde já autorizado a proceder a medidas de conservação e reabilitação da rede hidrográfica, nomeadamente à limpeza e remoção dos sedimentos depositados no interior da linha de água, bem como a eliminar os elementos vegetais implantados no leito e margens maciços de silvas (Rubus ulmifolius) e de canas (Arundo donax).",
TUA20230117000197,T000082,L001739.2013.RH5-T1.V1,"As determinações analíticas conducentes à verificação do cumprimento do programa de autocontrolo devem ser preferencialmente realizadas por laboratórios acreditados para o efeito, devendo, nos restantes casos, ser realizadas por laboratórios que mantenham um sistema de controlo de qualidade analítica devidamente documentado e atualizado, à semelhança das orientações descritas na Diretiva 2009/90/CE, transposta para direito interno pelo Decreto-Lei n.º 83/2011, de 20 de junho. Os boletins analíticos terão de vir acompanhados da indicação dos limites de deteção, de quantificação e da incerteza. Os procedimentos de amostragem deverão ser efetuados aplicando boas práticas internacionais de laboratório a fim de reduzir ao mínimo a degradação das amostras entre a colheita e a análise.",
TUA20230117000197,T000083,L001739.2013.RH5-T1.V1,"No prazo de 30 dias o titular deverá entregar justificação para a população servida pela ETAR ser superior à população do ano horizonte de projeto, devendo indicar que tal acréscimo não põem em causa a eficiência do sistema de tratamento, nem obrigará à remodelação/beneficiação do sistema de tratamento.",
TUA20230125000254,T000063,L009134.2018.RH3.V1,"É dispensada a apresentação de apólice de seguro ou prestada uma caução para recuperação ambiental nos termos do disposto no art.º 22º, n.º 226-A/2007, de 31 de maio com as alterações introduzidas pelo Decreto-Lei n.º 82/2010, de 2 de julho.",
TUA20230125000254,T000064,L009134.2018.RH3.V1,"No prazo máximo de 30 dias após a data de atribuição do presente título, deverá ser apresentada uma apólice de seguro ou prestada uma caução no valor de 6 250 € a favor da entidade licenciadora, para recuperação ambiental, de acordo e nos termos previstos no número 2 do artigo 49º e alínea A) do Anexo I do Decreto-Lei n.º 226-A/2007, de 31 de maio, que garanta o pagamento de indemnizações por eventuais danos causados por erros ou omissões do projeto relativamente à drenagem e tratamento de efluentes ou pelo incumprimento das disposições legais e regulamentares a ele aplicáveis (minutas disponíveis no sítio da Agência Portuguesa do Ambiente, I.P. na internet em www.apambiente.pt – Instrumentos > Licenciamento das utilizações dos recursos hídricos > Formulários).",
TUA20230125000254,T000065,L009134.2018.RH3.V1,A monitorização dos parâmetros Azoto total e Fósforo total é para efeitos do cálculo da TRH nos termos do Decreto-Lei n.º 97/2008 de 11 de junho.,
TUA20230125000254,T000066,L009134.2018.RH3.V1,"As determinações analíticas conducentes à verificação do cumprimento do programa de autocontrolo devem ser preferencialmente realizadas por laboratórios acreditados para o efeito, devendo, nos restantes casos, ser realizadas por laboratórios que mantenham um sistema de controlo de qualidade analítica devidamente documentado e atualizado, à semelhança das orientações descritas na Diretiva 2009/90/CE, transposta para direito interno pelo Decreto-Lei n.º 83/2011, de 20 de junho, e das suas sucessivas atualizações. Os boletins analíticos terão de vir acompanhados da indicação dos limites de deteção, de quantificação e da incerteza. Os procedimentos de amostragem deverão ser efetuados aplicando boas práticas internacionais de laboratório a fim de reduzir ao mínimo a degradação das amostras entre a colheita e a análise.",
TUA20230125000254,T000067,L009134.2018.RH3.V1,"Para efeitos de fiscalização ou inspeção podem ser recolhidas amostras pontuais. Para avaliação da respetiva conformidade as amostras pontuais podem exceder em 50% os valores limites de emissão (VLE) definidos no TURH, com exceção do parâmetro pH.",
TUA20230125000254,T000068,L009134.2018.RH3.V1,"O titular obriga-se a manter a área envolvente à descarga em boas condições de funcionamento hidráulico, pelo que está autorizado a proceder a medidas de conservação, manutenção e reabilitação em domínio hídrico público, nomeadamente à limpeza e remoção dos sedimentos depositados no leito da linha de água, bem como ao corte e remoção de matéria vegetal de natureza infestante que se desenvolva no leito e nas margens, por exemplo: maciços de silvas (Rubus ulmifolius) e de canas (Arundo donax).",
TUA20230125000254,T000069,L009134.2018.RH3.V1,"O presente título renova a licença de utilização dos recursos hídricos n.ºL009134.2018.RH3, válida até 17/06/2023.",
TUA20230125000271,T000073,L009128.2018.RH3.V1,"É dispensada a apresentação de apólice de seguro ou prestada uma caução para recuperação ambiental nos termos do disposto no art.º 22º, n.º 226-A/2007, de 31 de maio com as alterações introduzidas pelo Decreto-Lei n.º 82/2010, de 2 de julho.",
TUA20230125000271,T000074,L009128.2018.RH3.V1,"No prazo máximo de 30 dias após a data de atribuição do presente título, deverá ser apresentada uma apólice de seguro ou prestada uma caução no valor de 1 500 € a favor da entidade licenciadora, para recuperação ambiental, de acordo e nos termos previstos no número 2 do artigo 49º e alínea A) do Anexo I do Decreto-Lei n.º 226-A/2007, de 31 de maio, que garanta o pagamento de indemnizações por eventuais danos causados por erros ou omissões do projeto relativamente à drenagem e tratamento de efluentes ou pelo incumprimento das disposições legais e regulamentares a ele aplicáveis (minutas disponíveis no sítio da Agência Portuguesa do Ambiente, I.P. na internet em www.apambiente.pt – Instrumentos > Licenciamento das utilizações dos recursos hídricos > Formulários).",
TUA20230125000271,T000075,L009128.2018.RH3.V1,"As determinações analíticas conducentes à verificação do cumprimento do programa de autocontrolo devem ser preferencialmente realizadas por laboratórios acreditados para o efeito, devendo, nos restantes casos, ser realizadas por laboratórios que mantenham um sistema de controlo de qualidade analítica devidamente documentado e atualizado, à semelhança das orientações descritas na Diretiva 2009/90/CE, transposta para direito interno pelo Decreto-Lei n.º 83/2011, de 20 de junho, e das suas sucessivas atualizações. Os boletins analíticos terão de vir acompanhados da indicação dos limites de deteção, de quantificação e da incerteza. Os procedimentos de amostragem deverão ser efetuados aplicando boas práticas internacionais de laboratório a fim de reduzir ao mínimo a degradação das amostras entre a colheita e a análise.",
TUA20230125000271,T000076,L009128.2018.RH3.V1,"Para efeitos de fiscalização ou inspeção podem ser recolhidas amostras pontuais. Para avaliação da respetiva conformidade as amostras pontuais podem exceder em 50% os valores limites de emissão (VLE) definidos no TURH, com exceção do parâmetro pH.",
TUA20230125000271,T000077,L009128.2018.RH3.V1,"O presente título renova a licença de utilização dos recursos hídricos n.º L009128.2018.RH3, válida até 14/06/2023.",
TUA20230125000272,T000061,L009112.2018.RH3.V1,"É dispensada a apresentação de apólice de seguro ou prestada uma caução para recuperação ambiental nos termos do disposto no art.º 22º, n.º 226-A/2007, de 31 de maio com as alterações introduzidas pelo Decreto-Lei n.º 82/2010, de 2 de julho.",
TUA20230125000272,T000062,L009112.2018.RH3.V1,"No prazo máximo de 30 dias após a data de atribuição do presente título, deverá ser apresentada uma apólice de seguro ou prestada uma caução no valor de 2 500 € a favor da entidade licenciadora, para recuperação ambiental, de acordo e nos termos previstos no número 2 do artigo 49º e alínea A) do Anexo I do Decreto-Lei n.º 226-A/2007, de 31 de maio, que garanta o pagamento de indemnizações por eventuais danos causados por erros ou omissões do projeto relativamente à drenagem e tratamento de efluentes ou pelo incumprimento das disposições legais e regulamentares a ele aplicáveis (minutas disponíveis no sítio da Agência Portuguesa do Ambiente, I.P. na internet em www.apambiente.pt – Instrumentos > Licenciamento das utilizações dos recursos hídricos > Formulários).",
TUA20230125000272,T000063,L009112.2018.RH3.V1,A monitorização dos parâmetros Azoto total e Fósforo total é para efeitos do cálculo da TRH nos termos do Decreto-Lei n.º 97/2008 de 11 de junho.,
TUA20230125000272,T000064,L009112.2018.RH3.V1,"As determinações analíticas conducentes à verificação do cumprimento do programa de autocontrolo devem ser preferencialmente realizadas por laboratórios acreditados para o efeito, devendo, nos restantes casos, ser realizadas por laboratórios que mantenham um sistema de controlo de qualidade analítica devidamente documentado e atualizado, à semelhança das orientações descritas na Diretiva 2009/90/CE, transposta para direito interno pelo Decreto-Lei n.º 83/2011, de 20 de junho, e das suas sucessivas atualizações. Os boletins analíticos terão de vir acompanhados da indicação dos limites de deteção, de quantificação e da incerteza. Os procedimentos de amostragem deverão ser efetuados aplicando boas práticas internacionais de laboratório a fim de reduzir ao mínimo a degradação das amostras entre a colheita e a análise.",
TUA20230125000272,T000065,L009112.2018.RH3.V1,"Para efeitos de fiscalização ou inspeção podem ser recolhidas amostras pontuais. Para avaliação da respetiva conformidade as amostras pontuais podem exceder em 50% os valores limites de emissão (VLE) definidos no TURH, com exceção do parâmetro pH.",
TUA20230125000272,T000066,L009112.2018.RH3.V1,"O titular obriga-se a manter a área envolvente à descarga em boas condições de funcionamento hidráulico, pelo que está autorizado a proceder a medidas de conservação, manutenção e reabilitação em domínio hídrico público, nomeadamente à limpeza e remoção dos sedimentos depositados no leito da linha de água, bem como ao corte e remoção de matéria vegetal de natureza infestante que se desenvolva no leito e nas margens, por exemplo: maciços de silvas (Rubus ulmifolius) e de canas (Arundo donax).",
TUA20230125000272,T000067,L009112.2018.RH3.V1,"O presente título renova a licença de utilização dos recursos hídricos n.º L009112.2018.RH3, válida até 14/06/2023.",
TUA20230130000331,T000070,L026674.2023.RH5A.V1,"No prazo máximo de 30 dias após a data de atribuição do presente título, deverá ser apresentada uma apólice de seguro ou prestada uma caução no valor de 1500€ a favor da entidade licenciadora, para recuperação ambiental, de acordo e nos termos previstos no número 2 do artigo 49º e alínea A) do Anexo I do Decreto-Lei n.º 226-A/2007, de 31 de maio, que garanta o pagamento de indemnizações por eventuais danos causados por erros ou omissões do projeto relativamente à drenagem e tratamento de efluentes ou pelo incumprimento das disposições legais e regulamentares a ele aplicáveis (minutas disponíveis no sítio da Agência Portuguesa do Ambiente, I.P. na internet em www.apambiente.pt – Instrumentos > Licenciamento das utilizações dos recursos hídricos > Formulários).",
TUA20230130000331,T000071,L026674.2023.RH5A.V1,"O sistema de tratamento instalado deverá dar cumprimento aos valores limite de emissão, previstos no Decreto-Lei nº 236/98, de 1 de agosto.",
TUA20230130000331,T000072,L026674.2023.RH5A.V1,"No prazo máximo de 6 (seis) meses, a contar da data de emissão da presente licença, deverão apresentar um plano de reabilitação da ETAR que permita o cumprimento dos Valores Limite de Emissão (VLE) de todos os parâmetros, expressos nas condições de descarga.",
TUA20230130000331,T000073,L026674.2023.RH5A.V1,"O titular obriga-se a apresentar um relatório síntese, semestralmente, a partir do início de vigência da presente licença, a entregar até ao 15º dia do mês seguinte, com a demonstração do desempenho da instalação, evidenciando a melhoria da eficiência de tratamento da ETAR, face às medidas/intervenções implementadas. No relatório deverá, ainda, constar um cronograma com as medidas implementadas e a implementar.",
TUA20230130000331,T000074,L026674.2023.RH5A.V1,"A reabilitação da ETAR deverá ser efetuada até ao final de validade da presente licença, e deverá atingir eficiências que permitam, cumprir os Valores Limite de Emissão (VLE).",
TUA20230130000331,T000075,L026674.2023.RH5A.V1,"O titular obriga-se a reportar à Entidade Licenciadora, com periodicidade trimestral, o registo dos caudais mensais relativos ao efluente descarregado.",
TUA20230130000331,T000076,L026674.2023.RH5A.V1,"Os relatórios de autocontrolo, a enviar à Entidade Licenciadora, deverão incluir a identificação de qualquer alteração nas condições de entrada de efluente, avarias nos equipamentos, ou outras situações que alterem o normal funcionamento da ETAR. Quando se verifique a ocorrência de algum incumprimento deverão ser apresentadas as correspondentes medidas corretivas e preventivas.",
TUA20230130000331,T000077,L026674.2023.RH5A.V1,"Para efeitos de fiscalização ou inspeção poderão ser recolhidas amostras pontuais e/ou compostas, para avaliação da respetiva conformidade com os valores limites de emissão (VLE) expressos em unidades de concentração (massa por volume). No caso das amostras pontuais os VLE acrescem em 50% para os parâmetros com VLE definido no TURH para amostra composta.",
TUA20230130000331,T000078,L026674.2023.RH5A.V1,O titular da licença deverá implementar as medidas preventivas e minimizadoras das consequências inerentes a uma rejeição de emergência no domínio hídrico. Esta condição poderá ser cumprida com a instalação de geradores de emergência nas estações elevatórias ou implementação de outras medidas similares que permitam prevenir ou minimizar qualquer impacte no domínio hídrico.,
TUA20230130000331,T000079,L026674.2023.RH5A.V1,"O titular obriga-se a manter um dossier organizado contendo as Fichas de Dados de Segurança de todas as substâncias e/ou preparações perigosas utilizadas, devidamente redigidas em língua portuguesa.",
TUA20230130000331,,,"O titular obriga-se a manter a área envolvente à descarga, em boas condições de funcionamento hidráulico, pelo que fica desde já autorizado a proceder a",
TUA20230130000331,Código,Código TURH,Condição,
TUA20230130000331,T000080,L026674.2023.RH5A.V1,"medidas de conservação e reabilitação da rede hidrográfica, nomeadamente à remoção dos sedimentos depositados no interior da linha de água, bem como a eliminar os elementos vegetais implantados no leito e margens maciços de silvas (Rubus ulmifolius) e de canas (Arundo donax).",
TUA20230130000332,T000070,L026655.2023.RH5A.V1,"No prazo máximo de 30 dias após a data de atribuição do presente título, deverá ser apresentada uma apólice de seguro ou prestada uma caução no valor de 1500€ a favor da entidade licenciadora, para recuperação ambiental, de acordo e nos termos previstos no número 2 do artigo 49º e alínea A) do Anexo I do Decreto-Lei n.º 226-A/2007, de 31 de maio, que garanta o pagamento de indemnizações por eventuais danos causados por erros ou omissões do projeto relativamente à drenagem e tratamento de efluentes ou pelo incumprimento das disposições legais e regulamentares a ele aplicáveis (minutas disponíveis no sítio da Agência Portuguesa do Ambiente, I.P. na internet em www.apambiente.pt – Instrumentos > Licenciamento das utilizações dos recursos hídricos > Formulários).",
TUA20230130000332,T000071,L026655.2023.RH5A.V1,"O sistema de tratamento instalado deverá dar cumprimento aos valores limite de emissão, previstos no Decreto-Lei nº 236/98, de 1 de agosto.",
TUA20230130000332,T000072,L026655.2023.RH5A.V1,"No prazo máximo de 6 (seis) meses, a contar da data de emissão da presente licença, deverão apresentar um plano de reabilitação da ETAR que permita o cumprimento dos Valores Limite de Emissão (VLE) de todos os parâmetros, expressos nas condições de descarga.",
TUA20230130000332,T000073,L026655.2023.RH5A.V1,"O titular obriga-se a apresentar um relatório síntese, semestralmente, a partir do início de vigência da presente licença, a entregar até ao 15º dia do mês seguinte, com a demonstração do desempenho da instalação, evidenciando a melhoria da eficiência de tratamento da ETAR, face às medidas/intervenções implementadas. No relatório deverá, ainda, constar um cronograma com as medidas implementadas e a implementar.",
TUA20230130000332,T000074,L026655.2023.RH5A.V1,"A reabilitação da ETAR deverá ser efetuada até ao final de validade da presente licença, e deverá atingir eficiências que permitam, cumprir os Valores Limite de Emissão (VLE).",
TUA20230130000332,T000075,L026655.2023.RH5A.V1,"O titular obriga-se a reportar à Entidade Licenciadora, com periodicidade trimestral, o registo dos caudais mensais relativos ao efluente descarregado.",
TUA20230130000332,T000076,L026655.2023.RH5A.V1,"Os relatórios de autocontrolo, a enviar à Entidade Licenciadora, deverão incluir a identificação de qualquer alteração nas condições de entrada de efluente, avarias nos equipamentos, ou outras situações que alterem o normal funcionamento da ETAR. Quando se verifique a ocorrência de algum incumprimento deverão ser apresentadas as correspondentes medidas corretivas e preventivas.",
TUA20230130000332,T000077,L026655.2023.RH5A.V1,"Para efeitos de fiscalização ou inspeção poderão ser recolhidas amostras pontuais e/ou compostas, para avaliação da respetiva conformidade com os valores limites de emissão (VLE) expressos em unidades de concentração (massa por volume). No caso das amostras pontuais os VLE acrescem em 50% para os parâmetros com VLE definido no TURH para amostra composta.",
TUA20230130000332,T000078,L026655.2023.RH5A.V1,O titular da licença deverá implementar as medidas preventivas e minimizadoras das consequências inerentes a uma rejeição de emergência no domínio hídrico. Esta condição poderá ser cumprida com a instalação de geradores de emergência nas estações elevatórias ou implementação de outras medidas similares que permitam prevenir ou minimizar qualquer impacte no domínio hídrico.,
TUA20230130000332,T000079,L026655.2023.RH5A.V1,"O titular obriga-se a manter um dossier organizado contendo as Fichas de Dados de Segurança de todas as substâncias e/ou preparações perigosas utilizadas, devidamente redigidas em língua portuguesa.",
TUA20230130000332,Código,Código TURH,Condição,
TUA20230130000332,T000080,L026655.2023.RH5A.V1,"O titular obriga-se a manter a área envolvente à descarga, em boas condições de funcionamento hidráulico, pelo que fica desde já autorizado a proceder a medidas de conservação e reabilitação da rede hidrográfica, nomeadamente à remoção dos sedimentos depositados no interior da linha de água, bem como a eliminar os elementos vegetais implantados no leito e margens maciços de silvas (Rubus ulmifolius) e de canas (Arundo donax).",
TUA20230130000333,T000069,L026342.2023.RH5A.V1,"No prazo máximo de 30 dias após a data de atribuição do presente título, deverá ser apresentada uma apólice de seguro ou prestada uma caução no valor de 1500 € a favor da entidade licenciadora, para recuperação ambiental, de acordo e nos termos previstos no número 2 do artigo 49º e alínea A) do Anexo I do Decreto-Lei n.º 226-A/2007, de 31 de maio, que garanta o pagamento de indemnizações por eventuais danos causados por erros ou omissões do projeto relativamente à drenagem e tratamento de efluentes ou pelo incumprimento das disposições legais e regulamentares a ele aplicáveis (minutas disponíveis no sítio da Agência Portuguesa do Ambiente, I.P. na internet em www.apambiente.pt – Instrumentos > Licenciamento das utilizações dos recursos hídricos > Formulários).",
TUA20230130000333,T000070,L026342.2023.RH5A.V1,"O sistema de tratamento instalado deverá dar cumprimento aos valores limite de emissão, previstos no Decreto-Lei nº 236/98, de 1 de agosto.",
TUA20230130000333,T000071,L026342.2023.RH5A.V1,"No prazo máximo de 6 (seis) meses, a contar da data de emissão da presente licença, deverão apresentar um plano de reabilitação da ETAR que permita o cumprimento dos Valores Limite de Emissão (VLE) de todos os parâmetros, expressos nas condições de descarga.",
TUA20230130000333,T000072,L026342.2023.RH5A.V1,"O titular obriga-se a apresentar um relatório síntese, semestralmente, a partir do início de vigência da presente licença, a entregar até ao 15º dia do mês seguinte, com a demonstração do desempenho da instalação, evidenciando a melhoria da eficiência de tratamento da ETAR, face às medidas/intervenções implementadas. No relatório deverá, ainda, constar um cronograma com as medidas implementadas e a implementar.",
TUA20230130000333,T000073,L026342.2023.RH5A.V1,"A reabilitação da ETAR deverá ser efetuada até ao final de validade da presente licença, e deverá atingir eficiências que permitam, cumprir os seguintes Valores Limite de Emissão (VLE).",
TUA20230130000333,T000074,L026342.2023.RH5A.V1,"O titular obriga-se a reportar à Entidade Licenciadora, com periodicidade trimestral, o registo dos caudais mensais relativos ao efluente descarregado.",
TUA20230130000333,T000075,L026342.2023.RH5A.V1,"Os relatórios de autocontrolo, a enviar à Entidade Licenciadora, deverão incluir a identificação de qualquer alteração nas condições de entrada de efluente, avarias nos equipamentos, ou outras situações que alterem o normal funcionamento da ETAR. Quando se verifique a ocorrência de algum incumprimento deverão ser apresentadas as correspondentes medidas corretivas e preventivas.",
TUA20230130000333,T000076,L026342.2023.RH5A.V1,"Para efeitos de fiscalização ou inspeção poderão ser recolhidas amostras pontuais e/ou compostas, para avaliação da respetiva conformidade com os valores limites de emissão (VLE) expressos em unidades de concentração (massa por volume). No caso das amostras pontuais os VLE acrescem em 50% para os parâmetros com VLE definido no TURH para amostra composta.",
TUA20230130000333,T000077,L026342.2023.RH5A.V1,O titular da licença deverá implementar as medidas preventivas e minimizadoras das consequências inerentes a uma rejeição de emergência no domínio hídrico. Esta condição poderá ser cumprida com a instalação de geradores de emergência nas estações elevatórias ou implementação de outras medidas similares que permitam prevenir ou minimizar qualquer impacte no domínio hídrico.,
TUA20230130000333,T000078,L026342.2023.RH5A.V1,"O titular obriga-se a manter um dossier organizado contendo as Fichas de Dados de Segurança de todas as substâncias e/ou preparações perigosas utilizadas, devidamente redigidas em língua portuguesa.",
TUA20230130000333,T000079,L026342.2023.RH5A.V1,"O titular obriga-se a manter a área envolvente à descarga, em boas condições de funcionamento hidráulico, pelo que fica desde já autorizado a proceder a medidas de conservação e reabilitação da rede hidrográfica, nomeadamente à remoção dos sedimentos depositados no interior da linha de água, bem como a eliminar os elementos vegetais implantados no leito e margens maciços de silvas (Rubus ulmifolius) e de canas (Arundo donax).",
TUA20230130000335,T000067,L026309.2023.RH5A.V1,"No prazo máximo de 30 dias após a data de atribuição do presente título, deverá ser apresentada uma apólice de seguro ou prestada uma caução no valor de 1500€ a favor da entidade licenciadora, para recuperação ambiental, de acordo e nos termos previstos no número 2 do artigo 49º e alínea A) do Anexo I do Decreto-Lei n.º 226-A/2007, de 31 de maio, que garanta o pagamento de indemnizações por eventuais danos causados por erros ou omissões do projeto relativamente à drenagem e tratamento de efluentes ou pelo incumprimento das disposições legais e regulamentares a ele aplicáveis (minutas disponíveis no sítio da Agência Portuguesa do Ambiente, I.P. na internet em www.apambiente.pt – Instrumentos > Licenciamento das utilizações dos recursos hídricos > Formulários).",
TUA20230130000335,T000068,L026309.2023.RH5A.V1,"O sistema de tratamento instalado deverá dar cumprimento aos valores limite de emissão, previstos no Decreto-Lei nº 236/98, de 1 de agosto.",
TUA20230130000335,T000069,L026309.2023.RH5A.V1,"No prazo máximo de 6 (seis) meses, a contar da data de emissão da presente licença, deverão apresentar um plano de reabilitação da ETAR que permita o cumprimento dos Valores Limite de Emissão (VLE) de todos os parâmetros, expressos nas condições de descarga.",
TUA20230130000335,T000070,L026309.2023.RH5A.V1,"O titular obriga-se a apresentar um relatório síntese, semestralmente, a partir do início de vigência da presente licença, a entregar até ao 15º dia do mês seguinte, com a demonstração do desempenho da instalação, evidenciando a melhoria da eficiência de tratamento da ETAR, face às medidas/intervenções implementadas. No relatório deverá, ainda, constar um cronograma com as medidas implementadas e a implementar.",
TUA20230130000335,T000071,L026309.2023.RH5A.V1,"A reabilitação da ETAR deverá ser efetuada até ao final de validade da presente licença, e deverá atingir eficiências que permitam, cumprir os seguintes Valores Limite de Emissão (VLE).",
TUA20230130000335,T000072,L026309.2023.RH5A.V1,"O titular obriga-se a reportar à Entidade Licenciadora, com periodicidade trimestral, o registo dos caudais mensais relativos ao efluente descarregado.",
TUA20230130000335,T000073,L026309.2023.RH5A.V1,"Os relatórios de autocontrolo, a enviar à Entidade Licenciadora, deverão incluir a identificação de qualquer alteração nas condições de entrada de efluente, avarias nos equipamentos, ou outras situações que alterem o normal funcionamento da ETAR. Quando se verifique a ocorrência de algum incumprimento deverão ser apresentadas as correspondentes medidas corretivas e preventivas.",
TUA20230130000335,T000074,L026309.2023.RH5A.V1,"Para efeitos de fiscalização ou inspeção poderão ser recolhidas amostras pontuais e/ou compostas, para avaliação da respetiva conformidade com os valores limites de emissão (VLE) expressos em unidades de concentração (massa por volume). No caso das amostras pontuais os VLE acrescem em 50% para os parâmetros com VLE definido no TURH para amostra composta.",
TUA20230130000335,T000075,L026309.2023.RH5A.V1,O titular da licença deverá implementar as medidas preventivas e minimizadoras das consequências inerentes a uma rejeição de emergência no domínio hídrico. Esta condição poderá ser cumprida com a instalação de geradores de emergência nas estações elevatórias ou implementação de outras medidas similares que permitam prevenir ou minimizar qualquer impacte no domínio hídrico.,
TUA20230130000335,T000076,L026309.2023.RH5A.V1,"O titular obriga-se a manter um dossier organizado contendo as Fichas de Dados de Segurança de todas as substâncias e/ou preparações perigosas utilizadas, devidamente redigidas em língua portuguesa.",
TUA20230130000335,T000077,L026309.2023.RH5A.V1,"O titular obriga-se a manter a área envolvente à descarga, em boas condições de funcionamento hidráulico, pelo que fica desde já autorizado a proceder a medidas de conservação e reabilitação da rede hidrográfica, nomeadamente à remoção dos sedimentos depositados no interior da linha de água, bem como a eliminar os elementos vegetais implantados no leito e margens maciços de silvas (Rubus ulmifolius) e de canas (Arundo donax).",
TUA20230130000336,T000069,L026283.2023.RH5A.V1,"No prazo máximo de 30 dias após a data de atribuição do presente título, deverá ser apresentada uma apólice de seguro ou prestada uma caução no valor de 3000€ a favor da entidade licenciadora, para recuperação ambiental, de acordo e nos termos previstos no número 2 do artigo 49º e alínea A) do Anexo I do Decreto-Lei n.º 226-A/2007, de 31 de maio, que garanta o pagamento de indemnizações por eventuais danos causados por erros ou omissões do projeto relativamente à drenagem e tratamento de efluentes ou pelo incumprimento das disposições legais e regulamentares a ele aplicáveis (minutas disponíveis no sítio da Agência Portuguesa do Ambiente, I.P. na internet em www.apambiente.pt – Instrumentos > Licenciamento das utilizações dos recursos hídricos > Formulários).",
TUA20230130000336,T000070,L026283.2023.RH5A.V1,"O sistema de tratamento instalado deverá dar cumprimento aos valores limite de emissão, previstos no Decreto-Lei nº 236/98, de 1 de agosto.",
TUA20230130000336,T000071,L026283.2023.RH5A.V1,"No prazo máximo de 6 (seis) meses, a contar da data de emissão da presente licença, deverão apresentar um plano de reabilitação da ETAR que permita o cumprimento dos Valores Limite de Emissão (VLE) de todos os parâmetros, expressos nas condições de descarga.",
TUA20230130000336,T000072,L026283.2023.RH5A.V1,"O titular obriga-se a apresentar um relatório síntese, semestralmente, a partir do início de vigência da presente licença, a entregar até ao 15º dia do mês seguinte, com a demonstração do desempenho da instalação, evidenciando a melhoria da eficiência de tratamento da ETAR, face às medidas/intervenções implementadas. No relatório deverá, ainda, constar um cronograma com as medidas implementadas e a implementar.",
TUA20230130000336,T000073,L026283.2023.RH5A.V1,"A reabilitação da ETAR deverá ser efetuada até ao final de validade da presente licença, e deverá atingir eficiências que permitam, cumprir os seguintes Valores Limite de Emissão (VLE).",
TUA20230130000336,T000074,L026283.2023.RH5A.V1,"Os relatórios de autocontrolo, a enviar à Entidade Licenciadora, deverão incluir a identificação de qualquer alteração nas condições de entrada de efluente, avarias nos equipamentos, ou outras situações que alterem o normal funcionamento da ETAR. Quando se verifique a ocorrência de algum incumprimento deverão ser apresentadas as correspondentes medidas corretivas e preventivas.",
TUA20230130000336,T000075,L026283.2023.RH5A.V1,"O titular obriga-se a reportar à Entidade Licenciadora, com periodicidade trimestral, o registo dos caudais mensais relativos ao efluente descarregado.",
TUA20230130000336,T000076,L026283.2023.RH5A.V1,"Para efeitos de fiscalização ou inspeção poderão ser recolhidas amostras pontuais e/ou compostas, para avaliação da respetiva conformidade com os valores limites de emissão (VLE) expressos em unidades de concentração (massa por volume). No caso das amostras pontuais os VLE acrescem em 50% para os parâmetros com VLE definido no TURH para amostra composta.",
TUA20230130000336,T000077,L026283.2023.RH5A.V1,"Para efeitos de fiscalização ou inspeção poderão ser recolhidas amostras pontuais e/ou compostas, para avaliação da respetiva conformidade com os valores limites de emissão (VLE) expressos em unidades de concentração (massa por volume). No caso das amostras pontuais os VLE acrescem em 50% para os parâmetros com VLE definido no TURH para amostra composta.",
TUA20230130000336,T000078,L026283.2023.RH5A.V1,"O titular obriga-se a manter um dossier organizado contendo as Fichas de Dados de Segurança de todas as substâncias e/ou preparações perigosas utilizadas, devidamente redigidas em língua portuguesa.",
TUA20230130000336,T000079,L026283.2023.RH5A.V1,"O titular obriga-se a manter a área envolvente à descarga, em boas condições de funcionamento hidráulico, pelo que fica desde já autorizado a proceder a medidas de conservação e reabilitação da rede hidrográfica, nomeadamente à remoção dos sedimentos depositados no interior da linha de água, bem como a eliminar os elementos vegetais implantados no leito e margens maciços de silvas (Rubus ulmifolius) e de canas (Arundo donax).",
TUA20230202000373,T000061,L009125.2018.RH3.V1,"É dispensada a apresentação de apólice de seguro ou prestada uma caução para recuperação ambiental nos termos do disposto no art.º 22º, n.º 226-A/2007, de 31 de maio com as alterações introduzidas pelo Decreto-Lei n.º 82/2010, de 2 de julho.",
TUA20230202000373,T000062,L009125.2018.RH3.V1,"No prazo máximo de 30 dias após a data de atribuição do presente título, deverá ser apresentada uma apólice de seguro ou prestada uma caução no valor de 9 375 € a favor da entidade licenciadora, para recuperação ambiental, de acordo e nos termos previstos no número 2 do artigo 49º e alínea A) do Anexo I do Decreto-Lei n.º 226-A/2007, de 31 de maio, que garanta o pagamento de indemnizações por eventuais danos causados por erros ou omissões do projeto relativamente à drenagem e tratamento de efluentes ou pelo incumprimento das disposições legais e regulamentares a ele aplicáveis (minutas disponíveis no sítio da Agência Portuguesa do Ambiente, I.P. na internet em www.apambiente.pt – Instrumentos > Licenciamento das utilizações dos recursos hídricos > Formulários).",
TUA20230202000373,T000063,L009125.2018.RH3.V1,A monitorização dos parâmetros Azoto total e Fósforo total é para efeitos do cálculo da TRH nos termos do Decreto-Lei n.º 97/2008 de 11 de junho.,
TUA20230202000373,T000064,L009125.2018.RH3.V1,"As determinações analíticas conducentes à verificação do cumprimento do programa de autocontrolo devem ser preferencialmente realizadas por laboratórios acreditados para o efeito, devendo, nos restantes casos, ser realizadas por laboratórios que mantenham um sistema de controlo de qualidade analítica devidamente documentado e atualizado, à semelhança das orientações descritas na Diretiva 2009/90/CE, transposta para direito interno pelo Decreto-Lei n.º 83/2011, de 20 de junho, e das suas sucessivas atualizações. Os boletins analíticos terão de vir acompanhados da indicação dos limites de deteção, de quantificação e da incerteza. Os procedimentos de amostragem deverão ser efetuados aplicando boas práticas internacionais de laboratório a fim de reduzir ao mínimo a degradação das amostras entre a colheita e a análise.",
TUA20230202000373,T000065,L009125.2018.RH3.V1,"Atendendo à atual classificação da massa de água recetora do efluente tratado, e tendo em consideração a classificação que se encontra em discussão pública, o titular deverá diligenciar de modo a adequar a linha de tratamento da ETAR, para que, em período estiagem, os valores de carga rejeitada sejam reduzidos, contribuindo deste modo para que sejam atingidos os objetivos de qualidade da massa de água afetada.",
TUA20230202000373,T000066,L009125.2018.RH3.V1,Para efeitos de fiscalização ou inspeção podem ser recolhidas amostras pontuais. Para avaliação da respetiva conformidade as amostras pontuais podem exceder em 50% os valores limites de emissão (VLE) definidos no TURH.,
TUA20230202000373,T000067,L009125.2018.RH3.V1,"O titular obriga-se a manter a área envolvente à descarga em boas condições de funcionamento hidráulico, pelo que está autorizado a proceder a medidas de conservação, manutenção e reabilitação em domínio hídrico público, nomeadamente à limpeza e remoção dos sedimentos depositados no leito da linha de água, bem como ao corte e remoção de matéria vegetal de natureza infestante que se desenvolva no leito e nas margens, por exemplo: maciços de silvas (Rubus ulmifolius) e de canas (Arundo donax).",
TUA20230202000373,T000068,L009125.2018.RH3.V1,"O presente título renova a licença de utilização dos recursos hídricos n.ºL009125.2018.RH3, válida até 14/06/2023.",
TUA20230202000374,T000062,L009126.2018.RH3.V1,"É dispensada a apresentação de apólice de seguro ou prestada uma caução para recuperação ambiental nos termos do disposto no art.º 22º, n.º 226-A/2007, de 31 de maio com as alterações introduzidas pelo Decreto-Lei n.º 82/2010, de 2 de julho.",
TUA20230202000374,T000063,L009126.2018.RH3.V1,"No prazo máximo de 30 dias após a data de atribuição do presente título, deverá ser apresentada uma apólice de seguro ou prestada uma caução no valor de 2 500 € a favor da entidade licenciadora, para recuperação ambiental, de acordo e nos termos previstos no número 2 do artigo 49º e alínea A) do Anexo I do Decreto-Lei n.º 226-A/2007, de 31 de maio, que garanta o pagamento de indemnizações por eventuais danos causados por erros ou omissões do projeto relativamente à drenagem e tratamento de efluentes ou pelo incumprimento das disposições legais e regulamentares a ele aplicáveis (minutas disponíveis no sítio da Agência Portuguesa do Ambiente, I.P. na internet em www.apambiente.pt – Instrumentos > Licenciamento das utilizações dos recursos hídricos > Formulários).",
TUA20230202000374,T000064,L009126.2018.RH3.V1,A monitorização dos parâmetros Azoto total e Fósforo total é para efeitos do cálculo da TRH nos termos do Decreto-Lei n.º 97/2008 de 11 de junho.,
TUA20230202000374,T000065,L009126.2018.RH3.V1,"As determinações analíticas conducentes à verificação do cumprimento do programa de autocontrolo devem ser preferencialmente realizadas por laboratórios acreditados para o efeito, devendo, nos restantes casos, ser realizadas por laboratórios que mantenham um sistema de controlo de qualidade analítica devidamente documentado e atualizado, à semelhança das orientações descritas na Diretiva 2009/90/CE, transposta para direito interno pelo Decreto-Lei n.º 83/2011, de 20 de junho, e das suas sucessivas atualizações. Os boletins analíticos terão de vir acompanhados da indicação dos limites de deteção, de quantificação e da incerteza. Os procedimentos de amostragem deverão ser efetuados aplicando boas práticas internacionais de laboratório a fim de reduzir ao mínimo a degradação das amostras entre a colheita e a análise.",
TUA20230202000374,T000066,L009126.2018.RH3.V1,"Para efeitos de fiscalização ou inspeção podem ser recolhidas amostras pontuais. Para avaliação da respetiva conformidade as amostras pontuais podem exceder em 50% os valores limites de emissão (VLE) definidos no TURH, com exceção do parâmetro pH.",
TUA20230202000374,T000067,L009126.2018.RH3.V1,"O titular obriga-se a manter a área envolvente à descarga em boas condições de funcionamento hidráulico, pelo que está autorizado a proceder a medidas de conservação, manutenção e reabilitação em domínio hídrico público, nomeadamente à limpeza e remoção dos sedimentos depositados no leito da linha de água, bem como ao corte e remoção de matéria vegetal de natureza infestante que se desenvolva no leito e nas margens, por exemplo: maciços de silvas (Rubus ulmifolius) e de canas (Arundo donax).",
TUA20230202000374,T000068,L009126.2018.RH3.V1,"O presente título renova a licença de utilização dos recursos hídricos n.º L009126.2018.RH3, válida até 14/06/2023.",
TUA20230202000375,T000063,L009113.2018.RH3.V1,"É dispensada a apresentação de apólice de seguro ou prestada uma caução para recuperação ambiental nos termos do disposto no art.º 22º, n.º 226-A/2007, de 31 de maio com as alterações introduzidas pelo Decreto-Lei n.º 82/2010, de 2 de julho.",
TUA20230202000375,T000064,L009113.2018.RH3.V1,"No prazo máximo de 30 dias após a data de atribuição do presente título, deverá ser apresentada uma apólice de seguro ou prestada uma caução no valor de 2 500 € a favor da entidade licenciadora, para recuperação ambiental, de acordo e nos termos previstos no número 2 do artigo 49º e alínea A) do Anexo I do Decreto-Lei n.º 226-A/2007, de 31 de maio, que garanta o pagamento de indemnizações por eventuais danos causados por erros ou omissões do projeto relativamente à drenagem e tratamento de efluentes ou pelo incumprimento das disposições legais e regulamentares a ele aplicáveis (minutas disponíveis no sítio da Agência Portuguesa do Ambiente, I.P. na internet em www.apambiente.pt – Instrumentos > Licenciamento das utilizações dos recursos hídricos > Formulários).",
TUA20230202000375,T000065,L009113.2018.RH3.V1,A monitorização dos parâmetros Azoto total e Fósforo total é para efeitos do cálculo da TRH nos termos do Decreto-Lei n.º 97/2008 de 11 de junho.,
TUA20230202000375,T000066,L009113.2018.RH3.V1,"As determinações analíticas conducentes à verificação do cumprimento do programa de autocontrolo devem ser preferencialmente realizadas por laboratórios acreditados para o efeito, devendo, nos restantes casos, ser realizadas por laboratórios que mantenham um sistema de controlo de qualidade analítica devidamente documentado e atualizado, à semelhança das orientações descritas na Diretiva 2009/90/CE, transposta para direito interno pelo Decreto-Lei n.º 83/2011, de 20 de junho, e das suas sucessivas atualizações. Os boletins analíticos terão de vir acompanhados da indicação dos limites de deteção, de quantificação e da incerteza. Os procedimentos de amostragem deverão ser efetuados aplicando boas práticas internacionais de laboratório a fim de reduzir ao mínimo a degradação das amostras entre a colheita e a análise.",
TUA20230202000375,T000067,L009113.2018.RH3.V1,"Para efeitos de fiscalização ou inspeção podem ser recolhidas amostras pontuais. Para avaliação da respetiva conformidade as amostras pontuais podem exceder em 50% os valores limites de emissão (VLE) definidos no TURH, com exceção do parâmetro pH.",
TUA20230202000375,T000068,L009113.2018.RH3.V1,"O titular obriga-se a manter a área envolvente à descarga em boas condições de funcionamento hidráulico, pelo que está autorizado a proceder a medidas de conservação, manutenção e reabilitação em domínio hídrico público, nomeadamente à limpeza e remoção dos sedimentos depositados no leito da linha de água, bem como ao corte e remoção de matéria vegetal de natureza infestante que se desenvolva no leito e nas margens, por exemplo: maciços de silvas (Rubus ulmifolius) e de canas (Arundo donax).",
TUA20230202000375,T000069,L009113.2018.RH3.V1,"O presente título renova a licença de utilização dos recursos hídricos n.ºL009113.2018.RH3, válida até 14/06/2023.",
TUA20230202000376,T000067,L009132.2018.RH3.V1,"É dispensada a apresentação de apólice de seguro ou prestada uma caução para recuperação ambiental nos termos do disposto no art.º 22º, n.º 226-A/2007, de 31 de maio com as alterações introduzidas pelo Decreto-Lei n.º 82/2010, de 2 de julho.",
TUA20230202000376,T000068,L009132.2018.RH3.V1,"No prazo máximo de 30 dias após a data de atribuição do presente título, deverá ser apresentada uma apólice de seguro ou prestada uma caução no valor de 4 375 € a favor da entidade licenciadora, para recuperação ambiental, de acordo e nos termos previstos no número 2 do artigo 49º e alínea A) do Anexo I do Decreto-Lei n.º 226-A/2007, de 31 de maio, que garanta o pagamento de indemnizações por eventuais danos causados por erros ou omissões do projeto relativamente à drenagem e tratamento de efluentes ou pelo incumprimento das disposições legais e regulamentares a ele aplicáveis (minutas disponíveis no sítio da Agência Portuguesa do Ambiente, I.P. na internet em www.apambiente.pt – Instrumentos > Licenciamento das utilizações dos recursos hídricos > Formulários).",
TUA20230202000376,T000069,L009132.2018.RH3.V1,A monitorização dos parâmetros Azoto total e Fósforo total é para efeitos do cálculo da TRH nos termos do Decreto-Lei n.º 97/2008 de 11 de junho.,
TUA20230202000376,T000070,L009132.2018.RH3.V1,"As determinações analíticas conducentes à verificação do cumprimento do programa de autocontrolo devem ser preferencialmente realizadas por laboratórios acreditados para o efeito, devendo, nos restantes casos, ser realizadas por laboratórios que mantenham um sistema de controlo de qualidade analítica devidamente documentado e atualizado, à semelhança das orientações descritas na Diretiva 2009/90/CE, transposta para direito interno pelo Decreto-Lei n.º 83/2011, de 20 de junho, e das suas sucessivas atualizações. Os boletins analíticos terão de vir acompanhados da indicação dos limites de deteção, de quantificação e da incerteza. Os procedimentos de amostragem deverão ser efetuados aplicando boas práticas internacionais de laboratório a fim de reduzir ao mínimo a degradação das amostras entre a colheita e a análise.",
TUA20230202000376,T000071,L009132.2018.RH3.V1,"Para efeitos de fiscalização ou inspeção podem ser recolhidas amostras pontuais. Para avaliação da respetiva conformidade as amostras pontuais podem exceder em 50% os valores limites de emissão (VLE) definidos no TURH, com exceção do parâmetro pH.",
TUA20230202000376,T000072,L009132.2018.RH3.V1,"O titular obriga-se a manter a área envolvente à descarga em boas condições de funcionamento hidráulico, pelo que está autorizado a proceder a medidas de conservação, manutenção e reabilitação em domínio hídrico público, nomeadamente à limpeza e remoção dos sedimentos depositados no leito da linha de água, bem como ao corte e remoção de matéria vegetal de natureza infestante que se desenvolva no leito e nas margens, por exemplo: maciços de silvas (Rubus ulmifolius) e de canas (Arundo donax).",
TUA20230202000376,T000073,L009132.2018.RH3.V1,"O presente título renova a licença de utilização dos recursos hídricos n.º L009132.2018.RH3, válida até 17/06/2023.",
TUA20230202000377,T000056,L009127.2018.RH3.V1,"É dispensada a apresentação de apólice de seguro ou prestada uma caução para recuperação ambiental nos termos do disposto no art.º 22º, n.º 226-A/2007, de 31 de maio com as alterações introduzidas pelo Decreto-Lei n.º 82/2010, de 2 de julho.",
TUA20230202000377,T000057,L009127.2018.RH3.V1,"No prazo máximo de 30 dias após a data de atribuição do presente título, deverá ser apresentada uma apólice de seguro ou prestada uma caução no valor de 2 500 € a favor da entidade licenciadora, para recuperação ambiental, de acordo e nos termos previstos no número 2 do artigo 49º e alínea A) do Anexo I do Decreto-Lei n.º 226-A/2007, de 31 de maio, que garanta o pagamento de indemnizações por eventuais danos causados por erros ou omissões do projeto relativamente à drenagem e tratamento de efluentes ou pelo incumprimento das disposições legais e regulamentares a ele aplicáveis (minutas disponíveis no sítio da Agência Portuguesa do Ambiente, I.P. na internet em www.apambiente.pt – Instrumentos > Licenciamento das utilizações dos recursos hídricos > Formulários).",
TUA20230202000377,T000058,L009127.2018.RH3.V1,A monitorização dos parâmetros Azoto total e Fósforo total é para efeitos do cálculo da TRH nos termos do Decreto-Lei n.º 97/2008 de 11 de junho.,
TUA20230202000377,T000059,L009127.2018.RH3.V1,"As determinações analíticas conducentes à verificação do cumprimento do programa de autocontrolo devem ser preferencialmente realizadas por laboratórios acreditados para o efeito, devendo, nos restantes casos, ser realizadas por laboratórios que mantenham um sistema de controlo de qualidade analítica devidamente documentado e atualizado, à semelhança das orientações descritas na Diretiva 2009/90/CE, transposta para direito interno pelo Decreto-Lei n.º 83/2011, de 20 de junho, e das suas sucessivas atualizações. Os boletins analíticos terão de vir acompanhados da indicação dos limites de deteção, de quantificação e da incerteza. Os procedimentos de amostragem deverão ser efetuados aplicando boas práticas internacionais de laboratório a fim de reduzir ao mínimo a degradação das amostras entre a colheita e a análise.",
TUA20230202000377,T000060,L009127.2018.RH3.V1,"Para efeitos de fiscalização ou inspeção podem ser recolhidas amostras pontuais. Para avaliação da respetiva conformidade as amostras pontuais podem exceder em 50% os valores limites de emissão (VLE) definidos no TURH, com exceção do parâmetro pH.",
TUA20230202000377,T000061,L009127.2018.RH3.V1,"O titular obriga-se a manter a área envolvente à descarga em boas condições de funcionamento hidráulico, pelo que está autorizado a proceder a medidas de conservação, manutenção e reabilitação em domínio hídrico público, nomeadamente à limpeza e remoção dos sedimentos depositados no leito da linha de água, bem como ao corte e remoção de matéria vegetal de natureza infestante que se desenvolva no leito e nas margens, por exemplo: maciços de silvas (Rubus ulmifolius) e de canas (Arundo donax).",
TUA20230202000377,T000062,L009127.2018.RH3.V1,"O presente título renova a licença de utilização dos recursos hídricos n.ºL009127.2018.RH3, válida até 14/06/2023.",
TUA20230202000378,T000062,L009139.2018.RH3.V1,"É dispensada a apresentação de apólice de seguro ou prestada uma caução para recuperação ambiental nos termos do disposto no art.º 22º, n.º 226-A/2007, de 31 de maio com as alterações introduzidas pelo Decreto-Lei n.º 82/2010, de 2 de julho.",
TUA20230202000378,T000063,L009139.2018.RH3.V1,"No prazo máximo de 30 dias após a data de atribuição do presente título, deverá ser apresentada uma apólice de seguro ou prestada uma caução no valor de 1 250 € a favor da entidade licenciadora, para recuperação ambiental, de acordo e nos termos previstos no número 2 do artigo 49º e alínea A) do Anexo I do Decreto-Lei n.º 226-A/2007, de 31 de maio, que garanta o pagamento de indemnizações por eventuais danos causados por erros ou omissões do projeto relativamente à drenagem e tratamento de efluentes ou pelo incumprimento das disposições legais e regulamentares a ele aplicáveis (minutas disponíveis no sítio da Agência Portuguesa do Ambiente, I.P. na internet em www.apambiente.pt – Instrumentos > Licenciamento das utilizações dos recursos hídricos > Formulários).",
TUA20230202000378,T000064,L009139.2018.RH3.V1,A monitorização dos parâmetros Azoto total e Fósforo total é para efeitos do cálculo da TRH nos termos do Decreto-Lei n.º 97/2008 de 11 de junho.,
TUA20230202000378,T000065,L009139.2018.RH3.V1,"As determinações analíticas conducentes à verificação do cumprimento do programa de autocontrolo devem ser preferencialmente realizadas por laboratórios acreditados para o efeito, devendo, nos restantes casos, ser realizadas por laboratórios que mantenham um sistema de controlo de qualidade analítica devidamente documentado e atualizado, à semelhança das orientações descritas na Diretiva 2009/90/CE, transposta para direito interno pelo Decreto-Lei n.º 83/2011, de 20 de junho, e das suas sucessivas atualizações. Os boletins analíticos terão de vir acompanhados da indicação dos limites de deteção, de quantificação e da incerteza. Os procedimentos de amostragem deverão ser efetuados aplicando boas práticas internacionais de laboratório a fim de reduzir ao mínimo a degradação das amostras entre a colheita e a análise.",
TUA20230202000378,T000066,L009139.2018.RH3.V1,"Para efeitos de fiscalização ou inspeção podem ser recolhidas amostras pontuais. Para avaliação da respetiva conformidade as amostras pontuais podem exceder em 50% os valores limites de emissão (VLE) definidos no TURH, com exceção do parâmetro pH.",
TUA20230202000378,T000067,L009139.2018.RH3.V1,"O titular obriga-se a manter a área envolvente à descarga em boas condições de funcionamento hidráulico, pelo que está autorizado a proceder a medidas de conservação, manutenção e reabilitação em domínio hídrico público, nomeadamente à limpeza e remoção dos sedimentos depositados no leito da linha de água, bem como ao corte e remoção de matéria vegetal de natureza infestante que se desenvolva no leito e nas margens, por exemplo: maciços de silvas (Rubus ulmifolius) e de canas (Arundo donax).",
TUA20230202000378,T000068,L009139.2018.RH3.V1,"O presente título renova a licença de utilização dos recursos hídricos n.º L009139.2018.RH3, válida até 17/06/2023.",
TUA20230208000443,T000060,L026778.2023.RH3.V1,"É dispensada a apresentação de apólice de seguro ou prestada uma caução para recuperação ambiental nos termos do disposto no art.º 22º, n.º 226-A/2007, de 31 de maio com as alterações introduzidas pelo Decreto-Lei n.º 82/2010, de 2 de julho.",
TUA20230208000443,T000061,L026778.2023.RH3.V1,"No prazo máximo de 30 dias após a data de atribuição do presente título, deverá ser apresentada uma apólice de seguro ou prestada uma caução no valor de 1 250 € a favor da entidade licenciadora, para recuperação ambiental, de acordo e nos termos previstos no número 2 do artigo 49º e alínea A) do Anexo I do Decreto-Lei n.º 226-A/2007, de 31 de maio, que garanta o pagamento de indemnizações por eventuais danos causados por erros ou omissões do projeto relativamente à drenagem e tratamento de efluentes ou pelo incumprimento das disposições legais e regulamentares a ele aplicáveis (minutas disponíveis no sítio da Agência Portuguesa do Ambiente, I.P. na internet em www.apambiente.pt – Instrumentos > Licenciamento das utilizações dos recursos hídricos > Formulários).",
TUA20230208000443,T000062,L026778.2023.RH3.V1,"As determinações analíticas conducentes à verificação do cumprimento dos programas de autocontrolo e de monitorização do meio recetor devem ser preferencialmente realizadas por laboratórios acreditados para o efeito, devendo, nos restantes casos, ser realizadas por laboratórios que mantenham um sistema de controlo de qualidade analítica devidamente documentado e atualizado, à semelhança das orientações descritas na Diretiva 2009/90/CE, transposta para direito interno pelo Decreto-Lei n.º 83/2011, de 20 de junho, e das suas sucessivas atualizações. Os boletins analíticos terão de vir acompanhados da indicação dos limites de deteção, de quantificação e da incerteza. Os procedimentos de amostragem deverão ser efetuados aplicando boas práticas internacionais de laboratório a fim de reduzir ao mínimo a degradação das amostras entre a colheita e a análise.",
TUA20230208000443,T000063,L026778.2023.RH3.V1,"Para efeitos de fiscalização ou inspeção podem ser recolhidas amostras pontuais. Para avaliação da respetiva conformidade as amostras pontuais podem exceder em 50% os valores limites de emissão (VLE) definidos no TURH, com exceção do parâmetro pH.",
TUA20230208000443,T000064,L026778.2023.RH3.V1,"O titular obriga-se a manter a área envolvente à descarga em boas condições de funcionamento hidráulico, pelo que está autorizado a proceder a medidas de conservação, manutenção e reabilitação em domínio hídrico público, nomeadamente à limpeza e remoção dos sedimentos depositados no leito da linha de água, bem como ao corte e remoção de matéria vegetal de natureza infestante que se desenvolva no leito e nas margens, por exemplo: maciços de silvas (Rubus ulmifolius) e de canas (Arundo donax).",
TUA20230208000443,T000065,L026778.2023.RH3.V1,"O presente título renova a licença de utilização dos recursos hídricos n.º L009135.2018.RH3, válida até 17/06/2023.",
TUA20230213000471,T000059,L004520.2018.RH3.,"É dispensada a apresentação de apólice de seguro ou prestada uma caução para recuperação ambiental nos termos do disposto no art.º 22º, n.º 226-A",
TUA20230213000471,Código,Código TURH,Condição,
TUA20230213000471,,V1,"/2007, de 31 de maio com as alterações introduzidas pelo Decreto-Lei n.º 82/2010, de 2 de julho.",
TUA20230213000471,T000060,L004520.2018.RH3.V1,"No prazo máximo de 30 dias após a data de atribuição do presente título, deverá ser apresentada uma apólice de seguro ou prestada uma caução no valor de 875 € a favor da entidade licenciadora, para recuperação ambiental, de acordo e nos termos previstos no número 2 do artigo 49º e alínea A) do Anexo I do Decreto-Lei n.º 226-A/2007, de 31 de maio, que garanta o pagamento de indemnizações por eventuais danos causados por erros ou omissões do projeto relativamente à drenagem e tratamento de efluentes ou pelo incumprimento das disposições legais e regulamentares a ele aplicáveis (minutas disponíveis no sítio da Agência Portuguesa do Ambiente, I.P. na internet em www.apambiente.pt – Instrumentos > Licenciamento das utilizações dos recursos hídricos > Formulários).",
TUA20230213000471,T000061,L004520.2018.RH3.V1,"As determinações analíticas conducentes à verificação do cumprimento do programa de autocontrolo devem ser preferencialmente realizadas por laboratórios acreditados para o efeito, devendo, nos restantes casos, ser realizadas por laboratórios que mantenham um sistema de controlo de qualidade analítica devidamente documentado e atualizado, à semelhança das orientações descritas na Diretiva 2009/90/CE, transposta para direito interno pelo Decreto-Lei n.º 83/2011, de 20 de junho, e das suas sucessivas atualizações. Os boletins analíticos terão de vir acompanhados da indicação dos limites de deteção, de quantificação e da incerteza. Os procedimentos de amostragem deverão ser efetuados aplicando boas práticas internacionais de laboratório a fim de reduzir ao mínimo a degradação das amostras entre a colheita e a análise.",
TUA20230213000471,T000062,L004520.2018.RH3.V1,"Para efeitos de fiscalização ou inspeção podem ser recolhidas amostras pontuais. Para avaliação da respetiva conformidade as amostras pontuais podem exceder em 50% os valores limites de emissão (VLE) definidos no TURH, com exceção do parâmetro pH.",
TUA20230213000471,T000063,L004520.2018.RH3.V1,"O titular obriga-se a manter a área envolvente à descarga em boas condições de funcionamento hidráulico, pelo que está autorizado a proceder a medidas de conservação, manutenção e reabilitação em domínio hídrico público, nomeadamente à limpeza e remoção dos sedimentos depositados no leito da linha de água, bem como ao corte e remoção de matéria vegetal de natureza infestante que se desenvolva no leito e nas margens, por exemplo: maciços de silvas (Rubus ulmifolius) e de canas (Arundo donax).",
TUA20230213000471,T000064,L004520.2018.RH3.V1,"O presente título renova a licença de utilização dos recursos hídricos n.º L004520.2018.RH3, válida até 01/07/2023.",
TUA20230213000497,T000069,L001767.2013.RH5-T1.V1,O titular obriga-se a enviar à Entidade Licenciadora o registo dos caudais médios diários e dos caudais médios mensais relativos ao efluente rejeitado.,
TUA20230213000497,T000070,L001767.2013.RH5-T1.V1,"Os relatórios de autocontrolo, a enviar à Entidade Licenciadora, deverão incluir a identificação de qualquer alteração nas condições de entrada de efluente, avarias nos equipamentos, ou outras situações que alterem o normal funcionamento da ETAR. Quando se verifique a ocorrência de algum incumprimento deverão ser apresentadas as correspondentes medidas corretivas e preventivas.",
TUA20230213000497,T000071,L001767.2013.RH5-T1.V1,"O titular obriga-se para o corrente ano civil, a enviar a calendarização prevista para a recolha de amostras de autocontrolo na ETAR, num prazo de 15 dias a contar da data da emissão do presente título; para cada ano civil, a enviar a calendarização prevista até ao dia 15 de Dezembro do ano anterior; caso a programação prevista seja alterada, a enviar a nova calendarização, com uma antecedência mínima de 15 dias.",
TUA20230213000497,T000072,L001767.2013.RH5-T1.V1,"Para efeitos de fiscalização ou inspeção poderão ser recolhidas amostras pontuais e/ou compostas, para avaliação da respetiva conformidade com os valores limites de emissão (VLE) expressos em unidades de concentração (massa por volume). No caso das amostras pontuais os VLE acrescem em 50% para os parâmetros com VLE definido no TURH para amostra composta.",
TUA20230213000497,T000074,L001767.2013.RH5-T1.V1,"Sempre que se registarem caudais efluentes do sistema de tratamento superiores ao caudal de dimensionamento da ETAR em ano de horizonte do projeto, deverá prestar os devidos esclarecimentos, no final de cada semestre, tendo presente a necessidade de rigorosa justificação de que tais acréscimos de caudal tratado não põem em causa a eficiência do sistema de tratamento.",
TUA20230213000497,T000075,L001767.2013.RH5-T1.V1,"O titular obriga-se a manter um dossier organizado contendo as Fichas de Dados de Segurança de todas as substâncias e/ou preparações perigosas utilizadas, devidamente redigidas em língua portuguesa, devendo, quando existem alterações ou a introdução de novas substâncias enviar, semestralmente, à Entidade Licenciadora a respetiva atualização",
TUA20230213000497,T000076,L001767.2013.RH5-T1.V1,"O titular obriga-se a manter a área envolvente à descarga, em boas condições de funcionamento hidráulico, pelo que fica desde já autorizado a proceder a medidas de conservação e reabilitação da rede hidrográfica, nomeadamente à limpeza e remoção dos sedimentos depositados no interior da linha de água, bem como a eliminar os elementos vegetais implantados no leito e margens maciços de silvas (Rubus ulmifolius) e de canas (Arundo donax).",
TUA20230213000497,T000078,L001767.2013.RH5-T1.V1,"As determinações analíticas conducentes à verificação do cumprimento do programa de autocontrolo devem ser preferencialmente realizadas por laboratórios acreditados para o efeito, devendo, nos restantes casos, ser realizadas por laboratórios que mantenham um sistema de controlo de qualidade analítica devidamente documentado e atualizado, à semelhança das orientações descritas na Diretiva 2009/90/CE, transposta para direito interno pelo Decreto-Lei n.º 83/2011, de 20 de junho. Os boletins analíticos terão de vir acompanhados da indicação dos limites de deteção, de quantificação e da incerteza. Os procedimentos de amostragem deverão ser efetuados aplicando boas práticas internacionais de laboratório a fim de reduzir ao mínimo a degradação das amostras entre a colheita e a análise.",
TUA20230213000497,T000079,L001767.2013.RH5-T1.V1,"No prazo de 30 dias o titular deverá entregar justificação para a população servida pela ETAR ser superior à população do ano horizonte de projeto, devendo indicar que tal acréscimo não põem em causa a eficiência do sistema de tratamento, nem obrigará à remodelação/beneficiação do sistema de tratamento.",
TUA20230213000497,,L001767.2013.RH5-,"É dispensada a apresentação de apólice de seguro ou prestada uma caução para recuperação ambiental nos termos do disposto no art.º 22º, n.º 226-A",
TUA20230213000497,Código,Código TURH,Condição,
TUA20230213000497,T000080,T1.V1,"/2007, de 31 de maio com as alterações introduzidas pelo Decreto-Lei n.º 82/2010, de 2 de julho.",
TUA20230216000512,T000060,L010055.2018.RH3.V1,"É dispensada a apresentação de apólice de seguro ou prestada uma caução para recuperação ambiental nos termos do disposto no art.º 22º, n.º 226-A/2007, de 31 de maio com as alterações introduzidas pelo Decreto-Lei n.º 82/2010, de 2 de julho.",
TUA20230216000512,T000061,L010055.2018.RH3.V1,"No prazo máximo de 30 dias após a data de atribuição do presente título, deverá ser apresentada uma apólice de seguro ou prestada uma caução no valor de 1 250 € a favor da entidade licenciadora, para recuperação ambiental, de acordo e nos termos previstos no número 2 do artigo 49º e alínea A) do Anexo I do Decreto-Lei n.º 226-A/2007, de 31 de maio, que garanta o pagamento de indemnizações por eventuais danos causados por erros ou omissões do projeto relativamente à drenagem e tratamento de efluentes ou pelo incumprimento das disposições legais e regulamentares a ele aplicáveis (minutas disponíveis no sítio da Agência Portuguesa do Ambiente, I.P. na internet em www.apambiente.pt – Instrumentos > Licenciamento das utilizações dos recursos hídricos > Formulários).",
TUA20230216000512,T000062,L010055.2018.RH3.V1,"As determinações analíticas conducentes à verificação do cumprimento do programa de autocontrolo devem ser preferencialmente realizadas por laboratórios acreditados para o efeito, devendo, nos restantes casos, ser realizadas por laboratórios que mantenham um sistema de controlo de qualidade analítica devidamente documentado e atualizado, à semelhança das orientações descritas na Diretiva 2009/90/CE, transposta para direito interno pelo Decreto-Lei n.º 83/2011, de 20 de junho, e das suas sucessivas atualizações. Os boletins analíticos terão de vir acompanhados da indicação dos limites de deteção, de quantificação e da incerteza. Os procedimentos de amostragem deverão ser efetuados aplicando boas práticas internacionais de laboratório a fim de reduzir ao mínimo a degradação das amostras entre a colheita e a análise.",
TUA20230216000512,T000063,L010055.2018.RH3.V1,"Para efeitos de fiscalização ou inspeção podem ser recolhidas amostras pontuais. Para avaliação da respetiva conformidade as amostras pontuais podem exceder em 50% os valores limites de emissão (VLE) definidos no TURH, com exceção do parâmetro pH.",
TUA20230216000512,T000064,L010055.2018.RH3.V1,"O titular obriga-se a manter a área envolvente à descarga em boas condições de funcionamento hidráulico, pelo que está autorizado a proceder a medidas de conservação, manutenção e reabilitação em domínio hídrico público, nomeadamente à limpeza e remoção dos sedimentos depositados no leito da linha de água, bem como ao corte e remoção de matéria vegetal de natureza infestante que se desenvolva no leito e nas margens, por exemplo: maciços de silvas (Rubus ulmifolius) e de canas (Arundo donax).",
TUA20230216000512,T000065,L010055.2018.RH3.V1,"O presente título renova a licença de utilização dos recursos hídricos n.º L010055.2018.RH3, válida até 02/07/2023.",
TUA20230216000513,T000062,L004518.2018.RH3.V1,"É dispensada a apresentação de apólice de seguro ou prestada uma caução para recuperação ambiental nos termos do disposto no art.º 22º, n.º 226-A/2007, de 31 de maio com as alterações introduzidas pelo Decreto-Lei n.º 82/2010, de 2 de julho.",
TUA20230216000513,T000063,L004518.2018.RH3.V1,"No prazo máximo de 30 dias após a data de atribuição do presente título, deverá ser apresentada uma apólice de seguro ou prestada uma caução no valor de 4 375 € a favor da entidade licenciadora, para recuperação ambiental, de acordo e nos termos previstos no número 2 do artigo 49º e alínea A) do Anexo I do Decreto-Lei n.º 226-A/2007, de 31 de maio, que garanta o pagamento de indemnizações por eventuais danos causados por erros ou omissões do projeto relativamente à drenagem e tratamento de efluentes ou pelo incumprimento das disposições legais e regulamentares a ele aplicáveis (minutas disponíveis no sítio da Agência Portuguesa do Ambiente, I.P. na internet em www.apambiente.pt – Instrumentos > Licenciamento das utilizações dos recursos hídricos > Formulários).",
TUA20230216000513,T000064,L004518.2018.RH3.V1,A monitorização dos parâmetros Azoto total e Fósforo total é para efeitos do cálculo da TRH nos termos do Decreto-Lei n.º 97/2008 de 11 de junho.,
TUA20230216000513,T000065,L004518.2018.RH3.V1,"As determinações analíticas conducentes à verificação do cumprimento do programa de autocontrolo devem ser preferencialmente realizadas por laboratórios acreditados para o efeito, devendo, nos restantes casos, ser realizadas por laboratórios que mantenham um sistema de controlo de qualidade analítica devidamente documentado e atualizado, à semelhança das orientações descritas na Diretiva 2009/90/CE, transposta para direito interno pelo Decreto-Lei n.º 83/2011, de 20 de junho, e das suas sucessivas atualizações. Os boletins analíticos terão de vir acompanhados da indicação dos limites de deteção, de quantificação e da incerteza. Os procedimentos de amostragem deverão ser efetuados aplicando boas práticas internacionais de laboratório a fim de reduzir ao mínimo a degradação das amostras entre a colheita e a análise.",
TUA20230216000513,T000066,L004518.2018.RH3.V1,"Para efeitos de fiscalização ou inspeção podem ser recolhidas amostras pontuais. Para avaliação da respetiva conformidade as amostras pontuais podem exceder em 50% os valores limites de emissão (VLE) definidos no TURH, com exceção do parâmetro pH.",
TUA20230216000513,T000067,L004518.2018.RH3.V1,"O titular obriga-se a manter a área envolvente à descarga em boas condições de funcionamento hidráulico, pelo que está autorizado a proceder a medidas de conservação, manutenção e reabilitação em domínio hídrico público, nomeadamente à limpeza e remoção dos sedimentos depositados no leito da linha de água, bem como ao corte e remoção de matéria vegetal de natureza infestante que se desenvolva no leito e nas margens, por exemplo: maciços de silvas (Rubus ulmifolius) e de canas (Arundo donax).",
TUA20230216000513,T000068,L004518.2018.RH3.V1,"O presente título renova a licença de utilização dos recursos hídricos n.º L004518.2018.RH3, válida até 28/06/2023.",
TUA20230220000545,T000060,L004518.2018.RH3.V2,"É dispensada a apresentação de apólice de seguro ou prestada uma caução para recuperação ambiental nos termos do disposto no art.º 22º, n.º 226-A/2007, de 31 de maio com as alterações introduzidas pelo Decreto-Lei n.º 82/2010, de 2 de julho.",
TUA20230220000545,T000061,L004518.2018.RH3.V2,"No prazo máximo de 30 dias após a data de atribuição do presente título, deverá ser apresentada uma apólice de seguro ou prestada uma caução no valor de 2 500 € a favor da entidade licenciadora, para recuperação ambiental, de acordo e nos termos previstos no número 2 do artigo 49º e alínea A) do Anexo I do Decreto-Lei n.º 226-A/2007, de 31 de maio, que garanta o pagamento de indemnizações por eventuais danos causados por erros ou omissões do projeto relativamente à drenagem e tratamento de efluentes ou pelo incumprimento das disposições legais e regulamentares a ele aplicáveis (minutas disponíveis no sítio da Agência Portuguesa do Ambiente, I.P. na internet em www.apambiente.pt – Instrumentos > Licenciamento das utilizações dos recursos hídricos > Formulários).",
TUA20230220000545,T000064,L004518.2018.RH3.V2,A monitorização dos parâmetros Azoto total e Fósforo total é para efeitos do cálculo da TRH nos termos do Decreto-Lei n.º 97/2008 de 11 de junho.,
TUA20230220000545,T000065,L004518.2018.RH3.V2,"As determinações analíticas conducentes à verificação do cumprimento do programa de autocontrolo ser preferencialmente realizadas por laboratórios acreditados para o efeito, devendo, nos restantes casos, ser realizadas por laboratórios que mantenham um sistema de controlo de qualidade analítica devidamente documentado e atualizado, à semelhança das orientações descritas na Diretiva 2009/90/CE, transposta para direito interno pelo Decreto-Lei n.º 83/2011, de 20 de junho, e das suas sucessivas atualizações. Os boletins analíticos terão de vir acompanhados da indicação dos limites de deteção, de quantificação e da incerteza. Os procedimentos de amostragem deverão ser efetuados aplicando boas práticas internacionais de laboratório a fim de reduzir ao mínimo a degradação das amostras entre a colheita e a análise.",
TUA20230220000545,T000066,L004518.2018.RH3.V2,"Para efeitos de fiscalização ou inspeção podem ser recolhidas amostras pontuais. Para avaliação da respetiva conformidade as amostras pontuais podem exceder em 50% os valores limites de emissão (VLE) definidos no TURH, com exceção do parâmetro pH.",
TUA20230220000545,T000067,L004518.2018.RH3.V2,"O titular obriga-se a manter a área envolvente à descarga em boas condições de funcionamento hidráulico, pelo que está autorizado a proceder a medidas de conservação, manutenção e reabilitação em domínio hídrico público, nomeadamente à limpeza e remoção dos sedimentos depositados no leito da linha de água, bem como ao corte e remoção de matéria vegetal de natureza infestante que se desenvolva no leito e nas margens, por exemplo: maciços de silvas (Rubus ulmifolius) e de canas (Arundo donax).",
TUA20230220000545,T000068,L004518.2018.RH3.V2,"O presente título renova a licença de utilização dos recursos hídricos n.º L004519.2018.RH3, válida até 28/06/2023.",
TUA20230228000613,T000074,L001772.2020.RH5A.V1,"No prazo máximo de 30 dias após a data de atribuição do presente título, deverá ser apresentada uma apólice de seguro ou prestada uma caução no valor de 15 000 € a favor da entidade licenciadora, para recuperação ambiental, de acordo e nos termos previstos no número 2 do artigo 49º e alínea A) do Anexo I do Decreto-Lei n.º 226-A/2007, de 31 de maio, que garanta o pagamento de indemnizações por eventuais danos causados por erros ou omissões do projeto relativamente à drenagem e tratamento de efluentes ou pelo incumprimento das disposições legais e regulamentares a ele aplicáveis (minutas disponíveis no sítio da Agência Portuguesa do Ambiente, I.P. na internet em www.apambiente.pt – Instrumentos > Licenciamento das utilizações dos recursos hídricos > Formulários).",
TUA20230228000613,T000075,L001772.2020.RH5A.V1,"Os relatórios de autocontrolo, a enviar à Entidade Licenciadora, deverão incluir a identificação de qualquer alteração nas condições de entrada de efluente, avarias nos equipamentos, ou outras situações que alterem o normal funcionamento da ETAR. Quando se verifique a ocorrência de algum incumprimento deverão ser apresentadas as correspondentes medidas corretivas e preventivas.",
TUA20230228000613,T000076,L001772.2020.RH5A.V1,"O titular obriga-se para o corrente ano civil, a enviar a calendarização prevista para a recolha de amostras de autocontrolo na ETAR, num prazo de 15 dias a contar da data da emissão do presente título; para cada ano civil, a enviar a calendarização prevista até ao dia 15 de Dezembro do ano anterior; caso a programação prevista seja alterada, a enviar a nova calendarização, com uma antecedência mínima de 15 dias.",
TUA20230228000613,T000077,L001772.2020.RH5A.V1,O titular obriga-se a enviar à Entidade Licenciadora o registo dos caudais mensais relativos ao afluente bruto e efluente rejeitado.,
TUA20230228000613,T000078,L001772.2020.RH5A.V1,"O titular obriga-se a reportar à Entidade Licenciadora, os volumes descarregados em situações de by-pass (na ETAR e também nas instalações elevatórias associadas), assim como a indicação do período de ocorrência.",
TUA20230228000613,T000079,L001772.2020.RH5A.V1,"Para efeitos de fiscalização ou inspeção poderão ser recolhidas amostras pontuais e/ou compostas, para avaliação da respetiva conformidade com os valores limites de emissão (VLE) expressos em unidades de concentração (massa por volume). No caso das amostras pontuais os VLE acrescem em 50% para os parâmetros com VLE definido no TURH para amostra composta.",
TUA20230228000613,,,Sempre que se registarem caudais efluentes do sistema de tratamento superiores ao caudal de dimensionamento da ETAR em ano de horizonte do,
TUA20230228000613,Código,Código TURH,Condição,
TUA20230228000613,T000080,L001772.2020.RH5A.V1,"projeto, deverá prestar os devidos esclarecimentos, no final de cada semestre, tendo presente a necessidade de rigorosa justificação de que tais acréscimos de caudal tratado não põem em causa a eficiência do sistema de tratamento.",
TUA20230228000613,T000081,L001772.2020.RH5A.V1,"O titular obriga-se a manter um dossier organizado contendo as Fichas de Dados de Segurança de todas as substâncias e/ou preparações perigosas utilizadas, devidamente redigidas em língua portuguesa, devendo, quando existem alterações ou a introdução de novas substâncias enviar, semestralmente, à Entidade Licenciadora a respetiva atualização.",
TUA20230228000613,T000082,L001772.2020.RH5A.V1,"As determinações analíticas conducentes à verificação do cumprimento do programa de autocontrolo devem ser preferencialmente realizadas por laboratórios acreditados para o efeito, devendo, nos restantes casos, ser realizadas por laboratórios que mantenham um sistema de controlo de qualidade analítica devidamente documentado e atualizado, à semelhança das orientações descritas na Diretiva 2009/90/CE, transposta para direito interno pelo Decreto-Lei n.º 83/2011, de 20 de junho. Os boletins analíticos terão de vir acompanhados da indicação dos limites de deteção, de quantificação e da incerteza. Os procedimentos de amostragem deverão ser efetuados aplicando boas práticas internacionais de laboratório a fim de reduzir ao mínimo a degradação das amostras entre a colheita e a análise.",
TUA20230228000613,T000083,L001772.2020.RH5A.V1,"O titular obriga-se a manter a área envolvente à descarga, em boas condições de funcionamento hidráulico, pelo que fica desde já autorizado a proceder a medidas de conservação e reabilitação da rede hidrográfica, nomeadamente à limpeza e remoção dos sedimentos depositados no interior da linha de água, bem como a eliminar os elementos vegetais implantados no leito e margens maciços de silvas (Rubus ulmifolius) e de canas (Arundo donax).",
TUA20230228000613,T000085,L001772.2020.RH5A.V1,O presente TURH anula e substitui o L001772.2020.RH5A.,
TUA20230228000613,T000086,L001772.2020.RH5A.V1,"As alterações a efetuar na ETAR, nomeadamente, conversão em EE, deverão ser efetuadas durante a vigência do presente TURH.",
TUA20230228000614,T000093,L007117.2022.RH5A.V1,"Os relatórios de autocontrolo, a enviar à Entidade Licenciadora, deverão incluir a identificação de qualquer alteração nas condições de entrada de efluente, avarias nos equipamentos, ou outras situações que alterem o normal funcionamento da ETAR. Quando se verifique a ocorrência de algum incumprimento deverão ser apresentadas as correspondentes medidas corretivas e preventivas.",
TUA20230228000614,,,"O titular obriga-se para o corrente ano civil, a enviar a calendarização prevista para a recolha de amostras de autocontrolo na ETAR, num prazo de 15 dias",
TUA20230228000614,Código,Código TURH,Condição,
TUA20230228000614,T000094,L007117.2022.RH5A.V1,"a contar da data da emissão do presente título; para cada ano civil, a enviar a calendarização prevista até ao dia 15 de Dezembro do ano anterior; caso a programação prevista seja alterada, a enviar a nova calendarização, com uma antecedência mínima de 15 dias.",
TUA20230228000614,T000095,L007117.2022.RH5A.V1,O titular obriga-se à instalação de medidor de caudal à entrada e saída da Estação de Tratamento.,
TUA20230228000614,T000096,L007117.2022.RH5A.V1,"O titular obriga-se a reportar à Entidade Licenciadora, os volumes descarregados em situações de by-pass (na ETAR e também nas instalações elevatórias associadas), assim como a indicação do período de ocorrência.",
TUA20230228000614,T000097,L007117.2022.RH5A.V1,"Para efeitos de fiscalização ou inspeção poderão ser recolhidas amostras pontuais e/ou compostas, para avaliação da respetiva conformidade com os valores limites de emissão (VLE) expressos em unidades de concentração (massa por volume). No caso das amostras pontuais os VLE acrescem em 50% para os parâmetros com VLE definido no TURH para amostra composta.",
TUA20230228000614,T000098,L007117.2022.RH5A.V1,"No prazo de 30 dias deverá ser entregue a representação da rede de drenagem do subsistema da ETAR de respetivas estações elevatórias, atualizada e preferencialmente em formato shapefile.",
TUA20230228000614,T000099,L007117.2022.RH5A.V1,"Sempre que se registarem caudais efluentes do sistema de tratamento superiores ao caudal de dimensionamento da ETAR em ano de horizonte do projeto, deverá prestar os devidos esclarecimentos, no final de cada semestre, tendo presente a necessidade de rigorosa justificação de que tais acréscimos de caudal tratado não põem em causa a eficiência do sistema de tratamento.",
TUA20230228000614,T000100,L007117.2022.RH5A.V1,"O titular obriga-se a manter um dossier organizado contendo as Fichas de Dados de Segurança de todas as substâncias e/ou preparações perigosas utilizadas, devidamente redigidas em língua portuguesa, devendo, quando existem alterações ou a introdução de novas substâncias enviar, semestralmente, à Entidade Licenciadora a respetiva atualização.",
TUA20230228000614,T000101,L007117.2022.RH5A.V1,"O titular obriga-se a manter a área envolvente à descarga, em boas condições de funcionamento hidráulico, pelo que fica desde já autorizado a proceder a medidas de conservação e reabilitação da rede hidrográfica, nomeadamente à limpeza e remoção dos sedimentos depositados no interior da linha de água, bem como a eliminar os elementos vegetais implantados no leito e margens maciços de silvas (Rubus ulmifolius) e de canas (Arundo donax).",
TUA20230228000614,T000102,L007117.2022.RH5A.V1,"Os parâmetros N total e P total não constituem atualmente requisito de descarga, no entanto, devem ser analisados para efeitos de cálculo da taxa de recursos hídricos (Decreto-Lei n.º 97/2008 de 11 de Junho).",
TUA20230228000614,T000103,L007117.2022.RH5A.V1,"Sempre que se verifique a necessidade de proceder a uma rejeição de emergência, o titular deverá de imediato tomar todas as medidas com vista a minimizar os efeitos daí decorrentes e comunicar a ocorrência à Entidade Licenciadora num prazo máximo de 24 horas seguintes à mesma, comunicando o período total da interrupção (horas), a justificação da sua inevitabilidade, o volume total rejeitado, as coordenadas do local da descarga e as medidas tomadas para a minimização de impacte nos recursos hídricos.",
TUA20230228000614,T000104,L007117.2022.RH5A.V1,"No prazo máximo de 30 dias após a data de atribuição do presente título, deverá ser apresentada uma apólice de seguro ou prestada uma caução no valor de 7500€ a favor da entidade Licenciadora, para recuperação ambiental, de acordo e nos termos previstos no número 2 do artigo 49º e alínea A) do Anexo I do Decreto-Lei n.º 226-A/2007, de 31 de maio, que garanta o pagamento de indemnizações por eventuais danos causados por erros ou omissões do projeto relativamente à drenagem e tratamento de efluentes ou pelo incumprimento das disposições legais e regulamentares a ele aplicáveis (minutas disponíveis no sítio da Agência Portuguesa do Ambiente, I.P. na internet em www.apambiente.pt – Instrumentos > Licenciamento das utilizações dos recursos hídricos > Formulários).",
TUA20230328000995,T000061,L009129.2018.RH3.V1,"É dispensada a apresentação de apólice de seguro ou prestada uma caução para recuperação ambiental nos termos do disposto no art.º 22º, n.º 226-A/2007, de 31 de maio com as alterações introduzidas pelo Decreto-Lei n.º 82/2010, de 2 de julho.",
TUA20230328000995,T000062,L009129.2018.RH3.V1,"No prazo máximo de 30 dias após a data de atribuição do presente título, deverá ser apresentada uma apólice de seguro ou prestada uma caução no valor de 1 250 € a favor da entidade licenciadora, para recuperação ambiental, de acordo e nos termos previstos no número 2 do artigo 49º e alínea A) do Anexo I do Decreto-Lei n.º 226-A/2007, de 31 de maio, que garanta o pagamento de indemnizações por eventuais danos causados por erros ou omissões do projeto relativamente à drenagem e tratamento de efluentes ou pelo incumprimento das disposições legais e regulamentares a ele aplicáveis (minutas disponíveis no sítio da Agência Portuguesa do Ambiente, I.P. na internet em www.apambiente.pt – Instrumentos > Licenciamento das utilizações dos recursos hídricos > Formulários).",
TUA20230328000995,T000063,L009129.2018.RH3.V1,"As determinações analíticas conducentes à verificação do cumprimento do programa de autocontrolo devem ser preferencialmente realizadas por laboratórios acreditados para o efeito, devendo, nos restantes casos, ser realizadas por laboratórios que mantenham um sistema de controlo de qualidade analítica devidamente documentado e atualizado, à semelhança das orientações descritas na Diretiva 2009/90/CE, transposta para direito interno pelo Decreto-Lei n.º 83/2011, de 20 de junho, e das suas sucessivas atualizações. Os boletins analíticos terão de vir acompanhados da indicação dos limites de deteção, de quantificação e da incerteza. Os procedimentos de amostragem deverão ser efetuados aplicando boas práticas internacionais de laboratório a fim de reduzir ao mínimo a degradação das amostras entre a colheita e a análise.",
TUA20230328000995,T000064,L009129.2018.RH3.V1,"Para efeitos de fiscalização ou inspeção podem ser recolhidas amostras pontuais. Para avaliação da respetiva conformidade as amostras pontuais podem exceder em 50% os valores limites de emissão (VLE) definidos no TURH, com exceção do parâmetro pH.",
TUA20230328000995,T000065,L009129.2018.RH3.V1,"O titular obriga-se a manter a área envolvente à descarga em boas condições de funcionamento hidráulico, pelo que está autorizado a proceder a medidas de conservação, manutenção e reabilitação em domínio hídrico público, nomeadamente à limpeza e remoção dos sedimentos depositados no leito da linha de água, bem como ao corte e remoção de matéria vegetal de natureza infestante que se desenvolva no leito e nas margens, por exemplo: maciços de silvas (Rubus ulmifolius) e de canas (Arundo donax).",
TUA20230328000995,T000066,L009129.2018.RH3.V1,"O presente título renova a licença de utilização dos recursos hídricos n.º L009129.2018.RH3, válida até 16/06/2023.",
TUA20230328000996,T000062,L009136.2018.RH3.V1,"No prazo máximo de 30 dias após a data de atribuição do presente título, deverá ser apresentada uma apólice de seguro ou prestada uma caução no valor de 4 375 € a favor da entidade licenciadora, para recuperação ambiental, de acordo e nos termos previstos no número 2 do artigo 49º e alínea A) do Anexo I do Decreto-Lei n.º 226-A/2007, de 31 de maio, que garanta o pagamento de indemnizações por eventuais danos causados por erros ou omissões do projeto relativamente à drenagem e tratamento de efluentes ou pelo incumprimento das disposições legais e regulamentares a ele aplicáveis (minutas disponíveis no sítio da Agência Portuguesa do Ambiente, I.P. na internet em www.apambiente.pt – Instrumentos > Licenciamento das utilizações dos recursos hídricos > Formulários).",
TUA20230328000996,T000063,L009136.2018.RH3.V1,"É dispensada a apresentação de apólice de seguro ou prestada uma caução para recuperação ambiental nos termos do disposto no art.º 22º, n.º 226-A/2007, de 31 de maio com as alterações introduzidas pelo Decreto-Lei n.º 82/2010, de 2 de julho.",
TUA20230328000996,T000064,L009136.2018.RH3.V1,A monitorização dos parâmetros Azoto total e Fósforo total é para efeitos do cálculo da TRH nos termos do Decreto-Lei n.º 97/2008 de 11 de junho.,
TUA20230328000996,T000065,L009136.2018.RH3.V1,"As determinações analíticas conducentes à verificação do cumprimento do programa de autocontrolo devem ser preferencialmente realizadas por laboratórios acreditados para o efeito, devendo, nos restantes casos, ser realizadas por laboratórios que mantenham um sistema de controlo de qualidade analítica devidamente documentado e atualizado, à semelhança das orientações descritas na Diretiva 2009/90/CE, transposta para direito interno pelo Decreto-Lei n.º 83/2011, de 20 de junho, e das suas sucessivas atualizações. Os boletins analíticos terão de vir acompanhados da indicação dos limites de deteção, de quantificação e da incerteza. Os procedimentos de amostragem deverão ser efetuados aplicando boas práticas internacionais de laboratório a fim de reduzir ao mínimo a degradação das amostras entre a colheita e a análise.",
TUA20230328000996,T000066,L009136.2018.RH3.V1,"Para efeitos de fiscalização ou inspeção podem ser recolhidas amostras pontuais. Para avaliação da respetiva conformidade as amostras pontuais podem exceder em 50% os valores limites de emissão (VLE) definidos no TURH, com exceção do parâmetro pH.",
TUA20230328000996,T000067,L009136.2018.RH3.V1,"O titular obriga-se a manter a área envolvente à descarga em boas condições de funcionamento hidráulico, pelo que está autorizado a proceder a medidas de conservação, manutenção e reabilitação em domínio hídrico público, nomeadamente à limpeza e remoção dos sedimentos depositados no leito da linha de água, bem como ao corte e remoção de matéria vegetal de natureza infestante que se desenvolva no leito e nas margens, por exemplo: maciços de silvas (Rubus ulmifolius) e de canas (Arundo donax).",
TUA20230328000996,T000068,L009136.2018.RH3.V1,"O presente título renova a licença de utilização dos recursos hídricos n.ºL009136.2018.RH3, válida até 17/06/2023.",
TUA20230421001258,T000061,L010060.2018.RH3.V1,"É dispensada a apresentação de apólice de seguro ou prestada uma caução para recuperação ambiental nos termos do disposto no art.º 22º, n.º 226-A/2007, de 31 de maio com as alterações introduzidas pelo Decreto-Lei n.º 82/2010, de 2 de julho.",
TUA20230421001258,T000062,L010060.2018.RH3.V1,"No prazo máximo de 30 dias após a data de atribuição do presente título, deverá ser apresentada uma apólice de seguro ou prestada uma caução no valor de 2 500 € a favor da entidade licenciadora, para recuperação ambiental, de acordo e nos termos previstos no número 2 do artigo 49º e alínea A) do Anexo I do Decreto-Lei n.º 226-A/2007, de 31 de maio, que garanta o pagamento de indemnizações por eventuais danos causados por erros ou omissões do projeto relativamente à drenagem e tratamento de efluentes ou pelo incumprimento das disposições legais e regulamentares a ele aplicáveis (minutas disponíveis no sítio da Agência Portuguesa do Ambiente, I.P. na internet em www.apambiente.pt – Instrumentos > Licenciamento das utilizações dos recursos hídricos > Formulários).",
TUA20230421001258,T000063,L010060.2018.RH3.V1,A monitorização dos parâmetros Azoto total e Fósforo total é para efeitos do cálculo da TRH nos termos do Decreto-Lei n.º 97/2008 de 11 de junho.,
TUA20230421001258,T000064,L010060.2018.RH3.V1,"As determinações analíticas conducentes à verificação do cumprimento do programa de autocontrolo devem ser preferencialmente realizadas por laboratórios acreditados para o efeito, devendo, nos restantes casos, ser realizadas por laboratórios que mantenham um sistema de controlo de qualidade analítica devidamente documentado e atualizado, à semelhança das orientações descritas na Diretiva 2009/90/CE, transposta para direito interno pelo Decreto-Lei n.º 83/2011, de 20 de junho, e das suas sucessivas atualizações. Os boletins analíticos terão de vir acompanhados da indicação dos limites de deteção, de quantificação e da incerteza. Os procedimentos de amostragem deverão ser efetuados aplicando boas práticas internacionais de laboratório a fim de reduzir ao mínimo a degradação das amostras entre a colheita e a análise.",
TUA20230421001258,T000065,L010060.2018.RH3.V1,"Para efeitos de fiscalização ou inspeção podem ser recolhidas amostras pontuais. Para avaliação da respetiva conformidade as amostras pontuais podem exceder em 50% os valores limites de emissão (VLE) definidos no TURH, com exceção do parâmetro pH.",
TUA20230421001258,T000066,L010060.2018.RH3.V1,"O titular obriga-se a manter a área envolvente à descarga em boas condições de funcionamento hidráulico, pelo que está autorizado a proceder a medidas de conservação, manutenção e reabilitação em domínio hídrico público, nomeadamente à limpeza e remoção dos sedimentos depositados no leito da linha de água, bem como ao corte e remoção de matéria vegetal de natureza infestante que se desenvolva no leito e nas margens, por exemplo: maciços de silvas (Rubus ulmifolius) e de canas (Arundo donax).",
TUA20230421001258,T000067,L010060.2018.RH3.V1,"O presente título renova a licença de utilização dos recursos hídricos n.º L010060.2018.RH3, válida até 25/09/2023.",
TUA20230421001259,T000058,L010061.2018.RH3.V1,"É dispensada a apresentação de apólice de seguro ou prestada uma caução para recuperação ambiental nos termos do disposto no art.º 22º, n.º 226-A/2007, de 31 de maio com as alterações introduzidas pelo Decreto-Lei n.º 82/2010, de 2 de julho.",
TUA20230421001259,,,"No prazo máximo de 30 dias após a data de atribuição do presente título, deverá ser apresentada uma apólice de seguro ou prestada uma caução no valor",
TUA20230421001259,Código,Código TURH,Condição,
TUA20230421001259,T000059,L010061.2018.RH3.V1,"de 875 € a favor da entidade licenciadora, para recuperação ambiental, de acordo e nos termos previstos no número 2 do artigo 49º e alínea A) do Anexo I do Decreto-Lei n.º 226-A/2007, de 31 de maio, que garanta o pagamento de indemnizações por eventuais danos causados por erros ou omissões do projeto relativamente à drenagem e tratamento de efluentes ou pelo incumprimento das disposições legais e regulamentares a ele aplicáveis (minutas disponíveis no sítio da Agência Portuguesa do Ambiente, I.P. na internet em www.apambiente.pt – Instrumentos > Licenciamento das utilizações dos recursos hídricos > Formulários).",
TUA20230421001259,T000060,L010061.2018.RH3.V1,"As determinações analíticas conducentes à verificação do cumprimento do programa de autocontrolo devem ser preferencialmente realizadas por laboratórios acreditados para o efeito, devendo, nos restantes casos, ser realizadas por laboratórios que mantenham um sistema de controlo de qualidade analítica devidamente documentado e atualizado, à semelhança das orientações descritas na Diretiva 2009/90/CE, transposta para direito interno pelo Decreto-Lei n.º 83/2011, de 20 de junho, e das suas sucessivas atualizações. Os boletins analíticos terão de vir acompanhados da indicação dos limites de deteção, de quantificação e da incerteza. Os procedimentos de amostragem deverão ser efetuados aplicando boas práticas internacionais de laboratório a fim de reduzir ao mínimo a degradação das amostras entre a colheita e a análise.",
TUA20230421001259,T000061,L010061.2018.RH3.V1,"Para efeitos de fiscalização ou inspeção podem ser recolhidas amostras pontuais. Para avaliação da respetiva conformidade as amostras pontuais podem exceder em 50% os valores limites de emissão (VLE) definidos no TURH, com exceção do parâmetro pH.",
TUA20230421001259,T000062,L010061.2018.RH3.V1,"O titular obriga-se a manter a área envolvente à descarga em boas condições de funcionamento hidráulico, pelo que está autorizado a proceder a medidas de conservação, manutenção e reabilitação em domínio hídrico público, nomeadamente à limpeza e remoção dos sedimentos depositados no leito da linha de água, bem como ao corte e remoção de matéria vegetal de natureza infestante que se desenvolva no leito e nas margens, por exemplo: maciços de silvas (Rubus ulmifolius) e de canas (Arundo donax).",
TUA20230421001259,T000063,L010061.2018.RH3.V1,"O presente título renova a licença de utilização dos recursos hídricos n.º L010061.2018.RH3, válida até 27/09/2023.",
TUA20230421001260,T000061,L011919.2018.RH3.V1,"É dispensada a apresentação de apólice de seguro ou prestada uma caução para recuperação ambiental nos termos do disposto no art.º 22º, n.º 226-A/2007, de 31 de maio com as alterações introduzidas pelo Decreto-Lei n.º 82/2010, de 2 de julho.",
TUA20230421001260,T000062,L011919.2018.RH3.V1,"No prazo máximo de 30 dias após a data de atribuição do presente título, deverá ser apresentada uma apólice de seguro ou prestada uma caução no valor de 1 250 € a favor da entidade licenciadora, para recuperação ambiental, de acordo e nos termos previstos no número 2 do artigo 49º e alínea A) do Anexo I do Decreto-Lei n.º 226-A/2007, de 31 de maio, que garanta o pagamento de indemnizações por eventuais danos causados por erros ou omissões do projeto relativamente à drenagem e tratamento de efluentes ou pelo incumprimento das disposições legais e regulamentares a ele aplicáveis (minutas disponíveis no sítio da Agência Portuguesa do Ambiente, I.P. na internet em www.apambiente.pt – Instrumentos > Licenciamento das utilizações dos recursos hídricos > Formulários).",
TUA20230421001260,T000063,L011919.2018.RH3.V1,A monitorização dos parâmetros Azoto total e Fósforo total é para efeitos do cálculo da TRH nos termos do Decreto-Lei n.º 97/2008 de 11 de junho.,
TUA20230421001260,T000064,L011919.2018.RH3.V1,"As determinações analíticas conducentes à verificação do cumprimento do programa de autocontrolo devem ser preferencialmente realizadas por laboratórios acreditados para o efeito, devendo, nos restantes casos, ser realizadas por laboratórios que mantenham um sistema de controlo de qualidade analítica devidamente documentado e atualizado, à semelhança das orientações descritas na Diretiva 2009/90/CE, transposta para direito interno pelo Decreto-Lei n.º 83/2011, de 20 de junho, e das suas sucessivas atualizações. Os boletins analíticos terão de vir acompanhados da indicação dos limites de deteção, de quantificação e da incerteza. Os procedimentos de amostragem deverão ser efetuados aplicando boas práticas internacionais de laboratório a fim de reduzir ao mínimo a degradação das amostras entre a colheita e a análise.",
TUA20230421001260,T000065,L011919.2018.RH3.V1,"Para efeitos de fiscalização ou inspeção podem ser recolhidas amostras pontuais. Para avaliação da respetiva conformidade as amostras pontuais podem exceder em 50% os valores limites de emissão (VLE) definidos no TURH, com exceção do parâmetro pH.",
TUA20230421001260,T000066,L011919.2018.RH3.V1,"O titular obriga-se a manter a área envolvente à descarga em boas condições de funcionamento hidráulico, pelo que está autorizado a proceder a medidas de conservação, manutenção e reabilitação em domínio hídrico público, nomeadamente à limpeza e remoção dos sedimentos depositados no leito da linha de água, bem como ao corte e remoção de matéria vegetal de natureza infestante que se desenvolva no leito e nas margens, por exemplo: maciços de silvas (Rubus ulmifolius) e de canas (Arundo donax).",
TUA20230421001260,T000067,L011919.2018.RH3.V1,"O presente título renova a licença de utilização dos recursos hídricos n.º L011919.2018.RH3, válida até 27/09/2023.",
TUA20230421001263,T000061,L010047.2018.RH3.V1,"É dispensada a apresentação de apólice de seguro ou prestada uma caução para recuperação ambiental nos termos do disposto no art.º 22º, n.º 226-A/2007, de 31 de maio com as alterações introduzidas pelo Decreto-Lei n.º 82/2010, de 2 de julho.",
TUA20230421001263,T000062,L010047.2018.RH3.V1,"No prazo máximo de 30 dias após a data de atribuição do presente título, deverá ser apresentada uma apólice de seguro ou prestada uma caução no valor de 2 500 € a favor da entidade licenciadora, para recuperação ambiental, de acordo e nos termos previstos no número 2 do artigo 49º e alínea A) do Anexo I do Decreto-Lei n.º 226-A/2007, de 31 de maio, que garanta o pagamento de indemnizações por eventuais danos causados por erros ou omissões do projeto relativamente à drenagem e tratamento de efluentes ou pelo incumprimento das disposições legais e regulamentares a ele aplicáveis (minutas disponíveis no sítio da Agência Portuguesa do Ambiente, I.P. na internet em www.apambiente.pt – Instrumentos > Licenciamento das utilizações dos recursos hídricos > Formulários).",
TUA20230421001263,T000063,L010047.2018.RH3.V1,A monitorização dos parâmetros Azoto total e Fósforo total é para efeitos do cálculo da TRH nos termos do Decreto-Lei n.º 97/2008 de 11 de junho.,
TUA20230421001263,T000064,L010047.2018.RH3.V1,"As determinações analíticas conducentes à verificação do cumprimento do programa de autocontrolo devem ser preferencialmente realizadas por laboratórios acreditados para o efeito, devendo, nos restantes casos, ser realizadas por laboratórios que mantenham um sistema de controlo de qualidade analítica devidamente documentado e atualizado, à semelhança das orientações descritas na Diretiva 2009/90/CE, transposta para direito interno pelo Decreto-Lei n.º 83/2011, de 20 de junho, e das suas sucessivas atualizações. Os boletins analíticos terão de vir acompanhados da indicação dos limites de deteção, de quantificação e da incerteza. Os procedimentos de amostragem deverão ser efetuados aplicando boas práticas internacionais de laboratório a fim de reduzir ao mínimo a degradação das amostras entre a colheita e a análise.",
TUA20230421001263,T000065,L010047.2018.RH3.V1,"Para efeitos de fiscalização ou inspeção podem ser recolhidas amostras pontuais. Para avaliação da respetiva conformidade as amostras pontuais podem exceder em 50% os valores limites de emissão (VLE) definidos no TURH, com exceção do parâmetro pH.",
TUA20230421001263,T000066,L010047.2018.RH3.V1,"O titular obriga-se a manter a área envolvente à descarga em boas condições de funcionamento hidráulico, pelo que está autorizado a proceder a medidas de conservação, manutenção e reabilitação em domínio hídrico público, nomeadamente à limpeza e remoção dos sedimentos depositados no leito da linha de água, bem como ao corte e remoção de matéria vegetal de natureza infestante que se desenvolva no leito e nas margens, por exemplo: maciços de silvas (Rubus ulmifolius) e de canas (Arundo donax).",
TUA20230421001263,T000067,L010047.2018.RH3.V1,"O presente título renova a licença de utilização dos recursos hídricos n.º L010047.2018.RH3 , válida até 26/09/2023.",
TUA20230423001281,T000067,L004998.2016.RH7.V1,"A ETAR deverá estar executada de acordo com o projeto datado de 1988 e com o projeto de alterações datado de 2002, arquivados na entidade licenciadora.",
TUA20230423001281,T000068,L004998.2016.RH7.V1,"A ETAR de Arronches destina-se ao tratamento das águas residuais provenientes da povoação de Arronches para 2500 habitantes - equivalentes e um caudal de 480 m3/dia (doméstico/urbano + infiltração) e ao tratamento das águas residuais industriais, provenientes de um conjunto de unidades industriais com uma carga poluente que corresponde a 233 habitantes-equivalente e um caudal de 35 m3/dia.",
TUA20230423001281,T000069,L004998.2016.RH7.V1,O titular da licença deve ter instalado na ETAR equipamento de controlo: Medidor de caudal e caixa de visita adequada para recolha de amostras.,
TUA20230423001281,T000070,L004998.2016.RH7.V1,O titular obriga-se a enviar à Entidade Licenciadora o registo dos caudais médios diários e dos caudais médios mensais relativos ao efluente rejeitado.,
TUA20230423001281,T000071,L004998.2016.RH7.V1,"Deverão ser garantidas assistência e manutenção adequadas ao sistema de tratamento de águas residuais urbanas, por forma a salvaguardar o seu normal funcionamento e a qualidade do efluente final.",
TUA20230423001281,T000072,L004998.2016.RH7.V1,"O titular da licença deverá assegurar a proteção da área onde o sistema de tratamento de águas residuais se encontra implantado, verificando regularmente o estado de conservação da vedação do recinto.",
TUA20230423001281,T000073,L004998.2016.RH7.V1,"O Titular deve proceder às necessárias operações regulares de limpeza e manutenção da(s) linha(s) de água associadas à infraestrutura, nomeadamente numa extensão de 25 metros a montante e de 50 metros a jusante do ponto de descarga da ETAR, de forma a assegurar as condições adequadas de escoamento hidráulico e a potenciar a constituição e/ou manutenção de uma galeria ripícola bem constituída, procedendo, se necessário, ao controlo e remoção de espécies vegetais invasoras, tais como as Canas (Arundo donax).",
TUA20230423001281,T000074,L004998.2016.RH7.V1,"No prazo máximo de 30 dias após a data de atribuição do presente título, deverá ser apresentada uma apólice de seguro ou prestada uma caução no valor de 9375 € (nove mil trezentos e setenta e cinco euros) a favor da Entidade Licenciadora, para recuperação ambiental, de acordo e nos termos previstos no número 2 do artigo 49.º e alínea A) do Anexo I do Decreto-Lei n.º 226-A/2007, de 31 de maio, que garanta o pagamento de indemnizações por eventuais danos causados por erros ou omissões do projeto relativamente à drenagem e tratamento de efluentes ou pelo incumprimento das disposições legais e regulamentares a ele aplicáveis (minutas disponíveis em https://www.apambiente.pt/agua/formularios).",
TUA20230510001393,T000132,L008277.2018.RH5A.V1,O titular obriga-se a enviar à Entidade Licenciadora o registo dos caudais médios mensais relativos ao efluente rejeitado.,
TUA20230510001393,T000133,L008277.2018.RH5A.V1,"Os relatórios de autocontrolo, a enviar à Entidade Licenciadora, deverão incluir a identificação de qualquer alteração nas condições de entrada de efluente, avarias nos equipamentos, ou outras situações que alterem o normal funcionamento da ETAR. Quando se verifique a ocorrência de algum incumprimento deverão ser apresentadas as correspondentes medidas corretivas e preventivas.",
TUA20230510001393,T000134,L008277.2018.RH5A.V1,"O titular obriga-se para o corrente ano civil, a enviar a calendarização prevista para a recolha de amostras de autocontrolo na ETAR, num prazo de 15 dias a contar da data da emissão do presente título; para cada ano civil, a enviar a calendarização prevista até ao dia 15 de Dezembro do ano anterior; caso a programação prevista seja alterada, a enviar a nova calendarização, com uma antecedência mínima de 15 dias.",
TUA20230510001393,Código,Código TURH,Condição,
TUA20230510001393,T000135,L008277.2018.RH5A.V1,"O titular obriga-se a reportar à Entidade Licenciadora, os volumes descarregados em situações de by-pass (na ETAR e também nas instalações elevatórias associadas), assim como a indicação do período de ocorrência.",
TUA20230510001393,T000136,L008277.2018.RH5A.V1,"Para efeitos de fiscalização ou inspeção poderão ser recolhidas amostras pontuais e/ou compostas, para avaliação da respetiva conformidade com os valores limites de emissão (VLE) expressos em unidades de concentração (massa por volume). No caso das amostras pontuais os VLE acrescem em 50% para os parâmetros com VLE definido no TURH para amostra composta.",
TUA20230510001393,T000137,L008277.2018.RH5A.V1,"Sempre que se registarem caudais efluentes do sistema de tratamento superiores ao caudal de dimensionamento da ETAR em ano de horizonte do projeto, deverá prestar os devidos esclarecimentos, no final de cada semestre, tendo presente a necessidade de rigorosa justificação de que tais acréscimos de caudal tratado não põem em causa a eficiência do sistema de tratamento.",
TUA20230510001393,T000138,L008277.2018.RH5A.V1,"O titular obriga-se a manter um dossier organizado contendo as Fichas de Dados de Segurança de todas as substâncias e/ou preparações perigosas utilizadas, devidamente redigidas em língua portuguesa.",
TUA20230510001393,T000139,L008277.2018.RH5A.V1,"O titular obriga-se a manter a área envolvente à descarga, em boas condições de funcionamento hidráulico, pelo que fica desde já autorizado a proceder a medidas de conservação e reabilitação da rede hidrográfica, nomeadamente à limpeza e remoção dos sedimentos depositados no interior da linha de água, bem como a eliminar os elementos vegetais implantados no leito e margens maciços de silvas (Rubus ulmifolius) e de canas (Arundo donax).",
TUA20230510001393,T000140,L008277.2018.RH5A.V1,"As determinações analíticas conducentes à verificação do cumprimento do programa de autocontrolo devem ser preferencialmente realizadas por laboratórios acreditados para o efeito, devendo, nos restantes casos, ser realizadas por laboratórios que mantenham um sistema de controlo de qualidade analítica devidamente documentado e atualizado, à semelhança das orientações descritas na Diretiva 2009/90/CE, transposta para direito interno pelo Decreto-Lei n.º 83/2011, de 20 de junho. Os boletins analíticos terão de vir acompanhados da indicação dos limites de deteção, de quantificação e da incerteza. Os procedimentos de amostragem deverão ser efetuados aplicando boas práticas internacionais de laboratório a fim de reduzir ao mínimo a degradação das amostras entre a colheita e a análise.",
TUA20230510001393,T000141,L008277.2018.RH5A.V1,"No prazo máximo de 30 dias após a data de atribuição do presente título, deverá ser apresentada uma apólice de seguro ou prestada uma caução no valor de 13 125 € a favor da entidade licenciadora, para recuperação ambiental, de acordo e nos termos previstos no número 2 do artigo 49º e alínea A) do Anexo I do Decreto-Lei n.º 226-A/2007, de 31 de maio, que garanta o pagamento de indemnizações por eventuais danos causados por erros ou omissões do projeto relativamente à drenagem e tratamento de efluentes ou pelo incumprimento das disposições legais e regulamentares a ele aplicáveis (minutas disponíveis no sítio da Agência Portuguesa do Ambiente, I.P. na internet em www.apambiente.pt – Instrumentos > Licenciamento das utilizações dos recursos hídricos > Formulários).",
TUA20230510001399,T000061,L033073.2023.RH3.V1,"É dispensada a apresentação de apólice de seguro ou prestada uma caução para recuperação ambiental nos termos do disposto no art.º 22º, n.º 226-A/2007, de 31 de maio com as alterações introduzidas pelo Decreto-Lei n.º 82/2010, de 2 de julho.",
TUA20230510001399,T000062,L033073.2023.RH3.V1,"No prazo máximo de 30 dias após a data de atribuição do presente título, deverá ser apresentada uma apólice de seguro ou prestada uma caução no valor de 2 500 € a favor da entidade licenciadora, para recuperação ambiental, de acordo e nos termos previstos no número 2 do artigo 49º e alínea A) do Anexo I do Decreto-Lei n.º 226-A/2007, de 31 de maio, que garanta o pagamento de indemnizações por eventuais danos causados por erros ou omissões do projeto relativamente à drenagem e tratamento de efluentes ou pelo incumprimento das disposições legais e regulamentares a ele aplicáveis (minutas disponíveis no sítio da Agência Portuguesa do Ambiente, I.P. na internet em www.apambiente.pt – Instrumentos > Licenciamento das utilizações dos recursos hídricos > Formulários).",
TUA20230510001399,T000063,L033073.2023.RH3.V1,A monitorização dos parâmetros Azoto total e Fósforo total é para efeitos do cálculo da TRH nos termos do Decreto-Lei n.º 97/2008 de 11 de junho.,
TUA20230510001399,T000064,L033073.2023.RH3.V1,"As determinações analíticas conducentes à verificação do cumprimento do programa de autocontrolo devem ser preferencialmente realizadas por laboratórios acreditados para o efeito, devendo, nos restantes casos, ser realizadas por laboratórios que mantenham um sistema de controlo de qualidade analítica devidamente documentado e atualizado, à semelhança das orientações descritas na Diretiva 2009/90/CE, transposta para direito interno pelo Decreto-Lei n.º 83/2011, de 20 de junho, e das suas sucessivas atualizações. Os boletins analíticos terão de vir acompanhados da indicação dos limites de deteção, de quantificação e da incerteza. Os procedimentos de amostragem deverão ser efetuados aplicando boas práticas internacionais de laboratório a fim de reduzir ao mínimo a degradação das amostras entre a colheita e a análise.",
TUA20230510001399,T000065,L033073.2023.RH3.V1,"Para efeitos de fiscalização ou inspeção podem ser recolhidas amostras pontuais. Para avaliação da respetiva conformidade as amostras pontuais podem exceder em 50% os valores limites de emissão (VLE) definidos no TURH, com exceção do parâmetro pH.",
TUA20230510001399,T000066,L033073.2023.RH3.V1,"O titular obriga-se a manter a área envolvente à descarga em boas condições de funcionamento hidráulico, pelo que está autorizado a proceder a medidas de conservação, manutenção e reabilitação em domínio hídrico público, nomeadamente à limpeza e remoção dos sedimentos depositados no leito da linha de água, bem como ao corte e remoção de matéria vegetal de natureza infestante que se desenvolva no leito e nas margens, por exemplo: maciços de silvas (Rubus ulmifolius) e de canas (Arundo donax).",
TUA20230510001399,T000067,L033073.2023.RH3.V1,"O presente título renova a licença de utilização dos recursos hídricos n.º L010059.2018.RH3, válida até 25/09/2023.",
TUA20230602001636,T000060,L034412.2023.RH3.V1,"É dispensada a apresentação de apólice de seguro ou prestada uma caução para recuperação ambiental nos termos do disposto no art.º 22º, n.º 226-A/2007, de 31 de maio com as alterações introduzidas pelo Decreto-Lei n.º 82/2010, de 2 de julho.",
TUA20230602001636,T000061,L034412.2023.RH3.V1,"No prazo máximo de 30 dias após a data de atribuição do presente título, deverá ser apresentada uma apólice de seguro ou prestada uma caução no valor de 6 250 € a favor da entidade licenciadora, para recuperação ambiental, de acordo e nos termos previstos no número 2 do artigo 49º e alínea A) do Anexo I do Decreto-Lei n.º 226-A/2007, de 31 de maio, que garanta o pagamento de indemnizações por eventuais danos causados por erros ou omissões do projeto relativamente à drenagem e tratamento de efluentes ou pelo incumprimento das disposições legais e regulamentares a ele aplicáveis (minutas disponíveis no sítio da Agência Portuguesa do Ambiente, I.P. na internet em www.apambiente.pt – Instrumentos > Licenciamento das utilizações dos recursos hídricos > Formulários).",
TUA20230602001636,T000062,L034412.2023.RH3.V1,A monitorização dos parâmetros Azoto total e Fósforo total é para efeitos do cálculo da TRH nos termos do Decreto-Lei n.º 97/2008 de 11 de junho.,
TUA20230602001636,T000063,L034412.2023.RH3.V1,"As determinações analíticas conducentes à verificação do cumprimento do programa de autocontrolo devem ser preferencialmente realizadas por laboratórios acreditados para o efeito, devendo, nos restantes casos, ser realizadas por laboratórios que mantenham um sistema de controlo de qualidade analítica devidamente documentado e atualizado, à semelhança das orientações descritas na Diretiva 2009/90/CE, transposta para direito interno pelo Decreto-Lei n.º 83/2011, de 20 de junho, e das suas sucessivas atualizações. Os boletins analíticos terão de vir acompanhados da indicação dos limites de deteção, de quantificação e da incerteza. Os procedimentos de amostragem deverão ser efetuados aplicando boas práticas internacionais de laboratório a fim de reduzir ao mínimo a degradação das amostras entre a colheita e a análise.",
TUA20230602001636,T000064,L034412.2023.RH3.V1,"Atendendo à atual classificação da massa de água recetora do efluente tratado, e tendo em consideração a classificação que se encontra em discussão pública, o titular deverá diligenciar de modo a adequar a linha de tratamento da ETAR, para que, em período estiagem, os valores de carga rejeitada, associados aos parâmetros Fósforo total e Azoto total, sejam reduzidos, contribuindo deste modo para que sejam atingidos os objetivos de qualidade da massa de água afetada.",
TUA20230602001636,T000065,L034412.2023.RH3.V1,"Para efeitos de fiscalização ou inspeção podem ser recolhidas amostras pontuais. Para avaliação da respetiva conformidade as amostras pontuais podem exceder em 50% os valores limites de emissão (VLE) definidos no TURH, com exceção do parâmetro pH.",
TUA20230602001636,T000066,L034412.2023.RH3.V1,"O titular obriga-se a manter a área envolvente à descarga em boas condições de funcionamento hidráulico, pelo que está autorizado a proceder a medidas de conservação, manutenção e reabilitação em domínio hídrico público, nomeadamente à limpeza e remoção dos sedimentos depositados no leito da linha de água, bem como ao corte e remoção de matéria vegetal de natureza infestante que se desenvolva no leito e nas margens, por exemplo: maciços de silvas (Rubus ulmifolius) e de canas (Arundo donax).",
TUA20230602001636,T000067,L034412.2023.RH3.V1,"O presente título renova a licença de utilização dos recursos hídricos n.º L018344.2018.RH3, válida até 05/11/2023.",
TUA20230602001637,T000062,L034331.2023.RH3.V1,"É dispensada a apresentação de apólice de seguro ou prestada uma caução para recuperação ambiental nos termos do disposto no art.º 22º, n.º 226-A/2007, de 31 de maio com as alterações introduzidas pelo Decreto-Lei n.º 82/2010, de 2 de julho.",
TUA20230602001637,T000063,L034331.2023.RH3.V1,"No prazo máximo de 30 dias após a data de atribuição do presente título, deverá ser apresentada uma apólice de seguro ou prestada uma caução no valor de 2 500 € a favor da entidade licenciadora, para recuperação ambiental, de acordo e nos termos previstos no número 2 do artigo 49º e alínea A) do Anexo I do Decreto-Lei n.º 226-A/2007, de 31 de maio, que garanta o pagamento de indemnizações por eventuais danos causados por erros ou omissões do projeto relativamente à drenagem e tratamento de efluentes ou pelo incumprimento das disposições legais e regulamentares a ele aplicáveis (minutas disponíveis no sítio da Agência Portuguesa do Ambiente, I.P. na internet em www.apambiente.pt – Instrumentos > Licenciamento das utilizações dos recursos hídricos > Formulários).",
TUA20230602001637,T000064,L034331.2023.RH3.V1,A monitorização dos parâmetros Azoto total e Fósforo total é para efeitos do cálculo da TRH nos termos do Decreto-Lei n.º 97/2008 de 11 de junho.,
TUA20230602001637,T000065,L034331.2023.RH3.V1,"As determinações analíticas conducentes à verificação do cumprimento do programa de autocontrolo devem ser preferencialmente realizadas por laboratórios acreditados para o efeito, devendo, nos restantes casos, ser realizadas por laboratórios que mantenham um sistema de controlo de qualidade analítica devidamente documentado e atualizado, à semelhança das orientações descritas na Diretiva 2009/90/CE, transposta para direito interno pelo Decreto-Lei n.º 83/2011, de 20 de junho, e das suas sucessivas atualizações. Os boletins analíticos terão de vir acompanhados da indicação dos limites de deteção, de quantificação e da incerteza. Os procedimentos de amostragem deverão ser efetuados aplicando boas práticas internacionais de laboratório a fim de reduzir ao mínimo a degradação das amostras entre a colheita e a análise.",
TUA20230602001637,T000066,L034331.2023.RH3.V1,"Para efeitos de fiscalização ou inspeção podem ser recolhidas amostras pontuais. Para avaliação da respetiva conformidade as amostras pontuais podem exceder em 50% os valores limites de emissão (VLE) definidos no TURH, com exceção do parâmetro pH.",
TUA20230602001637,T000067,L034331.2023.RH3.V1,"O titular obriga-se a manter a área envolvente à descarga em boas condições de funcionamento hidráulico, pelo que está autorizado a proceder a medidas de conservação, manutenção e reabilitação em domínio hídrico público, nomeadamente à limpeza e remoção dos sedimentos depositados no leito da linha de água, bem como ao corte e remoção de matéria vegetal de natureza infestante que se desenvolva no leito e nas margens, por exemplo: maciços de silvas (Rubus ulmifolius) e de canas (Arundo donax).",
TUA20230602001637,T000068,L034331.2023.RH3.V1,"O presente título renova a licença de utilização dos recursos hídricos n.º L012932.2021.RH3, válida até 05/11/2023.",
TUA20230707002024,T000070,L034219.2023.RH5A.V1,"No prazo máximo de 30 dias após a data de atribuição do presente título, deverá ser apresentada uma apólice de seguro ou prestada uma caução no valor de 5000€ a favor da entidade licenciadora, para recuperação ambiental, de acordo e nos termos previstos no número 2 do artigo 49º e alínea A) do Anexo I do Decreto-Lei n.º 226-A/2007, de 31 de maio, que garanta o pagamento de indemnizações por eventuais danos causados por erros ou omissões do projeto relativamente à drenagem e tratamento de efluentes ou pelo incumprimento das disposições legais e regulamentares a ele aplicáveis (minutas disponíveis no sítio da Agência Portuguesa do Ambiente, I.P. na internet em www.apambiente.pt – Instrumentos &gt; Licenciamento das utilizações dos recursos hídricos &gt; Formulários).",
TUA20230707002024,T000071,L034219.2023.RH5A.V1,"Os relatórios de autocontrolo, a enviar à Entidade Licenciadora, deverão incluir a identificação de qualquer alteração nas condições de entrada de efluente, avarias nos equipamentos, ou outras situações que alterem o normal funcionamento da ETAR. Quando se verifique a ocorrência de algum incumprimento deverão ser apresentadas as correspondentes medidas corretivas e preventivas.",
TUA20230707002024,T000072,L034219.2023.RH5A.V1,"No prazo de 30 dias deverá ser entregue a representação da rede de drenagem do subsistema da ETAR e respetivas estações elevatórias, atualizada e preferencialmente em formato shapefile.",
TUA20230707002024,T000073,L034219.2023.RH5A.V1,"O titular obriga-se a reportar à Entidade Licenciadora, os volumes descarregados em situações de by-pass (na ETAR e também nas instalações elevatórias associadas), assim como a indicação do período de ocorrência.",
TUA20230707002024,T000074,L034219.2023.RH5A.V1,Deverão ser implementadas medidas preventivas e minimizadoras das consequências inerentes a uma rejeição de emergência no domínio hídrico. Esta condição poderá ser cumprida com a instalação de geradores de emergência nas estações elevatórias ou implementação de outras medidas similares que permitam prevenir ou minimizar qualquer impacte no domínio hídrico.,
TUA20230707002024,T000075,L034219.2023.RH5A.V1,O titular obriga-se a enviar à Entidade Licenciadora o registo dos caudais mensais relativos ao efluente rejeitado. Esta informação deverá ser comunicada juntamente com o autocontrolo.,
TUA20230707002024,T000077,L034219.2023.RH5A.V1,"Para efeitos de fiscalização ou inspeção poderão ser recolhidas amostras pontuais e/ou compostas, para avaliação da respetiva conformidade com os valores limites de emissão (VLE) expressos em unidades de concentração (massa por volume). No caso das amostras pontuais os VLE acrescem em 50% para os parâmetros com VLE definido no TURH para amostra composta.",
TUA20230707002024,T000078,L034219.2023.RH5A.V1,"O titular obriga-se para o corrente ano civil, a enviar a calendarização prevista para a recolha de amostras de autocontrolo na ETAR, num prazo de 30 dias a contar da data da emissão do presente título; para cada ano civil, a enviar a calendarização prevista até ao dia 15 de Dezembro do ano anterior; caso a programação prevista seja alterada, a enviar a nova calendarização, com uma antecedência mínima de 30 dias. Esta informação deverá ser comunicada via SILiAmb, via mensagem associada a esta licença.",
TUA20230707002024,T000079,L034219.2023.RH5A.V1,"Sempre que se registarem caudais efluentes do sistema de tratamento superiores ao caudal de dimensionamento da ETAR em ano de horizonte do projeto, deverá prestar os devidos esclarecimentos, no final de cada semestre, tendo presente a necessidade de rigorosa justificação de que tais acréscimos de caudal tratado não põem em causa a eficiência do sistema de tratamento.",
TUA20230707002024,T000080,L034219.2023.RH5A.V1,"O titular obriga-se a manter um dossier organizado contendo as Fichas de Dados de Segurança de todas as substâncias e/ou preparações perigosas utilizadas, devidamente redigidas em língua portuguesa.",
TUA20230707002024,Código,Código TURH,Condição,
TUA20230707002024,T000081,L034219.2023.RH5A.V1,"As determinações analíticas conducentes à verificação do cumprimento do programa de autocontrolo devem ser preferencialmente realizadas por laboratórios acreditados para o efeito, devendo, nos restantes casos, ser realizadas por laboratórios que mantenham um sistema de controlo de qualidade analítica devidamente documentado e atualizado, à semelhança das orientações descritas na Diretiva 2009/90/CE, transposta para direito interno pelo Decreto-Lei n.º 83/2011, de 20 de junho. Os boletins analíticos terão de vir acompanhados da indicação dos limites de deteção, de quantificação e da incerteza. Os procedimentos de amostragem deverão ser efetuados aplicando boas práticas internacionais de laboratório a fim de reduzir ao mínimo a degradação das amostras entre a colheita e a análise.",
TUA20230707002024,T000082,L034219.2023.RH5A.V1,"O titular obriga-se a manter a área envolvente à descarga, em boas condições de funcionamento hidráulico, pelo que fica desde já autorizado a proceder a medidas de conservação e reabilitação da rede hidrográfica, nomeadamente à limpeza e remoção dos sedimentos depositados no interior da linha de água, bem como a eliminar os elementos vegetais implantados no leito e margens maciços de silvas (Rubus ulmifolius) e de canas (Arundo donax).",
TUA20230717002123,T000059,L010057.2018.RH3.V1,"É dispensada a apresentação de apólice de seguro ou prestada uma caução para recuperação ambiental nos termos do disposto no art.º 22º, n.º 226-A/2007, de 31 de maio com as alterações introduzidas pelo Decreto-Lei n.º 82/2010, de 2 de julho.",
TUA20230717002123,,,"No prazo máximo de 30 dias após a data de atribuição do presente título, deverá ser apresentada uma apólice de seguro ou prestada uma caução no valor",
TUA20230717002123,Código,Código TURH,Condição,
TUA20230717002123,T000060,L010057.2018.RH3.V1,"de 1 250 € a favor da entidade licenciadora, para recuperação ambiental, de acordo e nos termos previstos no número 2 do artigo 49º e alínea A) do Anexo I do Decreto-Lei n.º 226-A/2007, de 31 de maio, que garanta o pagamento de indemnizações por eventuais danos causados por erros ou omissões do projeto relativamente à drenagem e tratamento de efluentes ou pelo incumprimento das disposições legais e regulamentares a ele aplicáveis (minutas disponíveis no sítio da Agência Portuguesa do Ambiente, I.P. na internet em www.apambiente.pt – Instrumentos &gt; Licenciamento das utilizações dos recursos hídricos &gt; Formulários).",
TUA20230717002123,T000061,L010057.2018.RH3.V1,"As determinações analíticas conducentes à verificação do cumprimento do programa de autocontrolo devem ser preferencialmente realizadas por laboratórios acreditados para o efeito, devendo, nos restantes casos, ser realizadas por laboratórios que mantenham um sistema de controlo de qualidade analítica devidamente documentado e atualizado, à semelhança das orientações descritas na Diretiva 2009/90/CE, transposta para direito interno pelo Decreto-Lei n.º 83/2011, de 20 de junho, e das suas sucessivas atualizações. Os boletins analíticos terão de vir acompanhados da indicação dos limites de deteção, de quantificação e da incerteza. Os procedimentos de amostragem deverão ser efetuados aplicando boas práticas internacionais de laboratório a fim de reduzir ao mínimo a degradação das amostras entre a colheita e a análise",
TUA20230717002123,T000062,L010057.2018.RH3.V1,"Para efeitos de fiscalização ou inspeção podem ser recolhidas amostras pontuais. Para avaliação da respetiva conformidade as amostras pontuais podem exceder em 50% os valores limites de emissão (VLE) definidos no TURH, com exceção do parâmetro pH.",
TUA20230717002123,T000063,L010057.2018.RH3.V1,"O titular obriga-se a manter a área envolvente à descarga em boas condições de funcionamento hidráulico, pelo que está autorizado a proceder a medidas de conservação, manutenção e reabilitação em domínio hídrico público, nomeadamente à limpeza e remoção dos sedimentos depositados no leito da linha de água, bem como ao corte e remoção de matéria vegetal de natureza infestante que se desenvolva no leito e nas margens, por exemplo: maciços de silvas (Rubus ulmifolius) e de canas (Arundo donax).",
TUA20230717002123,T000064,L010057.2018.RH3.V1,"O presente título renova a licença de utilização dos recursos hídricos n.º L010057.2018.RH3, válida até 11/12/2023.",
TUA20230717002153,T000060,L037792.2023.RH5A.V1,"No prazo máximo de 30 dias após a data de atribuição do presente título, deverá ser apresentada uma apólice de seguro ou prestada uma caução no valor de 5000 € a favor da entidade licenciadora, para recuperação ambiental, de acordo e nos termos previstos no número 2 do artigo 49º e alínea A) do Anexo I do Decreto-Lei n.º 226-A/2007, de 31 de maio, que garanta o pagamento de indemnizações por eventuais danos causados por erros ou omissões do projeto relativamente à drenagem e tratamento de efluentes ou pelo incumprimento das disposições legais e regulamentares a ele aplicáveis (minutas disponíveis no sítio da Agência Portuguesa do Ambiente, I.P. na internet em www.apambiente.pt – Instrumentos &gt; Licenciamento das utilizações dos recursos hídricos &gt; Formulários).",
TUA20230717002153,T000061,L037792.2023.RH5A.V1,"O titular obriga-se a enviar à Entidade Licenciadora o registo dos caudais mensais relativos ao efluente rejeitado. Esta informação deverá ser comunicada juntamente com o autocontrolo, via SILiAmb, na área de Autocontrolo.",
TUA20230717002153,T000062,L037792.2023.RH5A.V1,"Os relatórios de autocontrolo, a enviar à Entidade Licenciadora, deverão incluir a identificação de qualquer alteração nas condições de entrada de efluente, avarias nos equipamentos, ou outras situações que alterem o normal funcionamento da ETAR. Quando se verifique a ocorrência de algum incumprimento deverão ser apresentadas as correspondentes medidas corretivas e preventivas. Esta informação deverá ser comunicada via SILiAmb, na área de Autocontrolo.",
TUA20230717002153,T000063,L037792.2023.RH5A.V1,"O titular obriga-se para o corrente ano civil, a enviar a calendarização prevista para a recolha de amostras de autocontrolo na ETAR, num prazo de 15 dias a contar da data da emissão do presente título; para cada ano civil, a enviar a calendarização prevista até ao dia 15 de Dezembro do ano anterior; caso a programação prevista seja alterada, a enviar a nova calendarização, com uma antecedência mínima de 15 dias. Esta informação deverá ser comunicada via SILiAmb, via mensagem associada a esta licença.",
TUA20230717002153,T000064,L037792.2023.RH5A.V1,"Para efeitos de fiscalização ou inspeção poderão ser recolhidas amostras pontuais e/ou compostas, para avaliação da respetiva conformidade com os valores limites de emissão (VLE) expressos em unidades de concentração (massa por volume). No caso das amostras pontuais os VLE acrescem em 50% para os parâmetros com VLE definido no TURH para amostra composta.",
TUA20230717002153,T000065,L037792.2023.RH5A.V1,"Sempre que se registarem caudais efluentes do sistema de tratamento superiores ao caudal de dimensionamento da ETAR em ano de horizonte do projeto, deverá prestar os devidos esclarecimentos, no final de cada semestre, tendo presente a necessidade de rigorosa justificação de que tais acréscimos de caudal tratado não põem em causa a eficiência do sistema de tratamento. Esta informação deverá ser comunicada via SILiAmb, por mensagem associada a esta licença.",
TUA20230717002153,T000066,L037792.2023.RH5A.V1,"Deverão ser implementadas medidas preventivas e minimizadoras das consequências inerentes a uma rejeição de emergência no domínio hídrico. Assim, o titular deverá diligenciar no sentido de dotar a(s) Estação(ões) Elevatória(s) de um gerador de emergência ou implementar medidas alternativas que produzam efeito similar.",
TUA20230717002153,T000067,L037792.2023.RH5A.V1,"O titular obriga-se a reportar à Entidade Licenciadora, os volumes descarregados em situações de by-pass (na ETAR e também nas instalações elevatórias associadas), assim como a indicação do período de ocorrência.",
TUA20230717002153,T000068,L037792.2023.RH5A.V1,"O titular obriga-se a manter a área envolvente à descarga, em boas condições de funcionamento hidráulico, pelo que fica desde já autorizado a proceder a medidas de conservação e reabilitação da rede hidrográfica, nomeadamente à limpeza e remoção dos sedimentos depositados no interior da linha de água, bem como a eliminar os elementos vegetais implantados no leito e margens maciços de silvas (Rubus ulmifolius) e de canas (Arundo donax).",
TUA20230717002153,T000069,L037792.2023.RH5A.V1,"As determinações analíticas conducentes à verificação do cumprimento do programa de autocontrolo devem ser preferencialmente realizadas por laboratórios acreditados para o efeito, devendo, nos restantes casos, ser realizadas por laboratórios que mantenham um sistema de controlo de qualidade analítica devidamente documentado e atualizado, à semelhança das orientações descritas na Diretiva 2009/90/CE, transposta para direito interno pelo Decreto-Lei n.º 83/2011, de 20 de junho. Os boletins analíticos terão de vir acompanhados da indicação dos limites de deteção, de quantificação e da incerteza. Os procedimentos de amostragem deverão ser efetuados aplicando boas práticas internacionais de laboratório a fim de reduzir ao mínimo a degradação das amostras entre a colheita e a análise.",
TUA20230801002309,T000063,L034885.2023.RH4A.V1,"No prazo máximo de 30 dias após a data de atribuição do presente título, deverá ser apresentada uma apólice de seguro ou prestada uma caução no valor de 3500€ a favor da entidade licenciadora, para recuperação ambiental, de acordo e nos termos previstos no número 2 do artigo 49º e alínea A) do Anexo I do Decreto-Lei n.º 226-A/2007, de 31 de maio, que garanta o pagamento de indemnizações por eventuais danos causados por erros ou omissões do projeto relativamente à drenagem e tratamento de efluentes ou pelo incumprimento das disposições legais e regulamentares a ele aplicáveis (minutas disponíveis no sítio da Agência Portuguesa do Ambiente, I.P. na internet em www.apambiente.pt – Instrumentos &gt; Licenciamento das utilizações dos recursos hídricos &gt; Formulários).",
TUA20230801002309,T000064,L034885.2023.RH4A.V1,O presente título renova a licença de recursos hídricos n.º L015315.2018.RH4A.,
TUA20230801002309,T000065,L034885.2023.RH4A.V1,"Para efeitos de fiscalização ou inspeção poderão ser recolhidas amostras pontuais e/ou compostas, para avaliação da respetiva conformidade com os valores limites de emissão (VLE) expressos em unidades de concentração (massa por volume). No caso das amostras pontuais, consideram-se como não conformes as amostras que excedam o VLE correspondente em mais de 50%.",
TUA20230808002363,T000068,L037599.2023.RH5A.V1,"No prazo máximo de 30 dias após a data de atribuição do presente título, deverá ser apresentada uma apólice de seguro ou prestada uma caução no valor de 6250€ a favor da entidade licenciadora, para recuperação ambiental, de acordo e nos termos previstos no número 2 do artigo 49º e alínea A) do Anexo I do Decreto-Lei n.º 226-A/2007, de 31 de maio, que garanta o pagamento de indemnizações por eventuais danos causados por erros ou omissões do projeto relativamente à drenagem e tratamento de efluentes ou pelo incumprimento das disposições legais e regulamentares a ele aplicáveis (minutas disponíveis no sítio da Agência Portuguesa do Ambiente, I.P. na internet em www.apambiente.pt – Instrumentos &gt; Licenciamento das utilizações dos recursos hídricos &gt; Formulários).",
TUA20230808002363,T000069,L037599.2023.RH5A.V1,"O titular obriga-se a enviar à Entidade Licenciadora o registo dos caudais mensais relativos ao efluente rejeitado. Esta informação deverá ser comunicada juntamente com o autocontrolo, via SILiAmb, na área de Autocontrolo.",
TUA20230808002363,T000070,L037599.2023.RH5A.V1,"Os relatórios de autocontrolo, a enviar à Entidade Licenciadora, deverão incluir a identificação de qualquer alteração nas condições de entrada de efluente, avarias nos equipamentos, ou outras situações que alterem o normal funcionamento da ETAR. Quando se verifique a ocorrência de algum incumprimento deverão ser apresentadas as correspondentes medidas corretivas e preventivas. Esta informação deverá ser comunicada via SILiAmb, na área de Autocontrolo",
TUA20230808002363,T000071,L037599.2023.RH5A.V1,"O titular obriga-se para o corrente ano civil, a enviar a calendarização prevista para a recolha de amostras de autocontrolo na ETAR, num prazo de 15 dias a contar da data da emissão do presente título; para cada ano civil, a enviar a calendarização prevista até ao dia 15 de Dezembro do ano anterior; caso a programação prevista seja alterada, a enviar a nova calendarização, com uma antecedência mínima de 15 dias. Esta informação deverá ser comunicada via SILiAmb, via mensagem associada a esta licença",
TUA20230808002363,Código,Código TURH,Condição,
TUA20230808002363,T000072,L037599.2023.RH5A.V1,"Para efeitos de fiscalização ou inspeção poderão ser recolhidas amostras pontuais e/ou compostas, para avaliação da respetiva conformidade com os valores limites de emissão (VLE) expressos em unidades de concentração (massa por volume). No caso das amostras pontuais os VLE acrescem em 50% para os parâmetros com VLE definido no TURH para amostra composta.",
TUA20230808002363,T000073,L037599.2023.RH5A.V1,"Sempre que se registarem caudais efluentes do sistema de tratamento superiores ao caudal de dimensionamento da ETAR em ano de horizonte do projeto, deverá prestar os devidos esclarecimentos, no final de cada semestre, tendo presente a necessidade de rigorosa justificação de que tais acréscimos de caudal tratado não põem em causa a eficiência do sistema de tratamento. Esta informação deverá ser comunicada via SILiAmb, por mensagem associada a esta licença.",
TUA20230808002363,T000074,L037599.2023.RH5A.V1,"Deverão ser implementadas medidas preventivas e minimizadoras das consequências inerentes a uma rejeição de emergência no domínio hídrico. Assim, o titular deverá diligenciar no sentido de dotar a(s) Estação(ões) Elevatória(s) de um gerador de emergência ou implementar medidas alternativas que produzam efeito similar.",
TUA20230808002363,T000075,L037599.2023.RH5A.V1,"O titular obriga-se a manter a área envolvente à descarga, em boas condições de funcionamento hidráulico, pelo que fica desde já autorizado a proceder a medidas de conservação e reabilitação da rede hidrográfica, nomeadamente à limpeza e remoção dos sedimentos depositados no interior da linha de água, bem como a eliminar os elementos vegetais implantados no leito e margens maciços de silvas (Rubus ulmifolius) e de canas (Arundo donax).",
TUA20230808002363,T000076,L037599.2023.RH5A.V1,"As determinações analíticas conducentes à verificação do cumprimento do programa de autocontrolo devem ser preferencialmente realizadas por laboratórios acreditados para o efeito, devendo, nos restantes casos, ser realizadas por laboratórios que mantenham um sistema de controlo de qualidade analítica devidamente documentado e atualizado, à semelhança das orientações descritas na Diretiva 2009/90/CE, transposta para direito interno pelo Decreto-Lei n.º 83/2011, de 20 de junho. Os boletins analíticos terão de vir acompanhados da indicação dos limites de deteção, de quantificação e da incerteza. Os procedimentos de amostragem deverão ser efetuados aplicando boas práticas internacionais de laboratório a fim de reduzir ao mínimo a degradação das amostras entre a colheita e a análise.",
TUA20230816002415,T000061,L010038.2018.RH3.V1,"É dispensada a apresentação de apólice de seguro ou prestada uma caução para recuperação ambiental nos termos do disposto no art.º 22º, n.º 226-A/2007, de 31 de maio com as alterações introduzidas pelo Decreto-Lei n.º 82/2010, de 2 de julho.",
TUA20230816002415,T000062,L010038.2018.RH3.V1,"No prazo máximo de 30 dias após a data de atribuição do presente título, deverá ser apresentada uma apólice de seguro ou prestada uma caução no valor de 1 250 € a favor da entidade licenciadora, para recuperação ambiental, de acordo e nos termos previstos no número 2 do artigo 49º e alínea A) do Anexo I do Decreto-Lei n.º 226-A/2007, de 31 de maio, que garanta o pagamento de indemnizações por eventuais danos causados por erros ou omissões do projeto relativamente à drenagem e tratamento de efluentes ou pelo incumprimento das disposições legais e regulamentares a ele aplicáveis (minutas disponíveis no sítio da Agência Portuguesa do Ambiente, I.P. na internet em www.apambiente.pt – Instrumentos &gt; Licenciamento das utilizações dos recursos hídricos &gt; Formulários).",
TUA20230816002415,T000063,L010038.2018.RH3.V1,A monitorização dos parâmetros Azoto total e Fósforo total é para efeitos do cálculo da TRH nos termos do Decreto-Lei n.º 97/2008 de 11 de junho.,
TUA20230816002415,T000064,L010038.2018.RH3.V1,"As determinações analíticas conducentes à verificação do cumprimento do programa de autocontrolo devem ser preferencialmente realizadas por laboratórios acreditados para o efeito, devendo, nos restantes casos, ser realizadas por laboratórios que mantenham um sistema de controlo de qualidade analítica devidamente documentado e atualizado, à semelhança das orientações descritas na Diretiva 2009/90/CE, transposta para direito interno pelo Decreto-Lei n.º 83/2011, de 20 de junho, e das suas sucessivas atualizações. Os boletins analíticos terão de vir acompanhados da indicação dos limites de deteção, de quantificação e da incerteza. Os procedimentos de amostragem deverão ser efetuados aplicando boas práticas internacionais de laboratório a fim de reduzir ao mínimo a degradação das amostras entre a colheita e a análise.",
TUA20230816002415,T000065,L010038.2018.RH3.V1,"Para efeitos de fiscalização ou inspeção podem ser recolhidas amostras pontuais. Para avaliação da respetiva conformidade as amostras pontuais podem exceder em 50% os valores limites de emissão (VLE) definidos no TURH, com exceção do parâmetro pH.",
TUA20230816002415,T000066,L010038.2018.RH3.V1,"O titular obriga-se a manter a área envolvente à descarga em boas condições de funcionamento hidráulico, pelo que está autorizado a proceder a medidas de conservação, manutenção e reabilitação em domínio hídrico público, nomeadamente à limpeza e remoção dos sedimentos depositados no leito da linha de água, bem como ao corte e remoção de matéria vegetal de natureza infestante que se desenvolva no leito e nas margens, por exemplo: maciços de silvas (Rubus ulmifolius) e de canas (Arundo donax).",
TUA20230816002415,T000067,L010038.2018.RH3.V1,"O presente título renova a licença de utilização dos recursos hídricos n.º L010038.2018.RH3, válida até 11/12/2023.",
TUA20230824002503,T000061,L000819.2019.RH3.V1,"É dispensada a apresentação de apólice de seguro ou prestada uma caução para recuperação ambiental nos termos do disposto no art.º 22º, n.º 226-A/2007, de 31 de maio com as alterações introduzidas pelo Decreto-Lei n.º 82/2010, de 2 de julho.",
TUA20230824002503,T000062,L000819.2019.RH3.V1,"No prazo máximo de 30 dias após a data de atribuição do presente título, deverá ser apresentada uma apólice de seguro ou prestada uma caução no valor de 4 375 € a favor da entidade licenciadora, para recuperação ambiental, de acordo e nos termos previstos no número 2 do artigo 49º e alínea A) do Anexo I do Decreto-Lei n.º 226-A/2007, de 31 de maio, que garanta o pagamento de indemnizações por eventuais danos causados por erros ou omissões do projeto relativamente à drenagem e tratamento de efluentes ou pelo incumprimento das disposições legais e regulamentares a ele aplicáveis (minutas disponíveis no sítio da Agência Portuguesa do Ambiente, I.P. na internet em www.apambiente.pt – Instrumentos &gt; Licenciamento das utilizações dos recursos hídricos &gt; Formulários).",
TUA20230824002503,T000063,L000819.2019.RH3.V1,A monitorização dos parâmetros Azoto total e Fósforo total é para efeitos do cálculo da TRH nos termos do Decreto-Lei n.º 97/2008 de 11 de junho.,
TUA20230824002503,T000064,L000819.2019.RH3.V1,"As determinações analíticas conducentes à verificação do cumprimento dos programas de autocontrolo e de monitorização do meio recetor devem ser preferencialmente realizadas por laboratórios acreditados para o efeito, devendo, nos restantes casos, ser realizadas por laboratórios que mantenham um sistema de controlo de qualidade analítica devidamente documentado e atualizado, à semelhança das orientações descritas na Diretiva 2009/90/CE, transposta para direito interno pelo Decreto-Lei n.º 83/2011, de 20 de junho, e das suas sucessivas atualizações. Os boletins analíticos terão de vir acompanhados da indicação dos limites de deteção, de quantificação e da incerteza. Os procedimentos de amostragem deverão ser efetuados aplicando boas práticas internacionais de laboratório a fim de reduzir ao mínimo a degradação das amostras entre a colheita e a análise.",
TUA20230824002503,T000065,L000819.2019.RH3.V1,"Para efeitos de fiscalização ou inspeção podem ser recolhidas amostras pontuais. Para avaliação da respetiva conformidade as amostras pontuais podem exceder em 50% os valores limites de emissão (VLE) definidos no TURH, com exceção do parâmetro pH.",
TUA20230824002503,T000066,L000819.2019.RH3.V1,"O titular obriga-se a manter a área envolvente à descarga em boas condições de funcionamento hidráulico, pelo que está autorizado a proceder a medidas de conservação, manutenção e reabilitação em domínio hídrico público, nomeadamente à limpeza e remoção dos sedimentos depositados no leito da linha de água, bem como ao corte e remoção de matéria vegetal de natureza infestante que se desenvolva no leito e nas margens, por exemplo: maciços de silvas (Rubus ulmifolius) e de canas (Arundo donax).",
TUA20230824002503,T000069,L000819.2019.RH3.V1,"O presente título renova o título de utilização dos recursos hídricos n.º: L000819.2019.RH3, válido até 03/02/2024.",
TUA20230831002551,T000060,L000813.2019.RH3.V1,"É dispensada a apresentação de apólice de seguro ou prestada uma caução para recuperação ambiental nos termos do disposto no art.º 22º, n.º 226-A/2007, de 31 de maio com as alterações introduzidas pelo Decreto-Lei n.º 82/2010, de 2 de julho.",
TUA20230831002551,T000061,L000813.2019.RH3.V1,"No prazo máximo de 30 dias após a data de atribuição do presente título, deverá ser apresentada uma apólice de seguro ou prestada uma caução no valor de 1 250 € a favor da entidade licenciadora, para recuperação ambiental, de acordo e nos termos previstos no número 2 do artigo 49º e alínea A) do Anexo I do Decreto-Lei n.º 226-A/2007, de 31 de maio, que garanta o pagamento de indemnizações por eventuais danos causados por erros ou omissões do projeto relativamente à drenagem e tratamento de efluentes ou pelo incumprimento das disposições legais e regulamentares a ele aplicáveis (minutas disponíveis no sítio da Agência Portuguesa do Ambiente, I.P. na internet em www.apambiente.pt – Instrumentos &gt; Licenciamento das utilizações dos recursos hídricos &gt; Formulários).",
TUA20230831002551,T000062,L000813.2019.RH3.V1,A monitorização dos parâmetros Azoto total e Fósforo total é para efeitos do cálculo da TRH nos termos do Decreto-Lei n.º 97/2008 de 11 de junho.,
TUA20230831002551,T000063,L000813.2019.RH3.V1,"As determinações analíticas conducentes à verificação do cumprimento dos programas de autocontrolo e de monitorização do meio recetor devem ser preferencialmente realizadas por laboratórios acreditados para o efeito, devendo, nos restantes casos, ser realizadas por laboratórios que mantenham um sistema de controlo de qualidade analítica devidamente documentado e atualizado, à semelhança das orientações descritas na Diretiva 2009/90/CE, transposta para direito interno pelo Decreto-Lei n.º 83/2011, de 20 de junho, e das suas sucessivas atualizações. Os boletins analíticos terão de vir acompanhados da indicação dos limites de deteção, de quantificação e da incerteza. Os procedimentos de amostragem deverão ser efetuados aplicando boas práticas internacionais de laboratório a fim de reduzir ao mínimo a degradação das amostras entre a colheita e a análise.",
TUA20230831002551,T000064,L000813.2019.RH3.V1,"Para efeitos de fiscalização ou inspeção podem ser recolhidas amostras pontuais. Para avaliação da respetiva conformidade as amostras pontuais podem exceder em 50% os valores limites de emissão (VLE) definidos no TURH, com exceção do parâmetro pH.",
TUA20230831002551,T000065,L000813.2019.RH3.V1,"O titular obriga-se a manter a área envolvente à descarga em boas condições de funcionamento hidráulico, pelo que está autorizado a proceder a medidas de conservação, manutenção e reabilitação em domínio hídrico público, nomeadamente à limpeza e remoção dos sedimentos depositados no leito da linha de água, bem como ao corte e remoção de matéria vegetal de natureza infestante que se desenvolva no leito e nas margens, por exemplo: maciços de silvas (Rubus ulmifolius) e de canas (Arundo donax).",
TUA20230831002551,T000066,L000813.2019.RH3.V1,"O presente título renova o título de utilização dos recursos hídricos n.º L000813.2019.RH3, válido até 04/02/2024.",
TUA20230905002577,T000061,L000814.2019.RH3.V1,"É dispensada a apresentação de apólice de seguro ou prestada uma caução para recuperação ambiental nos termos do disposto no art.º 22º, n.º 226-A/2007, de 31 de maio com as alterações introduzidas pelo Decreto-Lei n.º 82/2010, de 2 de julho.",
TUA20230905002577,T000062,L000814.2019.RH3.V1,"No prazo máximo de 30 dias após a data de atribuição do presente título, deverá ser apresentada uma apólice de seguro ou prestada uma caução no valor de 4 375 € a favor da entidade licenciadora, para recuperação ambiental, de acordo e nos termos previstos no número 2 do artigo 49º e alínea A) do Anexo I do Decreto-Lei n.º 226-A/2007, de 31 de maio, que garanta o pagamento de indemnizações por eventuais danos causados por erros ou omissões do projeto relativamente à drenagem e tratamento de efluentes ou pelo incumprimento das disposições legais e regulamentares a ele aplicáveis (minutas disponíveis no sítio da Agência Portuguesa do Ambiente, I.P. na internet em www.apambiente.pt – Instrumentos &gt; Licenciamento das utilizações dos recursos hídricos &gt; Formulários).",
TUA20230905002577,T000063,L000814.2019.RH3.V1,A monitorização dos parâmetros Azoto total e Fósforo total é para efeitos do cálculo da TRH nos termos do Decreto-Lei n.º 97/2008 de 11 de junho.,
TUA20230905002577,T000064,L000814.2019.RH3.V1,"As determinações analíticas conducentes à verificação do cumprimento do programa de autocontrolo devem ser preferencialmente realizadas por laboratórios acreditados para o efeito, devendo, nos restantes casos, ser realizadas por laboratórios que mantenham um sistema de controlo de qualidade analítica devidamente documentado e atualizado, à semelhança das orientações descritas na Diretiva 2009/90/CE, transposta para direito interno pelo Decreto-Lei n.º 83/2011, de 20 de junho, e das suas sucessivas atualizações. Os boletins analíticos terão de vir acompanhados da indicação dos limites de deteção, de quantificação e da incerteza. Os procedimentos de amostragem deverão ser efetuados aplicando boas práticas internacionais de laboratório a fim de reduzir ao mínimo a degradação das amostras entre a colheita e a análise.",
TUA20230905002577,T000065,L000814.2019.RH3.V1,"Para efeitos de fiscalização ou inspeção podem ser recolhidas amostras pontuais. Para avaliação da respetiva conformidade as amostras pontuais podem exceder em 50% os valores limites de emissão (VLE) definidos no TURH, com exceção do parâmetro pH.",
TUA20230905002577,T000066,L000814.2019.RH3.V1,"O titular obriga-se a manter a área envolvente à descarga em boas condições de funcionamento hidráulico, pelo que está autorizado a proceder a medidas de conservação, manutenção e reabilitação em domínio hídrico público, nomeadamente à limpeza e remoção dos sedimentos depositados no leito da linha de água, bem como ao corte e remoção de matéria vegetal de natureza infestante que se desenvolva no leito e nas margens, por exemplo: maciços de silvas (Rubus ulmifolius) e de canas (Arundo donax).",
TUA20230905002577,T000067,L000814.2019.RH3.V1,"O presente título renova o título de utilização dos recursos hídricos n.º L000814.2019.RH3, válido até 03/02/2024.",
TUA20230905002578,T000061,L000818.2019.RH3.V1,"É dispensada a apresentação de apólice de seguro ou prestada uma caução para recuperação ambiental nos termos do disposto no art.º 22º, n.º 226-A/2007, de 31 de maio com as alterações introduzidas pelo Decreto-Lei n.º 82/2010, de 2 de julho.",
TUA20230905002578,T000062,L000818.2019.RH3.V1,"No prazo máximo de 30 dias após a data de atribuição do presente título, deverá ser apresentada uma apólice de seguro ou prestada uma caução no valor de 7 375 € a favor da entidade licenciadora, para recuperação ambiental, de acordo e nos termos previstos no número 2 do artigo 49º e alínea A) do Anexo I do Decreto-Lei n.º 226-A/2007, de 31 de maio, que garanta o pagamento de indemnizações por eventuais danos causados por erros ou omissões do projeto relativamente à drenagem e tratamento de efluentes ou pelo incumprimento das disposições legais e regulamentares a ele aplicáveis (minutas disponíveis no sítio da Agência Portuguesa do Ambiente, I.P. na internet em www.apambiente.pt – Instrumentos &gt; Licenciamento das utilizações dos recursos hídricos &gt; Formulários).",
TUA20230905002578,T000063,L000818.2019.RH3.V1,A monitorização dos parâmetros Azoto total e Fósforo total é para efeitos do cálculo da TRH nos termos do Decreto-Lei n.º 97/2008 de 11 de junho.,
TUA20230905002578,T000064,L000818.2019.RH3.V1,"As determinações analíticas conducentes à verificação do cumprimento dos programas de autocontrolo e de monitorização do meio recetor devem ser preferencialmente realizadas por laboratórios acreditados para o efeito, devendo, nos restantes casos, ser realizadas por laboratórios que mantenham um sistema de controlo de qualidade analítica devidamente documentado e atualizado, à semelhança das orientações descritas na Diretiva 2009/90/CE, transposta para direito interno pelo Decreto-Lei n.º 83/2011, de 20 de junho, e das suas sucessivas atualizações. Os boletins analíticos terão de vir acompanhados da indicação dos limites de deteção, de quantificação e da incerteza. Os procedimentos de amostragem deverão ser efetuados aplicando boas práticas internacionais de laboratório a fim de reduzir ao mínimo a degradação das amostras entre a colheita e a análise.",
TUA20230905002578,T000065,L000818.2019.RH3.V1,"Para efeitos de fiscalização ou inspeção podem ser recolhidas amostras pontuais. Para avaliação da respetiva conformidade as amostras pontuais podem exceder em 50% os valores limites de emissão (VLE) definidos no TURH, com exceção do parâmetro pH.",
TUA20230905002578,T000066,L000818.2019.RH3.V1,"O titular obriga-se a manter a área envolvente à descarga em boas condições de funcionamento hidráulico, pelo que está autorizado a proceder a medidas de conservação, manutenção e reabilitação em domínio hídrico público, nomeadamente à limpeza e remoção dos sedimentos depositados no leito da linha de água, bem como ao corte e remoção de matéria vegetal de natureza infestante que se desenvolva no leito e nas margens, por exemplo: maciços de silvas (Rubus ulmifolius) e de canas (Arundo donax).",
TUA20230905002578,T000067,L000818.2019.RH3.V1,"O presente título renova o título de utilização dos recursos hídricos n.º L000818.2019.RH3, válido até 03/02/2024.",
TUA20230905002579,T000055,L000816.2019.RH3.V1,"É dispensada a apresentação de apólice de seguro ou prestada uma caução para recuperação ambiental nos termos do disposto no art.º 22º, n.º 226-A/2007, de 31 de maio com as alterações introduzidas pelo Decreto-Lei n.º 82/2010, de 2 de julho.",
TUA20230905002579,T000056,L000816.2019.RH3.V1,"No prazo máximo de 30 dias após a data de atribuição do presente título, deverá ser apresentada uma apólice de seguro ou prestada uma caução no valor de 9 375 € a favor da entidade licenciadora, para recuperação ambiental, de acordo e nos termos previstos no número 2 do artigo 49º e alínea A) do Anexo I do Decreto-Lei n.º 226-A/2007, de 31 de maio, que garanta o pagamento de indemnizações por eventuais danos causados por erros ou omissões do projeto relativamente à drenagem e tratamento de efluentes ou pelo incumprimento das disposições legais e regulamentares a ele aplicáveis (minutas disponíveis no sítio da Agência Portuguesa do Ambiente, I.P. na internet em www.apambiente.pt – Instrumentos &gt; Licenciamento das utilizações dos recursos hídricos &gt; Formulários).",
TUA20230905002579,T000057,L000816.2019.RH3.V1,A monitorização dos parâmetros Azoto total e Fósforo total é para efeitos do cálculo da TRH nos termos do Decreto-Lei n.º 97/2008 de 11 de junho.,
TUA20230905002579,T000058,L000816.2019.RH3.V1,"As determinações analíticas conducentes à verificação do cumprimento do programa de autocontrolo devem ser preferencialmente realizadas por laboratórios acreditados para o efeito, devendo, nos restantes casos, ser realizadas por laboratórios que mantenham um sistema de controlo de qualidade analítica devidamente documentado e atualizado, à semelhança das orientações descritas na Diretiva 2009/90/CE, transposta para direito interno pelo Decreto-Lei n.º 83/2011, de 20 de junho, e das suas sucessivas atualizações. Os boletins analíticos terão de vir acompanhados da indicação dos limites de deteção, de quantificação e da incerteza. Os procedimentos de amostragem deverão ser efetuados aplicando boas práticas internacionais de laboratório a fim de reduzir ao mínimo a degradação das amostras entre a colheita e a análise.",
TUA20230905002579,T000059,L000816.2019.RH3.V1,"Atendendo à classificação da massa de água recetora do efluente tratado que se encontra em discussão pública, o titular deverá diligenciar de modo a adequar a linha de tratamento da ETAR, para que em período estio os valores de carga rejeitada, associados aos parâmetros Fósforo total e Azoto total, sejam reduzidos, contribuindo deste modo para que sejam atingidos os objetivos de qualidade da massa de água afetada.",
TUA20230905002579,T000060,L000816.2019.RH3.V1,"Para efeitos de fiscalização ou inspeção podem ser recolhidas amostras pontuais. Para avaliação da respetiva conformidade as amostras pontuais podem exceder em 50% os valores limites de emissão (VLE) definidos no TURH, com exceção do parâmetro pH.",
TUA20230905002579,T000061,L000816.2019.RH3.V1,"O titular obriga-se a manter a área envolvente à descarga em boas condições de funcionamento hidráulico, pelo que está autorizado a proceder a medidas de conservação, manutenção e reabilitação em domínio hídrico público, nomeadamente à limpeza e remoção dos sedimentos depositados no leito da linha de água, bem como ao corte e remoção de matéria vegetal de natureza infestante que se desenvolva no leito e nas margens, por exemplo: maciços de silvas (Rubus ulmifolius) e de canas (Arundo donax).",
TUA20230905002579,T000062,L000816.2019.RH3.V1,"O presente título renova o título de utilização dos recursos hídricos n.º L000816.2019.RH3, válido até 03/02/2024.",
TUA20230912002642,T000061,L000805.2019.RH3.V1,"É dispensada a apresentação de apólice de seguro ou prestada uma caução para recuperação ambiental nos termos do disposto no art.º 22º, n.º 226-A/2007, de 31 de maio com as alterações introduzidas pelo Decreto-Lei n.º 82/2010, de 2 de julho.",
TUA20230912002642,T000062,L000805.2019.RH3.V1,"No prazo máximo de 30 dias após a data de atribuição do presente título, deverá ser apresentada uma apólice de seguro ou prestada uma caução no valor de 2 500 € a favor da entidade licenciadora, para recuperação ambiental, de acordo e nos termos previstos no número 2 do artigo 49º e alínea A) do Anexo I do Decreto-Lei n.º 226-A/2007, de 31 de maio, que garanta o pagamento de indemnizações por eventuais danos causados por erros ou omissões do projeto relativamente à drenagem e tratamento de efluentes ou pelo incumprimento das disposições legais e regulamentares a ele aplicáveis (minutas disponíveis no sítio da Agência Portuguesa do Ambiente, I.P. na internet em www.apambiente.pt – Instrumentos &gt; Licenciamento das utilizações dos recursos hídricos &gt; Formulários).",
TUA20230912002642,T000063,L000805.2019.RH3.V1,A monitorização dos parâmetros Azoto total e Fósforo total é para efeitos do cálculo da TRH nos termos do Decreto-Lei n.º 97/2008 de 11 de junho.,
TUA20230912002642,T000064,L000805.2019.RH3.V1,"As determinações analíticas conducentes à verificação do cumprimento do programa de autocontrolo devem ser preferencialmente realizadas por laboratórios acreditados para o efeito, devendo, nos restantes casos, ser realizadas por laboratórios que mantenham um sistema de controlo de qualidade analítica devidamente documentado e atualizado, à semelhança das orientações descritas na Diretiva 2009/90/CE, transposta para direito interno pelo Decreto-Lei n.º 83/2011, de 20 de junho, e das suas sucessivas atualizações. Os boletins analíticos terão de vir acompanhados da indicação dos limites de deteção, de quantificação e da incerteza. Os procedimentos de amostragem deverão ser efetuados aplicando boas práticas internacionais de laboratório a fim de reduzir ao mínimo a degradação das amostras entre a colheita e a análise.",
TUA20230912002642,T000065,L000805.2019.RH3.V1,"Para efeitos de fiscalização ou inspeção podem ser recolhidas amostras pontuais. Para avaliação da respetiva conformidade as amostras pontuais podem exceder em 50% os valores limites de emissão (VLE) definidos no TURH, com exceção do parâmetro pH.",
TUA20230912002642,T000066,L000805.2019.RH3.V1,"O titular obriga-se a manter a área envolvente à descarga em boas condições de funcionamento hidráulico, pelo que está autorizado a proceder a medidas de conservação, manutenção e reabilitação em domínio hídrico público, nomeadamente à limpeza e remoção dos sedimentos depositados no leito da linha de água, bem como ao corte e remoção de matéria vegetal de natureza infestante que se desenvolva no leito e nas margens, por exemplo: maciços de silvas (Rubus ulmifolius) e de canas (Arundo donax).",
TUA20230912002642,T000067,L000805.2019.RH3.V1,"O presente título renova o título de utilização dos recursos hídricos n.ºL000805.2019.RH3, válido até 03/02/2024.",
TUA20230912002643,T000061,L000810.2019.RH3.V1,"É dispensada a apresentação de apólice de seguro ou prestada uma caução para recuperação ambiental nos termos do disposto no art.º 22º, n.º 226-A/2007, de 31 de maio com as alterações introduzidas pelo Decreto-Lei n.º 82/2010, de 2 de julho.",
TUA20230912002643,T000062,L000810.2019.RH3.V1,"No prazo máximo de 30 dias após a data de atribuição do presente título, deverá ser apresentada uma apólice de seguro ou prestada uma caução no valor de 2 000 € a favor da entidade licenciadora, para recuperação ambiental, de acordo e nos termos previstos no número 2 do artigo 49º e alínea A) do Anexo I do Decreto-Lei n.º 226-A/2007, de 31 de maio, que garanta o pagamento de indemnizações por eventuais danos causados por erros ou omissões do projeto relativamente à drenagem e tratamento de efluentes ou pelo incumprimento das disposições legais e regulamentares a ele aplicáveis (minutas disponíveis no sítio da Agência Portuguesa do Ambiente, I.P. na internet em www.apambiente.pt – Instrumentos &gt; Licenciamento das utilizações dos recursos hídricos &gt; Formulários).",
TUA20230912002643,T000063,L000810.2019.RH3.V1,A monitorização dos parâmetros Azoto total e Fósforo total é para efeitos do cálculo da TRH nos termos do Decreto-Lei n.º 97/2008 de 11 de junho.,
TUA20230912002643,T000064,L000810.2019.RH3.V1,"As determinações analíticas conducentes à verificação do cumprimento do programa de autocontrolo devem ser preferencialmente realizadas por laboratórios acreditados para o efeito, devendo, nos restantes casos, ser realizadas por laboratórios que mantenham um sistema de controlo de qualidade analítica devidamente documentado e atualizado, à semelhança das orientações descritas na Diretiva 2009/90/CE, transposta para direito interno pelo Decreto-Lei n.º 83/2011, de 20 de junho, e das suas sucessivas atualizações. Os boletins analíticos terão de vir acompanhados da indicação dos limites de deteção, de quantificação e da incerteza. Os procedimentos de amostragem deverão ser efetuados aplicando boas práticas internacionais de laboratório a fim de reduzir ao mínimo a degradação das amostras entre a colheita e a análise.",
TUA20230912002643,T000065,L000810.2019.RH3.V1,"Para efeitos de fiscalização ou inspeção podem ser recolhidas amostras pontuais. Para avaliação da respetiva conformidade as amostras pontuais podem exceder em 50% os valores limites de emissão (VLE) definidos no TURH, com exceção do parâmetro pH.",
TUA20230912002643,T000066,L000810.2019.RH3.V1,"O titular obriga-se a manter a área envolvente à descarga em boas condições de funcionamento hidráulico, pelo que está autorizado a proceder a medidas de conservação, manutenção e reabilitação em domínio hídrico público, nomeadamente à limpeza e remoção dos sedimentos depositados no leito da linha de água, bem como ao corte e remoção de matéria vegetal de natureza infestante que se desenvolva no leito e nas margens, por exemplo: maciços de silvas (Rubus ulmifolius) e de canas (Arundo donax).",
TUA20230912002643,T000067,L000810.2019.RH3.V1,"O presente título renova o título de utilização dos recursos hídricos n.º L000810.2019.RH3, válido até 22/02/2024.",
TUA20230915002702,T000061,L000820.2019.RH3.V1,"É dispensada a apresentação de apólice de seguro ou prestada uma caução para recuperação ambiental nos termos do disposto no art.º 22º, n.º 226-A/2007, de 31 de maio com as alterações introduzidas pelo Decreto-Lei n.º 82/2010, de 2 de julho.",
TUA20230915002702,T000062,L000820.2019.RH3.V1,"No prazo máximo de 30 dias após a data de atribuição do presente título, deverá ser apresentada uma apólice de seguro ou prestada uma caução no valor de 2 500 € a favor da entidade licenciadora, para recuperação ambiental, de acordo e nos termos previstos no número 2 do artigo 49º e alínea A) do Anexo I do Decreto-Lei n.º 226-A/2007, de 31 de maio, que garanta o pagamento de indemnizações por eventuais danos causados por erros ou omissões do projeto relativamente à drenagem e tratamento de efluentes ou pelo incumprimento das disposições legais e regulamentares a ele aplicáveis (minutas disponíveis no sítio da Agência Portuguesa do Ambiente, I.P. na internet em www.apambiente.pt – Instrumentos &gt; Licenciamento das utilizações dos recursos hídricos &gt; Formulários).",
TUA20230915002702,T000063,L000820.2019.RH3.V1,A monitorização dos parâmetros Azoto total e Fósforo total é para efeitos do cálculo da TRH nos termos do Decreto-Lei n.º 97/2008 de 11 de junho.,
TUA20230915002702,T000064,L000820.2019.RH3.V1,"As determinações analíticas conducentes à verificação do cumprimento do programa de autocontrolo devem ser preferencialmente realizadas por laboratórios acreditados para o efeito, devendo, nos restantes casos, ser realizadas por laboratórios que mantenham um sistema de controlo de qualidade analítica devidamente documentado e atualizado, à semelhança das orientações descritas na Diretiva 2009/90/CE, transposta para direito interno pelo Decreto-Lei n.º 83/2011, de 20 de junho, e das suas sucessivas atualizações. Os boletins analíticos terão de vir acompanhados da indicação dos limites de deteção, de quantificação e da incerteza. Os procedimentos de amostragem deverão ser efetuados aplicando boas práticas internacionais de laboratório a fim de reduzir ao mínimo a degradação das amostras entre a colheita e a análise.",
TUA20230915002702,T000065,L000820.2019.RH3.V1,"Para efeitos de fiscalização ou inspeção podem ser recolhidas amostras pontuais. Para avaliação da respetiva conformidade as amostras pontuais podem exceder em 50% os valores limites de emissão (VLE) definidos no TURH, com exceção do parâmetro pH.",
TUA20230915002702,T000066,L000820.2019.RH3.V1,"O titular obriga-se a manter a área envolvente à descarga em boas condições de funcionamento hidráulico, pelo que está autorizado a proceder a medidas de conservação, manutenção e reabilitação em domínio hídrico público, nomeadamente à limpeza e remoção dos sedimentos depositados no leito da linha de água, bem como ao corte e remoção de matéria vegetal de natureza infestante que se desenvolva no leito e nas margens, por exemplo: maciços de silvas (Rubus ulmifolius) e de canas (Arundo donax).",
TUA20230915002702,T000067,L000820.2019.RH3.V1,"O presente título renova o título de utilização dos recursos hídricos n.ºL000820.2019.RH3, válido até 23/02/2024.",
TUA20230918002712,T000061,L000815.2019.RH3.V1,"É dispensada a apresentação de apólice de seguro ou prestada uma caução para recuperação ambiental nos termos do disposto no art.º 22º, n.º 226-A/2007, de 31 de maio com as alterações introduzidas pelo Decreto-Lei n.º 82/2010, de 2 de julho.",
TUA20230918002712,T000062,L000815.2019.RH3.V1,"No prazo máximo de 30 dias após a data de atribuição do presente título, deverá ser apresentada uma apólice de seguro ou prestada uma caução no valor de 2 500 € a favor da entidade licenciadora, para recuperação ambiental, de acordo e nos termos previstos no número 2 do artigo 49º e alínea A) do Anexo I do Decreto-Lei n.º 226-A/2007, de 31 de maio, que garanta o pagamento de indemnizações por eventuais danos causados por erros ou omissões do projeto relativamente à drenagem e tratamento de efluentes ou pelo incumprimento das disposições legais e regulamentares a ele aplicáveis (minutas disponíveis no sítio da Agência Portuguesa do Ambiente, I.P. na internet em www.apambiente.pt – Instrumentos &gt; Licenciamento das utilizações dos recursos hídricos &gt; Formulários).",
TUA20230918002712,T000063,L000815.2019.RH3.V1,A monitorização dos parâmetros Azoto total e Fósforo total é para efeitos do cálculo da TRH nos termos do Decreto-Lei n.º 97/2008 de 11 de junho.,
TUA20230918002712,T000064,L000815.2019.RH3.V1,"As determinações analíticas conducentes à verificação do cumprimento do programa de autocontrolo devem ser preferencialmente realizadas por laboratórios acreditados para o efeito, devendo, nos restantes casos, ser realizadas por laboratórios que mantenham um sistema de controlo de qualidade analítica devidamente documentado e atualizado, à semelhança das orientações descritas na Diretiva 2009/90/CE, transposta para direito interno pelo Decreto-Lei n.º 83/2011, de 20 de junho, e das suas sucessivas atualizações. Os boletins analíticos terão de vir acompanhados da indicação dos limites de deteção, de quantificação e da incerteza. Os procedimentos de amostragem deverão ser efetuados aplicando boas práticas internacionais de laboratório a fim de reduzir ao mínimo a degradação das amostras entre a colheita e a análise.",
TUA20230918002712,T000065,L000815.2019.RH3.V1,"Para efeitos de fiscalização ou inspeção podem ser recolhidas amostras pontuais. Para avaliação da respetiva conformidade as amostras pontuais podem exceder em 50% os valores limites de emissão (VLE) definidos no TURH, com exceção do parâmetro pH.",
TUA20230918002712,T000066,L000815.2019.RH3.V1,"O titular obriga-se a manter a área envolvente à descarga em boas condições de funcionamento hidráulico, pelo que está autorizado a proceder a medidas de conservação, manutenção e reabilitação em domínio hídrico público, nomeadamente à limpeza e remoção dos sedimentos depositados no leito da linha de água, bem como ao corte e remoção de matéria vegetal de natureza infestante que se desenvolva no leito e nas margens, por exemplo: maciços de silvas (Rubus ulmifolius) e de canas (Arundo donax).",
TUA20230918002712,T000067,L000815.2019.RH3.V1,"O presente título renova o título de utilização dos recursos hídricos n.º L000815.2019.RH3, válido até 18/02/2024.",
TUA20231010002912,T000061,L001021.2019.RH3.V1,"É dispensada a apresentação de apólice de seguro ou prestada uma caução para recuperação ambiental nos termos do disposto no art.º 22º, n.º 226-A/2007, de 31 de maio com as alterações introduzidas pelo Decreto-Lei n.º 82/2010, de 2 de julho.",
TUA20231010002912,T000062,L001021.2019.RH3.V1,"No prazo máximo de 30 dias após a data de atribuição do presente título, deverá ser apresentada uma apólice de seguro ou prestada uma caução no valor de 2 500 € a favor da entidade licenciadora, para recuperação ambiental, de acordo e nos termos previstos no número 2 do artigo 49º e alínea A) do Anexo I do Decreto-Lei n.º 226-A/2007, de 31 de maio, que garanta o pagamento de indemnizações por eventuais danos causados por erros ou omissões do projeto relativamente à drenagem e tratamento de efluentes ou pelo incumprimento das disposições legais e regulamentares a ele aplicáveis (minutas disponíveis no sítio da Agência Portuguesa do Ambiente, I.P. na internet em www.apambiente.pt – Instrumentos &gt; Licenciamento das utilizações dos recursos hídricos &gt; Formulários).",
TUA20231010002912,T000063,L001021.2019.RH3.V1,A monitorização dos parâmetros Azoto total e Fósforo total é para efeitos do cálculo da TRH nos termos do Decreto-Lei n.º 97/2008 de 11 de junho.,
TUA20231010002912,T000064,L001021.2019.RH3.V1,"As determinações analíticas conducentes à verificação do cumprimento do programa de autocontrolo devem ser preferencialmente realizadas por laboratórios acreditados para o efeito, devendo, nos restantes casos, ser realizadas por laboratórios que mantenham um sistema de controlo de qualidade analítica devidamente documentado e atualizado, à semelhança das orientações descritas na Diretiva 2009/90/CE, transposta para direito interno pelo Decreto-Lei n.º 83/2011, de 20 de junho, e das suas sucessivas atualizações. Os boletins analíticos terão de vir acompanhados da indicação dos limites de deteção, de quantificação e da incerteza. Os procedimentos de amostragem deverão ser efetuados aplicando boas práticas internacionais de laboratório a fim de reduzir ao mínimo a degradação das amostras entre a colheita e a análise.",
TUA20231010002912,T000065,L001021.2019.RH3.V1,"Para efeitos de fiscalização ou inspeção podem ser recolhidas amostras pontuais. Para avaliação da respetiva conformidade as amostras pontuais podem exceder em 50% os valores limites de emissão (VLE) definidos no TURH, com exceção do parâmetro pH.",
TUA20231010002912,T000066,L001021.2019.RH3.V1,"O titular obriga-se a manter a área envolvente à descarga em boas condições de funcionamento hidráulico, pelo que está autorizado a proceder a medidas de conservação, manutenção e reabilitação em domínio hídrico público, nomeadamente à limpeza e remoção dos sedimentos depositados no leito da linha de água, bem como ao corte e remoção de matéria vegetal de natureza infestante que se desenvolva no leito e nas margens, por exemplo: maciços de silvas (Rubus ulmifolius) e de canas (Arundo donax).",
TUA20231010002912,T000067,L001021.2019.RH3.V1,"O presente título renova o título de utilização dos recursos hídricos n.ºL001021.2019.RH3, válido até 01/03/2024.",
TUA20231010002913,T000061,L000817.2019.RH3.V1,"É dispensada a apresentação de apólice de seguro ou prestada uma caução para recuperação ambiental nos termos do disposto no art.º 22º, n.º 226-A/2007, de 31 de maio com as alterações introduzidas pelo Decreto-Lei n.º 82/2010, de 2 de julho.",
TUA20231010002913,T000062,L000817.2019.RH3.V1,"No prazo máximo de 30 dias após a data de atribuição do presente título, deverá ser apresentada uma apólice de seguro ou prestada uma caução no valor de 3 500 € a favor da entidade licenciadora, para recuperação ambiental, de acordo e nos termos previstos no número 2 do artigo 49º e alínea A) do Anexo I do Decreto-Lei n.º 226-A/2007, de 31 de maio, que garanta o pagamento de indemnizações por eventuais danos causados por erros ou omissões do projeto relativamente à drenagem e tratamento de efluentes ou pelo incumprimento das disposições legais e regulamentares a ele aplicáveis (minutas disponíveis no sítio da Agência Portuguesa do Ambiente, I.P. na internet em www.apambiente.pt – Instrumentos &gt; Licenciamento das utilizações dos recursos hídricos &gt; Formulários).",
TUA20231010002913,T000063,L000817.2019.RH3.V1,A monitorização dos parâmetros Azoto total e Fósforo total é para efeitos do cálculo da TRH nos termos do Decreto-Lei n.º 97/2008 de 11 de junho.,
TUA20231010002913,T000064,L000817.2019.RH3.V1,"As determinações analíticas conducentes à verificação do cumprimento do programa de autocontrolo devem ser preferencialmente realizadas por laboratórios acreditados para o efeito, devendo, nos restantes casos, ser realizadas por laboratórios que mantenham um sistema de controlo de qualidade analítica devidamente documentado e atualizado, à semelhança das orientações descritas na Diretiva 2009/90/CE, transposta para direito interno pelo Decreto-Lei n.º 83/2011, de 20 de junho, e das suas sucessivas atualizações. Os boletins analíticos terão de vir acompanhados da indicação dos limites de deteção, de quantificação e da incerteza. Os procedimentos de amostragem deverão ser efetuados aplicando boas práticas internacionais de laboratório a fim de reduzir ao mínimo a degradação das amostras entre a colheita e a análise.",
TUA20231010002913,T000065,L000817.2019.RH3.V1,"Para efeitos de fiscalização ou inspeção podem ser recolhidas amostras pontuais. Para avaliação da respetiva conformidade as amostras pontuais podem exceder em 50% os valores limites de emissão (VLE) definidos no TURH, com exceção do parâmetro pH.",
TUA20231010002913,T000066,L000817.2019.RH3.V1,"O titular obriga-se a manter a área envolvente à descarga em boas condições de funcionamento hidráulico, pelo que está autorizado a proceder a medidas de conservação, manutenção e reabilitação em domínio hídrico público, nomeadamente à limpeza e remoção dos sedimentos depositados no leito da linha de água, bem como ao corte e remoção de matéria vegetal de natureza infestante que se desenvolva no leito e nas margens, por exemplo: maciços de silvas (Rubus ulmifolius) e de canas (Arundo donax).",
TUA20231010002913,T000067,L000817.2019.RH3.V1,"O presente título renova o título de utilização dos recursos hídricos n.º L000817.2019.RH3, válido até 03/02/2024.",
TUA20231012002959,T000061,L001020.2019.RH3.V1,"É dispensada a apresentação de apólice de seguro ou prestada uma caução para recuperação ambiental nos termos do disposto no art.º 22º, n.º 226-A/2007, de 31 de maio com as alterações introduzidas pelo Decreto-Lei n.º 82/2010, de 2 de julho.",
TUA20231012002959,T000062,L001020.2019.RH3.V1,"No prazo máximo de 30 dias após a data de atribuição do presente título, deverá ser apresentada uma apólice de seguro ou prestada uma caução no valor de 1 250 € a favor da entidade licenciadora, para recuperação ambiental, de acordo e nos termos previstos no número 2 do artigo 49º e alínea A) do Anexo I do Decreto-Lei n.º 226-A/2007, de 31 de maio, que garanta o pagamento de indemnizações por eventuais danos causados por erros ou omissões do projeto relativamente à drenagem e tratamento de efluentes ou pelo incumprimento das disposições legais e regulamentares a ele aplicáveis (minutas disponíveis no sítio da Agência Portuguesa do Ambiente, I.P. na internet em www.apambiente.pt – Instrumentos &gt; Licenciamento das utilizações dos recursos hídricos &gt; Formulários).",
TUA20231012002959,T000063,L001020.2019.RH3.V1,A monitorização dos parâmetros Azoto total e Fósforo total é para efeitos do cálculo da TRH nos termos do Decreto-Lei n.º 97/2008 de 11 de junho.,
TUA20231012002959,T000064,L001020.2019.RH3.V1,"As determinações analíticas conducentes à verificação do cumprimento do programa de autocontrolo devem ser preferencialmente realizadas por laboratórios acreditados para o efeito, devendo, nos restantes casos, ser realizadas por laboratórios que mantenham um sistema de controlo de qualidade analítica devidamente documentado e atualizado, à semelhança das orientações descritas na Diretiva 2009/90/CE, transposta para direito interno pelo Decreto-Lei n.º 83/2011, de 20 de junho, e das suas sucessivas atualizações. Os boletins analíticos terão de vir acompanhados da indicação dos limites de deteção, de quantificação e da incerteza. Os procedimentos de amostragem deverão ser efetuados aplicando boas práticas internacionais de laboratório a fim de reduzir ao mínimo a degradação das amostras entre a colheita e a análise.",
TUA20231012002959,T000065,L001020.2019.RH3.V1,"Para efeitos de fiscalização ou inspeção podem ser recolhidas amostras pontuais. Para avaliação da respetiva conformidade as amostras pontuais podem exceder em 50% os valores limites de emissão (VLE) definidos no TURH, com exceção do parâmetro pH.",
TUA20231012002959,T000066,L001020.2019.RH3.V1,"O titular obriga-se a manter a área envolvente à descarga em boas condições de funcionamento hidráulico, pelo que está autorizado a proceder a medidas de conservação, manutenção e reabilitação em domínio hídrico público, nomeadamente à limpeza e remoção dos sedimentos depositados no leito da linha de água, bem como ao corte e remoção de matéria vegetal de natureza infestante que se desenvolva no leito e nas margens, por exemplo: maciços de silvas (Rubus ulmifolius) e de canas (Arundo donax).",
TUA20231012002959,T000067,L001020.2019.RH3.V1,"O presente título renova o título de utilização dos recursos hídricos n.ºL001020.2019.RH3, válido até 19/03/2024.",
TUA20231018003040,T000079,L009317.2013.RH5-T1.V1,"Os relatórios de autocontrolo, a enviar à Entidade Licenciadora, deverão incluir a identificação de qualquer alteração nas condições de entrada de efluente, avarias nos equipamentos, ou outras situações que alterem o normal funcionamento da ETAR. Quando se verifique a ocorrência de algum incumprimento deverão ser apresentadas as correspondentes medidas corretivas e preventivas.",
TUA20231018003040,T000080,L009317.2013.RH5-T1.V1,"O titular obriga-se para o corrente ano civil, a enviar a calendarização prevista para a recolha de amostras de autocontrolo na ETAR, num prazo de 15 dias a contar da data da emissão do presente título; para cada ano civil, a enviar a calendarização prevista até ao dia 15 de Dezembro do ano anterior; caso a programação prevista seja alterada, a enviar a nova calendarização, com uma antecedência mínima de 15 dias.",
TUA20231018003040,T000081,L009317.2013.RH5-T1.V1,"Para efeitos de fiscalização ou inspeção poderão ser recolhidas amostras pontuais e/ou compostas, para avaliação da respetiva conformidade com os valores limites de emissão (VLE) expressos em unidades de concentração (massa por volume). No caso das amostras pontuais os VLE acrescem em 50% para os parâmetros com VLE definido no TURH para amostra composta.",
TUA20231018003040,T000082,L009317.2013.RH5-T1.V1,"No prazo de 30 dias deverá ser entregue a representação da rede de drenagem do subsistema da ETAR e respetivas estações elevatórias, atualizada e preferencialmente em formato shapefile.",
TUA20231018003040,T000083,L009317.2013.RH5-T1.V1,"Sempre que se registarem caudais efluentes do sistema de tratamento superiores ao caudal de dimensionamento da ETAR em ano de horizonte do projeto, deverá prestar os devidos esclarecimentos, no final de cada semestre, tendo presente a necessidade de rigorosa justificação de que tais acréscimos de caudal tratado não põem em causa a eficiência do sistema de tratamento.",
TUA20231018003040,T000084,L009317.2013.RH5-T1.V1,"O titular obriga-se a manter um dossier organizado contendo as Fichas de Dados de Segurança de todas as substâncias e/ou preparações perigosas utilizadas, devidamente redigidas em língua portuguesa.",
TUA20231018003040,T000085,L009317.2013.RH5-T1.V1,"O titular obriga-se a manter a área envolvente à descarga, em boas condições de funcionamento hidráulico, pelo que fica desde já autorizado a proceder a medidas de conservação e reabilitação da rede hidrográfica, nomeadamente à limpeza e remoção dos sedimentos depositados no interior da linha de água, bem como a eliminar os elementos vegetais implantados no leito e margens maciços de silvas (Rubus ulmifolius) e de canas (Arundo donax).",
TUA20231018003040,T000086,L009317.2013.RH5-T1.V1,"As determinações analíticas conducentes à verificação do cumprimento do presente programa de autocontrolo devem ser preferencialmente realizadas por laboratórios acreditados para o efeito, devendo, nos restantes casos, ser realizadas por laboratórios que mantenham um sistema de controlo de qualidade analítica devidamente documentado e atualizado, à semelhança das orientações descritas na Diretiva 2009/90/CE, transposta para direito interno pelo Decreto-Lei n.º 83/2011, de 20 de junho. Os boletins analíticos terão de vir acompanhados da indicação dos limites de deteção, de quantificação e da incerteza. Os procedimentos de amostragem deverão ser efetuados aplicando boas práticas internacionais de laboratório a fim de reduzir ao mínimo a degradação das amostras entre a colheita e a análise.",
TUA20231018003040,T000087,L009317.2013.RH5-T1.V1,"No prazo máximo de 30 dias após a data de atribuição do presente título, deverá ser apresentada uma apólice de seguro ou prestada uma caução no valor de 5000 € (cinco mil euros) a favor da entidade licenciadora, para recuperação ambiental, de acordo e nos termos previstos no número 2 do artigo 49º e alínea A) do Anexo I do Decreto-Lei n.º 226-A/2007, de 31 de maio, que garanta o pagamento de indemnizações por eventuais danos causados por erros ou omissões do projeto relativamente à drenagem e tratamento de efluentes ou pelo incumprimento das disposições legais e regulamentares a ele aplicáveis (minutas disponíveis no sítio da Agência Portuguesa do Ambiente, I.P. na internet em www.apambiente.pt – Instrumentos &gt; Licenciamento das utilizações dos recursos hídricos &gt; Formulários).",
TUA20231018003040,Código,Código TURH,Condição,
TUA20231018003040,T000088,L009317.2013.RH5-T1.V1,"Os parâmetros N total e P total não constituem atualmente requisito de descarga, no entanto, devem ser analisados para efeitos de cálculo da taxa de recursos hídricos (Decreto-Lei n.º 97/2008 de 11 de Junho).",
TUA20231109003280,T000060,L005585.2019.RH3.V1,"É dispensada a apresentação de apólice de seguro ou prestada uma caução para recuperação ambiental nos termos do disposto no art.º 22º, n.º",
TUA20231109003280,Código,Código TURH,Condição,
TUA20231109003280,,,"226-A/2007, de 31 de maio com as alterações introduzidas pelo Decreto-Lei n.º 82/2010, de 2 de julho.",
TUA20231109003280,T000061,L005585.2019.RH3.V1,"No prazo máximo de 30 dias após a data de atribuição do presente título, deverá ser apresentada uma apólice de seguro ou prestada uma caução no valor de 4 375 € a favor da entidade licenciadora, para recuperação ambiental, de acordo e nos termos previstos no número 2 do artigo 49º e alínea A) do Anexo I do Decreto-Lei n.º 226-A/2007, de 31 de maio, que garanta o pagamento de indemnizações por eventuais danos causados por erros ou omissões do projeto relativamente à drenagem e tratamento de efluentes ou pelo incumprimento das disposições legais e regulamentares a ele aplicáveis (minutas disponíveis no sítio da Agência Portuguesa do Ambiente, I.P. na internet em www.apambiente.pt – Instrumentos &gt; Licenciamento das utilizações dos recursos hídricos &gt; Formulários).",
TUA20231109003280,T000062,L005585.2019.RH3.V1,A monitorização dos parâmetros Azoto total e Fósforo total é para efeitos do cálculo da TRH nos termos do Decreto-Lei n.º 97/2008 de 11 de junho.,
TUA20231109003280,T000063,L005585.2019.RH3.V1,"As determinações analíticas conducentes à verificação do cumprimento do programa de autocontrolo devem ser preferencialmente realizadas por laboratórios acreditados para o efeito, devendo, nos restantes casos, ser realizadas por laboratórios que mantenham um sistema de controlo de qualidade analítica devidamente documentado e atualizado, à semelhança das orientações descritas na Diretiva 2009/90/CE, transposta para direito interno pelo Decreto-Lei n.º 83/2011, de 20 de junho, e das suas sucessivas atualizações. Os boletins analíticos terão de vir acompanhados da indicação dos limites de deteção, de quantificação e da incerteza. Os procedimentos de amostragem deverão ser efetuados aplicando boas práticas internacionais de laboratório a fim de reduzir ao mínimo a degradação das amostras entre a colheita e a análise.",
TUA20231109003280,T000064,L005585.2019.RH3.V1,"Para efeitos de fiscalização ou inspeção podem ser recolhidas amostras pontuais. Para avaliação da respetiva conformidade as amostras pontuais podem exceder em 50% os valores limites de emissão (VLE) definidos no TURH, com exceção do parâmetro pH.",
TUA20231109003280,T000065,L005585.2019.RH3.V1,"O titular obriga-se a manter a área envolvente à descarga em boas condições de funcionamento hidráulico, pelo que está autorizado a proceder a medidas de conservação, manutenção e reabilitação em domínio hídrico público, nomeadamente à limpeza e remoção dos sedimentos depositados no leito da linha de água, bem como ao corte e remoção de matéria vegetal de natureza infestante que se desenvolva no leito e nas margens, por exemplo: maciços de silvas (Rubus ulmifolius) e de canas (Arundo donax).",
TUA20231109003280,T000066,L005585.2019.RH3.V1,"O presente título renova o título de utilização dos recursos hídricos n.º L005585.2019.RH3, válido até 01/05/2024.",
TUA20231128003520,,,"No prazo máximo de 30 dias após a data de atribuição do presente título, deverá ser apresentada uma apólice de seguro ou prestada uma caução no valor de 2 000 € a favor da entidade licenciadora, para recuperação ambiental, de acordo e nos termos previstos no número 2 do artigo 49º e alínea A) do Anexo I do Decreto-Lei n.º 226-A/2007, de 31 de maio, que garanta o pagamento de indemnizações por eventuais danos causados por erros ou omissões do projeto relativamente à drenagem e tratamento de efluentes ou pelo incumprimento das disposições legais e regulamentares",
TUA20231128003520,Código,Código TURH,Condição,
TUA20231128003520,T000060,L007490.2019.RH3,"a ele aplicáveis (minutas disponíveis no sítio da Agência Portuguesa do Ambiente, I.P. na internet em www.apambiente.pt – Instrumentos &gt; Licenciamento das utilizações dos recursos hídricos &gt; Formulários).",
TUA20231128003520,T000061,L007490.2019.RH3,"É dispensada a apresentação de apólice de seguro ou prestada uma caução para recuperação ambiental nos termos do disposto no art.º 22º, n.º 226-A/2007, de 31 de maio com as alterações introduzidas pelo Decreto-Lei n.º 82/2010, de 2 de julho.",
TUA20231128003520,T000062,L007490.2019.RH3,A monitorização dos parâmetros Azoto total e Fósforo total é para efeitos do cálculo da TRH nos termos do Decreto-Lei n.º 97/2008 de 11 de junho.,
TUA20231128003520,T000063,L007490.2019.RH3,"As determinações analíticas conducentes à verificação do cumprimento do programa de autocontrolo devem ser preferencialmente realizadas por laboratórios acreditados para o efeito, devendo, nos restantes casos, ser realizadas por laboratórios que mantenham um sistema de controlo de qualidade analítica devidamente documentado e atualizado, à semelhança das orientações descritas na Diretiva 2009/90/CE, transposta para direito interno pelo Decreto-Lei n.º 83/2011, de 20 de junho, e das suas sucessivas atualizações. Os boletins analíticos terão de vir acompanhados da indicação dos limites de deteção, de quantificação e da incerteza. Os procedimentos de amostragem deverão ser efetuados aplicando boas práticas internacionais de laboratório a fim de reduzir ao mínimo a degradação das amostras entre a colheita e a análise.",
TUA20231128003520,T000064,L007490.2019.RH3,"Para efeitos de fiscalização ou inspeção podem ser recolhidas amostras pontuais. Para avaliação da respetiva conformidade as amostras pontuais podem exceder em 50% os valores limites de emissão (VLE) definidos no TURH, com exceção do parâmetro pH.",
TUA20231128003520,T000065,L007490.2019.RH3,"O titular obriga-se a manter a área envolvente à descarga em boas condições de funcionamento hidráulico, pelo que está autorizado a proceder a medidas de conservação, manutenção e reabilitação em domínio hídrico público, nomeadamente à limpeza e remoção dos sedimentos depositados no leito da linha de água, bem como ao corte e remoção de matéria vegetal de natureza infestante que se desenvolva no leito e nas margens, por exemplo: maciços de silvas (Rubus ulmifolius) e de canas (Arundo donax).",
TUA20231128003520,T000066,L007490.2019.RH3,"O presente título renova o título de utilização dos recursos hídricos n.º L007490.2019.RH3, válido até 08/05/2024.",
TUA20231128003521,T000061,L007487.2019.RH3,"É dispensada a apresentação de apólice de seguro ou prestada uma caução para recuperação ambiental nos termos do disposto no art.º 22º, n.º 226-A/2007, de 31 de maio com as alterações introduzidas pelo Decreto-Lei n.º 82/2010, de 2 de julho.",
TUA20231128003521,T000062,L007487.2019.RH3,"No prazo máximo de 30 dias após a data de atribuição do presente título, deverá ser apresentada uma apólice de seguro ou prestada uma caução no valor de 1 000 € a favor da entidade licenciadora, para recuperação ambiental, de acordo e nos termos previstos no número 2 do artigo 49º e alínea A) do Anexo I do Decreto-Lei n.º 226-A/2007, de 31 de maio, que garanta o pagamento de indemnizações por eventuais danos causados por erros ou omissões do projeto relativamente à drenagem e tratamento de efluentes ou pelo incumprimento das disposições legais e regulamentares a ele aplicáveis (minutas disponíveis no sítio da Agência Portuguesa do Ambiente, I.P. na internet em www.apambiente.pt – Instrumentos &gt; Licenciamento das utilizações dos recursos hídricos &gt; Formulários).",
TUA20231128003521,T000063,L007487.2019.RH3,A monitorização dos parâmetros Azoto total e Fósforo total é para efeitos do cálculo da TRH nos termos do Decreto-Lei n.º 97/2008 de 11 de junho.,
TUA20231128003521,T000064,L007487.2019.RH3,"As determinações analíticas conducentes à verificação do cumprimento dos programas de autocontrolo devem ser preferencialmente realizadas por laboratórios acreditados para o efeito, devendo, nos restantes casos, ser realizadas por laboratórios que mantenham um sistema de controlo de qualidade analítica devidamente documentado e atualizado, à semelhança das orientações descritas na Diretiva 2009/90/CE, transposta para direito interno pelo Decreto-Lei n.º 83/2011, de 20 de junho, e das suas sucessivas atualizações. Os boletins analíticos terão de vir acompanhados da indicação dos limites de deteção, de quantificação e da incerteza. Os procedimentos de amostragem deverão ser efetuados aplicando boas práticas internacionais de laboratório a fim de reduzir ao mínimo a degradação das amostras entre a colheita e a análise.",
TUA20231128003521,T000065,L007487.2019.RH3,"Para efeitos de fiscalização ou inspeção podem ser recolhidas amostras pontuais. Para avaliação da respetiva conformidade as amostras pontuais podem exceder em 50% os valores limites de emissão (VLE) definidos no TURH, com exceção do parâmetro pH.",
TUA20231128003521,T000066,L007487.2019.RH3,"O titular obriga-se a manter a área envolvente à descarga em boas condições de funcionamento hidráulico, pelo que está autorizado a proceder a medidas de conservação, manutenção e reabilitação em domínio hídrico público, nomeadamente à limpeza e remoção dos sedimentos depositados no leito da linha de água, bem como ao corte e remoção de matéria vegetal de natureza infestante que se desenvolva no leito e nas margens, por exemplo: maciços de silvas (Rubus ulmifolius) e de canas (Arundo donax).",
TUA20231128003521,T000067,L007487.2019.RH3,"O presente título renova o título de utilização dos recursos hídricos n.º L007487.2019.RH3, válido até 09/05/2024.",
TUA20231205003587,T000059,L007491.2019.RH3.V1,"É dispensada a apresentação de apólice de seguro ou prestada uma caução para recuperação ambiental nos termos do disposto no art.º 22º, n.º 226-A/2007, de 31 de maio com as alterações introduzidas pelo Decreto-Lei n.º 82/2010, de 2 de julho.",
TUA20231205003587,,,"No prazo máximo de 30 dias após a data de atribuição do presente título, deverá ser apresentada uma apólice de seguro ou prestada uma caução",
TUA20231205003587,Código,Código TURH,Condição,
TUA20231205003587,T000060,L007491.2019.RH3.V1,"no valor de 1 000 € a favor da entidade licenciadora, para recuperação ambiental, de acordo e nos termos previstos no número 2 do artigo 49º e alínea A) do Anexo I do Decreto-Lei n.º 226-A/2007, de 31 de maio, que garanta o pagamento de indemnizações por eventuais danos causados por erros ou omissões do projeto relativamente à drenagem e tratamento de efluentes ou pelo incumprimento das disposições legais e regulamentares a ele aplicáveis (minutas disponíveis no sítio da Agência Portuguesa do Ambiente, I.P. na internet em www.apambiente.pt – Instrumentos &gt; Licenciamento das utilizações dos recursos hídricos &gt; Formulários).",
TUA20231205003587,T000061,L007491.2019.RH3.V1,"As determinações analíticas conducentes à verificação do cumprimento do programa de autocontrolo devem ser preferencialmente realizadas por laboratórios acreditados para o efeito, devendo, nos restantes casos, ser realizadas por laboratórios que mantenham um sistema de controlo de qualidade analítica devidamente documentado e atualizado, à semelhança das orientações descritas na Diretiva 2009/90/CE, transposta para direito interno pelo Decreto-Lei n.º 83/2011, de 20 de junho, e das suas sucessivas atualizações. Os boletins analíticos terão de vir acompanhados da indicação dos limites de deteção, de quantificação e da incerteza. Os procedimentos de amostragem deverão ser efetuados aplicando boas práticas internacionais de laboratório a fim de reduzir ao mínimo a degradação das amostras entre a colheita e a análise.",
TUA20231205003587,T000062,L007491.2019.RH3.V1,"Para efeitos de fiscalização ou inspeção podem ser recolhidas amostras pontuais. Para avaliação da respetiva conformidade as amostras pontuais podem exceder em 50% os valores limites de emissão (VLE) definidos no TURH, com exceção do parâmetro pH.",
TUA20231205003587,T000063,L007491.2019.RH3.V1,"O titular obriga-se a manter a área envolvente à descarga em boas condições de funcionamento hidráulico, pelo que está autorizado a proceder a medidas de conservação, manutenção e reabilitação em domínio hídrico público, nomeadamente à limpeza e remoção dos sedimentos depositados no leito da linha de água, bem como ao corte e remoção de matéria vegetal de natureza infestante que se desenvolva no leito e nas margens, por exemplo: maciços de silvas (Rubus ulmifolius) e de canas (Arundo donax).",
TUA20231205003587,T000064,L007491.2019.RH3.V1,"O presente título renova o título de utilização dos recursos hídricos n.º L007491.2019.RH3, válido até 08/05/2023.",
TUA20231206003600,T000063,L007489.2019.RH3.V1,"É dispensada a apresentação de apólice de seguro ou prestada uma caução para recuperação ambiental nos termos do disposto no art.º 22º, n.º 226-A/2007, de 31 de maio com as alterações introduzidas pelo Decreto-Lei n.º 82/2010, de 2 de julho.",
TUA20231206003600,T000064,L007489.2019.RH3.V1,"No prazo máximo de 30 dias após a data de atribuição do presente título, deverá ser apresentada uma apólice de seguro ou prestada uma caução no valor de 3 500 € a favor da entidade licenciadora, para recuperação ambiental, de acordo e nos termos previstos no número 2 do artigo 49º e alínea A) do Anexo I do Decreto-Lei n.º 226-A/2007, de 31 de maio, que garanta o pagamento de indemnizações por eventuais danos causados por erros ou omissões do projeto relativamente à drenagem e tratamento de efluentes ou pelo incumprimento das disposições legais e regulamentares a ele aplicáveis (minutas disponíveis no sítio da Agência Portuguesa do Ambiente, I.P. na internet em www.apambiente.pt – Instrumentos &gt; Licenciamento das utilizações dos recursos hídricos &gt; Formulários).",
TUA20231206003600,T000065,L007489.2019.RH3.V1,A monitorização dos parâmetros Azoto total e Fósforo total é para efeitos do cálculo da TRH nos termos do Decreto-Lei n.º 97/2008 de 11 de junho.,
TUA20231206003600,T000066,L007489.2019.RH3.V1,"As determinações analíticas conducentes à verificação do cumprimento do programa de autocontrolo devem ser preferencialmente realizadas por laboratórios acreditados para o efeito, devendo, nos restantes casos, ser realizadas por laboratórios que mantenham um sistema de controlo de qualidade analítica devidamente documentado e atualizado, à semelhança das orientações descritas na Diretiva 2009/90/CE, transposta para direito interno pelo Decreto-Lei n.º 83/2011, de 20 de junho, e das suas sucessivas atualizações. Os boletins analíticos terão de vir acompanhados da indicação dos limites de deteção, de quantificação e da incerteza. Os procedimentos de amostragem deverão ser efetuados aplicando boas práticas internacionais de laboratório a fim de reduzir ao mínimo a degradação das amostras entre a colheita e a análise.",
TUA20231206003600,T000067,L007489.2019.RH3.V1,"Para efeitos de fiscalização ou inspeção podem ser recolhidas amostras pontuais. Para avaliação da respetiva conformidade as amostras pontuais podem exceder em 50% os valores limites de emissão (VLE) definidos no TURH, com exceção do parâmetro pH.",
TUA20231206003600,T000068,L007489.2019.RH3.V1,"O titular obriga-se a manter a área envolvente à descarga em boas condições de funcionamento hidráulico, pelo que está autorizado a proceder a medidas de conservação, manutenção e reabilitação em domínio hídrico público, nomeadamente à limpeza e remoção dos sedimentos depositados no leito da linha de água, bem como ao corte e remoção de matéria vegetal de natureza infestante que se desenvolva no leito e nas margens, por exemplo: maciços de silvas (Rubus ulmifolius) e de canas (Arundo donax).",
TUA20231206003600,T000069,L007489.2019.RH3.V1,"O presente título renova o título de utilização dos recursos hídricos n.º L007489.2019.RH3, válido até 08/05/2023.",
TUA20231206003602,T000062,L007488.2019.RH3.V1,"É dispensada a apresentação de apólice de seguro ou prestada uma caução para recuperação ambiental nos termos do disposto no art.º 22º, n.º 226-A/2007, de 31 de maio com as alterações introduzidas pelo Decreto-Lei n.º 82/2010, de 2 de julho.",
TUA20231206003602,T000063,L007488.2019.RH3.V1,"No prazo máximo de 30 dias após a data de atribuição do presente título, deverá ser apresentada uma apólice de seguro ou prestada uma caução no valor de 3 500 € a favor da entidade licenciadora, para recuperação ambiental, de acordo e nos termos previstos no número 2 do artigo 49º e alínea A) do Anexo I do Decreto-Lei n.º 226-A/2007, de 31 de maio, que garanta o pagamento de indemnizações por eventuais danos causados por erros ou omissões do projeto relativamente à drenagem e tratamento de efluentes ou pelo incumprimento das disposições legais e regulamentares a ele aplicáveis (minutas disponíveis no sítio da Agência Portuguesa do Ambiente, I.P. na internet em www.apambiente.pt – Instrumentos &gt; Licenciamento das utilizações dos recursos hídricos &gt; Formulários).",
TUA20231206003602,T000064,L007488.2019.RH3.V1,A monitorização dos parâmetros Azoto total e Fósforo total é para efeitos do cálculo da TRH nos termos do Decreto-Lei n.º 97/2008 de 11 de junho.,
TUA20231206003602,T000065,L007488.2019.RH3.V1,"As determinações analíticas conducentes à verificação do cumprimento do programa de autocontrolo devem ser preferencialmente realizadas por laboratórios acreditados para o efeito, devendo, nos restantes casos, ser realizadas por laboratórios que mantenham um sistema de controlo de qualidade analítica devidamente documentado e atualizado, à semelhança das orientações descritas na Diretiva 2009/90/CE, transposta para direito interno pelo Decreto-Lei n.º 83/2011, de 20 de junho, e das suas sucessivas atualizações. Os boletins analíticos terão de vir acompanhados da indicação dos limites de deteção, de quantificação e da incerteza. Os procedimentos de amostragem deverão ser efetuados aplicando boas práticas internacionais de laboratório a fim de reduzir ao mínimo a degradação das amostras entre a colheita e a análise.",
TUA20231206003602,T000066,L007488.2019.RH3.V1,"Para efeitos de fiscalização ou inspeção podem ser recolhidas amostras pontuais. Para avaliação da respetiva conformidade as amostras pontuais podem exceder em 50% os valores limites de emissão (VLE) definidos no TURH, com exceção do parâmetro pH.",
TUA20231206003602,T000067,L007488.2019.RH3.V1,"O titular obriga-se a manter a área envolvente à descarga em boas condições de funcionamento hidráulico, pelo que está autorizado a proceder a medidas de conservação, manutenção e reabilitação em domínio hídrico público, nomeadamente à limpeza e remoção dos sedimentos depositados no leito da linha de água, bem como ao corte e remoção de matéria vegetal de natureza infestante que se desenvolva no leito e nas margens, por exemplo: maciços de silvas (Rubus ulmifolius) e de canas (Arundo donax).",
TUA20231206003602,T000068,L007488.2019.RH3.V1,"O presente título renova o título de utilização dos recursos hídricos n.º L007488.2019.RH3 , válido até 08/05/2023.",
TUA20231211003636,T000059,L005712.2019.RH3.V1,"É dispensada a apresentação de apólice de seguro ou prestada uma caução para recuperação ambiental nos termos do disposto no art.º 22º, n.º 226-A/2007, de 31 de maio com as alterações introduzidas pelo Decreto-Lei n.º 82/2010, de 2 de julho.",
TUA20231211003636,,,"No prazo máximo de 30 dias após a data de atribuição do presente título, deverá ser apresentada uma apólice de seguro ou prestada uma caução no valor de 2 500 € a favor da entidade licenciadora, para recuperação ambiental, de acordo e nos termos previstos no número 2 do artigo 49º e",
TUA20231211003636,Código,Código TURH,Condição,
TUA20231211003636,T000060,L005712.2019.RH3.V1,"alínea A) do Anexo I do Decreto-Lei n.º 226-A/2007, de 31 de maio, que garanta o pagamento de indemnizações por eventuais danos causados por erros ou omissões do projeto relativamente à drenagem e tratamento de efluentes ou pelo incumprimento das disposições legais e regulamentares a ele aplicáveis (minutas disponíveis no sítio da Agência Portuguesa do Ambiente, I.P. na internet em www.apambiente.pt – Instrumentos &gt; Licenciamento das utilizações dos recursos hídricos &gt; Formulários).",
TUA20231211003636,T000061,L005712.2019.RH3.V1,A monitorização dos parâmetros Azoto total e Fósforo total é para efeitos do cálculo da TRH nos termos do Decreto-Lei n.º 97/2008 de 11 de junho.,
TUA20231211003636,T000062,L005712.2019.RH3.V1,"As determinações analíticas conducentes à verificação do cumprimento do programa de autocontrolo devem ser preferencialmente realizadas por laboratórios acreditados para o efeito, devendo, nos restantes casos, ser realizadas por laboratórios que mantenham um sistema de controlo de qualidade analítica devidamente documentado e atualizado, à semelhança das orientações descritas na Diretiva 2009/90/CE, transposta para direito interno pelo Decreto-Lei n.º 83/2011, de 20 de junho, e das suas sucessivas atualizações. Os boletins analíticos terão de vir acompanhados da indicação dos limites de deteção, de quantificação e da incerteza. Os procedimentos de amostragem deverão ser efetuados aplicando boas práticas internacionais de laboratório a fim de reduzir ao mínimo a degradação das amostras entre a colheita e a análise.",
TUA20231211003636,T000063,L005712.2019.RH3.V1,"Para efeitos de fiscalização ou inspeção podem ser recolhidas amostras pontuais. Para avaliação da respetiva conformidade as amostras pontuais podem exceder em 50% os valores limites de emissão (VLE) definidos no TURH, com exceção do parâmetro pH.",
TUA20231211003636,T000064,L005712.2019.RH3.V1,"O titular obriga-se a manter a área envolvente à descarga em boas condições de funcionamento hidráulico, pelo que está autorizado a proceder a medidas de conservação, manutenção e reabilitação em domínio hídrico público, nomeadamente à limpeza e remoção dos sedimentos depositados no leito da linha de água, bem como ao corte e remoção de matéria vegetal de natureza infestante que se desenvolva no leito e nas margens, por exemplo: maciços de silvas (Rubus ulmifolius) e de canas (Arundo donax).",
TUA20231211003636,T000065,L005712.2019.RH3.V1,"O presente título renova o título de utilização dos recursos hídricos n.º L005712.2019.RH3, válido até 01/05/2024.",
TUA20231212003641,T000060,L047135.2023.RH5A.V1,"No prazo máximo de 30 dias após a data de atribuição do presente título, deverá ser apresentada uma apólice de seguro ou prestada uma caução no valor de 1250 € a favor da entidade licenciadora, para recuperação ambiental, de acordo e nos termos previstos no número 2 do artigo 49º e alínea A) do Anexo I do Decreto-Lei n.º 226-A/2007, de 31 de maio, que garanta o pagamento de indemnizações por eventuais danos causados por erros ou omissões do projeto relativamente à drenagem e tratamento de efluentes ou pelo incumprimento das disposições legais e regulamentares a ele aplicáveis (minutas disponíveis no sítio da Agência Portuguesa do Ambiente, I.P. na internet em www.apambiente.pt – Instrumentos &gt; Licenciamento das utilizações dos recursos hídricos &gt; Formulários).",
TUA20231212003641,T000061,L047135.2023.RH5A.V1,"O titular obriga-se a enviar à Entidade Licenciadora o registo dos caudais mensais relativos ao afluente bruto e efluente rejeitado. Esta informação deverá ser comunicada juntamente com o autocontrolo, via SILiAmb/LUA na área de Autocontrolo RH.",
TUA20231212003641,T000062,L047135.2023.RH5A.V1,"Os relatórios de autocontrolo, a enviar à Entidade Licenciadora, deverão incluir a identificação de qualquer alteração nas condições de entrada de efluente, avarias nos equipamentos, ou outras situações que alterem o normal funcionamento da ETAR. Quando se verifique a ocorrência de algum incumprimento deverão ser apresentadas as correspondentes medidas corretivas e preventivas.",
TUA20231212003641,T000063,L047135.2023.RH5A.V1,"Para efeitos de fiscalização ou inspeção poderão ser recolhidas amostras pontuais e/ou compostas, para avaliação da respetiva conformidade com os valores limites de emissão (VLE) expressos em unidades de concentração (massa por volume). No caso das amostras pontuais os VLE acrescem em 50% para os parâmetros com VLE definido no TURH para amostra composta.",
TUA20231212003641,T000064,L047135.2023.RH5A.V1,"O titular obriga-se para o corrente ano civil, a enviar a calendarização prevista para a recolha de amostras de autocontrolo na ETAR, num prazo de 15 dias a contar da data da emissão do presente título; para cada ano civil, a enviar a calendarização prevista até ao dia 15 de Dezembro do ano anterior; caso a programação prevista seja alterada, a enviar a nova calendarização, com uma antecedência mínima de 15 dias. Esta informação deverá ser comunicada via SILiAmb, via mensagem associada a esta licença.",
TUA20231212003641,T000065,L047135.2023.RH5A.V1,"Sempre que se registarem caudais efluentes do sistema de tratamento superiores ao caudal de dimensionamento da ETAR em ano de horizonte do projeto, deverá prestar os devidos esclarecimentos, no final de cada semestre, tendo presente a necessidade de rigorosa justificação de que tais acréscimos de caudal tratado não põem em causa a eficiência do sistema de tratamento.",
TUA20231212003641,T000066,L047135.2023.RH5A.V1,"O titular obriga-se a manter um dossier organizado contendo as Fichas de Dados de Segurança de todas as substâncias e/ou preparações perigosas utilizadas, devidamente redigidas em língua portuguesa, devendo, quando existem alterações ou a introdução de novas substâncias enviar, semestralmente, à Entidade Licenciadora a respetiva atualização.",
TUA20231212003641,T000067,L047135.2023.RH5A.V1,"O titular obriga-se a manter a área envolvente à descarga, em boas condições de funcionamento hidráulico, pelo que fica desde já autorizado a proceder a medidas de conservação e reabilitação da rede hidrográfica, nomeadamente à limpeza e remoção dos sedimentos depositados no interior da linha de água, bem como a eliminar os elementos vegetais implantados no leito e margens maciços de silvas (Rubus ulmifolius) e de canas (Arundo donax).",
TUA20231228003808,T000061,L007492.2019.RH3.V1,"É dispensada a apresentação de apólice de seguro ou prestada uma caução para recuperação ambiental nos termos do disposto no art.º 22º, n.º 226-A/2007, de 31 de maio com as alterações introduzidas pelo Decreto-Lei n.º 82/2010, de 2 de julho.",
TUA20231228003808,T000062,L007492.2019.RH3.V1,"No prazo máximo de 30 dias após a data de atribuição do presente título, deverá ser apresentada uma apólice de seguro ou prestada uma caução no valor de 1 250 € a favor da entidade licenciadora, para recuperação ambiental, de acordo e nos termos previstos no número 2 do artigo 49º e alínea A) do Anexo I do Decreto-Lei n.º 226-A/2007, de 31 de maio, que garanta o pagamento de indemnizações por eventuais danos causados por erros ou omissões do projeto relativamente à drenagem e tratamento de efluentes ou pelo incumprimento das disposições legais e regulamentares a ele aplicáveis (minutas disponíveis no sítio da Agência Portuguesa do Ambiente, I.P. na internet em www.apambiente.pt – Instrumentos &gt; Licenciamento das utilizações dos recursos hídricos &gt; Formulários).",
TUA20231228003808,T000063,L007492.2019.RH3.V1,"As determinações analíticas conducentes à verificação do cumprimento do programa de autocontrolo devem ser preferencialmente realizadas por laboratórios acreditados para o efeito, devendo, nos restantes casos, ser realizadas por laboratórios que mantenham um sistema de controlo de qualidade analítica devidamente documentado e atualizado, à semelhança das orientações descritas na Diretiva 2009/90/CE, transposta para direito interno pelo Decreto-Lei n.º 83/2011, de 20 de junho, e das suas sucessivas atualizações. Os boletins analíticos terão de vir acompanhados da indicação dos limites de deteção, de quantificação e da incerteza. Os procedimentos de amostragem deverão ser efetuados aplicando boas práticas internacionais de laboratório a fim de reduzir ao mínimo a degradação das amostras entre a colheita e a análise.",
TUA20231228003808,T000064,L007492.2019.RH3.V1,"Para efeitos de fiscalização ou inspeção podem ser recolhidas amostras pontuais. Para avaliação da respetiva conformidade as amostras pontuais podem exceder em 50% os valores limites de emissão (VLE) definidos no TURH, com exceção do parâmetro pH.",
TUA20231228003808,T000065,L007492.2019.RH3.V1,"O titular obriga-se a manter a área envolvente à descarga em boas condições de funcionamento hidráulico, pelo que está autorizado a proceder a medidas de conservação, manutenção e reabilitação em domínio hídrico público, nomeadamente à limpeza e remoção dos sedimentos depositados no leito da linha de água, bem como ao corte e remoção de matéria vegetal de natureza infestante que se desenvolva no leito e nas margens, por exemplo: maciços de silvas (Rubus ulmifolius) e de canas (Arundo donax).",
TUA20231228003808,T000066,L007492.2019.RH3.V1,"O presente título renova o título de utilização dos recursos hídricos n.ºL007492.2019.RH3, válido até 08/05/2024.",
TUA20240131000275,T000068,L015762.2013.RH5-T1.V1,"No prazo máximo de 30 dias após a data de atribuição do presente título, deverá ser apresentada uma apólice de seguro ou prestada uma caução no valor de 7500€ a favor da entidade licenciadora, para recuperação ambiental, de acordo e nos termos previstos no número 2 do artigo 49º e alínea A) do Anexo I do Decreto-Lei n.º 226-A/2007, de 31 de maio, que garanta o pagamento de indemnizações por eventuais danos causados por erros ou omissões do projeto relativamente à drenagem e tratamento de efluentes ou pelo incumprimento das disposições legais e regulamentares a ele aplicáveis (minutas disponíveis no sítio da Agência Portuguesa do Ambiente, I.P. na internet em www.apambiente.pt – Instrumentos &gt; Licenciamento das utilizações dos recursos hídricos &gt; Formulários).",
TUA20240131000275,T000069,L015762.2013.RH5-T1.V1,"Os relatórios de autocontrolo, a enviar à Entidade Licenciadora, deverão incluir a identificação de qualquer alteração nas condições de entrada de efluente, avarias nos equipamentos, ou outras situações que alterem o normal funcionamento da ETAR. Quando se verifique a ocorrência de algum incumprimento deverão ser apresentadas as correspondentes medidas corretivas e preventivas.",
TUA20240131000275,T000070,L015762.2013.RH5-T1.V1,"O titular obriga-se para o corrente ano civil, a enviar a calendarização prevista para a recolha de amostras de autocontrolo na ETAR, num prazo de 15 dias a contar da data da emissão do presente título; para cada ano civil, a enviar a calendarização prevista até ao dia 15 de Dezembro do ano anterior; caso a programação prevista seja alterada, a enviar a nova calendarização, com uma antecedência mínima de 15 dias.",
TUA20240131000275,T000071,L015762.2013.RH5-T1.V1,"Para efeitos de fiscalização ou inspeção poderão ser recolhidas amostras pontuais e/ou compostas, para avaliação da respetiva conformidade com os valores limites de emissão (VLE) expressos em unidades de concentração (massa por volume). No caso das amostras pontuais os VLE acrescem em 50% para os parâmetros com VLE definido no TURH para amostra composta.",
TUA20240131000275,T000072,L015762.2013.RH5-T1.V1,"No prazo de 30 dias deverá ser entregue a representação da rede de drenagem do subsistema da ETAR e respetivas estações elevatórias, atualizada e preferencialmente em formato shapefile.",
TUA20240131000275,T000073,L015762.2013.RH5-T1.V1,"Sempre que se registarem caudais efluentes do sistema de tratamento superiores ao caudal de dimensionamento da ETAR em ano de horizonte do projeto, deverá prestar os devidos esclarecimentos, no final de cada semestre, tendo presente a necessidade de rigorosa justificação de que tais acréscimos de caudal tratado não põem em causa a eficiência do sistema de tratamento.",
TUA20240131000275,T000074,L015762.2013.RH5-T1.V1,"O titular obriga-se a manter um dossier organizado contendo as Fichas de Dados de Segurança de todas as substâncias e/ou preparações perigosas utilizadas, devidamente redigidas em língua portuguesa.",
TUA20240131000275,,,"O titular obriga-se a manter a área envolvente à descarga, em boas condições de funcionamento hidráulico, pelo que fica desde já autorizado a proceder a medidas de conservação e reabilitação da rede hidrográfica, nomeadamente à limpeza e remoção dos sedimentos depositados no",
TUA20240131000275,Código,Código TURH,Condição,
TUA20240131000275,T000075,L015762.2013.RH5-T1.V1,"interior da linha de água, bem como a eliminar os elementos vegetais implantados no leito e margens maciços de silvas (Rubus ulmifolius) e de canas (Arundo donax).",
TUA20240131000275,T000076,L015762.2013.RH5-T1.V1,"As determinações analíticas conducentes à verificação do cumprimento do presente programa de autocontrolo devem ser preferencialmente realizadas por laboratórios acreditados para o efeito, devendo, nos restantes casos, ser realizadas por laboratórios que mantenham um sistema de controlo de qualidade analítica devidamente documentado e atualizado, à semelhança das orientações descritas na Diretiva 2009/90/CE, transposta para direito interno pelo Decreto-Lei n.º 83/2011, de 20 de junho. Os boletins analíticos terão de vir acompanhados da indicação dos limites de deteção, de quantificação e da incerteza. Os procedimentos de amostragem deverão ser efetuados aplicando boas práticas internacionais de laboratório a fim de reduzir ao mínimo a degradação das amostras entre a colheita e a análise.",
TUA20240131000275,T000077,L015762.2013.RH5-T1.V1,"Os parâmetros, N total e P total não constituem requisitos de descarga. No entanto, deverão ser analisados para efeitos de cálculo da taxa de recursos hídricos (Decreto-Lei n.º 97/2008 de 11 de Junho).",
TUA20240131000275,T000078,L015762.2013.RH5-T1.V1,"Na EXP8.3.5, onde se lê &quot;caudal máximo de descarga&quot;, deve ler-se &quot;caudal médio de descarga c/ infiltração&quot;, de acordo com a memória descritiva do projeto apresentada.",
TUA20240131000275,T000080,L015762.2013.RH5-T1.V1,"A ETAR apenas apresenta medidor de caudal à entrada, pelo que o registo de autocontrolo referente ao caudal à saída a apresentar deverá ser baseado em estimativa, considerando que os volumes de entrada e saída da ETAR são semelhantes.",
TUA20240131000275,T000081,L015762.2013.RH5-T1.V1,"O titular obriga-se a reportar à Entidade Licenciadora, os volumes descarregados em situações de by-pass (na ETAR e também nas instalações elevatórias associadas), assim como a indicação do período de ocorrência. Na ausência de medidor de caudal deverá ser apresentada estimativa.",
TUA20240131000276,T000064,L010891.2013.RH5-T1.V1,"No prazo máximo de 30 dias após a data de atribuição do presente título, deverá ser apresentada uma apólice de seguro ou prestada uma caução no valor de 2000 € a favor da entidade licenciadora, para recuperação ambiental, de acordo e nos termos previstos no número 2 do artigo 49º e alínea A) do Anexo I do Decreto-Lei n.º 226-A/2007, de 31 de maio, que garanta o pagamento de indemnizações por eventuais danos causados por erros ou omissões do projeto relativamente à drenagem e tratamento de efluentes ou pelo incumprimento das disposições legais e regulamentares a ele aplicáveis (minutas disponíveis no sítio da Agência Portuguesa do Ambiente, I.P. na internet em www.apambiente.pt – Instrumentos &gt; Licenciamento das utilizações dos recursos hídricos &gt; Formulários).",
TUA20240131000276,T000065,L010891.2013.RH5-T1.V1,"Os relatórios de autocontrolo, a enviar à Entidade Licenciadora, deverão incluir a identificação de qualquer alteração nas condições de entrada de efluente, avarias nos equipamentos, ou outras situações que alterem o normal funcionamento da ETAR. Quando se verifique a ocorrência de algum incumprimento deverão ser apresentadas as correspondentes medidas corretivas e preventivas.",
TUA20240131000276,T000066,L010891.2013.RH5-T1.V1,"O titular obriga-se para o corrente ano civil, a enviar a calendarização prevista para a recolha de amostras de autocontrolo na ETAR, num prazo de 15 dias a contar da data da emissão do presente título; para cada ano civil, a enviar a calendarização prevista até ao dia 15 de Dezembro do ano anterior; caso a programação prevista seja alterada, a enviar a nova calendarização, com uma antecedência mínima de 15 dias.",
TUA20240131000276,T000067,L010891.2013.RH5-T1.V1,"Para efeitos de fiscalização ou inspeção poderão ser recolhidas amostras pontuais e/ou compostas, para avaliação da respetiva conformidade com os valores limites de emissão (VLE) expressos em unidades de concentração (massa por volume). No caso das amostras pontuais os VLE acrescem em 50% para os parâmetros com VLE definido no TURH para amostra composta.",
TUA20240131000276,T000068,L010891.2013.RH5-T1.V1,"No prazo de 30 dias deverá ser entregue a representação da rede de drenagem do subsistema da ETAR e respetivas estações elevatórias, atualizada e preferencialmente em formato shapefile.",
TUA20240131000276,T000069,L010891.2013.RH5-T1.V1,"Sempre que se registarem caudais efluentes do sistema de tratamento superiores ao caudal de dimensionamento da ETAR em ano de horizonte do projeto, deverá prestar os devidos esclarecimentos, no final de cada semestre, tendo presente a necessidade de rigorosa justificação de que tais acréscimos de caudal tratado não põem em causa a eficiência do sistema de tratamento.",
TUA20240131000276,T000070,L010891.2013.RH5-T1.V1,"O titular obriga-se a manter um dossier organizado contendo as Fichas de Dados de Segurança de todas as substâncias e/ou preparações perigosas utilizadas, devidamente redigidas em língua portuguesa.",
TUA20240131000276,T000071,L010891.2013.RH5-T1.V1,"O titular obriga-se a manter a área envolvente à descarga, em boas condições de funcionamento hidráulico, pelo que fica desde já autorizado a proceder a medidas de conservação e reabilitação da rede hidrográfica, nomeadamente à limpeza e remoção dos sedimentos depositados no interior da linha de água, bem como a eliminar os elementos vegetais implantados no leito e margens maciços de silvas (Rubus ulmifolius) e de canas (Arundo donax).",
TUA20240131000276,T000072,L010891.2013.RH5-T1.V1,"As determinações analíticas conducentes à verificação do cumprimento do presente programa de autocontrolo devem ser preferencialmente realizadas por laboratórios acreditados para o efeito, devendo, nos restantes casos, ser realizadas por laboratórios que mantenham um sistema de controlo de qualidade analítica devidamente documentado e atualizado, à semelhança das orientações descritas na Diretiva 2009/90/CE, transposta para direito interno pelo Decreto-Lei n.º 83/2011, de 20 de junho. Os boletins analíticos terão de vir acompanhados da indicação dos limites de deteção, de quantificação e da incerteza. Os procedimentos de amostragem deverão ser efetuados aplicando boas práticas internacionais de laboratório a fim de reduzir ao mínimo a degradação das amostras entre a colheita e a análise.",
TUA20240131000276,T000073,L010891.2013.RH5-T1.V1,"Os parâmetros, N total e P total não constituem requisitos de descarga. No entanto, deverão ser analisados para efeitos de cálculo da taxa de recursos hídricos (Decreto-Lei n.º 97/2008 de 11 de Junho).",
TUA20240131000276,T000074,L010891.2013.RH5-T1.V1,"Na EXP8.3.5, onde se lê &quot;caudal máximo de descarga&quot;, deve ler-se &quot;caudal médio de descarga com infiltração (TH)&quot;, de acordo com a memória descritiva do projeto apresentada.",
TUA20240131000276,T000075,L010891.2013.RH5-T1.V1,"A ETAR apenas apresenta medidor de caudal à entrada, pelo que o registo de autocontrolo referente ao caudal à saída a apresentar deverá ser baseado em estimativa, considerando que os volumes de entrada e saída da ETAR são semelhantes.",
TUA20240216000439,T000062,L047225.2023.RH5A.V1,"No prazo máximo de 30 dias após a data de atribuição do presente título, deverá ser apresentada uma apólice de seguro ou prestada uma caução no valor de 6250 € a favor da entidade licenciadora, para recuperação ambiental, de acordo e nos termos previstos no número 2 do artigo 49º e alínea A) do Anexo I do Decreto-Lei n.º 226-A/2007, de 31 de maio, que garanta o pagamento de indemnizações por eventuais danos causados por erros ou omissões do projeto relativamente à drenagem e tratamento de efluentes ou pelo incumprimento das disposições legais e regulamentares a ele aplicáveis (minutas disponíveis no sítio da Agência Portuguesa do Ambiente, I.P. na internet em www.apambiente.pt – Instrumentos &gt; Licenciamento das utilizações dos recursos hídricos &gt; Formulários).",
TUA20240216000439,T000064,L047225.2023.RH5A.V1,"O titular obriga-se para o corrente ano civil, a enviar a calendarização prevista para a recolha de amostras de autocontrolo na ETAR, num prazo de 15 dias a contar da data da emissão do presente título; para cada ano civil, a enviar a calendarização prevista até ao dia 15 de Dezembro do ano anterior; caso a programação prevista seja alterada, a enviar a nova calendarização, com uma antecedência mínima de 15 dias.",
TUA20240216000439,T000065,L047225.2023.RH5A.V1,"Para efeitos de fiscalização ou inspeção poderão ser recolhidas amostras pontuais e/ou compostas, para avaliação da respetiva conformidade com os valores limites de emissão (VLE) expressos em unidades de concentração (massa por volume). No caso das amostras pontuais os VLE acrescem em 50% para os parâmetros com VLE definido no TURH para amostra composta.",
TUA20240216000439,T000066,L047225.2023.RH5A.V1,"No prazo de 30 dias deverá ser entregue a representação da rede de drenagem do subsistema da ETAR e respetivas estações elevatórias, atualizada e preferencialmente em formato shapefile.",
TUA20240216000439,T000067,L047225.2023.RH5A.V1,"Sempre que se registarem caudais efluentes do sistema de tratamento superiores ao caudal de dimensionamento da ETAR em ano de horizonte do projeto, deverá prestar os devidos esclarecimentos, no final de cada semestre, tendo presente a necessidade de rigorosa justificação de que tais acréscimos de caudal tratado não põem em causa a eficiência do sistema de tratamento.",
TUA20240216000439,T000068,L047225.2023.RH5A.V1,"O titular obriga-se a manter um dossier organizado contendo as Fichas de Dados de Segurança de todas as substâncias e/ou preparações perigosas utilizadas, devidamente redigidas em língua portuguesa.",
TUA20240216000439,T000069,L047225.2023.RH5A.V1,"O titular obriga-se a manter a área envolvente à descarga, em boas condições de funcionamento hidráulico, pelo que fica desde já autorizado a proceder a medidas de conservação e reabilitação da rede hidrográfica, nomeadamente à limpeza e remoção dos sedimentos depositados no interior da linha de água, bem como a eliminar os elementos vegetais implantados no leito e margens maciços de silvas (Rubus ulmifolius) e de canas (Arundo donax).",
TUA20240216000439,T000070,L047225.2023.RH5A.V1,"As determinações analíticas conducentes à verificação do cumprimento do presente programa de autocontrolo devem ser preferencialmente realizadas por laboratórios acreditados para o efeito, devendo, nos restantes casos, ser realizadas por laboratórios que mantenham um sistema de controlo de qualidade analítica devidamente documentado e atualizado, à semelhança das orientações descritas na Diretiva 2009/90/CE, transposta para direito interno pelo Decreto-Lei n.º 83/2011, de 20 de junho. Os boletins analíticos terão de vir acompanhados da indicação dos limites de deteção, de quantificação e da incerteza. Os procedimentos de amostragem deverão ser efetuados aplicando boas práticas internacionais de laboratório a fim de reduzir ao mínimo a degradação das amostras entre a colheita e a análise.",
TUA20240216000439,T000071,L047225.2023.RH5A.V1,"Os parâmetros, N total e P total não constituem requisitos de descarga. No entanto, deverão ser analisados para efeitos de cálculo da taxa de recursos hídricos (Decreto-Lei n.º 97/2008 de 11 de Junho).",
TUA20240216000439,T000072,L047225.2023.RH5A.V1,"Na EXP8.3.5, onde se lê &quot;caudal máximo de descarga&quot;, deve ler-se &quot;caudal médio de descarga&quot;, de acordo com a memória descritiva do projeto apresentada.",
TUA20240216000440,T000089,L008275.2018.RH5A.V1,"No prazo máximo de 30 dias após a data de atribuição do presente título, deverá ser apresentada uma apólice de seguro ou prestada uma caução no valor de 11250 € a favor da entidade licenciadora, para recuperação ambiental, de acordo e nos termos previstos no número 2 do artigo 49º e alínea A) do Anexo I do Decreto-Lei n.º 226-A/2007, de 31 de maio, que garanta o pagamento de indemnizações por eventuais danos causados por erros ou omissões do projeto relativamente à drenagem e tratamento de efluentes ou pelo incumprimento das disposições legais e regulamentares a ele aplicáveis (minutas disponíveis no sítio da Agência Portuguesa do Ambiente, I.P. na internet em www.apambiente.pt – Instrumentos &gt; Licenciamento das utilizações dos recursos hídricos &gt; Formulários).",
TUA20240216000440,T000090,L008275.2018.RH5A.V1,"As determinações analíticas de CBO5 e CQO deverão ser efetuadas em amostras filtradas (filtros 0,45 µm), quando o valor de SST for inferior a 150 mg/L. Para concentrações de SST superiores a 150mg/L, devem os parâmetros CBO5 e CQO ser analisados em amostras não filtradas. Os SST deverão ser determinados pelo método usual de filtração e secagem.",
TUA20240216000440,T000092,L008275.2018.RH5A.V1,"O titular obriga-se para o corrente ano civil, a enviar a calendarização prevista para a recolha de amostras de autocontrolo na ETAR, num prazo de 15 dias a contar da data da emissão do presente título; para cada ano civil, a enviar a calendarização prevista até ao dia 15 de Dezembro do ano anterior; caso a programação prevista seja alterada, a enviar a nova calendarização, com uma antecedência mínima de 15 dias.",
TUA20240216000440,T000093,L008275.2018.RH5A.V1,"O titular obriga-se a reportar à Entidade Licenciadora, os volumes descarregados em situações de by-pass (na ETAR e também nas instalações elevatórias associadas), assim como a indicação do período de ocorrência.",
TUA20240216000440,T000094,L008275.2018.RH5A.V1,"Para efeitos de fiscalização ou inspeção poderão ser recolhidas amostras pontuais e/ou compostas, para avaliação da respetiva conformidade com os valores limites de emissão (VLE) expressos em unidades de concentração (massa por volume). No caso das amostras pontuais os VLE acrescem em 50% para os parâmetros com VLE definido no TURH para amostra composta.",
TUA20240216000440,Código,Código TURH,Condição,
TUA20240216000440,T000095,L008275.2018.RH5A.V1,"No prazo de 30 dias deverá ser entregue a representação da rede de drenagem do subsistema da respetivas estações elevatórias, atualizada e preferencialmente em formato shapefile.",
TUA20240216000440,T000096,L008275.2018.RH5A.V1,"Sempre que se registarem caudais efluentes do sistema de tratamento superiores ao caudal de dimensionamento da ETAR em ano de horizonte do projeto, deverá prestar os devidos esclarecimentos, no final de cada semestre, tendo presente a necessidade de rigorosa justificação de que tais acréscimos de caudal tratado não põem em causa a eficiência do sistema de tratamento.",
TUA20240216000440,T000097,L008275.2018.RH5A.V1,"O titular obriga-se a manter um dossier organizado contendo as Fichas de Dados de Segurança de todas as substâncias e/ou preparações perigosas utilizadas, devidamente redigidas em língua portuguesa.",
TUA20240216000440,T000098,L008275.2018.RH5A.V1,"O titular obriga-se a manter a área envolvente à descarga, em boas condições de funcionamento hidráulico, pelo que fica desde já autorizado a proceder a medidas de conservação e reabilitação da rede hidrográfica, nomeadamente à limpeza e remoção dos sedimentos depositados no interior da linha de água, bem como a eliminar os elementos vegetais implantados no leito e margens maciços de silvas (Rubus ulmifolius) e de canas (Arundo donax).",
TUA20240216000440,T000099,L008275.2018.RH5A.V1,"As determinações analíticas conducentes à verificação do cumprimento do presente programa de autocontrolo devem ser preferencialmente realizadas por laboratórios acreditados para o efeito, devendo, nos restantes casos, ser realizadas por laboratórios que mantenham um sistema de controlo de qualidade analítica devidamente documentado e atualizado, à semelhança das orientações descritas na Diretiva 2009/90/CE, transposta para direito interno pelo Decreto-Lei n.º 83/2011, de 20 de junho. Os boletins analíticos terão de vir acompanhados da indicação dos limites de deteção, de quantificação e da incerteza. Os procedimentos de amostragem deverão ser efetuados aplicando boas práticas internacionais de laboratório a fim de reduzir ao mínimo a degradação das amostras entre a colheita e a análise.",
TUA20240216000440,T000100,L008275.2018.RH5A.V1,"O parâmetro N total não constitui atualmente requisito de descarga, no entanto, deve ser analisado para efeitos de cálculo da taxa de recursos hídricos (Decreto-Lei n.º 97/2008 de 11 de Junho).",
TUA20240216000462,T000063,L006005.2021.RH5A.V1,"No prazo máximo de 30 dias após a data de atribuição do presente título, deverá ser apresentada uma apólice de seguro ou prestada uma caução no valor de 3000 € a favor da entidade licenciadora, para recuperação ambiental, de acordo e nos termos previstos no número 2 do artigo 49º e alínea A) do Anexo I do Decreto-Lei n.º 226-A/2007, de 31 de maio, que garanta o pagamento de indemnizações por eventuais danos causados por erros ou omissões do projeto relativamente à drenagem e tratamento de efluentes ou pelo incumprimento das disposições legais e regulamentares a ele aplicáveis (minutas disponíveis no sítio da Agência Portuguesa do Ambiente, I.P. na internet em www.apambiente.pt – Instrumentos &gt; Licenciamento das utilizações dos recursos hídricos &gt; Formulários).",
TUA20240216000462,T000064,L006005.2021.RH5A.V1,"O titular obriga-se a enviar à Entidade Licenciadora o registo dos caudais mensais relativos ao afluente bruto e efluente rejeitado. Esta informação deverá ser comunicada juntamente com o autocontrolo, via SILiAmb, na área de Autocontrolo.",
TUA20240216000462,T000065,L006005.2021.RH5A.V1,"Os relatórios de autocontrolo, a enviar à Entidade Licenciadora, deverão incluir a identificação de qualquer alteração nas condições de entrada de efluente, avarias nos equipamentos, ou outras situações que alterem o normal funcionamento da ETAR. Quando se verifique a ocorrência de algum incumprimento deverão ser apresentadas as correspondentes medidas corretivas e preventivas. Esta informação deverá ser comunicada via SILiAmb, na área de Autocontrolo.",
TUA20240216000462,T000066,L006005.2021.RH5A.V1,"O titular obriga-se para o corrente ano civil, a enviar a calendarização prevista para a recolha de amostras de autocontrolo na ETAR, num prazo de 15 dias a contar da data da emissão do presente título; para cada ano civil, a enviar a calendarização prevista até ao dia 15 de Dezembro do ano anterior; caso a programação prevista seja alterada, a enviar a nova calendarização, com uma antecedência mínima de 15 dias. Esta informação deverá ser comunicada via SILiAmb, via mensagem associada a esta licença.",
TUA20240216000462,T000067,L006005.2021.RH5A.V1,"Para efeitos de fiscalização ou inspeção poderão ser recolhidas amostras pontuais e/ou compostas, para avaliação da respetiva conformidade com os valores limites de emissão (VLE) expressos em unidades de concentração (massa por volume). No caso das amostras pontuais os VLE acrescem em 50% para os parâmetros com VLE definido no TURH para amostra composta.",
TUA20240216000462,T000068,L006005.2021.RH5A.V1,"Sempre que se registarem caudais efluentes do sistema de tratamento superiores ao caudal de dimensionamento da ETAR em ano de horizonte do projeto, deverá prestar os devidos esclarecimentos, no final de cada semestre, tendo presente a necessidade de rigorosa justificação de que tais acréscimos de caudal tratado não põem em causa a eficiência do sistema de tratamento. Esta informação deverá ser comunicada via SILiAmb, por mensagem associada a esta licença.",
TUA20240216000462,T000069,L006005.2021.RH5A.V1,"Deverão ser implementadas medidas preventivas e minimizadoras das consequências inerentes a uma rejeição de emergência no domínio hídrico. Assim, o titular deverá diligenciar no sentido de dotar a(s) Estação(ões) Elevatória(s) de um gerador de emergência ou implementar medidas alternativas que produzam efeito similar.",
TUA20240216000462,T000070,L006005.2021.RH5A.V1,"O titular obriga-se a manter a área envolvente à descarga, em boas condições de funcionamento hidráulico, pelo que fica desde já autorizado a proceder a medidas de conservação e reabilitação da rede hidrográfica, nomeadamente à limpeza e remoção dos sedimentos depositados no interior da linha de água, bem como a eliminar os elementos vegetais implantados no leito e margens maciços de silvas (Rubus ulmifolius) e de canas (Arundo donax).",
TUA20240216000462,T000071,L006005.2021.RH5A.V1,"As determinações analíticas conducentes à verificação do cumprimento do programa de autocontrolo devem ser preferencialmente realizadas por laboratórios acreditados para o efeito, devendo, nos restantes casos, ser realizadas por laboratórios que mantenham um sistema de controlo de qualidade analítica devidamente documentado e atualizado, à semelhança das orientações descritas na Diretiva 2009/90/CE, transposta para direito interno pelo Decreto-Lei n.º 83/2011, de 20 de junho. Os boletins analíticos terão de vir acompanhados da indicação dos limites de deteção, de quantificação e da incerteza. Os procedimentos de amostragem deverão ser efetuados aplicando boas práticas internacionais de laboratório a fim de reduzir ao mínimo a degradação das amostras entre a colheita e a análise.",
TUA20240223000530,T000064,L031504.2023.RH5A.V1,"As determinações analíticas de CBO5 e CQO deverão ser efetuadas em amostras filtradas (filtros 0,45 µm), quando o valor de SST for inferior a 150 mg/L. Para concentrações superiores a 150mg/L de SST, devem os parâmetros CBO5 e CQO ser analisados em amostras não filtradas. Os SST deverão ser determinados pelo método usual de filtração e secagem.",
TUA20240223000530,T000113,L031504.2023.RH5A.V1,"O titular obriga-se para o corrente ano civil, a enviar a calendarização prevista para a recolha de amostras de autocontrolo na ETAR, num prazo de 15 dias a contar da data da emissão do presente título; para cada ano civil, a enviar a calendarização prevista até ao dia 15 de Dezembro do ano anterior; caso a programação prevista seja alterada, a enviar a nova calendarização, com uma antecedência mínima de 15 dias.",
TUA20240223000530,T000114,L031504.2023.RH5A.V1,"O titular obriga-se a reportar à Entidade Licenciadora, os volumes descarregados em situações de by-pass (na ETAR e também nas instalações elevatórias associadas), assim como a indicação do período de ocorrência.",
TUA20240223000530,T000115,L031504.2023.RH5A.V1,"Para efeitos de fiscalização ou inspeção poderão ser recolhidas amostras pontuais e/ou compostas, para avaliação da respetiva conformidade com os valores limites de emissão (VLE) expressos em unidades de concentração (massa por volume). No caso das amostras pontuais os VLE acrescem em 50% para os parâmetros com VLE definido no TURH para amostra composta.",
TUA20240223000530,T000116,L031504.2023.RH5A.V1,"No prazo de 30 dias deverá ser entregue a representação da rede de drenagem do subsistema da ETAR de Portagem e respetivas estações elevatórias, atualizada e preferencialmente em formato shapefile.",
TUA20240223000530,T000117,L031504.2023.RH5A.V1,"Sempre que se registarem caudais efluentes do sistema de tratamento superiores ao caudal de dimensionamento da ETAR em ano de horizonte do projeto, deverá prestar os devidos esclarecimentos, no final de cada semestre, tendo presente a necessidade de rigorosa justificação de que tais acréscimos de caudal tratado não põem em causa a eficiência do sistema de tratamento.",
TUA20240223000530,T000118,L031504.2023.RH5A.V1,"O titular obriga-se a manter um dossier organizado contendo as Fichas de Dados de Segurança de todas as substâncias e/ou preparações perigosas utilizadas, devidamente redigidas em língua portuguesa.",
TUA20240223000530,T000119,L031504.2023.RH5A.V1,"O titular obriga-se a manter a área envolvente à descarga, em boas condições de funcionamento hidráulico, pelo que fica desde já autorizado a proceder a medidas de conservação e reabilitação da rede hidrográfica, nomeadamente à limpeza e remoção dos sedimentos depositados no interior da linha de água, bem como a eliminar os elementos vegetais implantados no leito e margens maciços de silvas (Rubus ulmifolius) e de canas (Arundo donax).",
TUA20240223000530,T000120,L031504.2023.RH5A.V1,"As determinações analíticas conducentes à verificação do cumprimento do presente programa de autocontrolo devem ser preferencialmente realizadas por laboratórios acreditados para o efeito, devendo, nos restantes casos, ser realizadas por laboratórios que mantenham um sistema de controlo de qualidade analítica devidamente documentado e atualizado, à semelhança das orientações descritas na Diretiva 2009/90/CE, transposta para direito interno pelo Decreto-Lei n.º 83/2011, de 20 de junho. Os boletins analíticos terão de vir acompanhados da indicação dos limites de deteção, de quantificação e da incerteza. Os procedimentos de amostragem deverão ser efetuados aplicando boas práticas internacionais de laboratório a fim de reduzir ao mínimo a degradação das amostras entre a colheita e a análise.",
TUA20240223000530,T000121,L031504.2023.RH5A.V1,"No prazo máximo de 30 dias após a data de atribuição do presente título, deverá ser apresentada uma apólice de seguro ou prestada uma caução no valor de 5000€ a favor da entidade licenciadora, para recuperação ambiental, de acordo e nos termos previstos no número 2 do artigo 49º e alínea A) do Anexo I do Decreto-Lei n.º 226-A/2007, de 31 de maio, que garanta o pagamento de indemnizações por eventuais danos causados por erros ou omissões do projeto relativamente à drenagem e tratamento de efluentes ou pelo incumprimento das disposições legais e regulamentares a ele aplicáveis (minutas disponíveis no sítio da Agência Portuguesa do Ambiente, I.P. na internet em www.apambiente.pt – Instrumentos &gt; Licenciamento das utilizações dos recursos hídricos &gt; Formulários).",
TUA20240223000530,T000124,L031504.2023.RH5A.V1,"De acordo com a memória descritiva do projeto, o caudal médio diário de Inverno corresponde a 240 m3/dia e o caudal médio diário de Verão corresponde a 180m3/dia (ao que se refere a T00043).",
TUA20240223000530,Código,Código TURH,Condição,
TUA20240223000530,T000125,L031504.2023.RH5A.V1,"O titular da licença deve proceder ao reporte mensal, à Entidade Gestora, do ponto se situação dos trabalhos efetuados entre as Águas do Alto Alentejo (gestor da rede em baixa) e a AdVT, de modo a controlar as afluências indevidas na ETAR da Portagem. A situação deverá encontrar-se regularizada com a maior brevidade.",
TUA20240229000598,T000073,L047273.2023.RH5A.V1,"Os relatórios de autocontrolo, a enviar à Entidade Licenciadora, deverão incluir a identificação de qualquer alteração nas condições de entrada de efluente, avarias nos equipamentos, ou outras situações que alterem o normal funcionamento da ETAR. Quando se verifique a ocorrência de algum incumprimento deverão ser apresentadas as correspondentes medidas corretivas e preventivas.",
TUA20240229000598,T000074,L047273.2023.RH5A.V1,"O titular obriga-se para o corrente ano civil, a enviar a calendarização prevista para a recolha de amostras de autocontrolo na ETAR, num prazo de 15 dias a contar da data da emissão do presente título; para cada ano civil, a enviar a calendarização prevista até ao dia 15 de Dezembro do ano anterior; caso a programação prevista seja alterada, a enviar a nova calendarização, com uma antecedência mínima de 15 dias.",
TUA20240229000598,T000075,L047273.2023.RH5A.V1,"O titular obriga-se a reportar à Entidade Licenciadora, os volumes descarregados em situações de by-pass (na ETAR e também nas instalações elevatórias associadas), assim como a indicação do período de ocorrência.",
TUA20240229000598,T000076,L047273.2023.RH5A.V1,"Para efeitos de fiscalização ou inspeção poderão ser recolhidas amostras pontuais e/ou compostas, para avaliação da respetiva conformidade com os valores limites de emissão (VLE) expressos em unidades de concentração (massa por volume). No caso das amostras pontuais os VLE acrescem em 50% para os parâmetros com VLE definido no TURH para amostra composta.",
TUA20240229000598,T000077,L047273.2023.RH5A.V1,"No prazo de 30 dias deverá ser entregue a representação da rede de drenagem do subsistema da ETAR e respetivas estações elevatórias, atualizada e preferencialmente em formato shapefile.",
TUA20240229000598,T000078,L047273.2023.RH5A.V1,No prazo máximo de 6 meses deverão ser instalados todos os equipamentos e implementadas as medidas para cumprimento integral das condições desta licença.,
TUA20240229000598,T000079,L047273.2023.RH5A.V1,"Sempre que se registarem caudais efluentes do sistema de tratamento superiores ao caudal de dimensionamento da ETAR em ano de horizonte do projeto, deverá prestar os devidos esclarecimentos, no final de cada semestre, tendo presente a necessidade de rigorosa justificação de que tais acréscimos de caudal tratado não põem em causa a eficiência do sistema de tratamento.",
TUA20240229000598,T000080,L047273.2023.RH5A.V1,"O titular obriga-se a manter um dossier organizado contendo as Fichas de Dados de Segurança de todas as substâncias e/ou preparações perigosas utilizadas, devidamente redigidas em língua portuguesa.",
TUA20240229000598,T000081,L047273.2023.RH5A.V1,"O titular obriga-se a manter a área envolvente à descarga, em boas condições de funcionamento hidráulico, pelo que fica desde já autorizado a proceder a medidas de conservação e reabilitação da rede hidrográfica, nomeadamente à limpeza e remoção dos sedimentos depositados no interior da linha de água, bem como a eliminar os elementos vegetais implantados no leito e margens maciços de silvas (Rubus ulmifolius) e de canas (Arundo donax).",
TUA20240229000598,T000082,L047273.2023.RH5A.V1,"As determinações analíticas conducentes à verificação do cumprimento do presente programa de autocontrolo devem ser preferencialmente realizadas por laboratórios acreditados para o efeito, devendo, nos restantes casos, ser realizadas por laboratórios que mantenham um sistema de controlo de qualidade analítica devidamente documentado e atualizado, à semelhança das orientações descritas na Diretiva 2009/90/CE, transposta para direito interno pelo Decreto-Lei n.º 83/2011, de 20 de junho. Os boletins analíticos terão de vir acompanhados da indicação dos limites de deteção, de quantificação e da incerteza. Os procedimentos de amostragem deverão ser efetuados aplicando boas práticas internacionais de laboratório a fim de reduzir ao mínimo a degradação das amostras entre a colheita e a análise.",
TUA20240229000598,Código,Código TURH,Condição,
TUA20240229000598,T000083,L047273.2023.RH5A.V1,"No prazo máximo de 30 dias após a data de atribuição do presente título, deverá ser apresentada uma apólice de seguro ou prestada uma caução no valor de15 000€ a favor da entidade licenciadora, para recuperação ambiental, de acordo e nos termos previstos no número 2 do artigo 49º e alínea A) do Anexo I do Decreto-Lei n.º 226-A/2007, de 31 de maio, que garanta o pagamento de indemnizações por eventuais danos causados por erros ou omissões do projeto relativamente à drenagem e tratamento de efluentes ou pelo incumprimento das disposições legais e regulamentares a ele aplicáveis (minutas disponíveis no sítio da Agência Portuguesa do Ambiente, I.P. na internet em www.apambiente.pt – Instrumentos &gt; Licenciamento das utilizações dos recursos hídricos &gt; Formulários).",
TUA20240229000598,T000084,L047273.2023.RH5A.V1,"Os parâmetros, N total e P total não constituem requisitos de descarga. No entanto, deverão ser analisados para efeitos de cálculo da taxa de recursos hídricos (Decreto-Lei n.º 97/2008 de 11 de Junho).",
TUA20240901002617,T000071,L060851.2024.RH7.V1,"A implantação dos órgãos da ETAR deve respeitar as restrições inerentes ao domínio hídrico, bem como devem ser adotadas medidas de proteção e contenção para fazer face a eventuais episódios de cheia.",
TUA20230530001578,T000098,,"No prazo máximo de 30 dias após a data de atribuição do presente título, deverá ser apresentada uma apólice de seguro ou prestada uma caução no valor de 5 000€ a favor da entidade licenciadora, para recuperação ambiental, de acordo e nos termos previstos no Decreto-Lei n.º 226-A/2007, de 31 de maio (minutas disponíveis no sítio da Agência Portuguesa do Ambiente, I.P. na internet em www.apambiente.pt).",L043200.2023.RH4A.V2
TUA20230530001578,T000099,,"Nos casos em que se aplica, o presente título apenas produz efeito após obtenção de Autorização de construção em área classificada como Reserva Ecológica Nacional, a emitir pela Comissão de Coordenação e Desenvolvimento Regional do Centro e parecer favorável pelo uso não agrícola do solo afeto à Reserva Agrícola Nacional a emitir pela Entidade Regional da Reserva Agrícola Nacional do Centro.",L043200.2023.RH4A.V2
TUA20230530001578,T000102,,"As determinações analíticas conducentes à verificação do cumprimento do presente programa de autocontrolo devem ser preferencialmente realizadas por laboratórios acreditados para o efeito, devendo, nos restantes casos, ser realizadas por laboratórios que mantenham um sistema de controlo de qualidade analítica devidamente documentado e atualizado, à semelhança das orientações descritas na Diretiva 2009/90/CE, transposta para direito interno pelo Decreto-Lei n.º 83/2011, de 20 de junho.",L043200.2023.RH4A.V2
TUA20230530001578,T000103,,A amostragem de todos os parâmetros definidos no autocontrolo deverá ser efetuada no mesmo dia e à saída do sistema de tratamento de águas residuais.,L043200.2023.RH4A.V2
TUA20230530001578,T000104,,"Os boletins analíticos terão de vir acompanhados da indicação dos limites de deteção, de quantificação e da incerteza.",L043200.2023.RH4A.V2
TUA20230530001578,T000105,,Os procedimentos de amostragem deverão ser efetuados aplicando boas práticas internacionais de laboratório a fim de reduzir ao mínimo a degradação das amostras entre a colheita e a análise.,L043200.2023.RH4A.V2
TUA20230530001578,T000106,,"Impende sobre o titular desta licença a responsabilidade de execução de medidas de limpeza, manutenção e conservação das zonas de acesso ao sistema de tratamento e respetivo ponto de rejeição, conforme previsto o artigo 33º da Lei n.º 58/2005 de 29 de dezembro, na sua redação atual.",L043200.2023.RH4A.V2
TUA20240105000038,T000057,,A matéria tributável da componente E é determinada com base no programa de autocontrolo a implementar descrito em EXP8.3.16.,L008065.2019.RH3.V1
TUA20240105000038,T000058,,"Sem prejuízo das sanções aplicáveis, sempre que o registo atualizado dos valores do autocontrolo, referido em T000057, não seja reportado com a frequência trimestral ou até ao dia quinze (15) de janeiro do ano seguinte ao que diz respeito a taxa de recursos hídricos, a componente E será calculada tendo por base as características do efluente bruto estabelecidas no projeto de execução da ETAR ou incluídas na presente licença.",L008065.2019.RH3.V1
TUA20240105000038,T000059,,Impende sobre o titular desta licença a responsabilidade de verificar o cumprimento das normas constantes na autorização de descarga mencionada em T000049.,L008065.2019.RH3.V1
TUA20240105000038,T000060,,"O titular obriga-se a implementar o programa de autocontrolo descrito em EXP8.3.16 e a reportar à Entidade Licenciadora os resultados obtidos, através da plataforma SILiAmb, com a frequência trimestral.",L008065.2019.RH3.V1
TUA20240105000038,T000061,,"Sempre que forem autorizadas descargas de águas residuais de indústrias localizadas fora da malha urbana, a autorização de descarga, prevista em T000053, fica sujeita à aprovação da Entidade Licenciadora.",L008065.2019.RH3.V1
TUA20240105000038,T000062,,"É dispensada a apresentação de apólice de seguro ou prestada uma caução para recuperação ambiental nos termos do disposto no art.º 22º, n.º 226-A/2007, de 31 de maio com as alterações introduzidas pelo Decreto-Lei n.º 82/2010, de 2 de julho.",L008065.2019.RH3.V1
TUA20240105000038,T000063,,"No prazo máximo de 30 dias após a data de atribuição do presente título, deverá ser apresentada uma apólice de seguro ou prestada uma caução no valor de 3 500 € a favor da entidade licenciadora, para recuperação ambiental, de acordo e nos termos previstos no número 2 do artigo 49º e alínea A) do Anexo I do Decreto-Lei n.º 226-A/2007, de 31 de maio, que garanta o pagamento de indemnizações por eventuais danos causados por erros ou omissões do projeto relativamente à drenagem e tratamento de efluentes ou pelo incumprimento das disposições legais e regulamentares a ele aplicáveis (minutas disponíveis no sítio da Agência Portuguesa do Ambiente, I.P. na internet em www.apambiente.pt – Instrumentos &gt; Licenciamento das utilizações dos recursos hídricos &gt; Formulários).",L008065.2019.RH3.V1
TUA20240105000038,T000064,,A monitorização dos parâmetros Azoto total e Fósforo total é para efeitos do cálculo da TRH nos termos do Decreto-Lei n.º 97/2008 de 11 de junho.,L008065.2019.RH3.V1
TUA20240105000038,T000065,,"As determinações analíticas conducentes à verificação do cumprimento do programa de autocontrolo devem ser preferencialmente realizadas por laboratórios acreditados para o efeito, devendo, nos restantes casos, ser realizadas por laboratórios que mantenham um sistema de controlo de qualidade analítica devidamente documentado e atualizado, à semelhança das orientações descritas na Diretiva 2009/90/CE, transposta para direito interno pelo Decreto-Lei n.º 83/2011, de 20 de junho, e das suas sucessivas atualizações. Os boletins analíticos terão de vir acompanhados da indicação dos limites de deteção, de quantificação e da incerteza. Os procedimentos de amostragem deverão ser efetuados aplicando boas práticas internacionais de laboratório a fim de reduzir ao mínimo a degradação das amostras entre a colheita e a análise.",L008065.2019.RH3.V1
TUA20240105000038,T000066,,"Para efeitos de fiscalização ou inspeção podem ser recolhidas amostras pontuais. Para avaliação da respetiva conformidade as amostras pontuais podem exceder em 50% os valores limites de emissão (VLE) definidos no TURH, com exceção do parâmetro pH.",L008065.2019.RH3.V1
TUA20240105000038,T000067,,"O titular obriga-se a manter a área envolvente à descarga em boas condições de funcionamento hidráulico, pelo que está autorizado a proceder a medidas de conservação, manutenção e reabilitação em domínio hídrico público, nomeadamente à limpeza e remoção dos sedimentos depositados no leito da linha de água, bem como ao corte e remoção de matéria vegetal de natureza infestante que se desenvolva no leito e nas margens, por exemplo: maciços de silvas (Rubus ulmifolius) e de canas (Arundo donax).",L008065.2019.RH3.V1
TUA20240105000038,T000068,,"O titular da licença deve respeitar as condições de rejeição indicadas em EXP8.3.13, não podendo efetuar qualquer operação deliberada de diluição das águas residuais. A avaliação de conformidade é determinada com base nos parâmetros definidos e de acordo com T000017.",L008065.2019.RH3.V1
TUA20240105000038,T000071,,"O presente título renova o título de utilização dos recursos hídricos n.º L008065.2019.RH3, válido até 08/06/2024.",L008065.2019.RH3.V1
TUA20240110000102,T000058,,A matéria tributável da componente E é determinada com base no programa de autocontrolo a implementar descrito em EXP8.3.16.,L008067.2019.RH3.V1
TUA20240110000102,T000059,,"Sem prejuízo das sanções aplicáveis, sempre que o registo atualizado dos valores do autocontrolo, referido em T000058, não seja reportado com a frequência trimestral ou até ao dia quinze (15) de janeiro do ano seguinte ao que diz respeito a taxa de recursos hídricos, a componente E será calculada tendo por base as características do efluente bruto estabelecidas no projeto de execução da ETAR ou incluídas na presente licença.",L008067.2019.RH3.V1
TUA20240110000102,T000060,,Impende sobre o titular desta licença a responsabilidade de verificar o cumprimento das normas constantes na autorização de descarga mencionada em T000050.,L008067.2019.RH3.V1
TUA20240110000102,T000061,,"O titular obriga-se a implementar o programa de autocontrolo descrito em EXP8.3.16 e a reportar à Entidade Licenciadora os resultados obtidos, através da plataforma SILiAmb, com a frequência trimestral.",L008067.2019.RH3.V1
TUA20240110000102,T000062,,"Sempre que forem autorizadas descargas de águas residuais de indústrias localizadas fora da malha urbana, a autorização de descarga, prevista em T000054, fica sujeita à aprovação da Entidade Licenciadora.",L008067.2019.RH3.V1
TUA20240110000102,T000063,,"O titular da licença deve respeitar as condições de rejeição indicadas em EXP8.3.13, não podendo efetuar qualquer operação deliberada de diluição das águas residuais. A avaliação de conformidade é determinada com base nos parâmetros definidos e de acordo com T000016.",L008067.2019.RH3.V1
TUA20240110000102,T000064,,"É dispensada a apresentação de apólice de seguro ou prestada uma caução para recuperação ambiental nos termos do disposto no art.º 22º, n.º 226-A/2007, de 31 de maio com as alterações introduzidas pelo Decreto-Lei n.º 82/2010, de 2 de julho.",L008067.2019.RH3.V1
TUA20240110000102,T000065,,"No prazo máximo de 30 dias após a data de atribuição do presente título, deverá ser apresentada uma apólice de seguro ou prestada uma caução no valor de 1 250 € a favor da entidade licenciadora, para recuperação ambiental, de acordo e nos termos previstos no número 2 do artigo 49º e alínea A) do Anexo I do Decreto-Lei n.º 226-A/2007, de 31 de maio, que garanta o pagamento de indemnizações por eventuais danos causados por erros ou omissões do projeto relativamente à drenagem e tratamento de efluentes ou pelo incumprimento das disposições legais e regulamentares a ele aplicáveis (minutas disponíveis no sítio da Agência Portuguesa do Ambiente, I.P. na internet em www.apambiente.pt – Instrumentos &gt; Licenciamento das utilizações dos recursos hídricos &gt; Formulários).",L008067.2019.RH3.V1
TUA20240110000102,T000066,,"As determinações analíticas conducentes à verificação do cumprimento do programa de autocontrolo devem ser preferencialmente realizadas por laboratórios acreditados para o efeito, devendo, nos restantes casos, ser realizadas por laboratórios que mantenham um sistema de controlo de qualidade analítica devidamente documentado e atualizado, à semelhança das orientações descritas na Diretiva 2009/90/CE, transposta para direito interno pelo Decreto-Lei n.º 83/2011, de 20 de junho, e das suas sucessivas atualizações. Os boletins analíticos terão de vir acompanhados da indicação dos limites de deteção, de quantificação e da incerteza. Os procedimentos de amostragem deverão ser efetuados aplicando boas práticas internacionais de laboratório a fim de reduzir ao mínimo a degradação das amostras entre a colheita e a análise.",L008067.2019.RH3.V1
TUA20240110000102,T000067,,"Para efeitos de fiscalização ou inspeção podem ser recolhidas amostras pontuais. Para avaliação da respetiva conformidade as amostras pontuais podem exceder em 50% os valores limites de emissão (VLE) definidos no TURH, com exceção do parâmetro pH.",L008067.2019.RH3.V1
TUA20240110000102,T000068,,"O titular obriga-se a manter a área envolvente à descarga em boas condições de funcionamento hidráulico, pelo que está autorizado a proceder a medidas de conservação, manutenção e reabilitação em domínio hídrico público, nomeadamente à limpeza e remoção dos sedimentos depositados no leito da linha de água, bem como ao corte e remoção de matéria vegetal de natureza infestante que se desenvolva no leito e nas margens, por exemplo: maciços de silvas (Rubus ulmifolius) e de canas (Arundo donax).",L008067.2019.RH3.V1
TUA20240110000102,T000069,,"O presente título renova o título de utilização dos recursos hídricos n.º L008067.2019.RH3, válido até 08/06/2024.",L008067.2019.RH3.V1
TUA20240123000210,T000054,,A matéria tributável da componente E é determinada com base no programa de autocontrolo a implementar descrito em EXP8.3.16.,L008070.2019.RH3.V1
TUA20240123000210,T000055,,"Sem prejuízo das sanções aplicáveis, sempre que o registo atualizado dos valores do autocontrolo, referido em T000054, não seja reportado com a frequência trimestral ou até ao dia quinze (15) de janeiro do ano seguinte ao que diz respeito a taxa de recursos hídricos, a componente E será calculada tendo por base as características do efluente bruto estabelecidas no projeto de execução da ETAR ou incluídas na presente licença.",L008070.2019.RH3.V1
TUA20240123000210,T000056,,Impende sobre o titular desta licença a responsabilidade de verificar o cumprimento das normas constantes na autorização de descarga mencionada em T000046.,L008070.2019.RH3.V1
TUA20240123000210,T000057,,"O titular obriga-se a implementar o programa de autocontrolo descrito em EXP8.3.16 e a reportar à Entidade Licenciadora os resultados obtidos, através da plataforma SILiAmb, com a frequência trimestral.",L008070.2019.RH3.V1
TUA20240123000210,T000058,,"Sempre que forem autorizadas descargas de águas residuais de indústrias localizadas fora da malha urbana, a autorização de descarga, prevista em T000050, fica sujeita à aprovação da Entidade Licenciadora.",L008070.2019.RH3.V1
TUA20240123000210,T000059,,"O titular da licença deve respeitar as condições de rejeição indicadas em EXP8.3.13, não podendo efetuar qualquer operação deliberada de diluição das águas residuais. A avaliação de conformidade é determinada com base nos parâmetros definidos e de acordo com T000016.",L008070.2019.RH3.V1
TUA20240123000210,T000060,,"As determinações analíticas conducentes à verificação do cumprimento do programa de autocontrolo devem ser preferencialmente realizadas por laboratórios acreditados para o efeito, devendo, nos restantes casos, ser realizadas por laboratórios que mantenham um sistema de controlo de qualidade analítica devidamente documentado e atualizado, à semelhança das orientações descritas na Diretiva 2009/90/CE, transposta para direito interno pelo Decreto-Lei n.º 83/2011, de 20 de junho, e das suas sucessivas atualizações. Os boletins analíticos terão de vir acompanhados da indicação dos limites de deteção, de quantificação e da incerteza. Os procedimentos de amostragem deverão ser efetuados aplicando boas práticas internacionais de laboratório a fim de reduzir ao mínimo a degradação das amostras entre a colheita e a análise.",L008070.2019.RH3.V1
TUA20240123000210,T000061,,"Para efeitos de fiscalização ou inspeção podem ser recolhidas amostras pontuais. Para avaliação da respetiva conformidade as amostras pontuais podem exceder em 50% os valores limites de emissão (VLE) definidos no TURH, com exceção do parâmetro pH.",L008070.2019.RH3.V1
TUA20240123000210,T000062,,"O titular obriga-se a manter a área envolvente à descarga em boas condições de funcionamento hidráulico, pelo que está autorizado a proceder a medidas de conservação, manutenção e reabilitação em domínio hídrico público, nomeadamente à limpeza e remoção dos sedimentos depositados no leito da linha de água, bem como ao corte e remoção de matéria vegetal de natureza infestante que se desenvolva no leito e nas margens, por exemplo: maciços de silvas (Rubus ulmifolius) e de canas (Arundo donax).",L008070.2019.RH3.V1
TUA20240123000210,T000063,,"No prazo máximo de 30 dias após a data de atribuição do presente título, deverá ser apresentada uma apólice de seguro ou prestada uma caução no valor de 1 250 € a favor da entidade licenciadora, para recuperação ambiental, de acordo e nos termos previstos no número 2 do artigo 49º e alínea A) do Anexo I do Decreto-Lei n.º 226-A/2007, de 31 de maio, que garanta o pagamento de indemnizações por eventuais danos causados por erros ou omissões do projeto relativamente à drenagem e tratamento de efluentes ou pelo incumprimento das disposições legais e regulamentares a ele aplicáveis (minutas disponíveis no sítio da Agência Portuguesa do Ambiente, I.P. na internet em www.apambiente.pt – Instrumentos &gt; Licenciamento das utilizações dos recursos hídricos &gt; Formulários).",L008070.2019.RH3.V1
TUA20240123000210,Código,,Condição,Código Utilização
TUA20240123000210,T000064,,"É dispensada a apresentação de apólice de seguro ou prestada uma caução para recuperação ambiental nos termos do disposto no art.º 22º, n.º 226-A/2007, de 31 de maio com as alterações introduzidas pelo Decreto-Lei n.º 82/2010, de 2 de julho.",L008070.2019.RH3.V1
TUA20240227000550,T000059,,A matéria tributável da componente E é determinada com base no programa de autocontrolo a implementar descrito em EXP8.3.16.,L012483.2019.RH3.V1
TUA20240227000550,T000060,,"Sem prejuízo das sanções aplicáveis, sempre que o registo atualizado dos valores do autocontrolo, referido em T000059, não seja reportado com a frequência trimestral ou até ao dia quinze (15) de janeiro do ano seguinte ao que diz respeito a taxa de recursos hídricos, a componente E será calculada tendo por base as características do efluente bruto estabelecidas no projeto de execução da ETAR ou incluídas na presente licença.",L012483.2019.RH3.V1
TUA20240227000550,T000061,,Impende sobre o titular desta licença a responsabilidade de verificar o cumprimento das normas constantes na autorização de descarga,L012483.2019.RH3.V1
TUA20240227000550,Código,,Condição,Código Utilização
TUA20240227000550,,,mencionada em T000051.,
TUA20240227000550,T000062,,"O titular obriga-se a implementar o programa de autocontrolo descrito em EXP8.3.16 e a reportar à Entidade Licenciadora os resultados obtidos, através da plataforma SILiAmb, com a frequência trimestral.",L012483.2019.RH3.V1
TUA20240227000550,T000063,,"Sempre que forem autorizadas descargas de águas residuais de indústrias localizadas fora da malha urbana, a autorização de descarga, prevista em T000055, fica sujeita à aprovação da Entidade Licenciadora",L012483.2019.RH3.V1
TUA20240227000550,T000064,,"O titular da licença deve respeitar as condições de rejeição indicadas em EXP8.3.13, não podendo efetuar qualquer operação deliberada de diluição das águas residuais. A avaliação de conformidade é determinada com base nos parâmetros definidos e de acordo com T000018.",L012483.2019.RH3.V1
TUA20240227000550,T000065,,A monitorização dos parâmetros Azoto total e Fósforo total é para efeitos do cálculo da TRH nos termos do Decreto-Lei n.º 97/2008 de 11 de junho.,L012483.2019.RH3.V1
TUA20240227000550,T000066,,"As determinações analíticas conducentes à verificação do cumprimento do programa de autocontrolo devem ser preferencialmente realizadas por laboratórios acreditados para o efeito, devendo, nos restantes casos, ser realizadas por laboratórios que mantenham um sistema de controlo de qualidade analítica devidamente documentado e atualizado, à semelhança das orientações descritas na Diretiva 2009/90/CE, transposta para direito interno pelo Decreto-Lei n.º 83/2011, de 20 de junho, e das suas sucessivas atualizações. Os boletins analíticos terão de vir acompanhados da indicação dos limites de deteção, de quantificação e da incerteza. Os procedimentos de amostragem deverão ser efetuados aplicando boas práticas internacionais de laboratório a fim de reduzir ao mínimo a degradação das amostras entre a colheita e a análise.",L012483.2019.RH3.V1
TUA20240227000550,T000067,,"Para efeitos de fiscalização ou inspeção podem ser recolhidas amostras pontuais. Para avaliação da respetiva conformidade as amostras pontuais podem exceder em 50% os valores limites de emissão (VLE) definidos no TURH, com exceção do parâmetro pH.",L012483.2019.RH3.V1
TUA20240227000550,T000068,,"O titular obriga-se a manter a área envolvente à descarga em boas condições de funcionamento hidráulico, pelo que está autorizado a proceder a medidas de conservação, manutenção e reabilitação em domínio hídrico público, nomeadamente à limpeza e remoção dos sedimentos depositados no leito da linha de água, bem como ao corte e remoção de matéria vegetal de natureza infestante que se desenvolva no leito e nas margens, por exemplo: maciços de silvas (Rubus ulmifolius) e de canas (Arundo donax).",L012483.2019.RH3.V1
TUA20240227000550,T000069,,"No prazo máximo de 30 dias após a data de atribuição do presente título, deverá ser apresentada uma apólice de seguro ou prestada uma caução no valor de 2 000 € a favor da entidade licenciadora, para recuperação ambiental, de acordo e nos termos previstos no número 2 do artigo 49º e alínea A) do Anexo I do Decreto-Lei n.º 226-A/2007, de 31 de maio, que garanta o pagamento de indemnizações por eventuais danos causados por erros ou omissões do projeto relativamente à drenagem e tratamento de efluentes ou pelo incumprimento das disposições legais e regulamentares a ele aplicáveis (minutas disponíveis no sítio da Agência Portuguesa do Ambiente, I.P. na internet em www.apambiente.pt – Instrumentos &gt; Licenciamento das utilizações dos recursos hídricos &gt; Formulários).",L012483.2019.RH3.V1
TUA20240308000724,T000055,,A matéria tributável da componente E é determinada com base no programa de autocontrolo a implementar descrito em EXP8.3.16.,L012485.2019.RH3.V1
TUA20240308000724,T000056,,"Sem prejuízo das sanções aplicáveis, sempre que o registo atualizado dos valores do autocontrolo, referido em T000055, não seja reportado com a frequência trimestral ou até ao dia quinze (15) de janeiro do ano seguinte ao que diz respeito a taxa de recursos hídricos, a componente E será calculada tendo por base as características do efluente bruto estabelecidas no projeto de execução da ETAR ou incluídas na presente licença.",L012485.2019.RH3.V1
TUA20240308000724,T000057,,"Sem prejuízo das sanções aplicáveis, sempre que o registo atualizado dos valores do autocontrolo, referido em T000055, não seja reportado com a frequência anual ou até ao dia quinze (15) de janeiro do ano seguinte ao que diz respeito a taxa de recursos hídricos, a componente E será calculada tendo por base as características do efluente bruto estabelecidas no projeto de execução da ETAR ou incluídas na presente licença.",L012485.2019.RH3.V1
TUA20240308000724,T000058,,"O titular obriga-se a implementar o programa de autocontrolo descrito em EXP8.3.16 e a reportar à Entidade Licenciadora os resultados obtidos, através da plataforma SILiAmb, com a frequência trimestral.",L012485.2019.RH3.V1
TUA20240308000724,T000059,,Impende sobre o titular desta licença a responsabilidade de verificar o cumprimento das normas constantes na autorização de descarga mencionada em T000047.,L012485.2019.RH3.V1
TUA20240308000724,T000060,,"Sempre que forem autorizadas descargas de águas residuais de indústrias localizadas fora da malha urbana, a autorização de descarga, prevista em T000051, fica sujeita à aprovação da Entidade Licenciadora.",L012485.2019.RH3.V1
TUA20240308000724,T000061,,"O titular da licença deve respeitar as condições de rejeição indicadas em EXP8.3.13, não podendo efetuar qualquer operação deliberada de diluição das águas residuais. A avaliação de conformidade é determinada com base nos parâmetros definidos e de acordo com T000016.",L012485.2019.RH3.V1
TUA20240308000724,,,As determinações analíticas conducentes à verificação do cumprimento do programa de autocontrolo devem ser preferencialmente realizadas por,
TUA20240308000724,Código,,Condição,Código Utilização
TUA20240308000724,T000062,,"laboratórios acreditados para o efeito, devendo, nos restantes casos, ser realizadas por laboratórios que mantenham um sistema de controlo de qualidade analítica devidamente documentado e atualizado, à semelhança das orientações descritas na Diretiva 2009/90/CE, transposta para direito interno pelo Decreto-Lei n.º 83/2011, de 20 de junho, e das suas sucessivas atualizações. Os boletins analíticos terão de vir acompanhados da indicação dos limites de deteção, de quantificação e da incerteza. Os procedimentos de amostragem deverão ser efetuados aplicando boas práticas internacionais de laboratório a fim de reduzir ao mínimo a degradação das amostras entre a colheita e a análise.",L012485.2019.RH3.V1
TUA20240308000724,T000063,,"Para efeitos de fiscalização ou inspeção podem ser recolhidas amostras pontuais. Para avaliação da respetiva conformidade as amostras pontuais podem exceder em 50% os valores limites de emissão (VLE) definidos no TURH, com exceção do parâmetro pH.",L012485.2019.RH3.V1
TUA20240308000724,T000064,,"O titular obriga-se a manter a área envolvente à descarga em boas condições de funcionamento hidráulico, pelo que está autorizado a proceder a medidas de conservação, manutenção e reabilitação em domínio hídrico público, nomeadamente à limpeza e remoção dos sedimentos depositados no leito da linha de água, bem como ao corte e remoção de matéria vegetal de natureza infestante que se desenvolva no leito e nas margens, por exemplo: maciços de silvas (Rubus ulmifolius) e de canas (Arundo donax).",L012485.2019.RH3.V1
TUA20240308000724,T000065,,"No prazo máximo de 30 dias após a data de atribuição do presente título, deverá ser apresentada uma apólice de seguro ou prestada uma caução no valor de 700 € a favor da entidade licenciadora, para recuperação ambiental, de acordo e nos termos previstos no número 2 do artigo 49º e alínea A) do Anexo I do Decreto-Lei n.º 226-A/2007, de 31 de maio, que garanta o pagamento de indemnizações por eventuais danos causados por erros ou omissões do projeto relativamente à drenagem e tratamento de efluentes ou pelo incumprimento das disposições legais e regulamentares a ele aplicáveis (minutas disponíveis no sítio da Agência Portuguesa do Ambiente, I.P. na internet em www.apambiente.pt – Instrumentos &gt; Licenciamento das utilizações dos recursos hídricos &gt; Formulários).",L012485.2019.RH3.V1
TUA20240308000724,T000066,,"É dispensada a apresentação de apólice de seguro ou prestada uma caução para recuperação ambiental nos termos do disposto no art.º 22º, n.º 226-A/2007, de 31 de maio com as alterações introduzidas pelo Decreto-Lei n.º 82/2010, de 2 de julho.",L012485.2019.RH3.V1
TUA20240416001180,T000054,,A matéria tributável da componente E é determinada com base no programa de autocontrolo a implementar descrito em EXP8.3.16.,L012482.2019.RH3.V1
TUA20240416001180,T000055,,"Sem prejuízo das sanções aplicáveis, sempre que o registo atualizado dos valores do autocontrolo, referido em T000054, não seja reportado com a frequência trimestral ou até ao dia quinze (15) de janeiro do ano seguinte ao que diz respeito a taxa de recursos hídricos, a componente E será calculada tendo por base as características do efluente bruto estabelecidas no projeto de execução da ETAR ou incluídas na presente licença.",L012482.2019.RH3.V1
TUA20240416001180,T000056,,"O titular obriga-se a implementar o programa de autocontrolo descrito em EXP8.3.16 e a reportar à Entidade Licenciadora os resultados obtidos, através da plataforma SILiAmb, no módulo Recursos Hídricos, separador Autocontrolo RH, com a frequência trimestral.",L012482.2019.RH3.V1
TUA20240416001180,T000057,,Impende sobre o titular desta licença a responsabilidade de verificar o cumprimento das normas constantes na autorização de descarga mencionada em T000046.,L012482.2019.RH3.V1
TUA20240416001180,T000058,,"Sempre que forem autorizadas descargas de águas residuais de indústrias localizadas fora da malha urbana, a autorização de descarga, prevista em T000050, fica sujeita à aprovação da Entidade Licenciadora.",L012482.2019.RH3.V1
TUA20240416001180,T000059,,"O titular da licença deve respeitar as condições de rejeição indicadas em EXP8.3.13, não podendo efetuar qualquer operação deliberada de diluição das águas residuais. A avaliação de conformidade é determinada com base nos parâmetros definidos e de acordo com T000016.",L012482.2019.RH3.V1
TUA20240416001180,T000060,,A monitorização dos parâmetros Azoto total e Fósforo total é para efeitos do cálculo da TRH nos termos do Decreto-Lei n.º 97/2008 de 11 de junho.,L012482.2019.RH3.V1
TUA20240416001180,Código,,Condição,Código Utilização
TUA20240416001180,T000061,,"As determinações analíticas conducentes à verificação do cumprimento do programa de autocontrolo devem ser preferencialmente realizadas por laboratórios acreditados para o efeito, devendo, nos restantes casos, ser realizadas por laboratórios que mantenham um sistema de controlo de qualidade analítica devidamente documentado e atualizado, à semelhança das orientações descritas na Diretiva 2009/90/CE, transposta para direito interno pelo Decreto-Lei n.º 83/2011, de 20 de junho, e das suas sucessivas atualizações. Os boletins analíticos terão de vir acompanhados da indicação dos limites de deteção, de quantificação e da incerteza. Os procedimentos de amostragem deverão ser efetuados aplicando boas práticas internacionais de laboratório a fim de reduzir ao mínimo a degradação das amostras entre a colheita e a análise.",L012482.2019.RH3.V1
TUA20240416001180,T000062,,"Atendendo à atual classificação da massa de água recetora do efluente tratado, o titular deverá diligenciar de modo a adequar a linha de tratamento da ETAR, para que, em período estiagem, os valores de carga rejeitada, associados aos parâmetros Fósforo total e Azoto total, sejam reduzidos, contribuindo deste modo para que sejam atingidos os objetivos de qualidade da massa de água afetada.",L012482.2019.RH3.V1
TUA20240416001180,T000063,,"No âmbito do referido na T000062, no prazo de cinco anos, contados a partir da data de emissão do presente TURH, serão impostos valores limite de emissão (VLE) para os parâmetros Azoto total e Fósforo total. Os VLE serão, respetivamente, inferior a 15 mg/L e inferior a 3 mg/L.",L012482.2019.RH3.V1
TUA20240416001180,T000064,,Para efeitos de fiscalização ou inspeção podem ser recolhidas amostras pontuais. Para avaliação da respetiva conformidade as amostras pontuais podem exceder em 50% os valores limites de emissão (VLE) definidos no TURH.,L012482.2019.RH3.V1
TUA20240416001180,T000065,,"O titular obriga-se a manter a área envolvente à descarga em boas condições de funcionamento hidráulico, pelo que está autorizado a proceder a medidas de conservação, manutenção e reabilitação em domínio hídrico público, nomeadamente à limpeza e remoção dos sedimentos depositados no leito da linha de água, bem como ao corte e remoção de matéria vegetal de natureza infestante que se desenvolva no leito e nas margens, por exemplo: maciços de silvas (Rubus ulmifolius) e de canas (Arundo donax).",L012482.2019.RH3.V1
TUA20240416001180,T000066,,"No prazo máximo de 30 dias após a data de atribuição do presente título, deverá ser apresentada uma apólice de seguro ou prestada uma caução no valor de 9 375 € a favor da entidade licenciadora, para recuperação ambiental, de acordo e nos termos previstos no número 2 do artigo 49º e alínea A) do Anexo I do Decreto-Lei n.º 226-A/2007, de 31 de maio, que garanta o pagamento de indemnizações por eventuais danos causados por erros ou omissões do projeto relativamente à drenagem e tratamento de efluentes ou pelo incumprimento das disposições legais e regulamentares a ele aplicáveis (minutas disponíveis no sítio da Agência Portuguesa do Ambiente, I.P. na internet em www.apambiente.pt – Instrumentos &gt; Licenciamento das utilizações dos recursos hídricos &gt; Formulários).",L012482.2019.RH3.V1
TUA20240416001180,T000067,,"É dispensada a apresentação de apólice de seguro ou prestada uma caução para recuperação ambiental nos termos do disposto no art.º 22º, n.º 226-A/2007, de 31 de maio com as alterações introduzidas pelo Decreto-Lei n.º 82/2010, de 2 de julho.",L012482.2019.RH3.V1
TUA20240506001395,T000056,,"O titular obriga-se a implementar o programa de autocontrolo descrito em EXP8.3.16 e a reportar à Entidade Licenciadora os resultados obtidos, através da plataforma SILiAmb, no módulo Licenciamento Único, separador Autocontrolo RH, com a frequência trimestral.",L017381.2019.RH3.V1
TUA20240506001395,T000057,,A matéria tributável da componente E é determinada com base no programa de autocontrolo a implementar descrito em EXP8.3.16.,L017381.2019.RH3.V1
TUA20240506001395,T000058,,"Sem prejuízo das sanções aplicáveis, sempre que o registo atualizado dos valores do autocontrolo, referido em T000056, não seja reportado com a frequência trimestral ou até ao dia quinze (15) de janeiro do ano seguinte ao que diz respeito a taxa de recursos hídricos, a componente E será calculada tendo por base as características do efluente bruto estabelecidas no projeto de execução da ETAR ou incluídas na presente licença.",L017381.2019.RH3.V1
TUA20240506001395,T000059,,Impende sobre o titular desta licença a responsabilidade de verificar o cumprimento das normas constantes na autorização de descarga mencionada em T000047.,L017381.2019.RH3.V1
TUA20240506001395,T000060,,"Sempre que forem autorizadas descargas de águas residuais de indústrias localizadas fora da malha urbana, a autorização de descarga, prevista em T000051, fica sujeita à aprovação da Entidade Licenciadora.",L017381.2019.RH3.V1
TUA20240506001395,T000061,,"O titular da licença deve respeitar as condições de rejeição indicadas em EXP8.3.13, não podendo efetuar qualquer operação deliberada de diluição das águas residuais. A avaliação de conformidade é determinada com base nos parâmetros definidos e de acordo com T000017.",L017381.2019.RH3.V1
TUA20240506001395,,,"As determinações analíticas conducentes à verificação do cumprimento do programa de autocontrolo devem ser preferencialmente realizadas por laboratórios acreditados para o efeito, devendo, nos restantes casos, ser realizadas por laboratórios que mantenham um sistema de controlo de qualidade analítica devidamente documentado e atualizado, à semelhança das orientações descritas na Diretiva 2009/90/CE, transposta para direito",
TUA20240506001395,Código,,Condição,Código Utilização
TUA20240506001395,T000062,,"interno pelo Decreto-Lei n.º 83/2011, de 20 de junho, e das suas sucessivas atualizações. Os boletins analíticos terão de vir acompanhados da indicação dos limites de deteção, de quantificação e da incerteza. Os procedimentos de amostragem deverão ser efetuados aplicando boas práticas internacionais de laboratório a fim de reduzir ao mínimo a degradação das amostras entre a colheita e a análise.",L017381.2019.RH3.V1
TUA20240506001395,T000063,,"O titular obriga-se a manter a área envolvente à descarga em boas condições de funcionamento hidráulico, pelo que está autorizado a proceder a medidas de conservação, manutenção e reabilitação em domínio hídrico público, nomeadamente à limpeza e remoção dos sedimentos depositados no leito da linha de água, bem como ao corte e remoção de matéria vegetal de natureza infestante que se desenvolva no leito e nas margens, por exemplo: maciços de silvas (Rubus ulmifolius) e de canas (Arundo donax).",L017381.2019.RH3.V1
TUA20240506001395,T000064,,"No prazo máximo de 30 dias após a data de atribuição do presente título, deverá ser apresentada uma apólice de seguro ou prestada uma caução no valor de 700 € a favor da entidade licenciadora, para recuperação ambiental, de acordo e nos termos previstos no número 2 do artigo 49º e alínea A) do Anexo I do Decreto-Lei n.º 226-A/2007, de 31 de maio, que garanta o pagamento de indemnizações por eventuais danos causados por erros ou omissões do projeto relativamente à drenagem e tratamento de efluentes ou pelo incumprimento das disposições legais e regulamentares a ele aplicáveis (minutas disponíveis no sítio da Agência Portuguesa do Ambiente, I.P. na internet em www.apambiente.pt – Instrumentos &gt; Licenciamento das utilizações dos recursos hídricos &gt; Formulários).",L017381.2019.RH3.V1
TUA20240506001395,T000065,,"É dispensada a apresentação de apólice de seguro ou prestada uma caução para recuperação ambiental nos termos do disposto no art.º 22º, n.º 226-A/2007, de 31 de maio com as alterações introduzidas pelo Decreto-Lei n.º 82/2010, de 2 de julho.",L017381.2019.RH3.V1
TUA20240506001395,T000068,,"Para efeitos de fiscalização ou inspeção podem ser recolhidas amostras pontuais. Para avaliação da respetiva conformidade as amostras pontuais podem exceder em 50% os valores limites de emissão (VLE) definidos no TURH, com exceção do parâmetro pH.",L017381.2019.RH3.V1
TUA20240506001401,T000059,,"O titular obriga-se a implementar o programa de autocontrolo descrito em EXP8.3.16 e a reportar à Entidade Licenciadora os resultados obtidos, através da plataforma SILiAmb, no módulo Recursos Hídricos, separador Autocontrolo RH, com a frequência trimestral.",L008066.2019.RH3.V1
TUA20240506001401,T000060,,A matéria tributável da componente E é determinada com base no programa de autocontrolo a implementar descrito em EXP8.3.16.,L008066.2019.RH3.V1
TUA20240506001401,T000061,,"Sem prejuízo das sanções aplicáveis, sempre que o registo atualizado dos valores do autocontrolo, referido em T000059, não seja reportado com a frequência trimestral ou até ao dia quinze (15) de janeiro do ano seguinte ao que diz respeito a taxa de recursos hídricos, a componente E será calculada tendo por base as características do efluente bruto estabelecidas no projeto de execução da ETAR ou incluídas na presente licença.",L008066.2019.RH3.V1
TUA20240506001401,T000062,,Impende sobre o titular desta licença a responsabilidade de verificar o cumprimento das normas constantes na autorização de descarga,L008066.2019.RH3.V1
TUA20240506001401,Código,,Condição,Código Utilização
TUA20240506001401,,,mencionada em T000051.,
TUA20240506001401,T000063,,"Sempre que forem autorizadas descargas de águas residuais de indústrias localizadas fora da malha urbana, a autorização de descarga, prevista em T000055, fica sujeita à aprovação da Entidade Licenciadora.",L008066.2019.RH3.V1
TUA20240506001401,T000064,,"O titular da licença deve respeitar as condições de rejeição indicadas em EXP8.3.13, não podendo efetuar qualquer operação deliberada de diluição das águas residuais. A avaliação de conformidade é determinada com base nos parâmetros definidos e de acordo com T000019.",L008066.2019.RH3.V1
TUA20240506001401,T000065,,A monitorização dos parâmetros Azoto total e Fósforo total é para efeitos do cálculo da TRH nos termos do Decreto-Lei n.º 97/2008 de 11 de junho.,L008066.2019.RH3.V1
TUA20240506001401,T000066,,"As determinações analíticas conducentes à verificação do cumprimento do programa de autocontrolo devem ser preferencialmente realizadas por laboratórios acreditados para o efeito, devendo, nos restantes casos, ser realizadas por laboratórios que mantenham um sistema de controlo de qualidade analítica devidamente documentado e atualizado, à semelhança das orientações descritas na Diretiva 2009/90/CE, transposta para direito interno pelo Decreto-Lei n.º 83/2011, de 20 de junho, e das suas sucessivas atualizações. Os boletins analíticos terão de vir acompanhados da indicação dos limites de deteção, de quantificação e da incerteza. Os procedimentos de amostragem deverão ser efetuados aplicando boas práticas internacionais de laboratório a fim de reduzir ao mínimo a degradação das amostras entre a colheita e a análise.",L008066.2019.RH3.V1
TUA20240506001401,T000067,,"Para efeitos de fiscalização ou inspeção podem ser recolhidas amostras pontuais. Para avaliação da respetiva conformidade as amostras pontuais podem exceder em 50% os valores limites de emissão (VLE) definidos no TURH, com exceção do parâmetro pH.",L008066.2019.RH3.V1
TUA20240506001401,T000068,,"O titular obriga-se a manter a área envolvente à descarga em boas condições de funcionamento hidráulico, pelo que está autorizado a proceder a medidas de conservação, manutenção e reabilitação em domínio hídrico público, nomeadamente à limpeza e remoção dos sedimentos depositados no leito da linha de água, bem como ao corte e remoção de matéria vegetal de natureza infestante que se desenvolva no leito e nas margens, por exemplo: maciços de silvas (Rubus ulmifolius) e de canas (Arundo donax).",L008066.2019.RH3.V1
TUA20240506001401,T000069,,"No prazo máximo de 30 dias após a data de atribuição do presente título, deverá ser apresentada uma apólice de seguro ou prestada uma caução no valor de 3 500 € a favor da entidade licenciadora, para recuperação ambiental, de acordo e nos termos previstos no número 2 do artigo 49º e alínea A) do Anexo I do Decreto-Lei n.º 226-A/2007, de 31 de maio, que garanta o pagamento de indemnizações por eventuais danos causados por erros ou omissões do projeto relativamente à drenagem e tratamento de efluentes ou pelo incumprimento das disposições legais e regulamentares a ele aplicáveis (minutas disponíveis no sítio da Agência Portuguesa do Ambiente, I.P. na internet em www.apambiente.pt – Instrumentos &gt; Licenciamento das utilizações dos recursos hídricos &gt; Formulários).",L008066.2019.RH3.V1
TUA20240506001401,T000070,,"É dispensada a apresentação de apólice de seguro ou prestada uma caução para recuperação ambiental nos termos do disposto no art.º 22º, n.º 226-A/2007, de 31 de maio com as alterações introduzidas pelo Decreto-Lei n.º 82/2010, de 2 de julho.",L008066.2019.RH3.V1
TUA20240521001568,T000060,,"No prazo máximo de 30 dias após a data de atribuição do presente título, deverá ser apresentada uma apólice de seguro ou prestada uma caução no valor de 3 500 € a favor da entidade licenciadora, para recuperação ambiental, de acordo e nos termos previstos no número 2 do artigo 49º e alínea A) do Anexo I do Decreto-Lei n.º 226-A/2007, de 31 de maio, que garanta o pagamento de indemnizações por eventuais danos causados por erros ou omissões do projeto relativamente à drenagem e tratamento de efluentes ou pelo incumprimento das disposições legais e regulamentares a ele aplicáveis (minutas disponíveis no sítio da Agência Portuguesa do Ambiente, I.P. na internet em www.apambiente.pt – Instrumentos &gt; Licenciamento das utilizações dos recursos hídricos &gt; Formulários).",L015870.2019.RH4A.V1
TUA20240521001568,T000061,,"Para efeitos de fiscalização ou inspeção poderão ser recolhidas amostras pontuais e/ou compostas, para avaliação da respetiva conformidade com os valores limites de emissão (VLE) expressos em unidades de concentração (massa por volume). No caso das amostras pontuais, consideram-se como não conformes as amostras que excedam o VLE correspondente em mais de 50%.",L015870.2019.RH4A.V1
TUA20240521001569,T000060,,"No prazo máximo de 30 dias após a data de atribuição do presente título, deverá ser apresentada uma apólice de seguro ou prestada uma caução no valor de 3.500 € a favor da entidade licenciadora, para recuperação ambiental, de acordo e nos termos previstos no número 2 do artigo 49º e alínea A) do Anexo I do Decreto-Lei n.º 226-A/2007, de 31 de maio, que garanta o pagamento de indemnizações por eventuais danos causados por erros ou omissões do projeto relativamente à drenagem e tratamento de efluentes ou pelo incumprimento das disposições legais e regulamentares a ele aplicáveis (minutas disponíveis no sítio da Agência Portuguesa do Ambiente, I.P. na internet em www.apambiente.pt).",L015931.2019.RH4A.V1
TUA20240521001569,T000061,,"Para efeitos de fiscalização ou inspeção poderão ser recolhidas amostras pontuais e/ou compostas, para avaliação da respetiva conformidade com os valores limites de emissão (VLE) expressos em unidades de concentração (massa por volume). No caso das amostras pontuais, consideram-se como não conformes as amostras que excedam o VLE correspondente em mais de 50%.",L015931.2019.RH4A.V1
TUA20240521001569,T000062,,O presente título dá continuidade à licença de recursos hídricos n.º L015931.2019.RH4A.,L015931.2019.RH4A.V1
TUA20240521001573,T000060,,"No prazo máximo de 30 dias após a data de atribuição do presente título, deverá ser apresentada uma apólice de seguro ou prestada uma caução no valor de 3 500€ a favor da entidade licenciadora, para recuperação ambiental, de acordo e nos termos previstos no Decreto-Lei n.º 226-A/2007, de 31 de maio (minutas disponíveis no sítio da Agência Portuguesa do Ambiente, I.P. na internet em www.apambiente.pt).",L054772.2024.RH4A.V1
TUA20240521001573,T000061,,"Para efeitos de fiscalização ou inspeção poderão ser recolhidas amostras pontuais e/ou compostas, para avaliação da respetiva conformidade com os valores limites de emissão (VLE) expressos em unidades de concentração (massa por volume). No caso das amostras pontuais, consideram-se como não conformes as amostras que excedam o VLE correspondente em mais de 50%.",L054772.2024.RH4A.V1
TUA20240521001573,T000066,,"As determinações analíticas conducentes à verificação do cumprimento do presente programa de autocontrolo devem ser preferencialmente realizadas por laboratórios acreditados para o efeito, devendo, nos restantes casos, ser realizadas por laboratórios que mantenham um sistema de controlo de qualidade analítica devidamente documentado e atualizado, à semelhança das orientações descritas na Diretiva 2009/90/CE, transposta para direito interno pelo Decreto-Lei n.º 83/2011, de 20 de junho.",L054772.2024.RH4A.V1
TUA20240521001573,T000067,,A amostragem de todos os parâmetros definidos no autocontrolo deverá ser efetuada no mesmo dia e à saída do sistema de tratamento de águas residuais.,L054772.2024.RH4A.V1
TUA20240521001573,T000068,,"Os boletins analíticos terão de vir acompanhados da indicação dos limites de deteção, de quantificação e da incerteza.",L054772.2024.RH4A.V1
TUA20240521001573,T000069,,Os procedimentos de amostragem deverão ser efetuados aplicando boas práticas internacionais de laboratório a fim de reduzir ao mínimo a degradação das amostras entre a colheita e a análise.,L054772.2024.RH4A.V1
TUA20240521001573,T000070,,"Impende sobre o titular desta licença a responsabilidade de execução de medidas de limpeza, manutenção e conservação das zonas de acesso ao sistema de tratamento e respetivo ponto de rejeição, conforme previsto o artigo 33º da Lei n.º 58/2005 de 29 de dezembro, na sua redação atual.",L054772.2024.RH4A.V1
TUA20240521001573,T000071,,"Face à existência de algumas águas balneares no rio Alva, a jusante do ponto de rejeição da ETAR de Alvôco das Várzeas, e tendo em vista a salvaguarda das mesmas, pretende-se identificar as cargas microbiológicas associadas a eventuais EPDC (Episódios de Poluição de Curta Duração). Desta forma, o titular da presente licença deverá manter a monitorização dos parâmetros E. coli e Enterococos intestinais à saída da ETAR, com periodicidade quinzenal, durante as épocas balneares determinadas por Portaria, conforme definido no Ofício nº S042988-202107-ARHCTR.DRHI.",L054772.2024.RH4A.V1
TUA20240521001575,T000061,,"No prazo máximo de 30 dias após a data de atribuição do presente título, deverá ser apresentada uma apólice de seguro ou prestada uma caução no valor de 3 500€ a favor da entidade licenciadora, para recuperação ambiental, de acordo e nos termos previstos no número 2 do artigo 49º e alínea A) do Anexo I do Decreto-Lei n.º 226-A/2007, de 31 de maio, que garanta o pagamento de indemnizações por eventuais danos causados por erros ou omissões do projeto relativamente à drenagem e tratamento de efluentes ou pelo incumprimento das disposições legais e regulamentares a ele aplicáveis (minutas disponíveis no sítio da Agência Portuguesa do Ambiente, I.P. na internet em www.apambiente.pt – Instrumentos &gt; Licenciamento das utilizações dos recursos hídricos &gt; Formulários).",L054786.2024.RH4A.V1
TUA20240521001575,T000062,,"Para efeitos de fiscalização ou inspeção poderão ser recolhidas amostras pontuais e/ou compostas, para avaliação da respetiva conformidade com os valores limites de emissão (VLE) expressos em unidades de concentração (massa por volume). No caso das amostras pontuais, consideram-se como não conformes as amostras que excedam o VLE correspondente em mais de 50%.",L054786.2024.RH4A.V1
TUA20240521001575,T000063,,O presente título dá continuidade à licença de recursos hídricos n.º L005769.2020.RH4A.,L054786.2024.RH4A.V1
TUA20240521001577,T000061,,"No prazo máximo de 30 dias após a data de atribuição do presente título, deverá ser apresentada uma apólice de seguro ou prestada uma caução no valor de 3 500€ a favor da entidade licenciadora, para recuperação ambiental, de acordo e nos termos previstos no número 2 do artigo 49º e alínea A) do Anexo I do Decreto-Lei n.º 226-A/2007, de 31 de maio, que garanta o pagamento de indemnizações por eventuais danos causados por erros ou omissões do projeto relativamente à drenagem e tratamento de efluentes ou pelo incumprimento das disposições legais e regulamentares a ele aplicáveis (minutas disponíveis no sítio da Agência Portuguesa do Ambiente, I.P. na internet em www.apambiente.pt ).",L054809.2024.RH4A.V1
TUA20240521001577,T000062,,"Para efeitos de fiscalização ou inspeção poderão ser recolhidas amostras pontuais e/ou compostas, para avaliação da respetiva conformidade com os valores limites de emissão (VLE) expressos em unidades de concentração (massa por volume). No caso das amostras pontuais, consideram-se como não conformes as amostras que excedam o VLE correspondente em mais de 50%.",L054809.2024.RH4A.V1
TUA20240521001577,T000063,,O presente título dá continuidade à licença de recursos hídricos n.º L005771.2020.RH4A.,L054809.2024.RH4A.V1
TUA20240522001588,T000063,,"No prazo máximo de 30 dias após a data de atribuição do presente título, deverá ser apresentada uma apólice de seguro ou prestada uma caução no valor de 3.500 € a favor da entidade licenciadora, para recuperação ambiental, de acordo e nos termos previstos no número 2 do artigo 49º e alínea A) do Anexo I do Decreto-Lei n.º 226-A/2007, de 31 de maio, que garanta o pagamento de indemnizações por eventuais danos causados por erros ou omissões do projeto relativamente à drenagem e tratamento de efluentes ou pelo incumprimento das disposições legais e regulamentares a ele aplicáveis (minutas disponíveis em https://www.apambiente.pt).",L015978.2022.RH4A.V1
TUA20240522001588,T000064,,"No caso do lançamento das águas residuais no meio recetor provocar alteração da sua qualidade de tal forma que ponha em riscos usos a jusante, fica a entidade gestora do sistema responsável pela tomada das medidas consideradas necessárias para a correção da situação.",L015978.2022.RH4A.V1
TUA20240522001588,T000065,,"Para efeitos de fiscalização ou inspeção poderão ser recolhidas amostras pontuais e/ou compostas, para avaliação da respetiva conformidade com os valores limites de emissão (VLE) expressos em unidades de concentração (massa por volume). No caso das amostras pontuais, consideram-se como não conformes as amostras que excedam o VLE correspondente em mais de 50%.",L015978.2022.RH4A.V1
TUA20240522001588,T000066,,O presente título dá continuidade à licença de recursos hídricos n.º L015978.2022.RH4A.,L015978.2022.RH4A.V1
TUA20240604001677,,,"No prazo máximo de 30 dias após a data de atribuição do presente título, deverá ser apresentada uma apólice de seguro ou prestada uma caução no valor de 3 500 € a favor da entidade licenciadora, para recuperação ambiental, de acordo e nos termos previstos no número 2 do artigo 49º e",
TUA20240604001677,Código,,Condição,Código Utilização
TUA20240604001677,T000075,,"alínea A) do Anexo I do Decreto-Lei n.º 226-A/2007, de 31 de maio, que garanta o pagamento de indemnizações por eventuais danos causados por erros ou omissões do projeto relativamente à drenagem e tratamento de efluentes ou pelo incumprimento das disposições legais e regulamentares a ele aplicáveis (minutas disponíveis no sítio da Agência Portuguesa do Ambiente, I.P. na internet em www.apambiente.pt ).",L015874.2019.RH4A.V1
TUA20240604001677,T000076,,"As determinações analíticas conducentes à verificação do cumprimento do presente programa de autocontrolo devem ser preferencialmente realizadas por laboratórios acreditados para o efeito, devendo, nos restantes casos, ser realizadas por laboratórios que mantenham um sistema de controlo de qualidade analítica devidamente documentado e atualizado, à semelhança das orientações descritas na Diretiva 2009/90/CE, transposta para direito interno pelo Decreto-Lei n.º 83/2011, de 20 de junho.",L015874.2019.RH4A.V1
TUA20240604001677,T000077,,"Os boletins analíticos terão de vir acompanhados da indicação dos limites de deteção, de quantificação e da incerteza.",L015874.2019.RH4A.V1
TUA20240604001677,T000078,,Os procedimentos de amostragem deverão ser efetuados aplicando boas práticas internacionais de laboratório a fim de reduzir ao mínimo a degradação das amostras entre a colheita e a análise.,L015874.2019.RH4A.V1
TUA20240604001677,T000079,,"Para efeitos de fiscalização ou inspeção poderão ser recolhidas amostras pontuais e/ou compostas, para avaliação da respetiva conformidade com os valores limites de emissão (VLE) expressos em unidades de concentração (massa por volume). No caso das amostras pontuais, consideram-se como não conformes as amostras que excedam o VLE correspondente em mais de 50%.",L015874.2019.RH4A.V1
TUA20240719002219,T000075,,"No prazo máximo de 30 dias após a data de atribuição do presente título, deverá ser apresentada uma apólice de seguro ou prestada uma caução no valor de 3 500 € a favor da entidade licenciadora, para recuperação ambiental, de acordo e nos termos previstos no número 2 do artigo 49º e alínea A) do Anexo I do Decreto-Lei n.º 226-A/2007, de 31 de maio, que garanta o pagamento de indemnizações por eventuais danos causados por erros ou omissões do projeto relativamente à drenagem e tratamento de efluentes ou pelo incumprimento das disposições legais e regulamentares a ele aplicáveis (minutas disponíveis no sítio da Agência Portuguesa do Ambiente, I.P. na internet em www.apambiente.pt ).",L058799.2024.RH4A.V1
TUA20240719002219,T000076,,"As determinações analíticas conducentes à verificação do cumprimento do presente programa de autocontrolo devem ser preferencialmente realizadas por laboratórios acreditados para o efeito, devendo, nos restantes casos, ser realizadas por laboratórios que mantenham um sistema de controlo de qualidade analítica devidamente documentado e atualizado, à semelhança das orientações descritas na Diretiva 2009/90/CE, transposta para direito interno pelo Decreto-Lei n.º 83/2011, de 20 de junho.",L058799.2024.RH4A.V1
TUA20240719002219,T000077,,"Os boletins analíticos terão de vir acompanhados da indicação dos limites de deteção, de quantificação e da incerteza.",L058799.2024.RH4A.V1
TUA20240719002219,T000078,,Os procedimentos de amostragem deverão ser efetuados aplicando boas práticas internacionais de laboratório a fim de reduzir ao mínimo a degradação das amostras entre a colheita e a análise.,L058799.2024.RH4A.V1
TUA20240719002219,T000079,,"Para efeitos de fiscalização ou inspeção poderão ser recolhidas amostras pontuais e/ou compostas, para avaliação da respetiva conformidade com os valores limites de emissão (VLE) expressos em unidades de concentração (massa por volume). No caso das amostras pontuais, consideram-se como não conformes as amostras que excedam o VLE correspondente em mais de 50%.",L058799.2024.RH4A.V1
TUA20240719002219,T000080,,"Impende sobre o titular desta licença a responsabilidade de execução de medidas de limpeza, manutenção e conservação das zonas de acesso ao sistema de tratamento e respetivo ponto de rejeição, conforme previsto o artigo 33º da Lei n.º 58/2005 de 29 de dezembro, na sua redação atual.",L058799.2024.RH4A.V1
TUA20240719002220,T000065,,"No prazo máximo de 30 dias após a data de atribuição do presente título, deverá ser apresentada uma apólice de seguro ou prestada uma caução no valor de 5 000 € a favor da entidade licenciadora, para recuperação ambiental, de acordo e nos termos previstos no número 2 do artigo 49º e alínea A) do Anexo I do Decreto-Lei n.º 226-A/2007, de 31 de maio, que garanta o pagamento de indemnizações por eventuais danos causados por erros ou omissões do projeto relativamente à drenagem e tratamento de efluentes ou pelo incumprimento das disposições legais e regulamentares a ele aplicáveis (minutas disponíveis no sítio da Agência Portuguesa do Ambiente, I.P. na internet em www.apambiente.pt).",L058803.2024.RH4A.V1
TUA20240719002220,T000066,,"As determinações analíticas conducentes à verificação do cumprimento do presente programa de autocontrolo devem ser preferencialmente realizadas por laboratórios acreditados para o efeito, devendo, nos restantes casos, ser realizadas por laboratórios que mantenham um sistema de controlo de qualidade analítica devidamente documentado e atualizado, à semelhança das orientações descritas na Diretiva 2009/90/CE, transposta para direito interno pelo Decreto-Lei n.º 83/2011, de 20 de junho.",L058803.2024.RH4A.V1
TUA20240719002220,T000067,,"Os boletins analíticos terão de vir acompanhados da indicação dos limites de deteção, de quantificação e da incerteza.",L058803.2024.RH4A.V1
TUA20240719002220,T000068,,Os procedimentos de amostragem deverão ser efetuados aplicando boas práticas internacionais de laboratório a fim de reduzir ao mínimo a degradação das amostras entre a colheita e a análise.,L058803.2024.RH4A.V1
TUA20240719002220,T000069,,"Para efeitos de fiscalização ou inspeção poderão ser recolhidas amostras pontuais e/ou compostas, para avaliação da respetiva conformidade com os valores limites de emissão (VLE) expressos em unidades de concentração (massa por volume). No caso das amostras pontuais, consideram-se como não conformes as amostras que excedam o VLE correspondente em mais de 50%.",L058803.2024.RH4A.V1
TUA20240719002220,T000071,,"Impende sobre o titular desta licença a responsabilidade de execução de medidas de limpeza, manutenção e conservação das zonas de acesso ao sistema de tratamento e respetivo ponto de rejeição, conforme previsto o artigo 33º da Lei n.º 58/2005 de 29 de dezembro, na sua redação atual.",L058803.2024.RH4A.V1
TUA20240725002275,T000053,,"O titular obriga-se a implementar o programa de autocontrolo descrito em EXP8.3.16 e a reportar à Entidade Licenciadora os resultados obtidos, através da plataforma SILiAmb, no módulo Licenciamento Único, separador Autocontrolo RH, com a frequência trimestral.",L020554.2019.RH3.V1
TUA20240725002275,T000054,,A matéria tributável da componente E é determinada com base no programa de autocontrolo a implementar descrito em EXP8.3.16.,L020554.2019.RH3.V1
TUA20240725002275,T000055,,"Sem prejuízo das sanções aplicáveis, sempre que o registo atualizado dos valores do autocontrolo, referido em T000053, não seja reportado com a frequência trimestral ou até ao dia quinze (15) de janeiro do ano seguinte ao que diz respeito a taxa de recursos hídricos, a componente E será calculada tendo por base as características do efluente bruto estabelecidas no projeto de execução da ETAR ou incluídas na presente licença.",L020554.2019.RH3.V1
TUA20240725002275,T000056,,Impende sobre o titular desta licença a responsabilidade de verificar o cumprimento das normas constantes na autorização de descarga mencionada em T000045.,L020554.2019.RH3.V1
TUA20240725002275,T000057,,"Sempre que forem autorizadas descargas de águas residuais de indústrias localizadas fora da malha urbana, a autorização de descarga, prevista em T000049, fica sujeita à aprovação da Entidade Licenciadora.",L020554.2019.RH3.V1
TUA20240725002275,T000058,,"O titular da licença deve respeitar as condições de rejeição indicadas em EXP8.3.13, não podendo efetuar qualquer operação deliberada de diluição das águas residuais. A avaliação de conformidade é determinada com base nos parâmetros definidos e de acordo com T000010.",L020554.2019.RH3.V1
TUA20240725002275,,,"As determinações analíticas conducentes à verificação do cumprimento do programa de autocontrolo devem ser preferencialmente realizadas por laboratórios acreditados para o efeito, devendo, nos restantes casos, ser realizadas por laboratórios que mantenham um sistema de controlo de",
TUA20240725002275,Código,,Condição,Código Utilização
TUA20240725002275,T000059,,"qualidade analítica devidamente documentado e atualizado, à semelhança das orientações descritas na Diretiva 2009/90/CE, transposta para direito interno pelo Decreto-Lei n.º 83/2011, de 20 de junho, e das suas sucessivas atualizações. Os boletins analíticos terão de vir acompanhados da indicação dos limites de deteção, de quantificação e da incerteza. Os procedimentos de amostragem deverão ser efetuados aplicando boas práticas internacionais de laboratório a fim de reduzir ao mínimo a degradação das amostras entre a colheita e a análise",L020554.2019.RH3.V1
TUA20240725002275,T000060,,Para efeitos de fiscalização ou inspeção podem ser recolhidas amostras pontuais. Para avaliação da respetiva conformidade as amostras pontuais podem exceder em 50% os valores limites de emissão (VLE) definidos no TURH.,L020554.2019.RH3.V1
TUA20240725002275,T000061,,"O titular obriga-se a manter a área envolvente à descarga em boas condições de funcionamento hidráulico, pelo que está autorizado a proceder a medidas de conservação, manutenção e reabilitação em domínio hídrico público, nomeadamente à limpeza e remoção dos sedimentos depositados no leito da linha de água, bem como ao corte e remoção de matéria vegetal de natureza infestante que se desenvolva no leito e nas margens, por exemplo: maciços de silvas (Rubus ulmifolius) e de canas (Arundo donax).",L020554.2019.RH3.V1
TUA20240725002275,T000062,,"No prazo máximo de 30 dias após a data de atribuição do presente título, deverá ser apresentada uma apólice de seguro ou prestada uma caução no valor de 1 000 € a favor da entidade licenciadora, para recuperação ambiental, de acordo e nos termos previstos no número 2 do artigo 49º e alínea A) do Anexo I do Decreto-Lei n.º 226-A/2007, de 31 de maio, que garanta o pagamento de indemnizações por eventuais danos causados por erros ou omissões do projeto relativamente à drenagem e tratamento de efluentes ou pelo incumprimento das disposições legais e regulamentares a ele aplicáveis (minutas disponíveis no sítio da Agência Portuguesa do Ambiente, I.P. na internet em www.apambiente.pt – Instrumentos &gt; Licenciamento das utilizações dos recursos hídricos &gt; Formulários).",L020554.2019.RH3.V1
TUA20240731002345,T000053,,"O titular obriga-se a implementar o programa de autocontrolo descrito em EXP8.3.16 e a reportar à Entidade Licenciadora os resultados obtidos, através da plataforma SILiAmb, no módulo Licenciamento Único, separador Autocontrolo RH, com a frequência trimestral.",L020553.2019.RH3.V1
TUA20240731002345,T000054,,A matéria tributável da componente E é determinada com base no programa de autocontrolo a implementar descrito em EXP8.3.16.,L020553.2019.RH3.V1
TUA20240731002345,T000055,,"Sem prejuízo das sanções aplicáveis, sempre que o registo atualizado dos valores do autocontrolo, referido em T000053, não seja reportado com a frequência trimestral ou até ao dia quinze (15) de janeiro do ano seguinte ao que diz respeito a taxa de recursos hídricos, a componente E será calculada tendo por base as características do efluente bruto estabelecidas no projeto de execução da ETAR ou incluídas na presente licença.",L020553.2019.RH3.V1
TUA20240731002345,T000056,,Impende sobre o titular desta licença a responsabilidade de verificar o cumprimento das normas constantes na autorização de descarga mencionada em T000045.,L020553.2019.RH3.V1
TUA20240731002345,T000057,,"Sempre que forem autorizadas descargas de águas residuais de indústrias localizadas fora da malha urbana, a autorização de descarga, prevista em T000049, fica sujeita à aprovação da Entidade Licenciadora.",L020553.2019.RH3.V1
TUA20240731002345,T000058,,"O titular da licença deve respeitar as condições de rejeição indicadas em EXP8.3.13, não podendo efetuar qualquer operação deliberada de diluição das águas residuais. A avaliação de conformidade é determinada com base nos parâmetros definidos e de acordo com T000010.",L020553.2019.RH3.V1
TUA20240731002345,,,"As determinações analíticas conducentes à verificação do cumprimento dos programas de autocontrolo devem ser preferencialmente realizadas por laboratórios acreditados para o efeito, devendo, nos restantes casos, ser realizadas por laboratórios que mantenham um sistema de controlo de",
TUA20240731002345,Código,,Condição,Código Utilização
TUA20240731002345,T000059,,"qualidade analítica devidamente documentado e atualizado, à semelhança das orientações descritas na Diretiva 2009/90/CE, transposta para direito interno pelo Decreto-Lei n.º 83/2011, de 20 de junho, e das suas sucessivas atualizações. Os boletins analíticos terão de vir acompanhados da indicação dos limites de deteção, de quantificação e da incerteza. Os procedimentos de amostragem deverão ser efetuados aplicando boas práticas internacionais de laboratório a fim de reduzir ao mínimo a degradação das amostras entre a colheita e a análise.",L020553.2019.RH3.V1
TUA20240731002345,T000060,,Para efeitos de fiscalização ou inspeção podem ser recolhidas amostras pontuais. Para avaliação da respetiva conformidade as amostras pontuais podem exceder em 50% os valores limites de emissão (VLE) definidos no TURH.,L020553.2019.RH3.V1
TUA20240731002345,T000061,,"O titular obriga-se a manter a área envolvente à descarga em boas condições de funcionamento hidráulico, pelo que está autorizado a proceder a medidas de conservação, manutenção e reabilitação em domínio hídrico público, nomeadamente à limpeza e remoção dos sedimentos depositados no leito da linha de água, bem como ao corte e remoção de matéria vegetal de natureza infestante que se desenvolva no leito e nas margens, por exemplo: maciços de silvas (Rubus ulmifolius) e de canas (Arundo donax).",L020553.2019.RH3.V1
TUA20240731002345,T000062,,"No prazo máximo de 30 dias após a data de atribuição do presente título, deverá ser apresentada uma apólice de seguro ou prestada uma caução no valor de 1 000 € a favor da entidade licenciadora, para recuperação ambiental, de acordo e nos termos previstos no número 2 do artigo 49º e alínea A) do Anexo I do Decreto-Lei n.º 226-A/2007, de 31 de maio, que garanta o pagamento de indemnizações por eventuais danos causados por erros ou omissões do projeto relativamente à drenagem e tratamento de efluentes ou pelo incumprimento das disposições legais e regulamentares a ele aplicáveis (minutas disponíveis no sítio da Agência Portuguesa do Ambiente, I.P. na internet em www.apambiente.pt – Instrumentos &gt; Licenciamento das utilizações dos recursos hídricos &gt; Formulários).",L020553.2019.RH3.V1
TUA20240731002347,T000054,,"O titular obriga-se a implementar o programa de autocontrolo descrito em EXP8.3.16 e a reportar à Entidade Licenciadora os resultados obtidos, através da plataforma SILiAmb, no módulo Licenciamento Único, separador Autocontrolo RH, com a frequência trimestral.",L020555.2019.RH3.V1
TUA20240731002347,T000055,,A matéria tributável da componente E é determinada com base no programa de autocontrolo a implementar descrito em EXP8.3.16.,L020555.2019.RH3.V1
TUA20240731002347,T000056,,"Sem prejuízo das sanções aplicáveis, sempre que o registo atualizado dos valores do autocontrolo, referido em T000054, não seja reportado com a frequência trimestral ou até ao dia quinze (15) de janeiro do ano seguinte ao que diz respeito a taxa de recursos hídricos, a componente E será calculada tendo por base as características do efluente bruto estabelecidas no projeto de execução da ETAR ou incluídas na presente licença.",L020555.2019.RH3.V1
TUA20240731002347,T000057,,Impende sobre o titular desta licença a responsabilidade de verificar o cumprimento das normas constantes na autorização de descarga mencionada em T000046.,L020555.2019.RH3.V1
TUA20240731002347,T000058,,"Sempre que forem autorizadas descargas de águas residuais de indústrias localizadas fora da malha urbana, a autorização de descarga, prevista em T000050, fica sujeita à aprovação da Entidade Licenciadora.",L020555.2019.RH3.V1
TUA20240731002347,T000059,,"O titular da licença deve respeitar as condições de rejeição indicadas em EXP8.3.13, não podendo efetuar qualquer operação deliberada de diluição das águas residuais. A avaliação de conformidade é determinada com base nos parâmetros definidos e de acordo com T000010.",L020555.2019.RH3.V1
TUA20240731002347,Código,,Condição,Código Utilização
TUA20240731002347,T000060,,A monitorização dos parâmetros Azoto total e Fósforo total é para efeitos do cálculo da TRH nos termos do Decreto-Lei n.º 97/2008 de 11 de junho.,L020555.2019.RH3.V1
TUA20240731002347,T000061,,"As determinações analíticas conducentes à verificação do cumprimento do programa de autocontrolo devem ser preferencialmente realizadas por laboratórios acreditados para o efeito, devendo, nos restantes casos, ser realizadas por laboratórios que mantenham um sistema de controlo de qualidade analítica devidamente documentado e atualizado, à semelhança das orientações descritas na Diretiva 2009/90/CE, transposta para direito interno pelo Decreto-Lei n.º 83/2011, de 20 de junho, e das suas sucessivas atualizações. Os boletins analíticos terão de vir acompanhados da indicação dos limites de deteção, de quantificação e da incerteza. Os procedimentos de amostragem deverão ser efetuados aplicando boas práticas internacionais de laboratório a fim de reduzir ao mínimo a degradação das amostras entre a colheita e a análise.",L020555.2019.RH3.V1
TUA20240731002347,T000062,,Para efeitos de fiscalização ou inspeção podem ser recolhidas amostras pontuais. Para avaliação da respetiva conformidade as amostras pontuais podem exceder em 50% os valores limites de emissão (VLE) definidos no TURH.,L020555.2019.RH3.V1
TUA20240731002347,T000063,,"O titular obriga-se a manter a área envolvente à descarga em boas condições de funcionamento hidráulico, pelo que está autorizado a proceder a medidas de conservação, manutenção e reabilitação em domínio hídrico público, nomeadamente à limpeza e remoção dos sedimentos depositados no leito da linha de água, bem como ao corte e remoção de matéria vegetal de natureza infestante que se desenvolva no leito e nas margens, por exemplo: maciços de silvas (Rubus ulmifolius) e de canas (Arundo donax).",L020555.2019.RH3.V1
TUA20240731002347,T000064,,"No prazo máximo de 30 dias após a data de atribuição do presente título, deverá ser apresentada uma apólice de seguro ou prestada uma caução no valor de 1 000 € a favor da entidade licenciadora, para recuperação ambiental, de acordo e nos termos previstos no número 2 do artigo 49º e alínea A) do Anexo I do Decreto-Lei n.º 226-A/2007, de 31 de maio, que garanta o pagamento de indemnizações por eventuais danos causados por erros ou omissões do projeto relativamente à drenagem e tratamento de efluentes ou pelo incumprimento das disposições legais e regulamentares a ele aplicáveis (minutas disponíveis no sítio da Agência Portuguesa do Ambiente, I.P. na internet em www.apambiente.pt – Instrumentos &gt; Licenciamento das utilizações dos recursos hídricos &gt; Formulários).",L020555.2019.RH3.V1
TUA20240808002408,T000061,,"No prazo máximo de 30 dias após a data de atribuição do presente título, deverá ser apresentada uma apólice de seguro ou prestada uma caução no valor de 3 500€ a favor da entidade licenciadora, para recuperação ambiental, de acordo e nos termos previstos no Decreto-Lei n.º 226-A/2007, de 31 de maio (minutas disponíveis no sítio da Agência Portuguesa do Ambiente, I.P. na internet em www.apambiente.pt).",L015944.2019.RH4A.V1
TUA20240808002408,T000062,,"As determinações analíticas conducentes à verificação do cumprimento do presente programa de autocontrolo devem ser preferencialmente realizadas por laboratórios acreditados para o efeito, devendo, nos restantes casos, ser realizadas por laboratórios que mantenham um sistema de controlo de qualidade analítica devidamente documentado e atualizado, à semelhança das orientações descritas na Diretiva 2009/90/CE, transposta para direito interno pelo Decreto-Lei n.º 83/2011, de 20 de junho.",L015944.2019.RH4A.V1
TUA20240808002408,T000063,,A amostragem de todos os parâmetros definidos no autocontrolo deverá ser efetuada no mesmo dia e à saída do sistema de tratamento de águas residuais.,L015944.2019.RH4A.V1
TUA20240808002408,T000064,,"Os boletins analíticos terão de vir acompanhados da indicação dos limites de deteção, de quantificação e da incerteza.",L015944.2019.RH4A.V1
TUA20240808002408,T000065,,Os procedimentos de amostragem deverão ser efetuados aplicando boas práticas internacionais de laboratório a fim de reduzir ao mínimo a degradação das amostras entre a colheita e a análise.,L015944.2019.RH4A.V1
TUA20240808002408,T000066,,"Para efeitos de fiscalização ou inspeção poderão ser recolhidas amostras pontuais e/ou compostas, para avaliação da respetiva conformidade com os valores limites de emissão (VLE) expressos em unidades de concentração (massa por volume). No caso das amostras pontuais, consideram-se como não conformes as amostras que excedam o VLE correspondente em mais de 50%.",L015944.2019.RH4A.V1
TUA20240808002408,T000067,,"Impende sobre o titular desta licença a responsabilidade de execução de medidas de limpeza, manutenção e conservação das zonas de acesso ao sistema de tratamento e respetivo ponto de rejeição, conforme previsto o artigo 33º da Lei n.º 58/2005 de 29 de dezembro, na sua redação atual.",L015944.2019.RH4A.V1
TUA20240904002654,T000063,,"No prazo máximo de 30 dias após a data de atribuição do presente título, deverá ser apresentada uma apólice de seguro ou prestada uma caução no valor de 5 000€ a favor da entidade licenciadora, para recuperação ambiental, de acordo e nos termos previstos no Decreto-Lei n.º 226-A/2007, de 31 de maio (minutas disponíveis no sítio da Agência Portuguesa do Ambiente, I.P. na internet em www.apambiente.pt).",L060904.2024.RH4A.V1
TUA20240904002654,T000064,,"As determinações analíticas conducentes à verificação do cumprimento do presente programa de autocontrolo devem ser preferencialmente realizadas por laboratórios acreditados para o efeito, devendo, nos restantes casos, ser realizadas por laboratórios que mantenham um sistema de controlo de qualidade analítica devidamente documentado e atualizado, à semelhança das orientações descritas na Diretiva 2009/90/CE, transposta para direito interno pelo Decreto-Lei n.º 83/2011, de 20 de junho.",L060904.2024.RH4A.V1
TUA20240904002654,T000065,,A amostragem de todos os parâmetros definidos no autocontrolo deverá ser efetuada no mesmo dia e à saída do sistema de tratamento de águas residuais.,L060904.2024.RH4A.V1
TUA20240904002654,T000066,,"Os boletins analíticos terão de vir acompanhados da indicação dos limites de deteção, de quantificação e da incerteza.",L060904.2024.RH4A.V1
TUA20240904002654,T000067,,Os procedimentos de amostragem deverão ser efetuados aplicando boas práticas internacionais de laboratório a fim de reduzir ao mínimo a degradação das amostras entre a colheita e a análise.,L060904.2024.RH4A.V1
TUA20240904002654,T000068,,"Para efeitos de fiscalização ou inspeção poderão ser recolhidas amostras pontuais e/ou compostas, para avaliação da respetiva conformidade com os valores limites de emissão (VLE) expressos em unidades de concentração (massa por volume). No caso das amostras pontuais, consideram-se como não conformes as amostras que excedam o VLE correspondente em mais de 50%.",L060904.2024.RH4A.V1
TUA20240904002654,T000069,,"Impende sobre o titular desta licença a responsabilidade de execução de medidas de limpeza, manutenção e conservação das zonas de acesso ao sistema de tratamento e respetivo ponto de rejeição, conforme previsto o artigo 33º da Lei n.º 58/2005 de 29 de dezembro, na sua redação atual.",L060904.2024.RH4A.V1
TUA20240904002654,T000070,,"Face à existência de algumas águas balneares no rio Alva, a jusante do ponto de rejeição da ETAR de Penalva de Alva”, e tendo em vista a salvaguarda das mesmas, pretende-se identificar as cargas microbiológicas associadas a eventuais EPDC (Episódios de Poluição de Curta Duração). Desta forma, o titular da presente licença deverá manter a monitorização dos parâmetros E. coli e Enterococos intestinais à saída da ETAR, com periodicidade quinzenal, durante as épocas balneares determinadas por Portaria, conforme definido no Ofício nº S042988-202107-ARHCTR.DRHI.",L060904.2024.RH4A.V1
TUA20240904002654,T000071,,"De acordo com a Portaria n.º 383/2023, de 21 de novembro, que tem por objeto a fixação do perímetro de proteção da água mineral natural a que corresponde o número de cadastro HM-79 e a denominação «Caldas de S. Paulo», a rejeição da água residual tratada na ETAR de Penalva de Alva encontra-se na Zona de Proteção Alargada de Águas Minerais Naturais – Caldas de S. Paulo. Pelo exposto, foi solicitado parecer junto da Direção Geral de Energia e Geologia, o qual se encontra anexo ao presente TUA, na secção “Anexos”, cujas condições deverão ser cumpridas.",L060904.2024.RH4A.V1
TUA20240916002772,,,"No prazo máximo de 30 dias após a data de atribuição do presente título, deverá ser apresentada uma apólice de seguro ou prestada uma caução no valor de 2500€ a favor da entidade licenciadora, para recuperação ambiental, de acordo e nos termos previstos no número 2 do artigo 49º e alínea A) do Anexo I do Decreto-Lei n.º 226-A/2007, de 31 de maio, que garanta o pagamento de indemnizações por eventuais danos causados por",
TUA20240916002772,Código,,Condição,Código Utilização
TUA20240916002772,T000060,,"erros ou omissões do projeto relativamente à drenagem e tratamento de efluentes ou pelo incumprimento das disposições legais e regulamentares a ele aplicáveis (minutas disponíveis no sítio da Agência Portuguesa do Ambiente, I.P. na internet em www.apambiente.pt – Instrumentos &gt; Licenciamento das utilizações dos recursos hídricos &gt; Formulários).",L001080.2020.RH5A.V1
TUA20240916002772,T000061,,"O titular obriga-se a enviar à Entidade Licenciadora o registo dos caudais mensais relativos ao efluente rejeitado. Esta informação deverá ser comunicada juntamente com o autocontrolo, via SILiAmb, na área de Autocontrolo.",L001080.2020.RH5A.V1
TUA20240916002772,T000063,,"O titular obriga-se para o corrente ano civil, a enviar a calendarização prevista para a recolha de amostras de autocontrolo na ETAR, num prazo de 15 dias a contar da data da emissão do presente título; para cada ano civil, a enviar a calendarização prevista até ao dia 15 de Dezembro do ano anterior; caso a programação prevista seja alterada, a enviar a nova calendarização, com uma antecedência mínima de 24h da nova data. Esta informação deverá ser comunicada via SILiAmb, via mensagem associada a esta licença.",L001080.2020.RH5A.V1
TUA20240916002772,T000064,,"Sempre que se registarem caudais efluentes do sistema de tratamento superiores ao caudal de dimensionamento da ETAR em ano de horizonte do projeto, deverá prestar os devidos esclarecimentos, no final de cada semestre, tendo presente a necessidade de rigorosa justificação de que tais acréscimos de caudal tratado não põem em causa a eficiência do sistema de tratamento. Esta informação deverá ser comunicada via SILiAmb, por mensagem associada a esta licença.",L001080.2020.RH5A.V1
TUA20240916002772,T000065,,"Deverão ser implementadas medidas preventivas e minimizadoras das consequências inerentes a uma rejeição de emergência no domínio hídrico. Assim, o titular deverá diligenciar no sentido de dotar a(s) Estação(ões) Elevatória(s) de um gerador de emergência ou implementar medidas alternativas que produzam efeito similar",L001080.2020.RH5A.V1
TUA20240916002772,T000066,,"O titular obriga-se a reportar à Entidade Licenciadora, os volumes descarregados em situações de by-pass (na ETAR e também nas instalações elevatórias associadas), assim como a indicação do período de ocorrência.",L001080.2020.RH5A.V1
TUA20240916002772,T000067,,"O titular obriga-se a manter a área envolvente à descarga, em boas condições de funcionamento hidráulico, pelo que fica desde já autorizado a proceder a medidas de conservação e reabilitação da rede hidrográfica, nomeadamente à limpeza e remoção dos sedimentos depositados no interior da linha de água, bem como a eliminar os elementos vegetais implantados no leito e margens maciços de silvas (Rubus ulmifolius) e de canas (Arundo donax).",L001080.2020.RH5A.V1
TUA20240916002772,T000068,,"As determinações analíticas conducentes à verificação do cumprimento do programa de autocontrolo devem ser preferencialmente realizadas por laboratórios acreditados para o efeito, devendo, nos restantes casos, ser realizadas por laboratórios que mantenham um sistema de controlo de qualidade analítica devidamente documentado e atualizado, à semelhança das orientações descritas na Diretiva 2009/90/CE, transposta para direito interno pelo Decreto-Lei n.º 83/2011, de 20 de junho. Os boletins analíticos terão de vir acompanhados da indicação dos limites de deteção, de quantificação e da incerteza. Os procedimentos de amostragem deverão ser efetuados aplicando boas práticas internacionais de laboratório a fim de reduzir ao mínimo a degradação das amostras entre a colheita e a análise",L001080.2020.RH5A.V1
TUA20241003002946,T000064,,"No prazo máximo de 30 dias após a data de atribuição do presente título, deverá ser apresentada uma apólice de seguro ou prestada uma caução no valor de 1000€ a favor da entidade licenciadora, para recuperação ambiental, de acordo e nos termos previstos no número 2 do artigo 49º e alínea A) do Anexo I do Decreto-Lei n.º 226-A/2007, de 31 de maio, que garanta o pagamento de indemnizações por eventuais danos causados por erros ou omissões do projeto relativamente à drenagem e tratamento de efluentes ou pelo incumprimento das disposições legais e regulamentares a ele aplicáveis (minutas disponíveis no sítio da Agência Portuguesa do Ambiente, I.P. na internet em www.apambiente.pt – Instrumentos &gt; Licenciamento das utilizações dos recursos hídricos &gt; Formulários).",L001135.2020.RH5A.V1
TUA20241003002946,T000065,,"O titular obriga-se a enviar à Entidade Licenciadora o registo dos caudais mensais relativos ao efluente rejeitado. Esta informação deverá ser comunicada juntamente com o autocontrolo, via SILiAmb, na área de Autocontrolo.",L001135.2020.RH5A.V1
TUA20241003002946,T000066,,"O titular obriga-se para o corrente ano civil, a enviar a calendarização prevista para a recolha de amostras de autocontrolo na ETAR, num prazo de 15 dias a contar da data da emissão do presente título; para cada ano civil, a enviar a calendarização prevista até ao dia 15 de Dezembro do ano anterior; caso a programação prevista seja alterada, a enviar a nova calendarização, com uma antecedência mínima de 24h da nova data. Esta informação deverá ser comunicada via SILiAmb, via mensagem associada a esta licença.",L001135.2020.RH5A.V1
TUA20241003002946,T000067,,"Para efeitos de fiscalização ou inspeção poderão ser recolhidas amostras pontuais e/ou compostas, para avaliação da respetiva conformidade com os valores limites de emissão (VLE) expressos em unidades de concentração (massa por volume). No caso das amostras pontuais os VLE acrescem em 50% para os parâmetros com VLE definido no TURH para amostra composta.",L001135.2020.RH5A.V1
TUA20241003002946,T000068,,"Sempre que se registarem caudais efluentes do sistema de tratamento superiores ao caudal de dimensionamento da ETAR em ano de horizonte do projeto, deverá prestar os devidos esclarecimentos, no final de cada semestre, tendo presente a necessidade de rigorosa justificação de que tais acréscimos de caudal tratado não põem em causa a eficiência do sistema de tratamento. Esta informação deverá ser comunicada via SILiAmb, por mensagem associada a esta licença.",L001135.2020.RH5A.V1
TUA20241003002946,T000069,,"Deverão ser implementadas medidas preventivas e minimizadoras das consequências inerentes a uma rejeição de emergência no domínio hídrico. Assim, o titular deverá diligenciar no sentido de dotar a(s) Estação(ões) Elevatória(s) de um gerador de emergência ou implementar medidas alternativas que produzam efeito similar.",L001135.2020.RH5A.V1
TUA20241003002946,T000070,,"O titular obriga-se a reportar à Entidade Licenciadora, os volumes descarregados em situações de by-pass (na ETAR e também nas instalações elevatórias associadas), assim como a indicação do período de ocorrência.",L001135.2020.RH5A.V1
TUA20241003002946,T000071,,"As determinações analíticas conducentes à verificação do cumprimento do programa de autocontrolo devem ser preferencialmente realizadas por laboratórios acreditados para o efeito, devendo, nos restantes casos, ser realizadas por laboratórios que mantenham um sistema de controlo de qualidade analítica devidamente documentado e atualizado, à semelhança das orientações descritas na Diretiva 2009/90/CE, transposta para direito interno pelo Decreto-Lei n.º 83/2011, de 20 de junho. Os boletins analíticos terão de vir acompanhados da indicação dos limites de deteção, de quantificação e da incerteza. Os procedimentos de amostragem deverão ser efetuados aplicando boas práticas internacionais de laboratório a fim de reduzir ao mínimo a degradação das amostras entre a colheita e a análise.",L001135.2020.RH5A.V1
TUA20241003002946,T000072,,"Deverá ser garantido o bom estado de manutenção e conservação das macrófitas, bem como caso necessário deverá proceder à plantação de novos rizomas.",L001135.2020.RH5A.V1
TUA20241003002946,T000073,,"O titular obriga-se a manter a área envolvente à descarga, em boas condições de funcionamento hidráulico, pelo que fica desde já autorizado a proceder a medidas de conservação e reabilitação da rede hidrográfica, nomeadamente à limpeza e remoção dos sedimentos depositados no interior da linha de água, bem como a eliminar os elementos vegetais implantados no leito e margens maciços de silvas (Rubus ulmifolius) e de canas (Arundo donax).",L001135.2020.RH5A.V1
TUA20241014003042,T000056,,"O titular obriga-se a implementar o programa de autocontrolo descrito em EXP8.3.16 e a reportar à Entidade Licenciadora os resultados obtidos, através da plataforma SILiAmb, no módulo Licenciamento Único, separador Autocontrolo RH, com a frequência trimestral.",L063042.2024.RH3.V1
TUA20241014003042,T000057,,A matéria tributável da componente E é determinada com base no programa de autocontrolo a implementar descrito em EXP8.3.16.,L063042.2024.RH3.V1
TUA20241014003042,T000058,,"Sem prejuízo das sanções aplicáveis, sempre que o registo atualizado dos valores do autocontrolo, referido em T000056, não seja reportado com a frequência trimestral ou até ao dia quinze (15) de janeiro do ano seguinte ao que diz respeito a taxa de recursos hídricos, a componente E será calculada tendo por base as características do efluente bruto estabelecidas no projeto de execução da ETAR ou incluídas na presente licença.",L063042.2024.RH3.V1
TUA20241014003042,T000059,,Impende sobre o titular desta licença a responsabilidade de verificar o cumprimento das normas constantes na autorização de descarga mencionada em T000049.,L063042.2024.RH3.V1
TUA20241014003042,T000060,,"Sempre que forem autorizadas descargas de águas residuais de indústrias localizadas fora da malha urbana, a autorização de descarga, prevista em T000053, fica sujeita à aprovação da Entidade Licenciadora.",L063042.2024.RH3.V1
TUA20241014003042,T000061,,"O titular da licença deve respeitar as condições de rejeição indicadas em EXP8.3.13, não podendo efetuar qualquer operação deliberada de diluição das águas residuais. A avaliação de conformidade é determinada com base nos parâmetros definidos e de acordo com T000010.",L063042.2024.RH3.V1
TUA20241014003042,T000062,,A monitorização dos parâmetros Azoto total e Fósforo total é para efeitos do cálculo da TRH nos termos do Decreto-Lei n.º 97/2008 de 11 de junho.,L063042.2024.RH3.V1
TUA20241014003042,T000063,,"As determinações analíticas conducentes à verificação do cumprimento do programa de autocontrolo devem ser preferencialmente realizadas por laboratórios acreditados para o efeito, devendo, nos restantes casos, ser realizadas por laboratórios que mantenham um sistema de controlo de qualidade analítica devidamente documentado e atualizado, à semelhança das orientações descritas na Diretiva 2009/90/CE, transposta para direito interno pelo Decreto-Lei n.º 83/2011, de 20 de junho, e das suas sucessivas atualizações. Os boletins analíticos terão de vir acompanhados da indicação dos limites de deteção, de quantificação e da incerteza. Os procedimentos de amostragem deverão ser efetuados aplicando boas práticas internacionais de laboratório a fim de reduzir ao mínimo a degradação das amostras entre a colheita e a análise.",L063042.2024.RH3.V1
TUA20241014003042,T000064,,"Para efeitos de fiscalização ou inspeção podem ser recolhidas amostras pontuais. Para avaliação da respetiva conformidade as amostras pontuais podem exceder em 50% os valores limites de emissão (VLE) definidos no TURH, com exceção do parâmetro pH.",L063042.2024.RH3.V1
TUA20241014003042,T000065,,"O titular obriga-se a manter a área envolvente à descarga em boas condições de funcionamento, devendo implementar medidas de conservação e manutenção, nomeadamente efetuar a limpeza e o corte de matéria vegetal infestante que se desenvolva no local de rejeição.",L063042.2024.RH3.V1
TUA20241014003042,T000066,,"No prazo máximo de 30 dias após a data de atribuição do presente título, deverá ser apresentada uma apólice de seguro ou prestada uma caução no valor de 1 000 € a favor da entidade licenciadora, para recuperação ambiental, de acordo e nos termos previstos no número 2 do artigo 49º e alínea A) do Anexo I do Decreto-Lei n.º 226-A/2007, de 31 de maio, que garanta o pagamento de indemnizações por eventuais danos causados por erros ou omissões do projeto relativamente à drenagem e tratamento de efluentes ou pelo incumprimento das disposições legais e regulamentares a ele aplicáveis (minutas disponíveis no sítio da Agência Portuguesa do Ambiente, I.P. na internet em www.apambiente.pt – Instrumentos &gt; Licenciamento das utilizações dos recursos hídricos &gt; Formulários).",L063042.2024.RH3.V1
TUA20241022003142,T000088,,"No prazo máximo de 30 dias após a data de atribuição do presente título, deverá ser apresentada uma apólice de seguro ou prestada uma caução no valor de 7 500 € a favor da entidade licenciadora, para recuperação ambiental, de acordo e nos termos previstos no Decreto-Lei n.º 226-A/2007, de 31 de maio (minutas disponíveis em https://www.apambiente.pt/agua/formularios).",L063531.2024.RH4A.V1
TUA20241022003142,T000089,,"O titular da presente licença deverá efetuar monitorização à entrada da ETAR e garantir o cumprimento à saída, com periodicidade mensal, dos parâmetros Carência Bioquímica de Oxigénio, Carência Química de Oxigénio, Sólidos Suspensos Totais, tendo por base os valores definidos no Decreto-Lei n.º 152/97, de 19 de junho.",L063531.2024.RH4A.V1
TUA20241022003142,T000090,,"O titular da presente licença deverá efetuar monitorização à entrada da ETAR e garantir o cumprimento à saída, com periodicidade mensal, do parâmetro pH tendo por base os valores definidos no Decreto-Lei n.º 236/98, de 1 de agosto.",L063531.2024.RH4A.V1
TUA20241022003142,T000091,,"Face à localização em área classificada sensível, o titular da presente licença deverá efetuar monitorização à entrada e à saída da ETAR, com periodicidade mensal, do parâmetro Azoto Amoniacal.",L063531.2024.RH4A.V1
TUA20241022003142,T000092,,"O titular da presente licença deverá efetuar monitorização à entrada e à saída da ETAR, com periodicidade mensal, dos parâmetros Azoto total e Fósfoto total para efeitos do cálculo da TRH nos termos do Decreto-Lei n.º 97/2008, de 11 de junho, na sua redação atual.",L063531.2024.RH4A.V1
TUA20241022003142,T000093,,"Tendo como objetivo averiguar o impacto da rejeição dos efluentes tratados, na linha de água recetora, o titular da licença deverá proceder à monitorização da massa de água, com uma periodicidade mensal, nos dois pontos definidos previamente (P1 e P2), aos parâmetros seguintes: pH, Temperatura, Oxigénio Dissolvido (%), Carência Bioquímica de Oxigénio, Carência Química de Oxigénio, Sólidos Suspensos Totais, Azoto total, Fósforo total e Azoto amoniacal.",L063531.2024.RH4A.V1
TUA20241022003142,T000094,,"P1 - Ponto de amostragem no meio recetor das águas residuais tratadas, a montante do ponto de rejeição (cerca de 50 metros) e P2 - Ponto de amostragem no meio recetor das águas residuais tratadas, a jusante do ponto de rejeição (cerca de 50 metros).",L063531.2024.RH4A.V1
TUA20241022003142,T000095,,"Os boletins analíticos terão de vir acompanhados da indicação dos limites de deteção, de quantificação e da incerteza.",L063531.2024.RH4A.V1
TUA20241022003142,T000096,,Os procedimentos de amostragem deverão ser efetuados aplicando boas práticas internacionais de laboratório a fim de reduzir ao mínimo a degradação das amostras entre a colheita e a análise.,L063531.2024.RH4A.V1
TUA20241022003142,T000097,,"Para efeitos de fiscalização ou inspeção poderão ser recolhidas amostras pontuais e/ou compostas, para avaliação da respetiva conformidade com os valores limites de emissão (VLE) expressos em unidades de concentração (massa por volume). No caso das amostras pontuais, consideram-se como não conformes as amostras que excedam o VLE correspondente em mais de 50%.",L063531.2024.RH4A.V1
TUA20241022003142,T000098,,"Os resultados do programa de autocontrolo e do programa de monitorização do meio recetor (boletins analíticos) definidos no presente título deverão ser associados ao TUA, na plataforma Siliamb (Módulo Licenciamento Único -&gt; Autocontrolo RH), com periodicidade trimestral, e cumulativamente compilados em ficheiro em formato editável de Excel, o qual deverá ser remetido com periodicidade semestral através da mesma plataforma.",L063531.2024.RH4A.V1
TUA20241022003142,Código,,Condição,Código Utilização
TUA20241022003142,T000099,,A ETAR deverá ser dotada de caudalímetro à entrada e saída.,L063531.2024.RH4A.V1
TUA20241022003142,T000100,,No prazo máximo de 1 ano deverão ser instalados todos os equipamentos e implementadas as medidas para cumprimento integral das condições desta licença.,L063531.2024.RH4A.V1
TUA20241022003142,T000101,,"No prazo máximo de 2 anos, após a implementação das medidas referidas na condição anterior, deverá ser atingido o cumprimento integral das condições desta licença.",L063531.2024.RH4A.V1
TUA20241022003142,T000102,,"Para efeitos de avaliação da conformidade legal, as datas das colheitas do programa de monitorização do meio recetor deverão coincidir com as datas das colheitas das águas residuais, à entrada e à saída da ETAR, e o autocontrolo que vier a ser apresentado a esta ARH do Centro, de acordo com o imposto nos títulos, deverá ser proveniente da mesma colheita/amostra.",L063531.2024.RH4A.V1
TUA20241022003142,T000103,,"Em função dos resultados obtidos nas campanhas de monitorização do meio recetor, poderá vir a ser imposta uma redução até 20% dos VLE, no período de estiagem (considera-se o período de estiagem de 1 de junho a 30 de setembro), ou sempre que as condições meteorológicas o exigirem.",L063531.2024.RH4A.V1
TUA20241022003142,T000104,,"O titular da presente licença obriga-se a reportar à Entidade Licenciadora os volumes descarregados em situações de by-pass nas instalações elevatórias associadas, assim como a indicação do período de ocorrência.",L063531.2024.RH4A.V1
TUA20241022003142,T000105,,"Impende sobre o titular desta licença a responsabilidade de execução de medidas de limpeza, manutenção e conservação das zonas de acesso ao sistema de tratamento e respetivos pontos de rejeição e monitorização, conforme previsto o artigo 33º da Lei n.º 58/2005 de 29 de dezembro, na sua redação atual.",L063531.2024.RH4A.V1
TUA20241122003491,T000098,,"No prazo máximo de 30 dias após a data de atribuição do presente título, deverá ser apresentada uma apólice de seguro ou prestada uma caução no valor de 7 500 € a favor da entidade licenciadora, para recuperação ambiental, de acordo e nos termos previstos no Decreto-Lei n.º 226-A/2007, de 31 de maio (minutas disponíveis em https://www.apambiente.pt/agua/formularios).",L014539.2022.RH4A.V1
TUA20241122003491,T000099,,"O titular da presente licença deverá efetuar monitorização à entrada da ETAR e garantir o cumprimento à saída, com periodicidade mensal, dos parâmetros Carência Bioquímica de Oxigénio, Carência Química de Oxigénio, Sólidos Suspensos Totais, tendo por base os valores definidos no Decreto-Lei n.º 152/97, de 19 de junho.",L014539.2022.RH4A.V1
TUA20241122003491,T000100,,"O titular da presente licença deverá efetuar monitorização à entrada da ETAR e garantir o cumprimento à saída, com periodicidade mensal, dos parâmetros pH e Óleos e gorduras tendo por base os valores definidos no Decreto-Lei n.º 236/98, de 1 de agosto.",L014539.2022.RH4A.V1
TUA20241122003491,T000101,,"Face à localização em área classificada sensível, o titular da presente licença deverá efetuar monitorização à entrada e à saída da ETAR, com periodicidade mensal, do parâmetro Azoto Amoniacal.",L014539.2022.RH4A.V1
TUA20241122003491,T000102,,"O titular da presente licença deverá efetuar monitorização à entrada e à saída da ETAR, com periodicidade mensal, dos parâmetros Azoto total e Fósfoto total para efeitos do cálculo da TRH nos termos do Decreto-Lei n.º 97/2008, de 11 de junho, na sua redação atual.",L014539.2022.RH4A.V1
TUA20241122003491,T000103,,"Face à existência de algumas águas balneares no rio Alva, a jusante do ponto de rejeição da ETAR de Loriga, e tendo em vista a salvaguarda das mesmas, pretende-se identificar as cargas microbiológicas associadas a eventuais EPDC (Episódios de Poluição de Curta Duração). Desta forma, o titular da presente licença deverá manter a monitorização dos parâmetros E. coli e Enterococos intestinais à saída da ETAR, com periodicidade quinzenal, durante as épocas balneares determinadas por Portaria, conforme definido no Ofício nº S042988-202107-ARHCTR.DRHI.",L014539.2022.RH4A.V1
TUA20241122003491,T000104,,"Tendo como objetivo averiguar o impacto da rejeição dos efluentes tratados na linha de água recetora, o titular da licença deverá proceder à monitorização da massa de água, com uma periodicidade mensal, preferencialmente 50 metros a montante do ponto de rejeição (P1) e 50 metros a jusante do ponto de rejeição (P2), dos parâmetros: pH, Temperatura, Oxigénio Dissolvido (mg/L e % de saturação), CBO5, CQO, SST, Azoto amoniacal, Azoto total, Fósforo total e Óleos e Gorduras;",L014539.2022.RH4A.V1
TUA20241122003491,T000105,,"Lista de coordenadas (longitude, latitude) dos pontos de monitorização do meio recetor são: P1 (-7.693473, 40.320101) e P2 (-7.693899, 40.319551).",L014539.2022.RH4A.V1
TUA20241122003491,T000106,,"Os boletins analíticos terão de vir acompanhados da indicação dos limites de deteção, de quantificação e da incerteza.",L014539.2022.RH4A.V1
TUA20241122003491,T000107,,Os procedimentos de amostragem deverão ser efetuados aplicando boas práticas internacionais de laboratório a fim de reduzir ao mínimo a degradação das amostras entre a colheita e a análise.,L014539.2022.RH4A.V1
TUA20241122003491,T000108,,"Para efeitos de fiscalização ou inspeção poderão ser recolhidas amostras pontuais e/ou compostas, para avaliação da respetiva conformidade com os valores limites de emissão (VLE) expressos em unidades de concentração (massa por volume). No caso das amostras pontuais, consideram-se como não conformes as amostras que excedam o VLE correspondente em mais de 50%.",L014539.2022.RH4A.V1
TUA20241122003491,T000109,,"Em função dos resultados obtidos nas campanhas de monitorização do meio recetor, poderá vir a ser imposta uma redução até 20% dos VLE, no período de estiagem (considera-se o período de estiagem de 1 de junho a 30 de setembro) ou sempre que as condições meteorológicas o exigirem.",L014539.2022.RH4A.V1
TUA20241122003491,T000110,,Deverá ser garantida uma redução de 20% dos VLE sempre que se verifique impossibilidade de monitorização do meio recetor por ausência de caudal de diluição do mesmo.,L014539.2022.RH4A.V1
TUA20241122003491,T000111,,"Os resultados do programa de autocontrolo e do programa de monitorização do meio recetor (boletins analíticos) definidos no presente título deverão ser associados ao TUA, na plataforma Siliamb (Módulo Licenciamento Único -&gt; Autocontrolo RH), com periodicidade trimestral, e cumulativamente compilados em ficheiro em formato editável de Excel, o qual deverá ser remetido com periodicidade semestral através da mesma plataforma.",L014539.2022.RH4A.V1
TUA20241122003491,T000112,,"Para efeitos de avaliação da conformidade legal, as datas das colheitas do programa de monitorização do meio recetor deverão coincidir com as datas das colheitas das águas residuais, à entrada e à saída da ETAR, e o autocontrolo que vier a ser apresentado a esta ARH do Centro, de acordo com o imposto nos títulos, deverá ser proveniente da mesma colheita/amostra.",L014539.2022.RH4A.V1
TUA20241122003491,T000113,,"O titular da presente licença obriga-se a reportar à Entidade Licenciadora os volumes descarregados em situações de by-pass nas instalações elevatórias associadas, assim como a indicação do período de ocorrência.",L014539.2022.RH4A.V1
TUA20241122003491,T000114,,"Impende sobre o titular desta licença a responsabilidade de execução de medidas de limpeza, manutenção e conservação das zonas de acesso ao sistema de tratamento e respetivos pontos de rejeição e monitorização, conforme previsto o artigo 33º da Lei n.º 58/2005 de 29 de dezembro, na sua redação atual.",L014539.2022.RH4A.V1
TUA20241122003491,T000115,,"Após decorrido o período de validade do presente TUA, as condições de rejeição serão reavaliadas em função dos resultados do autocontrolo e da monitorização do meio recetor, sempre no pressuposto da proteção da qualidade dos recursos hídricos.",L014539.2022.RH4A.V1
TUA20241122003495,T000072,,"No prazo máximo de 30 dias após a data de atribuição do presente título, deverá ser apresentada uma apólice de seguro ou prestada uma caução no valor de 10 000 € a favor da entidade licenciadora, para recuperação ambiental, de acordo e nos termos previstos no Decreto-Lei n.º 226-A/2007, de 31 de maio (minutas disponíveis em https://www.apambiente.pt/agua/formularios).",L014785.2022.RH4A.V1
TUA20241122003495,T000073,,"O titular da presente licença deverá efetuar monitorização à entrada da ETAR e garantir o cumprimento à saída, com periodicidade mensal, dos parâmetros Carência Bioquímica de Oxigénio, Carência Química de Oxigénio, Sólidos Suspensos Totais, tendo por base a metodologia de abordagem combinada de acordo com o estabelecido no artigo 53.º da Lei nº 58/2005, de 29 de dezembro, na sua redação atual, conjugada com o Decreto-Lei nº 152/97, de 19 de junho na sua redação atual.",L014785.2022.RH4A.V1
TUA20241122003495,T000074,,"O titular da presente licença deverá efetuar monitorização à entrada da ETAR e garantir o cumprimento à saída, com periodicidade mensal, do parâmetro Óleos e Gorduras tendo por base a metodologia de abordagem combinada de acordo com o estabelecido no artigo 53.º da Lei nº 58/2005, de 29 de dezembro, na sua redação atual, conjugada com o Decreto-Lei n.º 236/98, de 1 de agosto.",L014785.2022.RH4A.V1
TUA20241122003495,T000075,,"O titular da presente licença deverá efetuar monitorização à entrada da ETAR e garantir o cumprimento à saída, com periodicidade mensal, do parâmetro pH tendo por base os valores do Decreto-Lei n.º 236/98, de 1 de agosto.",L014785.2022.RH4A.V1
TUA20241122003495,Código,,Condição,Código Utilização
TUA20241122003495,T000076,,"Face à localização em área classificada sensível, o titular da presente licença deverá efetuar monitorização à entrada e à saída da ETAR, com periodicidade mensal, do parâmetro Azoto Amoniacal.",L014785.2022.RH4A.V1
TUA20241122003495,T000077,,"O titular da presente licença deverá efetuar monitorização à entrada e à saída da ETAR, com periodicidade mensal, dos parâmetros Azoto total e Fósforo total para efeitos do cálculo da TRH nos termos do Decreto-Lei n.º 97/2008, de 11 de junho, na sua redação atual.",L014785.2022.RH4A.V1
TUA20241122003495,T000078,,"Os boletins analíticos terão de vir acompanhados da indicação dos limites de deteção, de quantificação e da incerteza.",L014785.2022.RH4A.V1
TUA20241122003495,T000079,,Os procedimentos de amostragem deverão ser efetuados aplicando boas práticas internacionais de laboratório a fim de reduzir ao mínimo a degradação das amostras entre a colheita e a análise.,L014785.2022.RH4A.V1
TUA20241122003495,T000080,,"Para efeitos de fiscalização ou inspeção poderão ser recolhidas amostras pontuais e/ou compostas, para avaliação da respetiva conformidade com os valores limites de emissão (VLE) expressos em unidades de concentração (massa por volume). No caso das amostras pontuais, consideram-se como não conformes as amostras que excedam o VLE correspondente em mais de 50%.",L014785.2022.RH4A.V1
TUA20241122003495,T000081,,"Os resultados do programa de autocontrolo (boletins analíticos) definidos no presente título deverão ser associados ao TUA, na plataforma Siliamb (Módulo Licenciamento Único -&gt; Autocontrolo RH), com periodicidade trimestral, e cumulativamente compilados em ficheiro em formato editável de Excel, o qual deverá ser remetido com periodicidade semestral através da mesma plataforma.",L014785.2022.RH4A.V1
TUA20241122003495,T000082,,A ETAR deverá ser dotada de caudalímetro à entrada e saída.,L014785.2022.RH4A.V1
TUA20241122003495,T000083,,No prazo máximo de 1 ano deverão ser instalados todos os equipamentos e implementadas as medidas para cumprimento integral das condições desta licença.,L014785.2022.RH4A.V1
TUA20241122003495,T000084,,"No prazo máximo de 2 anos, após a implementação das medidas referidas na condição anterior, deverá ser atingido o cumprimento integral das condições desta licença.",L014785.2022.RH4A.V1
TUA20241122003495,T000085,,"Para efeitos de avaliação da conformidade legal, as datas das colheitas do programa de monitorização, à entrada e à saída da ETAR, deverão ser efetuadas na mesma data, e o autocontrolo que vier a ser apresentado a esta ARH do Centro, de acordo com o imposto nos títulos, deverá ser proveniente da mesma colheita/amostra.",L014785.2022.RH4A.V1
TUA20241122003495,T000086,,"Verificando-se a impossibilidade de monitorização do meio recetor em pontos que permitam aferir o impacto da rejeição da ETAR por via das dificuldades reportadas pela Entidade Gestora no acesso à linha de água, é imposta uma redução de 20% aos VLE estabelecidos na legislação em vigor.",L014785.2022.RH4A.V1
TUA20241122003495,T000087,,"O titular da presente licença obriga-se a reportar à Entidade Licenciadora os volumes descarregados em situações de by-pass nas instalações elevatórias associadas, assim como a indicação do período de ocorrência.",L014785.2022.RH4A.V1
TUA20241122003495,T000088,,"Impende sobre o titular desta licença a responsabilidade de execução de medidas de limpeza, manutenção e conservação das zonas de acesso ao sistema de tratamento e ponto de rejeição, conforme previsto o artigo 33º da Lei n.º 58/2005 de 29 de dezembro, na sua redação atual.",L014785.2022.RH4A.V1
TUA20241122003495,T000089,,"Após decorrido o período de validade do presente TUA, as condições de rejeição serão reavaliadas em função dos resultados do autocontrolo e da monitorização do meio recetor, sempre no pressuposto da proteção da qualidade dos recursos hídricos.",L014785.2022.RH4A.V1
TUA20241210003651,T000090,,"No prazo máximo de 30 dias após a data de atribuição do presente título, deverá ser apresentada uma apólice de seguro ou prestada uma caução no valor de 3 500€ a favor da entidade licenciadora, para recuperação ambiental, de acordo e nos termos previstos no Decreto-Lei n.º 226-A/2007, de 31 de maio (minutas disponíveis no sítio da Agência Portuguesa do Ambiente, I.P. na internet em www.apambiente.pt).",L065853.2024.RH4A.V1
TUA20241210003651,T000091,,"O titular da presente licença deverá efetuar monitorização à entrada da ETAR e garantir o cumprimento à saída, com periodicidade mensal, dos parâmetros Carência Bioquímica de Oxigénio, Carência Química de Oxigénio, Sólidos Suspensos Totais, tendo por base os valores definidos no Decreto-Lei n.º 152/97, de 19 de junho.",L065853.2024.RH4A.V1
TUA20241210003651,T000092,,"O titular da presente licença deverá efetuar monitorização à entrada da ETAR e garantir o cumprimento à saída, com periodicidade mensal, do parâmetro pH tendo por base o valor definido no Decreto-Lei n.º 236/98, de 1 de agosto.",L065853.2024.RH4A.V1
TUA20241210003651,T000093,,"Face à localização em área classificada sensível, o titular da presente licença deverá efetuar monitorização à entrada e à saída da ETAR, com periodicidade mensal, do parâmetro Azoto Amoniacal.",L065853.2024.RH4A.V1
TUA20241210003651,T000094,,"O titular da presente licença deverá efetuar monitorização à entrada e à saída da ETAR, com periodicidade mensal, dos parâmetros Azoto total e Fósforo total para efeitos do cálculo da TRH nos termos do Decreto-Lei n.º 97/2008, de 11 de junho, na sua redação atual.",L065853.2024.RH4A.V1
TUA20241210003651,Código,,Condição,Código Utilização
TUA20241210003651,T000095,,"Tendo como objetivo averiguar o impacto da rejeição dos efluentes tratados na linha de água recetora, o titular da licença deverá proceder à monitorização da massa de água, com uma periodicidade mensal, preferencialmente 50 metros a montante do ponto de rejeição (P1) e 50 metros a jusante do ponto de rejeição (P2), dos parâmetros: pH, Temperatura, Oxigénio Dissolvido (mg/L e % de saturação), CBO5, CQO, SST, Azoto amoniacal, Azoto total e Fósforo total.",L065853.2024.RH4A.V1
TUA20241210003651,T000096,,"Coordenadas (longitude, latitude) dos pontos de monitorização do meio recetor: P1 -7.303764°, 40.617348° e P2 -7.302877°, 40.617489°.",L065853.2024.RH4A.V1
TUA20241210003651,T000097,,"Os boletins analíticos terão de vir acompanhados da indicação dos limites de deteção, de quantificação e da incerteza.",L065853.2024.RH4A.V1
TUA20241210003651,T000098,,Os procedimentos de amostragem deverão ser efetuados aplicando boas práticas internacionais de laboratório a fim de reduzir ao mínimo a degradação das amostras entre a colheita e a análise.,L065853.2024.RH4A.V1
TUA20241210003651,T000099,,"Para efeitos de fiscalização ou inspeção poderão ser recolhidas amostras pontuais e/ou compostas, para avaliação da respetiva conformidade com os valores limites de emissão (VLE) expressos em unidades de concentração (massa por volume). No caso das amostras pontuais, consideram-se como não conformes as amostras que excedam o VLE correspondente em mais de 50%.",L065853.2024.RH4A.V1
TUA20241210003651,T000100,,"Em função dos resultados obtidos nas campanhas de monitorização do meio recetor, poderá vir a ser imposta uma redução até 20% dos VLE, no período de estiagem (considera-se o período de estiagem de 1 de junho a 30 de setembro) ou sempre que as condições meteorológicas o exigirem.",L065853.2024.RH4A.V1
TUA20241210003651,T000101,,Deverá ser garantida uma redução de 20% dos VLE sempre que se verifique impossibilidade de monitorização do meio recetor por ausência de caudal de diluição do mesmo.,L065853.2024.RH4A.V1
TUA20241210003651,T000102,,"Os resultados do programa de autocontrolo e do programa de monitorização do meio recetor (boletins analíticos) definidos no presente título deverão ser associados ao TUA, na plataforma Siliamb (Módulo Licenciamento Único -&gt; Autocontrolo RH), com periodicidade trimestral, e cumulativamente compilados em ficheiro em formato editável de Excel, o qual deverá ser remetido com periodicidade semestral através da mesma plataforma.",L065853.2024.RH4A.V1
TUA20241210003651,T000103,,"Para efeitos de avaliação da conformidade legal, as datas das colheitas do programa de monitorização do meio recetor deverão coincidir com as datas das colheitas das águas residuais, à entrada e à saída da ETAR, e o autocontrolo que vier a ser apresentado a esta ARH do Centro, de acordo com o imposto nos títulos, deverá ser proveniente da mesma colheita/amostra.",L065853.2024.RH4A.V1
TUA20241210003651,T000104,,"O titular da presente licença obriga-se a reportar à Entidade Licenciadora os volumes descarregados em situações de by-pass nas instalações elevatórias associadas, assim como a indicação do período de ocorrência.",L065853.2024.RH4A.V1
TUA20241210003651,T000105,,"Impende sobre o titular desta licença a responsabilidade de execução de medidas de limpeza, manutenção e conservação das zonas de acesso ao sistema de tratamento e respetivos pontos de rejeição e monitorização, conforme previsto o artigo 33º da Lei n.º 58/2005 de 29 de dezembro, na sua redação atual.",L065853.2024.RH4A.V1
TUA20241210003651,T000106,,"Após decorrido o período de validade do presente TUA, as condições de rejeição serão reavaliadas em função dos resultados do autocontrolo e da monitorização do meio recetor, sempre no pressuposto da proteção da qualidade dos recursos hídricos.",L065853.2024.RH4A.V1
TUA20250226000655,T000067,,"A ETAR do Freixo deverá estar executada de acordo com o projeto e aditamentos arquivados na entidade licenciadora, datados de julho de 2011.",L070191.2025.RH7.V1
TUA20250226000655,T000068,,"A ETAR destina-se ao tratamento das águas residuais da povoação do Freixo, para uma população de 147 habitantes - equivalentes (à data do pedido de licenciamento) e de 310 habitantes-equivalentes no ano de horizonte de projeto (2035), e um caudal máximo de descarga de 48,4 m3/dia.",L070191.2025.RH7.V1
TUA20250226000655,T000069,,O titular da licença deve ter instalado na ETAR equipamento de controlo: Caudalímetro para medição de caudal e caixa de visita adequada para recolha de amostras.,L070191.2025.RH7.V1
TUA20250226000655,T000070,,O titular obriga-se a enviar à Entidade Licenciadora o registo dos caudais médios diários e dos caudais médios mensais relativos ao efluente rejeitado.,L070191.2025.RH7.V1
TUA20250226000655,T000071,,"Deverão ser garantidas assistência e manutenção adequadas ao sistema de tratamento de águas residuais urbanas, por forma a salvaguardar o seu normal funcionamento e a qualidade do efluente final.",L070191.2025.RH7.V1
TUA20250226000655,T000072,,"O titular da licença deverá assegurar a proteção da área onde o sistema de tratamento de águas residuais se encontra implantado, verificando regularmente o estado de conservação da vedação do recinto.",L070191.2025.RH7.V1
TUA20250226000655,T000073,,"As determinações analíticas conducentes à verificação do cumprimento do programa de autocontrolo devem ser preferencialmente realizadas por laboratórios acreditados para o efeito, devendo, nos restantes casos, ser realizadas por laboratórios que mantenham um sistema de controlo de qualidade analítica devidamente documentado e atualizado, à semelhança das orientações descritas na Diretiva 2009/90/CE, transposta para direito interno pelo Decreto-Lei n.º 83/2011, de 20 de junho. Os boletins analíticos terão de vir acompanhados da indicação dos limites de deteção, de quantificação e da incerteza. Os procedimentos de amostragem deverão ser efetuados aplicando boas práticas internacionais de laboratório a fim de reduzir ao mínimo a degradação das amostras entre a colheita e a análise.",L070191.2025.RH7.V1
TUA20250226000655,T000074,,"O Titular, mediante autorização prévia dos proprietários dos terrenos marginais, fica desde já autorizado a proceder às necessárias operações regulares de limpeza e manutenção da(s) linha(s) de água associadas à infraestrutura, nomeadamente numa extensão de 25 metros a montante e de 50 metros a jusante do ponto de descarga da ETAR, de forma a assegurar as condições adequadas de escoamento hidráulico e a potenciar a constituição e/ou manutenção de uma galeria ripícola bem constituída, procedendo, se necessário, ao controlo e remoção de espécies vegetais, tais como maciços de silvas (Rubus ulmifolius) e de Canas (Arundo donax).",L070191.2025.RH7.V1
TUA20250226000655,T000075,,"No prazo máximo de 30 dias após a data de atribuição do presente título, deverá ser apresentada uma apólice de seguro ou prestada uma caução no valor de 3000 € (três mil euros) a favor da Entidade Licenciadora, para recuperação ambiental, de acordo e nos termos previstos no número 2 do artigo 49.º e alínea A) do Anexo I do Decreto-Lei n.º 226-A/2007, de 31 de maio, que garanta o pagamento de indemnizações por eventuais danos causados por erros ou omissões do projeto relativamente à drenagem e tratamento de efluentes ou pelo incumprimento das disposições legais e regulamentares a ele aplicáveis (minutas disponíveis em https://www.apambiente.pt/agua/formularios).",L070191.2025.RH7.V1
TUA20250317000834,T000090,,"No prazo máximo de 30 dias após a data de atribuição do presente título, deverá ser apresentada uma apólice de seguro ou prestada uma caução no valor de 7 500 € a favor da entidade licenciadora, para recuperação ambiental, de acordo e nos termos previstos no Decreto-Lei n.º 226-A/2007, de 31 de maio (minutas disponíveis em https://www.apambiente.pt/agua/formularios).",L014699.2022.RH4A.V1
TUA20250317000834,T000091,,"O titular da presente licença deverá efetuar monitorização à entrada da ETAR e garantir o cumprimento à saída, com periodicidade mensal, dos parâmetros Carência Bioquímica de Oxigénio, Carência Química de Oxigénio, Sólidos Suspensos Totais, tendo por base os valores definidos no Decreto-Lei n.º 152/97, de 19 de junho.",L014699.2022.RH4A.V1
TUA20250317000834,T000092,,"O titular da presente licença deverá efetuar monitorização à entrada da ETAR e garantir o cumprimento à saída, com periodicidade mensal, do parâmetro pH tendo por base os valores definidos no Decreto-Lei n.º 236/98, de 1 de agosto.",L014699.2022.RH4A.V1
TUA20250317000834,T000093,,"Face à localização em área classificada sensível, o titular da presente licença deverá efetuar monitorização à entrada e à saída da ETAR, com periodicidade mensal, do parâmetro Azoto Amoniacal.",L014699.2022.RH4A.V1
TUA20250317000834,T000094,,"O titular da presente licença deverá efetuar monitorização à entrada e à saída da ETAR, com periodicidade mensal, dos parâmetros Azoto total e Fósfoto total para efeitos do cálculo da TRH nos termos do Decreto-Lei n.º 97/2008, de 11 de junho, na sua redação atual.",L014699.2022.RH4A.V1
TUA20250317000834,Código,,Condição,Código Utilização
TUA20250317000834,T000095,,"Tendo como objetivo averiguar o impacto da rejeição dos efluentes tratados, na linha de água recetora, o titular da licença deverá proceder à monitorização da massa de água, com uma periodicidade mensal, nos pontos definidos previamente (P1 e P2), aos parâmetros seguintes: pH, Temperatura, Oxigénio Dissolvido, Carência Bioquímica de Oxigénio, Carência Química de Oxigénio, Sólidos Suspensos Totais, Azoto total, Fósforo total e Azoto amoniacal.",L014699.2022.RH4A.V1
TUA20250317000834,T000096,,"Lista de coordenadas (longitude, latitude) dos pontos de monitorização do meio recetor: P1 -7.533091°, 40.529513° e P2 -7.531907°, 40.531598°.",L014699.2022.RH4A.V1
TUA20250317000834,T000097,,"Os boletins analíticos terão de vir acompanhados da indicação dos limites de deteção, de quantificação e da incerteza.",L014699.2022.RH4A.V1
TUA20250317000834,T000098,,Os procedimentos de amostragem deverão ser efetuados aplicando boas práticas internacionais de laboratório a fim de reduzir ao mínimo a degradação das amostras entre a colheita e a análise.,L014699.2022.RH4A.V1
TUA20250317000834,T000099,,"Para efeitos de fiscalização ou inspeção poderão ser recolhidas amostras pontuais e/ou compostas, para avaliação da respetiva conformidade com os valores limites de emissão (VLE) expressos em unidades de concentração (massa por volume). No caso das amostras pontuais, consideram-se como não conformes as amostras que excedam o VLE correspondente em mais de 50%.",L014699.2022.RH4A.V1
TUA20250317000834,T000100,,"Os resultados do programa de autocontrolo e do programa de monitorização do meio recetor (boletins analíticos) definidos no presente título deverão ser associados ao TUA, na plataforma Siliamb (Módulo Licenciamento Único -&gt; Autocontrolo RH), com periodicidade trimestral, e cumulativamente compilados em ficheiro em formato editável de Excel, o qual deverá ser remetido com periodicidade semestral através da mesma plataforma.",L014699.2022.RH4A.V1
TUA20250317000834,T000101,,"Para efeitos de avaliação da conformidade legal, as datas das colheitas do programa de monitorização do meio recetor deverão coincidir com as datas das colheitas das águas residuais, à entrada e à saída da ETAR, e o autocontrolo que vier a ser apresentado a esta ARH do Centro, de acordo com o imposto nos títulos, deverá ser proveniente da mesma colheita/amostra.",L014699.2022.RH4A.V1
TUA20250317000834,T000102,,"Em função dos resultados obtidos nas campanhas de monitorização do meio recetor, poderá vir a ser imposta uma redução até 20% dos VLE, no período de estiagem (considera-se o período de estiagem de 1 de junho a 30 de setembro), ou sempre que as condições meteorológicas o exigirem.",L014699.2022.RH4A.V1
TUA20250317000834,T000103,,"O titular da presente licença obriga-se a reportar à Entidade Licenciadora os volumes descarregados em situações de by-pass nas instalações elevatórias associadas, assim como a indicação do período de ocorrência.",L014699.2022.RH4A.V1
TUA20250317000834,T000104,,"Impende sobre o titular desta licença a responsabilidade de execução de medidas de limpeza, manutenção e conservação das zonas de acesso ao sistema de tratamento e respetivos pontos de rejeição e monitorização, conforme previsto o artigo 33º da Lei n.º 58/2005 de 29 de dezembro, na sua redação atual.",L014699.2022.RH4A.V1
TUA20250317000834,T000105,,"Após decorrido o período de validade do presente TUA, as condições de rejeição serão reavaliadas em função dos resultados do autocontrolo e da monitorização do meio recetor, sempre no pressuposto da proteção da qualidade dos recursos hídricos.",L014699.2022.RH4A.V1
TUA20250416001449,T000130,,"No prazo máximo de 30 dias após a data de atribuição do presente título, deverá ser apresentada uma apólice de seguro ou prestada uma caução no valor de 15 000€ a favor da entidade licenciadora, para recuperação ambiental, de acordo e nos termos previstos no Decreto-Lei n.º 226-A/2007, de 31 de maio (minutas disponíveis no sítio da Agência Portuguesa do Ambiente, I.P. na internet em www.apambiente.pt).",L032810.2023.RH4A.V1
TUA20250416001449,T000131,,"O titular da presente licença deverá efetuar monitorização à entrada da ETAR e garantir o cumprimento à saída, com periodicidade mensal, dos parâmetros Carência Bioquímica de Oxigénio (CBO5), Carência Química de Oxigénio (CQO), Sólidos Suspensos Totais (SST), Azoto total (Nt) e Fósforo total (Pt) tendo por base os valores definidos no Decreto-Lei n.º 152/97, de 19 de junho.",L032810.2023.RH4A.V1
TUA20250416001449,T000132,,"O titular da presente licença deverá efetuar monitorização à entrada da ETAR e garantir o cumprimento à saída, com periodicidade mensal, dos parâmetros pH, Óleos e gorduras e Azoto amoniacal (Nh4+) tendo por base os valores definidos no Decreto-Lei n.º 236/98, de 1 de agosto.",L032810.2023.RH4A.V1
TUA20250416001449,T000133,,"O titular da presente licença deverá efetuar monitorização à entrada e à saída da ETAR, com periodicidade mensal, dos parâmetros Azoto Kjeldahl, Nitratos, Nitritos, Fenóis e Fosfatos, tendo por base os valores definidos no Decreto-Lei n.º 236/98, de 1 de agosto.",L032810.2023.RH4A.V1
TUA20250416001449,T000134,,"Tendo como objetivo averiguar o impacto da rejeição dos efluentes tratados na linha de água recetora, o titular da licença deverá proceder à monitorização da massa de água, com uma periodicidade mensal, preferencialmente 50 metros a montante do ponto de rejeição (P1) e 50 metros a jusante do ponto de rejeição (P2), dos parâmetros pH, temperatura, Oxigénio Dissolvido, CBO5, CQO, SST, Nt, Pt, Óleos e gorduras, Azoto Kjeldahl, Nitratos, Nitritos, Nh4+, Fenóis e Fosfatos.",L032810.2023.RH4A.V1
TUA20250416001449,T000135,,As coordenadas dos pontos de monitorização do meio recetor são: P1 40.359705; -7.874390 e P2 40.359850; -7.874999;,L032810.2023.RH4A.V1
TUA20250416001449,T000136,,"Face ao reduzido caudal que a linha de água recetora dos efluentes tratados apresenta, o sistema de tratamento deverá garantir a redução dos Valores Limite de Emissão (VLE) em 20%, dos parâmetros CBO5, CQO, SST, Nt, Pt, Azoto amoniacal e Óleos e gorduras, durante o período de estiagem e sempre que se verifique impossibilidade de monitorização do meio recetor por ausência de caudal de diluição do mesmo, conforme procedimento que se encontra em uso na APA, tendo por base o princípio da abordagem combinada conforme descrita no art.º 53.º, da Lei n.º 58/2005, de 29 de dezembro.",L032810.2023.RH4A.V1
TUA20250416001449,T000137,,A ETAR deverá ser dotada de medição de caudal à entrada e à saída.,L032810.2023.RH4A.V1
TUA20250416001449,T000138,,"As determinações analíticas conducentes à verificação do cumprimento do presente programa de autocontrolo devem ser preferencialmente realizadas por laboratórios acreditados para o efeito, devendo, nos restantes casos, ser realizadas por laboratórios que mantenham um sistema de controlo de qualidade analítica devidamente documentado e atualizado, à semelhança das orientações descritas na Diretiva 2009/90/CE, transposta para direito interno pelo Decreto-Lei n.º 83/2011, de 20 de junho.",L032810.2023.RH4A.V1
TUA20250416001449,T000139,,A amostragem de todos os parâmetros definidos no autocontrolo deverá ser efetuada no mesmo dia e à entrada/saída do sistema de tratamento de águas residuais.,L032810.2023.RH4A.V1
TUA20250416001449,T000140,,"Os boletins analíticos terão de vir acompanhados da indicação dos limites de deteção, de quantificação e da incerteza.",L032810.2023.RH4A.V1
TUA20250416001449,T000141,,Os procedimentos de amostragem deverão ser efetuados aplicando boas práticas internacionais de laboratório a fim de reduzir ao mínimo a degradação das amostras entre a colheita e a análise.,L032810.2023.RH4A.V1
TUA20250416001449,Código,,Condição,Código Utilização
TUA20250416001449,T000142,,"Para efeitos de fiscalização ou inspeção poderão ser recolhidas amostras pontuais e/ou compostas, para avaliação da respetiva conformidade com os valores limites de emissão (VLE) expressos em unidades de concentração (massa por volume). No caso das amostras pontuais, consideram-se como não conformes as amostras que excedam o VLE correspondente em mais de 50%.",L032810.2023.RH4A.V1
TUA20250416001449,T000143,,"Impende sobre o titular desta licença a responsabilidade de execução de medidas de limpeza, manutenção e conservação das zonas de acesso ao sistema de tratamento, ponto de rejeição e pontos de monitorização do meio recetor, conforme previsto o artigo 33º da Lei n.º 58/2005 de 29 de dezembro, na sua redação atual.",L032810.2023.RH4A.V1
TUA20250416001449,T000144,,"Os resultados do programa de autocontrolo e do programa de monitorização do meio recetor (boletins analíticos) deverão ser associados ao presente título, na plataforma Siliamb/Licenciamento Único, com periodicidade trimestral, e cumulativamente compilados em ficheiro em formato editável de Excel, o qual deverá ser remetido com periodicidade semestral através da mesma plataforma.",L032810.2023.RH4A.V1
TUA20250416001449,T000145,,"Para efeitos de avaliação da conformidade legal, as datas das colheitas do programa de monitorização do meio recetor deverão coincidir com as datas das colheitas das águas residuais, à entrada e à saída da ETAR, e o autocontrolo que vier a ser apresentado a esta ARH do Centro, de acordo com o imposto nos títulos, deverá ser proveniente da mesma colheita/amostra.",L032810.2023.RH4A.V1
TUA20250416001449,T000146,,Deverão ser reportados os volumes descarregados em situações de by-pass (na ETAR e nas EEAR associadas) assim como a indicação do respetivo período de ocorrência.,L032810.2023.RH4A.V1
TUA20250602001876,T000084,,"A ETAR deverá estar executada de acordo com o projeto e aditamentos arquivados na entidade licenciadora, datados de julho de 2009 e 2010.",L075151.2025.RH6.V1
TUA20250602001876,T000085,,"A ETAR destina-se ao tratamento das águas residuais provenientes da povoação de Guadalupe, para uma população de 920 habitantes – equivalentes, no ano de horizonte de projeto, e um caudal máximo de descarga de 97,3 m3/dia.",L075151.2025.RH6.V1
TUA20250602001876,T000086,,O titular da licença deve ter instalado na ETAR equipamento de controlo: Caudalímetro para medição do caudal afluente e caixa de visita para recolha de amostras.,L075151.2025.RH6.V1
TUA20250602001876,T000087,,O titular obriga-se a enviar à Entidade Licenciadora o registo dos caudais médios diários e dos caudais médios mensais relativos ao efluente rejeitado.,L075151.2025.RH6.V1
TUA20250602001876,T000088,,"Deverão ser garantidas assistência e manutenção adequadas ao sistema de tratamento de águas residuais urbanas, por forma a salvaguardar o seu normal funcionamento e a qualidade do efluente final.",L075151.2025.RH6.V1
TUA20250602001876,T000089,,"O titular da licença deverá assegurar a proteção da área de implantação da ETAR, verificando regularmente o estado de conservação da vedação do recinto.",L075151.2025.RH6.V1
TUA20250602001876,T000090,,"As determinações analíticas conducentes à verificação do cumprimento do programa de autocontrolo devem ser preferencialmente realizadas por laboratórios acreditados para o efeito, devendo, nos restantes casos, ser realizadas por laboratórios que mantenham um sistema de controlo de qualidade analítica devidamente documentado e atualizado, à semelhança das orientações descritas na Diretiva 2009/90/CE, transposta para direito interno pelo Decreto-Lei n.º 83/2011, de 20 de junho. Os boletins analíticos terão de vir acompanhados da indicação dos limites de deteção, de quantificação e da incerteza. Os procedimentos de amostragem deverão ser efetuados aplicando boas práticas internacionais de laboratório a fim de reduzir ao mínimo a degradação das amostras entre a colheita e a análise.",L075151.2025.RH6.V1
TUA20250602001876,T000091,,"O Titular, mediante autorização prévia dos proprietários dos terrenos marginais, fica desde já autorizado a proceder às necessárias operações regulares de limpeza e manutenção da(s) linha(s) de água associadas à infraestrutura, nomeadamente numa extensão de 25 metros a montante e de 50 metros a jusante do ponto de descarga da ETAR, de forma a assegurar as condições adequadas de escoamento hidráulico e a potenciar a constituição e/ou manutenção de uma galeria ripícola bem constituída, procedendo, se necessário, ao controlo e remoção de espécies vegetais, tais como maciços de silvas (Rubus ulmifolius) e de Canas (Arundo donax).",L075151.2025.RH6.V1
TUA20250602001876,T000092,,"No prazo máximo de 30 dias após a data de atribuição do presente título, deverá ser apresentada uma apólice de seguro ou prestada uma caução no valor de 4375 € (quatro mil trezentos e setenta e cinco euros) a favor da entidade licenciadora, para recuperação ambiental, de acordo e nos termos previstos no número 2 do artigo 49.º e alínea A) do Anexo I do Decreto-Lei n.º 226-A/2007, de 31 de maio, que garanta o pagamento de indemnizações por eventuais danos causados por erros ou omissões do projeto relativamente à drenagem e tratamento de efluentes ou pelo incumprimento das disposições legais e regulamentares a ele aplicáveis (minutas disponíveis em https://www.apambiente.pt/agua/formularios).",L075151.2025.RH6.V1
TUA20250722002408,T000077,,"No prazo máximo de 30 dias após a data de atribuição do presente título, deverá ser apresentada uma apólice de seguro ou prestada uma caução no valor de 3 500€ a favor da entidade licenciadora, para recuperação ambiental, de acordo e nos termos previstos no Decreto-Lei n.º 226-A/2007, de 31 de maio (minutas disponíveis no sítio da Agência Portuguesa do Ambiente, I.P. na internet em www.apambiente.pt).",L017803.2020.RH4A.V1
TUA20250722002408,T000078,,"As determinações analíticas conducentes à verificação do cumprimento do presente programa de autocontrolo devem ser preferencialmente realizadas por laboratórios acreditados para o efeito, devendo, nos restantes casos, ser realizadas por laboratórios que mantenham um sistema de controlo de qualidade analítica devidamente documentado e atualizado, à semelhança das orientações descritas na Diretiva 2009/90/CE, transposta para direito interno pelo Decreto-Lei n.º 83/2011, de 20 de junho.",L017803.2020.RH4A.V1
TUA20250722002408,T000079,,A amostragem de todos os parâmetros definidos no autocontrolo deverá ser efetuada no mesmo dia e à saída do sistema de tratamento de águas residuais.,L017803.2020.RH4A.V1
TUA20250722002408,T000080,,"Os boletins analíticos terão de vir acompanhados da indicação dos limites de deteção, de quantificação e da incerteza.",L017803.2020.RH4A.V1
TUA20250722002408,T000081,,Os procedimentos de amostragem deverão ser efetuados aplicando boas práticas internacionais de laboratório a fim de reduzir ao mínimo a degradação das amostras entre a colheita e a análise.,L017803.2020.RH4A.V1
TUA20250722002408,T000082,,"Para efeitos de fiscalização ou inspeção poderão ser recolhidas amostras pontuais e/ou compostas, para avaliação da respetiva conformidade com os valores limites de emissão (VLE) expressos em unidades de concentração (massa por volume). No caso das amostras pontuais, consideram-se como não conformes as amostras que excedam o VLE correspondente em mais de 50%.",L017803.2020.RH4A.V1
TUA20250722002408,T000083,,"Impende sobre o titular desta licença a responsabilidade de execução de medidas de limpeza, manutenção e conservação das zonas de acesso ao sistema de tratamento e respetivo ponto de rejeição, conforme previsto o artigo 33º da Lei n.º 58/2005 de 29 de dezembro, na sua redação atual.",L017803.2020.RH4A.V1
TUA20250722002408,T000084,,"Face à existência de algumas águas balneares no rio Alva, a jusante do ponto de rejeição da ETAR de Avô, e tendo em vista a salvaguarda das mesmas, pretende-se identificar as cargas microbiológicas associadas a eventuais EPDC (Episódios de Poluição de Curta Duração). Desta forma, o titular da presente licença deverá manter a monitorização dos parâmetros E. coli e Enterococos intestinais à saída da ETAR, com periodicidade quinzenal, durante as épocas balneares determinadas por Portaria, conforme definido no Ofício nº S042988-202107-ARHCTR.DRHI.",L017803.2020.RH4A.V1
TUA20260202000317,T000056,,"No prazo máximo de 30 dias após a data de atribuição do presente título, deverá ser apresentada uma apólice de seguro ou prestada uma caução no valor de 1250 € a favor da entidade licenciadora, para recuperação ambiental, de acordo e nos termos previstos no número 2 do artigo 49º e alínea A) do Anexo I do Decreto-Lei n.º 226-A/2007, de 31 de maio, que garanta o pagamento de indemnizações por eventuais danos causados por erros ou omissões do projeto relativamente à drenagem e tratamento de efluentes ou pelo incumprimento das disposições legais e regulamentares a ele aplicáveis (minutas disponíveis no sítio da Agência Portuguesa do Ambiente, I.P. na internet em www.apambiente.pt – Instrumentos &gt; Licenciamento das utilizações dos recursos hídricos &gt; Formulários).",L014337.2019.RH5A.V1
TUA20260202000317,T000057,,"O titular obriga-se a reportar à Entidade Licenciadora, os volumes descarregados em situações de by-pass (na ETAR e também nas instalações elevatórias associadas), assim como a indicação do período de ocorrência.",L014337.2019.RH5A.V1
TUA20260202000317,T000058,,"Para efeitos de fiscalização ou inspeção poderão ser recolhidas amostras pontuais e/ou compostas, para avaliação da respetiva conformidade com os valores limites de emissão (VLE) expressos em unidades de concentração (massa por volume). No caso das amostras pontuais os VLE acrescem em 50% para os parâmetros com VLE definido no TURH para amostra composta.",L014337.2019.RH5A.V1
TUA20260202000317,T000059,,"O titular obriga-se para o corrente ano civil, a enviar a calendarização prevista para a recolha de amostras de autocontrolo na ETAR, num prazo de 15 dias a contar da data da emissão do presente título; para cada ano civil, a enviar a calendarização prevista até ao dia 15 de Dezembro do ano anterior; caso a programação prevista seja alterada, a enviar a nova calendarização, com uma antecedência mínima de 24h da nova data.",L014337.2019.RH5A.V1
TUA20260202000317,T000060,,"Sempre que se registarem caudais efluentes do sistema de tratamento superiores ao caudal de dimensionamento da ETAR em ano de horizonte do projeto, deverá prestar os devidos esclarecimentos, no final de cada semestre, tendo presente a necessidade de rigorosa justificação de que tais acréscimos de caudal tratado não põem em causa a eficiência do sistema de tratamento.",L014337.2019.RH5A.V1
TUA20260202000317,T000061,,"O titular obriga-se a manter a área envolvente à descarga, em boas condições de funcionamento hidráulico, pelo que fica desde já autorizado a proceder a medidas de conservação e reabilitação da rede hidrográfica, nomeadamente à limpeza e remoção dos sedimentos depositados no interior da linha de água, bem como a eliminar os elementos vegetais implantados no leito e margens maciços de silvas (Rubus ulmifolius) e de canas (Arundo donax).",L014337.2019.RH5A.V1
TUA20260202000317,T000062,,"As determinações analíticas conducentes à verificação do cumprimento do presente programa de autocontrolo devem ser preferencialmente realizadas por laboratórios acreditados para o efeito, devendo, nos restantes casos, ser realizadas por laboratórios que mantenham um sistema de controlo de qualidade analítica devidamente documentado e atualizado, à semelhança das orientações descritas na Diretiva 2009/90/CE, transposta para direito interno pelo Decreto-Lei n.º 83/2011, de 20 de junho. Os boletins analíticos terão de vir acompanhados da indicação dos limites de deteção, de quantificação e da incerteza. Os procedimentos de amostragem deverão ser efetuados aplicando boas práticas internacionais de laboratório a fim de reduzir ao mínimo a degradação das amostras entre a colheita e a análise.",L014337.2019.RH5A.V1
TUA20260202000317,T000076,,"Os parâmetros, N total e P total não constituem requisitos de descarga. No entanto, deverão ser analisados para efeitos de cálculo da taxa de recursos hídricos (Decreto-Lei n.º 97/2008 de 11 de Junho).",L014337.2019.RH5A.V1
