Nº Licença,Regime,Parâmetro,VLE (% mín. remoção),VLE,Legislação aplicável,Avaliação da Conformidade Legal,Frequência de amostragem,Tipo de amostragem
L042645.2023.RH4A,Normal,pH (Escala de Sörensen),,"6,0 a 9,0","Anexo XVIII do Decreto-Lei nº 236/98, de 1 de agosto","De acordo com o nº6 do artigo 69o do Decreto-Lei nº 236/98, de 1 de Agosto.De acordo com o Anexo I do Decreto-Lei n.º 152/97, de 19 de junho, com as alterações introduzidas pelos Decretos-Leis n.os 348/98, de 9 de novembro, 149/2004, de 22 de junho e 198/2008, de 8 de outubro: Verificação do n.º mínimo anual de amostras e verificação do n.º máximo de amostras não conformes e verificação do desvio aos valores paramétricos.",Mensal,Composta (i)
L042645.2023.RH4A,Normal,Carência Bioquímica de Oxigénio (mg/L O2),,25,"Decreto-Lei nº 152/97, de 19 de junho.","De acordo com o nº6 do artigo 69o do Decreto-Lei nº 236/98, de 1 de Agosto.De acordo com o Anexo I do Decreto-Lei n.º 152/97, de 19 de junho, com as alterações introduzidas pelos Decretos-Leis n.os 348/98, de 9 de novembro, 149/2004, de 22 de junho e 198/2008, de 8 de outubro: Verificação do n.º mínimo anual de amostras e verificação do n.º máximo de amostras não conformes e verificação do desvio aos valores paramétricos.",,
L042645.2023.RH4A,Normal,Carência Química de Oxigénio (mg/L O2),,125,"Decreto-Lei nº 152/97, de 19 de junho.","De acordo com o nº6 do artigo 69o do Decreto-Lei nº 236/98, de 1 de Agosto.De acordo com o Anexo I do Decreto-Lei n.º 152/97, de 19 de junho, com as alterações introduzidas pelos Decretos-Leis n.os 348/98, de 9 de novembro, 149/2004, de 22 de junho e 198/2008, de 8 de outubro: Verificação do n.º mínimo anual de amostras e verificação do n.º máximo de amostras não conformes e verificação do desvio aos valores paramétricos.",Mensal,Composta (i)
L042645.2023.RH4A,Normal,Sólidos Suspensos Totais (mg/L),,35,"Decreto-Lei nº 152/97, de 19 de junho.","De acordo com o nº6 do artigo 69o do Decreto-Lei nº 236/98, de 1 de Agosto.De acordo com o Anexo I do Decreto-Lei n.º 152/97, de 19 de junho, com as alterações introduzidas pelos Decretos-Leis n.os 348/98, de 9 de novembro, 149/2004, de 22 de junho e 198/2008, de 8 de outubro: Verificação do n.º mínimo anual de amostras e verificação do n.º máximo de amostras não conformes e verificação do desvio aos valores paramétricos.",Mensal,Composta (i)
L007112.2021.RH7,Normal,pH (Escala de Sörensen),,"6,0 - 9,0","Anexo XVIII do Decreto-Lei n.º 236/98, de 1 de agosto.","De acordo com a alínea D) do Anexo I do Decreto-Lei n.º 152/97, de 19 de junho, com as alterações introduzidas pelos Decretos-Leis n.os 348/98, de 9 de novembro, 149/2004, de 22 de junho, 198/2008, de 8 de outubro e 133/2015, de 13 de julho, e o artigo 69.º do Decreto-Lei n.º 236/98, de 1 de agosto. Ver continuação (1) nas Observações.",Mensal,Composta (ii)
L007112.2021.RH7,Normal,Carência Bioquímica de Oxigénio (mg/L O2),,25,"Anexo I do Decreto-Lei n.º 152/97, de 19 de junho, com as alterações introduzidas pelos Decretos-Leis n.ºs 348/98, de 9 de novembro, 149/2004, de 22 de junho, 198/2008, de 8 de outubro e 133/2015, de 13 de julho (Quadro 1).","De acordo com a alínea D) do Anexo I do Decreto-Lei n.º 152/97, de 19 de junho, com as alterações introduzidas pelos Decretos-Leis n.os 348/98, de 9 de novembro, 149/2004, de 22 de junho, 198/2008, de 8 de outubro e 133/2015, de 13 de julho, e o artigo 69.º do Decreto-Lei n.º 236/98, de 1 de agosto. Ver continuação (1) nas Observações.",Mensal,Composta (ii)
L007112.2021.RH7,Normal,Carência Química de Oxigénio (mg/L O2),,125,"Anexo I do Decreto-Lei n.º 152/97, de 19 de junho, com as alterações introduzidas pelos Decretos-Leis n.ºs 348/98, de 9 de novembro, 149/2004, de 22 de junho, 198/2008, de 8 de outubro e 133/2015, de 13 de julho (Quadro 1).","De acordo com a alínea D) do Anexo I do Decreto-Lei n.º 152/97, de 19 de junho, com as alterações introduzidas pelos Decretos-Leis n.os 348/98, de 9 de novembro, 149/2004, de 22 de junho, 198/2008, de 8 de outubro e 133/2015, de 13 de julho, e o artigo 69.º do Decreto-Lei n.º 236/98, de 1 de agosto. Ver continuação (1) nas Observações.",Mensal,Composta (ii)
L007112.2021.RH7,Normal,Sólidos Suspensos Totais (mg/L),,35,"Anexo I do Decreto-Lei n.º 152/97, de 19 de junho, com as alterações introduzidas pelos Decretos-Leis n.ºs 348/98, de 9 de novembro, 149/2004, de 22 de junho, 198/2008, de 8 de outubro e 133/2015, de 13 de julho (Quadro 1).","De acordo com a alínea D) do Anexo I do Decreto-Lei n.º 152/97, de 19 de junho, com as alterações introduzidas pelos Decretos-Leis n.os 348/98, de 9 de novembro, 149/2004, de 22 de junho, 198/2008, de 8 de outubro e 133/2015, de 13 de julho, e o artigo 69.º do Decreto-Lei n.º 236/98, de 1 de agosto. Ver continuação (1) nas Observações.",Mensal,Composta (ii)
L007112.2021.RH7,Normal,Óleos e Gorduras (mg/L),,15,"Anexo XVIII do Decreto-Lei n.º 236/98, de 1 de agosto.","De acordo com a alínea D) do Anexo I do Decreto-Lei n.º 152/97, de 19 de junho, com as alterações introduzidas pelos Decretos-Leis n.os 348/98, de 9 de novembro, 149/2004, de 22 de junho, 198/2008, de 8 de outubro e 133/2015, de 13 de julho, e o artigo 69.º do Decreto-Lei n.º 236/98, de 1 de agosto. Ver continuação (1) nas Observações.",Trimestral,Composta (ii)
L006768.2022.RH5A,Normal,pH (Escala de Sörensen),,6-9,"Anexo XVIII do Decreto-Lei nº 236/98, de 1 de agosto","De acordo com o nº6 do artigo 69o do Decreto-Lei nº 236/98, de 1 de Agosto.",Mensal,Pontual
L006768.2022.RH5A,Normal,Carência Bioquímica de Oxigénio (mg/L O2),,40,"Anexo XVIII do Decreto-Lei nº 236/98, de 1 de agosto","De acordo com o nº6 do artigo 69o do Decreto-Lei nº 236/98, de 1 de Agosto.",Mensal,Pontual
L006768.2022.RH5A,Normal,Carência Química de Oxigénio (mg/L O2),,150,"Anexo XVIII do Decreto-Lei nº 236/98, de 1 de agosto","De acordo com o nº6 do artigo 69o do Decreto-Lei nº 236/98, de 1 de Agosto.",Mensal,Pontual
L005299.2017.RH7,Normal,Óleos e Gorduras (mg/L),,15,"Anexo XVIII do Decreto-Lei n.º 236/98, de 1 de agosto.","De acordo com o n.º 6 do artigo 69.º do Decreto-Lei n.º 236/98, de 1 de agosto.",Bimestral,Composta (i)
L005299.2017.RH7,Normal,Sólidos Suspensos Totais (mg/L),,60,"Anexo XVIII do Decreto-Lei n.º 236/98, de 1 de agosto.","De acordo com o n.º 6 do artigo 69.º do Decreto-Lei n.º 236/98, de 1 de agosto.",Bimestral,Composta (i)
L005299.2017.RH7,Normal,Carência Química de Oxigénio (mg/L O2),,150,"Anexo XVIII do Decreto-Lei n.º 236/98, de 1 de agosto.","De acordo com o n.º 6 do artigo 69.º do Decreto-Lei n.º 236/98, de 1 de agosto.",Bimestral,Composta (i)
L005299.2017.RH7,Normal,Carência Bioquímica de Oxigénio (mg/L O2),,40,"Anexo XVIII do Decreto-Lei n.º 236/98, de 1 de agosto.","De acordo com o n.º 6 do artigo 69.º do Decreto-Lei n.º 236/98, de 1 de agosto.",Bimestral,Composta (i)
L005299.2017.RH7,Normal,pH (Escala de Sörensen),,"6,0 - 9,0","Anexo XVIII do Decreto-Lei n.º 236/98, de 1 de agosto.","De acordo com o n.º 6 do artigo 69.º do Decreto-Lei n.º 236/98, de 1 de agosto.",Bimestral,Composta (i)
L021000.2021.RH4A,Normal,pH (Escala de Sörensen),,"6,0 a 9.0","Anexo XVIII do Decreto-Lei nº 236/98, de 1 de agosto.","De acordo com o nº6 do artigo n.º 69 do Decreto-Lei nº 236/98, de 1 de agosto e de acordo com o Anexo I do Decreto-Lei n.º 152/97, de 19 de junho, com as alterações introduzidas pelos Decretos-Lei n.º 348/98, de 9 de novembro, n.º 149/2004, de 22 de junho e n.º 198/2008, de 8 de outubro: Verificação do n.º mínimo anual de amostras, verificação do n.º máximo de amostras não conformes e verificação do desvio aos valores paramétricos.",Trimestral,Pontual
L021000.2021.RH4A,Normal,Carência Bioquímica de Oxigénio (mg/L O2),,40,"Anexo XVIII do Decreto-Lei nº 236/98, de 1 de agosto.","De acordo com o nº6 do artigo n.º 69 do Decreto-Lei nº 236/98, de 1 de agosto e de acordo com o Anexo I do Decreto-Lei n.º 152/97, de 19 de junho, com as alterações introduzidas pelos Decretos-Lei n.º 348/98, de 9 de novembro, n.º 149/2004, de 22 de junho e n.º 198/2008, de 8 de outubro: Verificação do n.º mínimo anual de amostras, verificação do n.º máximo de amostras não conformes e verificação do desvio aos valores paramétricos.",Trimestral,Composta (i)
L021000.2021.RH4A,Normal,Carência Química de Oxigénio (mg/L O2),,150,"Anexo XVIII do Decreto-Lei nº 236/98, de 1 de agosto.","De acordo com o nº6 do artigo n.º 69 do Decreto-Lei nº 236/98, de 1 de agosto e de acordo com o Anexo I do Decreto-Lei n.º 152/97, de 19 de junho, com as alterações introduzidas pelos Decretos-Lei n.º 348/98, de 9 de novembro, n.º 149/2004, de 22 de junho e n.º 198/2008, de 8 de outubro: Verificação do n.º mínimo anual de amostras, verificação do n.º máximo de amostras não conformes e verificação do desvio aos valores paramétricos.",Trimestral,Composta (i)
L021000.2021.RH4A,Normal,Sólidos Suspensos Totais (mg/L),,60,"Anexo XVIII do Decreto-Lei nº 236/98, de 1 de agosto.","De acordo com o nº6 do artigo n.º 69 do Decreto-Lei nº 236/98, de 1 de agosto e de acordo com o Anexo I do Decreto-Lei n.º 152/97, de 19 de junho, com as alterações introduzidas pelos Decretos-Lei n.º 348/98, de 9 de novembro, n.º 149/2004, de 22 de junho e n.º 198/2008, de 8 de outubro: Verificação do n.º mínimo anual de amostras, verificação do n.º máximo de amostras não conformes e verificação do desvio aos valores paramétricos.",Trimestral,Composta (i)
L016823.2019.RH7,Normal,pH (Escala de Sörensen),,"6,0 - 9,0","Anexo XVIII do Decreto-Lei n.º 236/98, de 1 de agosto.","De acordo com o artigo 69.º do Decreto-Lei n.º 236/98, de 1 de agosto. Atendendo à origem das águas residuais e aos objetivos de qualidade definidos para a massa de água recetora, o número máximo anual de amostras que podem não ser conformes não pode exceder 1 (uma), para os parâmetros pH, CBO5, CQO e SST; para o parâmetro Óleos e gorduras todas as amostras têm que ser conformes.",Trimestral,Composta (iii)
L016823.2019.RH7,Normal,Carência Bioquímica de Oxigénio (mg/L O2),,40,"Anexo XVIII do Decreto-Lei n.º 236/98, de 1 de agosto.","De acordo com o artigo 69.º do Decreto-Lei n.º 236/98, de 1 de agosto. Atendendo à origem das águas residuais e aos objetivos de qualidade definidos para a massa de água recetora, o número máximo anual de amostras que podem não ser conformes não pode exceder 1 (uma), para os parâmetros pH, CBO5, CQO e SST; para o parâmetro Óleos e gorduras todas as amostras têm que ser conformes.",Trimestral,Composta (iii)
L016823.2019.RH7,Normal,Carência Química de Oxigénio (mg/L O2),,150,"Anexo XVIII do Decreto-Lei n.º 236/98, de 1 de agosto.","De acordo com o artigo 69.º do Decreto-Lei n.º 236/98, de 1 de agosto. Atendendo à origem das águas residuais e aos objetivos de qualidade definidos para a massa de água recetora, o número máximo anual de amostras que podem não ser conformes não pode exceder 1 (uma), para os parâmetros pH, CBO5, CQO e SST; para o parâmetro Óleos e gorduras todas as amostras têm que ser conformes.",Trimestral,Composta (iii)
L016823.2019.RH7,Normal,Sólidos Suspensos Totais (mg/L),,60,"Anexo XVIII do Decreto-Lei n.º 236/98, de 1 de agosto.","De acordo com o artigo 69.º do Decreto-Lei n.º 236/98, de 1 de agosto. Atendendo à origem das águas residuais e aos objetivos de qualidade definidos para a massa de água recetora, o número máximo anual de amostras que podem não ser conformes não pode exceder 1 (uma), para os parâmetros pH, CBO5, CQO e SST; para o parâmetro Óleos e gorduras todas as amostras têm que ser conformes.",Trimestral,Composta (iii)
L016823.2019.RH7,Normal,Óleos e Gorduras (mg/L),,15,"Anexo XVIII do Decreto-Lei n.º 236/98, de 1 de agosto.","De acordo com o artigo 69.º do Decreto-Lei n.º 236/98, de 1 de agosto. Atendendo à origem das águas residuais e aos objetivos de qualidade definidos para a massa de água recetora, o número máximo anual de amostras que podem não ser conformes não pode exceder 1 (uma), para os parâmetros pH, CBO5, CQO e SST; para o parâmetro Óleos e gorduras todas as amostras têm que ser conformes.",Semestral,Composta (iii)
L012771.2019.RH7,Normal,pH (Escala de Sörensen),,"6,0 - 9,0","Anexo XVIII do Decreto-Lei n.º 236/98, de 1 de agosto.","De acordo com o artigo 69.º do Decreto-Lei n.º 236/98, de 1 de agosto. Atendendo à origem das águas residuais e aos objetivos de qualidade definidos para a massa de água recetora, o número máximo anual de amostras que podem não ser conformes não pode exceder 1 (uma), para os parâmetros pH, CBO5, CQO e SST; para o parâmetro Óleos e gorduras todas as amostras têm que ser conformes.",Trimestral,Composta (iii)
L012771.2019.RH7,Normal,Carência Bioquímica de Oxigénio (mg/L O2),,40,"Anexo XVIII do Decreto-Lei n.º 236/98, de 1 de agosto.","De acordo com o artigo 69.º do Decreto-Lei n.º 236/98, de 1 de agosto. Atendendo à origem das águas residuais e aos objetivos de qualidade definidos para a massa de água recetora, o número máximo anual de amostras que podem não ser conformes não pode exceder 1 (uma), para os parâmetros pH, CBO5, CQO e SST; para o parâmetro Óleos e gorduras todas as amostras têm que ser conformes.",Trimestral,Composta (iii)
L012771.2019.RH7,Normal,Carência Química de Oxigénio (mg/L O2),,150,"Anexo XVIII do Decreto-Lei n.º 236/98, de 1 de agosto.","De acordo com o artigo 69.º do Decreto-Lei n.º 236/98, de 1 de agosto. Atendendo à origem das águas residuais e aos objetivos de qualidade definidos para a massa de água recetora, o número máximo anual de amostras que podem não ser conformes não pode exceder 1 (uma), para os parâmetros pH, CBO5, CQO e SST; para o parâmetro Óleos e gorduras todas as amostras têm que ser conformes.",Trimestral,Composta (iii)
L012771.2019.RH7,Normal,Sólidos Suspensos Totais (mg/L),,60,"Anexo XVIII do Decreto-Lei n.º 236/98, de 1 de agosto.","De acordo com o artigo 69.º do Decreto-Lei n.º 236/98, de 1 de agosto. Atendendo à origem das águas residuais e aos objetivos de qualidade definidos para a massa de água recetora, o número máximo anual de amostras que podem não ser conformes não pode exceder 1 (uma), para os parâmetros pH, CBO5, CQO e SST; para o parâmetro Óleos e gorduras todas as amostras têm que ser conformes.",Trimestral,Composta (iii)
L012771.2019.RH7,Normal,Óleos e Gorduras (mg/L),,15,"Anexo XVIII do Decreto-Lei n.º 236/98, de 1 de agosto.","De acordo com o artigo 69.º do Decreto-Lei n.º 236/98, de 1 de agosto. Atendendo à origem das águas residuais e aos objetivos de qualidade definidos para a massa de água recetora, o número máximo anual de amostras que podem não ser conformes não pode exceder 1 (uma), para os parâmetros pH, CBO5, CQO e SST; para o parâmetro Óleos e gorduras todas as amostras têm que ser conformes.",Semestral,Composta (iii)
L010844.2021.RH5A,Normal,pH (Escala de Sörensen),,6-9,"Anexo XVIII do Decreto-Lei nº 236/98, de 1 de agosto","De acordo com o Anexo I do Decreto-Lei n.º 152/97, de 19 de junho, com as alterações introduzidas pelos Decretos-Leis n.os 348/98, de 9 de novembro, 149/2004, de 22 de junho e 198/2008, de 8 de outubro: Verificação do n.º mínimo anual de amostras e verificação do n.º máximo de amostras não conformes e verificação do desvio aos valores paramétricos.",Mensal,Composta (ii)
L010844.2021.RH5A,Normal,Carência Bioquímica de Oxigénio (mg/L O2),,40,"Anexo XVIII do Decreto-Lei nº 236/98, de 1 de agosto","De acordo com o Anexo I do Decreto-Lei n.º 152/97, de 19 de junho, com as alterações introduzidas pelos Decretos-Leis n.os 348/98, de 9 de novembro, 149/2004, de 22 de junho e 198/2008, de 8 de outubro: Verificação do n.º mínimo anual de amostras e verificação do n.º máximo de amostras não conformes e verificação do desvio aos valores paramétricos.",Mensal,Composta (ii)
L010844.2021.RH5A,Normal,Carência Química de Oxigénio (mg/L O2),,150,"Anexo XVIII do Decreto-Lei nº 236/98, de 1 de agosto","De acordo com o Anexo I do Decreto-Lei n.º 152/97, de 19 de junho, com as alterações introduzidas pelos Decretos-Leis n.os 348/98, de 9 de novembro, 149/2004, de 22 de junho e 198/2008, de 8 de outubro: Verificação do n.º mínimo anual de amostras e verificação do n.º máximo de amostras não conformes e verificação do desvio aos valores paramétricos.",Mensal,Composta (ii)
L010844.2021.RH5A,Normal,Sólidos Suspensos Totais (mg/L),,60,"Anexo XVIII do Decreto-Lei nº 236/98, de 1 de agosto","De acordo com o Anexo I do Decreto-Lei n.º 152/97, de 19 de junho, com as alterações introduzidas pelos Decretos-Leis n.os 348/98, de 9 de novembro, 149/2004, de 22 de junho e 198/2008, de 8 de outubro: Verificação do n.º mínimo anual de amostras e verificação do n.º máximo de amostras não conformes e verificação do desvio aos valores paramétricos.",Mensal,Composta (ii)
L009856.2021.RH3,Normal,Sólidos Suspensos Totais (mg/L),,60,"Anexo XVIII do Decreto-Lei nº 236/98, de 1 de agosto.","De acordo com o nº6 do artigo 69o do Decreto-Lei nº 236/98, de 1 de Agosto.",Mensal,Composta (i)
L009856.2021.RH3,Normal,Carência Química de Oxigénio (mg/L O2),,150,"Anexo XVIII do Decreto-Lei nº 236/98, de 1 de agosto.","De acordo com o nº6 do artigo 69o do Decreto-Lei nº 236/98, de 1 de Agosto.",Mensal,Composta (i)
L009856.2021.RH3,Normal,Carência Bioquímica de Oxigénio (mg/L O2),,40,"Anexo XVIII do Decreto-Lei nº 236/98, de 1 de agosto.","De acordo com o nº6 do artigo 69o do Decreto-Lei nº 236/98, de 1 de Agosto.",Mensal,Composta (i)
L009856.2021.RH3,Normal,pH (Escala de Sörensen),,6-9,"Anexo XVIII do Decreto-Lei nº 236/98, de 1 de agosto.","De acordo com o nº6 do artigo 69o do Decreto-Lei nº 236/98, de 1 de Agosto.",Mensal,Composta (i)
L002179.2021.RH7,Normal,Escherichia coli (ufc/100 mL),,2000,Valor definido tendo em vista o bom estado da massa de água recetora e a manutenção dos usos dessa massa de água.,"De acordo com o artigo 69.º do Decreto-Lei n.º 236/98, de 1 de agosto. Para o parâmetro Escherichia Coli, a média mensal não pode ultrapassar o VLE e o valor máximo observado durante o mês de laboração não pode ultrapassar uma ordem de grandeza do valor limite que lhe corresponde. Ver continuação no campo Observações (1).",Mensal,Pontual
L002179.2021.RH7,Normal,Óleos e Gorduras (mg/L),,15,"Anexo XVIII do Decreto-Lei nº 236/98, de 1 de agosto.","De acordo com o artigo 69.º do Decreto-Lei n.º 236/98, de 1 de agosto. Para o parâmetro Escherichia Coli, a média mensal não pode ultrapassar o VLE e o valor máximo observado durante o mês de laboração não pode ultrapassar uma ordem de grandeza do valor limite que lhe corresponde. Ver continuação no campo Observações (1).",Trimestral,Composta (iii)
L002179.2021.RH7,Normal,Sólidos Suspensos Totais (mg/L),,60,"Anexo XVIII do Decreto-Lei nº 236/98, de 1 de agosto.","De acordo com o artigo 69.º do Decreto-Lei n.º 236/98, de 1 de agosto. Para o parâmetro Escherichia Coli, a média mensal não pode ultrapassar o VLE e o valor máximo observado durante o mês de laboração não pode ultrapassar uma ordem de grandeza do valor limite que lhe corresponde. Ver continuação no campo Observações (1).",Mensal,Composta (iii)
L002179.2021.RH7,Normal,Carência Química de Oxigénio (mg/L O2),,150,"Anexo XVIII do Decreto-Lei nº 236/98, de 1 de agosto.","De acordo com o artigo 69.º do Decreto-Lei n.º 236/98, de 1 de agosto. Para o parâmetro Escherichia Coli, a média mensal não pode ultrapassar o VLE e o valor máximo observado durante o mês de laboração não pode ultrapassar uma ordem de grandeza do valor limite que lhe corresponde. Ver continuação no campo Observações (1).",Mensal,Composta (iii)
L002179.2021.RH7,Normal,Carência Bioquímica de Oxigénio (mg/L O2),,40,"Anexo XVIII do Decreto-Lei nº 236/98, de 1 de agosto.","De acordo com o artigo 69.º do Decreto-Lei n.º 236/98, de 1 de agosto. Para o parâmetro Escherichia Coli, a média mensal não pode ultrapassar o VLE e o valor máximo observado durante o mês de laboração não pode ultrapassar uma ordem de grandeza do valor limite que lhe corresponde. Ver continuação no campo Observações (1).",Mensal,Composta (iii)
L002179.2021.RH7,Normal,pH (Escala de Sörensen),,"6,0 - 9,0","Anexo XVIII do Decreto-Lei nº 236/98, de 1 de agosto.","De acordo com o artigo 69.º do Decreto-Lei n.º 236/98, de 1 de agosto. Para o parâmetro Escherichia Coli, a média mensal não pode ultrapassar o VLE e o valor máximo observado durante o mês de laboração não pode ultrapassar uma ordem de grandeza do valor limite que lhe corresponde. Ver continuação no campo Observações (1).",Mensal,Composta (iii)
L000060.2022.RH4A,Normal,pH (Escala de Sörensen),,6.0 a 9.0,"Anexo XVIII do Decreto-Lei nº 236/98, de 1 de agosto.","De acordo com o nº6 do artigo nº69 do Decreto-Lei nº 236/98, de 1 de Agosto.De acordo com o Anexo I do Decreto-Lei n.º 152/97, de 19 de junho, com as alterações introduzidas pelos Decretos-Lei n.º 348/98, de 9 de novembro, 149/2004, de 22 de junho e 198/2008, de 8 de outubro: Verificação do n.º mínimo anual de amostras, verificação do n.º máximo de amostras não conformes e verificação do desvio aos valores paramétricos.",Trimestral,Pontual
L000060.2022.RH4A,Normal,Carência Bioquímica de Oxigénio (mg/L O2),,40,"Anexo XVIII do Decreto-Lei nº 236/98, de 1 de agosto.","De acordo com o nº6 do artigo nº69 do Decreto-Lei nº 236/98, de 1 de Agosto.De acordo com o Anexo I do Decreto-Lei n.º 152/97, de 19 de junho, com as alterações introduzidas pelos Decretos-Lei n.º 348/98, de 9 de novembro, 149/2004, de 22 de junho e 198/2008, de 8 de outubro: Verificação do n.º mínimo anual de amostras, verificação do n.º máximo de amostras não conformes e verificação do desvio aos valores paramétricos.",Trimestral,Composta (i)
L000060.2022.RH4A,Normal,Carência Química de Oxigénio (mg/L O2),,150,"Anexo XVIII do Decreto-Lei nº 236/98, de 1 de agosto.","De acordo com o nº6 do artigo nº69 do Decreto-Lei nº 236/98, de 1 de Agosto.De acordo com o Anexo I do Decreto-Lei n.º 152/97, de 19 de junho, com as alterações introduzidas pelos Decretos-Lei n.º 348/98, de 9 de novembro, 149/2004, de 22 de junho e 198/2008, de 8 de outubro: Verificação do n.º mínimo anual de amostras, verificação do n.º máximo de amostras não conformes e verificação do desvio aos valores paramétricos.",Trimestral,Composta (i)
L000060.2022.RH4A,Normal,Sólidos Suspensos Totais (mg/L),,60,"Anexo XVIII do Decreto-Lei nº 236/98, de 1 de agosto.","De acordo com o nº6 do artigo nº69 do Decreto-Lei nº 236/98, de 1 de Agosto.De acordo com o Anexo I do Decreto-Lei n.º 152/97, de 19 de junho, com as alterações introduzidas pelos Decretos-Lei n.º 348/98, de 9 de novembro, 149/2004, de 22 de junho e 198/2008, de 8 de outubro: Verificação do n.º mínimo anual de amostras, verificação do n.º máximo de amostras não conformes e verificação do desvio aos valores paramétricos.",Trimestral,Composta (i)
L007542.2022.RH5A,Normal,pH (Escala de Sörensen),,6-9,"Anexo XVIII do Decreto-Lei nº 236/98, de 1 de agosto","De acordo com o nº6 do artigo 69o do Decreto-Lei nº 236/98, de 1 de Agosto.",Mensal,Composta (ii)
L007542.2022.RH5A,Normal,Carência Bioquímica de Oxigénio (mg/L O2),,40,"Anexo XVIII do Decreto-Lei nº 236/98, de 1 de agosto","De acordo com o nº6 do artigo 69o do Decreto-Lei nº 236/98, de 1 de Agosto.",Mensal,Composta (ii)
L007542.2022.RH5A,Normal,Carência Química de Oxigénio (mg/L O2),,150,"Anexo XVIII do Decreto-Lei nº 236/98, de 1 de agosto","De acordo com o nº6 do artigo 69o do Decreto-Lei nº 236/98, de 1 de Agosto.",Mensal,Composta (ii)
L007542.2022.RH5A,Normal,Sólidos Suspensos Totais (mg/L),,60,"Anexo XVIII do Decreto-Lei nº 236/98, de 1 de agosto","De acordo com o nº6 do artigo 69o do Decreto-Lei nº 236/98, de 1 de Agosto.",Mensal,Composta (ii)
L011912.2016.RH7,Ano de arranque,pH (Escala de Sörensen),,"6,0 - 9,0","Anexo XVIII do Decreto-Lei n.º 236/98, de 1 de agosto; Anexo XVIII do Decreto-Lei n.º 236/98, de 1 de agosto;","De acordo com o artigo 69.º do Decreto-Lei n.º 236/98, de 1 de agosto.",Bimestral,Composta (i)
L011912.2016.RH7,Ano de arranque,Carência Bioquímica de Oxigénio (mg/L O2),,70,"Anexo I do Decreto-Lei n.º 152/97, de 19 de junho, com as alterações introduzidas pelos Decretos-Leis n.os 348/98, de 9 de novembro, 149/2004, de 22 de junho, e 198/2008, de 8 de outubro (Quadro n.º 1); Valor definido tendo em vista o bom estado da massa de água recetora e a manutenção dos usos dessa massa de água.","De acordo com o artigo 69.º do Decreto-Lei n.º 236/98, de 1 de agosto.",Bimestral,Composta (i)
L011912.2016.RH7,Ano de arranque,Carência Química de Oxigénio (mg/L O2),75,,"Anexo I do Decreto-Lei n.º 152/97, de 19 de junho, com as alterações introduzidas pelos Decretos-Leis n.os 348/98, de 9 de novembro, 149/2004, de 22 de junho, e 198/2008, de 8 de outubro (Quadro n.º 1); Valor definido tendo em vista o bom estado da massa de água recetora e a manutenção dos usos dessa massa de água.","De acordo com o artigo 69.º do Decreto-Lei n.º 236/98, de 1 de agosto.",Bimestral,Composta (i)
L011912.2016.RH7,Ano de arranque,Sólidos Suspensos Totais (mg/L),90,,"Anexo I do Decreto-Lei n.º 152/97, de 19 de junho, com as alterações introduzidas pelos Decretos-Leis n.os 348/98, de 9 de novembro, 149/2004, de 22 de junho, e 198/2008, de 8 de outubro (Quadro n.º 1); Valor definido tendo em vista o bom estado da massa de água recetora e a manutenção dos usos dessa massa de água.","De acordo com o artigo 69.º do Decreto-Lei n.º 236/98, de 1 de agosto.",Bimestral,Composta (i)
L011912.2016.RH7,Ano de arranque,Óleos e Gorduras (mg/L),,15,"Anexo XVIII do Decreto-Lei n.º 236/98, de 1 de agosto; Anexo XVIII do Decreto-Lei n.º 236/98, de 1 de agosto;","De acordo com o artigo 69.º do Decreto-Lei n.º 236/98, de 1 de agosto.",Bimestral,Composta (i)
L011912.2016.RH7,Ano de arranque,Coliformes fecais (/100 ml),,2000,Valor definido tendo em vista o bom estado da massa de água recetora e a manutenção dos usos dessa massa de água.,"De acordo com o artigo 69.º do Decreto-Lei n.º 236/98, de 1 de agosto.",Bimestral,Pontual
L011912.2016.RH7,Normal,Coliformes fecais (/100 ml),,2000,"Anexo I do Decreto-Lei n.º 152/97, de 19 de junho, com as alterações introduzidas pelos Decretos-Leis n.os 348/98, de 9 de novembro, 149/2004, de 22 de junho, e 198/2008, de 8 de outubro (Quadro n.º 1); Valor definido tendo em vista o bom estado da massa de água recetora e a manutenção dos usos dessa massa de água.","De acordo com o artigo 69.º do Decreto-Lei n.º 236/98, de 1 de agosto.",Bimestral,Pontual
L011912.2016.RH7,Normal,Óleos e Gorduras (mg/L),,15,"Anexo XVIII do Decreto-Lei n.º 236/98, de 1 de agosto; Anexo XVIII do Decreto-Lei n.º 236/98, de 1 de agosto;","De acordo com o artigo 69.º do Decreto-Lei n.º 236/98, de 1 de agosto.",Bimestral,Composta (i)
L011912.2016.RH7,Normal,Sólidos Suspensos Totais (mg/L),,60,"Anexo XVIII do Decreto-Lei n.º 236/98, de 1 de agosto; Anexo XVIII do Decreto-Lei n.º 236/98, de 1 de agosto;","De acordo com o artigo 69.º do Decreto-Lei n.º 236/98, de 1 de agosto.",Bimestral,Composta (i)
L011912.2016.RH7,Normal,Carência Química de Oxigénio (mg/L O2),,150,"Anexo XVIII do Decreto-Lei n.º 236/98, de 1 de agosto; Anexo XVIII do Decreto-Lei n.º 236/98, de 1 de agosto;","De acordo com o artigo 69.º do Decreto-Lei n.º 236/98, de 1 de agosto.",Bimestral,Composta (i)
L011912.2016.RH7,Normal,Carência Bioquímica de Oxigénio (mg/L O2),,40,"Anexo XVIII do Decreto-Lei n.º 236/98, de 1 de agosto; Anexo XVIII do Decreto-Lei n.º 236/98, de 1 de agosto;","De acordo com o artigo 69.º do Decreto-Lei n.º 236/98, de 1 de agosto.",Bimestral,Composta (i)
L011912.2016.RH7,Normal,pH (Escala de Sörensen),,"6,0 - 9,0","Anexo XVIII do Decreto-Lei n.º 236/98, de 1 de agosto; Anexo XVIII do Decreto-Lei n.º 236/98, de 1 de agosto;","De acordo com o artigo 69.º do Decreto-Lei n.º 236/98, de 1 de agosto.",Bimestral,Composta (i)
L006730.2022.RH5A,Normal,pH (Escala de Sörensen),,6-9,"Anexo XVIII do Decreto-Lei nº 236/98, de 1 de agosto","De acordo com o nº6 do artigo 69o do Decreto-Lei nº 236/98, de 1 de Agosto.",Mensal,Pontual
L006730.2022.RH5A,Normal,Carência Bioquímica de Oxigénio (mg/L O2),,40,"Anexo XVIII do Decreto-Lei nº 236/98, de 1 de agosto","De acordo com o nº6 do artigo 69o do Decreto-Lei nº 236/98, de 1 de Agosto.",Mensal,Pontual
L006730.2022.RH5A,Normal,Carência Química de Oxigénio (mg/L O2),,150,"Anexo XVIII do Decreto-Lei nº 236/98, de 1 de agosto","De acordo com o nº6 do artigo 69o do Decreto-Lei nº 236/98, de 1 de Agosto.",Mensal,Pontual
L006730.2022.RH5A,Normal,Sólidos Suspensos Totais (mg/L),,60,"Anexo XVIII do Decreto-Lei nº 236/98, de 1 de agosto","De acordo com o nº6 do artigo 69o do Decreto-Lei nº 236/98, de 1 de Agosto.",Mensal,Pontual
L007497.2022.RH5A,Normal,pH (Escala de Sörensen),,6-9,"Anexo XVIII do Decreto-Lei nº 236/98, de 1 de agosto","De acordo com o nº6 do artigo 69o do Decreto-Lei nº 236/98, de 1 de Agosto.",Mensal,Composta (ii)
L007497.2022.RH5A,Normal,Carência Bioquímica de Oxigénio (mg/L O2),,40,"Anexo XVIII do Decreto-Lei nº 236/98, de 1 de agosto","De acordo com o nº6 do artigo 69o do Decreto-Lei nº 236/98, de 1 de Agosto.",Mensal,Composta (ii)
L007497.2022.RH5A,Normal,Carência Química de Oxigénio (mg/L O2),,150,"Anexo XVIII do Decreto-Lei nº 236/98, de 1 de agosto","De acordo com o nº6 do artigo 69o do Decreto-Lei nº 236/98, de 1 de Agosto.",Mensal,Composta (ii)
L007497.2022.RH5A,Normal,Sólidos Suspensos Totais (mg/L),,60,"Anexo XVIII do Decreto-Lei nº 236/98, de 1 de agosto","De acordo com o nº6 do artigo 69o do Decreto-Lei nº 236/98, de 1 de Agosto.",Mensal,Composta (ii)
L006837.2022.RH5A,Normal,pH (Escala de Sörensen),,6-9,"Anexo XVIII do Decreto-Lei nº 236/98, de 1 de agosto","De acordo com o nº6 do artigo 69o do Decreto-Lei nº 236/98, de 1 de Agosto.",Mensal,Composta (ii)
L006837.2022.RH5A,Normal,Carência Bioquímica de Oxigénio (mg/L O2),,40,"Anexo XVIII do Decreto-Lei nº 236/98, de 1 de agosto","De acordo com o nº6 do artigo 69o do Decreto-Lei nº 236/98, de 1 de Agosto.",Mensal,Composta (ii)
L006837.2022.RH5A,Normal,Carência Química de Oxigénio (mg/L O2),,150,"Anexo XVIII do Decreto-Lei nº 236/98, de 1 de agosto","De acordo com o nº6 do artigo 69o do Decreto-Lei nº 236/98, de 1 de Agosto.",Mensal,Composta (ii)
L006837.2022.RH5A,Normal,Sólidos Suspensos Totais (mg/L),,60,"Anexo XVIII do Decreto-Lei nº 236/98, de 1 de agosto","De acordo com o nº6 do artigo 69o do Decreto-Lei nº 236/98, de 1 de Agosto.",,
L006837.2022.RH5A,Normal,Óleos e Gorduras (mg/L),,15,"Anexo XVIII do Decreto-Lei nº 236/98, de 1 de agosto","De acordo com o nº6 do artigo 69o do Decreto-Lei nº 236/98, de 1 de Agosto.",Mensal,Pontual
L005951.2022.RH5A,Normal,pH (Escala de Sörensen),,6 a 9,"Anexo XVIII do Decreto-Lei nº 236/98, de 1 de agosto.","De acordo com o nº6 do artigo 69o do Decreto-Lei nº 236/98, de 1 de Agosto.De acordo com o Anexo I do Decreto-Lei n.º 152/97, de 19 de junho, com as alterações introduzidas pelos Decretos-Leis n.os 348/98, de 9 de novembro, 149/2004, de 22 de junho e 198/2008, de 8 de outubro: Verificação do n.º mínimo anual de amostras e verificação do n.º máximo de amostras não conformes e verificação do desvio aos valores paramétricos.",Mensal,Composta (i)
L005951.2022.RH5A,Normal,Carência Química de Oxigénio (mg/L O2),,150,"Anexo XVIII do Decreto-Lei nº 236/98, de 1 de agosto.","De acordo com o nº6 do artigo 69o do Decreto-Lei nº 236/98, de 1 de Agosto.De acordo com o Anexo I do Decreto-Lei n.º 152/97, de 19 de junho, com as alterações introduzidas pelos Decretos-Leis n.os 348/98, de 9 de novembro, 149/2004, de 22 de junho e 198/2008, de 8 de outubro: Verificação do n.º mínimo anual de amostras e verificação do n.º máximo de amostras não conformes e verificação do desvio aos valores paramétricos.",Mensal,Composta (i)
L005951.2022.RH5A,Normal,Carência Bioquímica de Oxigénio (mg/L O2),,40,"Anexo XVIII do Decreto-Lei nº 236/98, de 1 de agosto.","De acordo com o nº6 do artigo 69o do Decreto-Lei nº 236/98, de 1 de Agosto.De acordo com o Anexo I do Decreto-Lei n.º 152/97, de 19 de junho, com as alterações introduzidas pelos Decretos-Leis n.os 348/98, de 9 de novembro, 149/2004, de 22 de junho e 198/2008, de 8 de outubro: Verificação do n.º mínimo anual de amostras e verificação do n.º máximo de amostras não conformes e verificação do desvio aos valores paramétricos.",Mensal,Composta (i)
L005951.2022.RH5A,Normal,Sólidos Suspensos Totais (mg/L),,60,"Anexo XVIII do Decreto-Lei nº 236/98, de 1 de agosto.","De acordo com o nº6 do artigo 69o do Decreto-Lei nº 236/98, de 1 de Agosto.De acordo com o Anexo I do Decreto-Lei n.º 152/97, de 19 de junho, com as alterações introduzidas pelos Decretos-Leis n.os 348/98, de 9 de novembro, 149/2004, de 22 de junho e 198/2008, de 8 de outubro: Verificação do n.º mínimo anual de amostras e verificação do n.º máximo de amostras não conformes e verificação do desvio aos valores paramétricos.",Mensal,Composta (i)
L005951.2022.RH5A,Normal,Óleos e Gorduras (mg/L),,15,"Anexo XVIII do Decreto-Lei nº 236/98, de 1 de agosto.","De acordo com o nº6 do artigo 69o do Decreto-Lei nº 236/98, de 1 de Agosto.De acordo com o Anexo I do Decreto-Lei n.º 152/97, de 19 de junho, com as alterações introduzidas pelos Decretos-Leis n.os 348/98, de 9 de novembro, 149/2004, de 22 de junho e 198/2008, de 8 de outubro: Verificação do n.º mínimo anual de amostras e verificação do n.º máximo de amostras não conformes e verificação do desvio aos valores paramétricos.",Trimestral,Pontual
L000894.2021.RH7,Normal,Óleos e Gorduras (mg/L),,15,"Anexo XVIII do Decreto-Lei n.º 236/98, de 1 de agosto.","De acordo com o artigo 69.º do Decreto-Lei n.º 236/98, de 1 de agosto. Atendendo à origem das águas residuais e aos objetivos de qualidade definidos para a massa de água recetora, o número máximo anual de amostras que podem não ser conformes não pode exceder 1 (uma), para os parâmetros pH, CBO5 e CQO; para o parâmetro Óleos e gorduras todas as amostras têm que ser conformes.",Semestral,Pontual
L000894.2021.RH7,Normal,Carência Química de Oxigénio (mg/L O2),,150,"Anexo XVIII do Decreto-Lei n.º 236/98, de 1 de agosto.","De acordo com o artigo 69.º do Decreto-Lei n.º 236/98, de 1 de agosto. Atendendo à origem das águas residuais e aos objetivos de qualidade definidos para a massa de água recetora, o número máximo anual de amostras que podem não ser conformes não pode exceder 1 (uma), para os parâmetros pH, CBO5 e CQO; para o parâmetro Óleos e gorduras todas as amostras têm que ser conformes.",Trimestral,Pontual
L000894.2021.RH7,Normal,Carência Bioquímica de Oxigénio (mg/L O2),,40,"Anexo XVIII do Decreto-Lei n.º 236/98, de 1 de agosto.","De acordo com o artigo 69.º do Decreto-Lei n.º 236/98, de 1 de agosto. Atendendo à origem das águas residuais e aos objetivos de qualidade definidos para a massa de água recetora, o número máximo anual de amostras que podem não ser conformes não pode exceder 1 (uma), para os parâmetros pH, CBO5 e CQO; para o parâmetro Óleos e gorduras todas as amostras têm que ser conformes.",Trimestral,Pontual
L000894.2021.RH7,Normal,pH (Escala de Sörensen),,"6,0 - 9,0","Anexo XVIII do Decreto-Lei n.º 236/98, de 1 de agosto.","De acordo com o artigo 69.º do Decreto-Lei n.º 236/98, de 1 de agosto. Atendendo à origem das águas residuais e aos objetivos de qualidade definidos para a massa de água recetora, o número máximo anual de amostras que podem não ser conformes não pode exceder 1 (uma), para os parâmetros pH, CBO5 e CQO; para o parâmetro Óleos e gorduras todas as amostras têm que ser conformes.",Trimestral,Pontual
L003861.2014.RH6,Normal,pH (Escala de Sörensen),,6-9,"Anexo XVIII do Decreto-Lei nº 236/98, de 1 de agosto","De acordo com o nº6 do artigo 69o do Decreto-Lei nº 236/98, de 1 de Agosto.",Trimestral,Pontual
L003861.2014.RH6,Normal,Carência Bioquímica de Oxigénio (mg/L O2),,40,"Anexo XVIII do Decreto-Lei nº 236/98, de 1 de agosto","De acordo com o nº6 do artigo 69o do Decreto-Lei nº 236/98, de 1 de Agosto.",Trimestral,Pontual
L003861.2014.RH6,Normal,Carência Química de Oxigénio (mg/L O2),,150,"Anexo XVIII do Decreto-Lei nº 236/98, de 1 de agosto","De acordo com o nº6 do artigo 69o do Decreto-Lei nº 236/98, de 1 de Agosto.",Trimestral,Pontual
L003861.2014.RH6,Normal,Sólidos Suspensos Totais (mg/L),,60,"Anexo XVIII do Decreto-Lei nº 236/98, de 1 de agosto","De acordo com o nº6 do artigo 69o do Decreto-Lei nº 236/98, de 1 de Agosto.",Trimestral,Pontual
L003861.2014.RH6,Normal,Óleos e Gorduras (mg/L),,15,"Anexo XVIII do Decreto-Lei nº 236/98, de 1 de agosto","De acordo com o nº6 do artigo 69o do Decreto-Lei nº 236/98, de 1 de Agosto.",Semestral,Pontual
L000801.2021.RH7,Normal,pH (Escala de Sörensen),,"6,0 - 9,0","Anexo XVIII do Decreto-Lei n.º 236/98, de 1 de agosto.","De acordo com o artigo 69.º do Decreto-Lei n.º 236/98, de 1 de agosto. Atendendo à origem das águas residuais e aos objetivos de qualidade definidos para a massa de água recetora, o número máximo anual de amostras que podem não ser conformes não pode exceder 1 (uma), para os parâmetros pH, CBO5, CQO e SST; para o parâmetro Óleos e gorduras todas as amostras têm que ser conformes.",Trimestral,Composta (iii)
L000801.2021.RH7,Normal,Carência Bioquímica de Oxigénio (mg/L O2),,40,"Anexo XVIII do Decreto-Lei n.º 236/98, de 1 de agosto.","De acordo com o artigo 69.º do Decreto-Lei n.º 236/98, de 1 de agosto. Atendendo à origem das águas residuais e aos objetivos de qualidade definidos para a massa de água recetora, o número máximo anual de amostras que podem não ser conformes não pode exceder 1 (uma), para os parâmetros pH, CBO5, CQO e SST; para o parâmetro Óleos e gorduras todas as amostras têm que ser conformes.",Trimestral,Composta (iii)
L000801.2021.RH7,Normal,Carência Química de Oxigénio (mg/L O2),,150,"Anexo XVIII do Decreto-Lei n.º 236/98, de 1 de agosto.","De acordo com o artigo 69.º do Decreto-Lei n.º 236/98, de 1 de agosto. Atendendo à origem das águas residuais e aos objetivos de qualidade definidos para a massa de água recetora, o número máximo anual de amostras que podem não ser conformes não pode exceder 1 (uma), para os parâmetros pH, CBO5, CQO e SST; para o parâmetro Óleos e gorduras todas as amostras têm que ser conformes.",Trimestral,Composta (iii)
L000801.2021.RH7,Normal,Sólidos Suspensos Totais (mg/L),,60,"Anexo XVIII do Decreto-Lei n.º 236/98, de 1 de agosto.","De acordo com o artigo 69.º do Decreto-Lei n.º 236/98, de 1 de agosto. Atendendo à origem das águas residuais e aos objetivos de qualidade definidos para a massa de água recetora, o número máximo anual de amostras que podem não ser conformes não pode exceder 1 (uma), para os parâmetros pH, CBO5, CQO e SST; para o parâmetro Óleos e gorduras todas as amostras têm que ser conformes.",Trimestral,Composta (iii)
L000801.2021.RH7,Normal,Óleos e Gorduras (mg/L),,15,"Anexo XVIII do Decreto-Lei n.º 236/98, de 1 de agosto.","De acordo com o artigo 69.º do Decreto-Lei n.º 236/98, de 1 de agosto. Atendendo à origem das águas residuais e aos objetivos de qualidade definidos para a massa de água recetora, o número máximo anual de amostras que podem não ser conformes não pode exceder 1 (uma), para os parâmetros pH, CBO5, CQO e SST; para o parâmetro Óleos e gorduras todas as amostras têm que ser conformes.",Semestral,Composta (iii)
L009075.2018.RH7,Ano de arranque,pH (Escala de Sörensen),,6.0 - 9.0,"Anexo XVIII do Decreto-Lei nº 236/98, de 1 de agosto Anexo XVIII do Decreto-Lei nº 236/98, de 1 de agosto","De acordo com o nº6 do artigo 69o do Decreto-Lei nº 236/98, de 1 de Agosto.De acordo com o Anexo I do Decreto-Lei n.º 152/97, de 19 de junho, com as alterações introduzidas pelos Decretos-Leis n.os 348/98, de 9 de novembro, 149/2004, de 22 de junho e 198/2008, de 8 de outubro: Verificação do n.º mínimo anual de amostras e verificação do n.º máximo de amostras não conformes e verificação do desvio aos valores paramétricos.",Trimestral,Composta (i)
L009075.2018.RH7,Ano de arranque,Carência Bioquímica de Oxigénio (mg/L O2),,70 - 90,"Decreto-Lei nº 152/97, de 19 de junho Decreto-Lei nº 152/97, de 19 de junho","De acordo com o nº6 do artigo 69o do Decreto-Lei nº 236/98, de 1 de Agosto.De acordo com o Anexo I do Decreto-Lei n.º 152/97, de 19 de junho, com as alterações introduzidas pelos Decretos-Leis n.os 348/98, de 9 de novembro, 149/2004, de 22 de junho e 198/2008, de 8 de outubro: Verificação do n.º mínimo anual de amostras e verificação do n.º máximo de amostras não conformes e verificação do desvio aos valores paramétricos.",Trimestral,Composta (i)
L009075.2018.RH7,Ano de arranque,Carência Química de Oxigénio (mg/L O2),75,,"Decreto-Lei nº 152/97, de 19 de junho Decreto-Lei nº 152/97, de 19 de junho","De acordo com o nº6 do artigo 69o do Decreto-Lei nº 236/98, de 1 de Agosto.De acordo com o Anexo I do Decreto-Lei n.º 152/97, de 19 de junho, com as alterações introduzidas pelos Decretos-Leis n.os 348/98, de 9 de novembro, 149/2004, de 22 de junho e 198/2008, de 8 de outubro: Verificação do n.º mínimo anual de amostras e verificação do n.º máximo de amostras não conformes e verificação do desvio aos valores paramétricos.",Trimestral,Composta (i)
L009075.2018.RH7,Normal,Sólidos Suspensos Totais (mg/L),,60,"Anexo XVIII do Decreto-Lei nº 236/98, de 1 de agosto Anexo XVIII do Decreto-Lei nº 236/98, de 1 de agosto","De acordo com o nº6 do artigo 69o do Decreto-Lei nº 236/98, de 1 de Agosto.De acordo com o Anexo I do Decreto-Lei n.º 152/97, de 19 de junho, com as alterações introduzidas pelos Decretos-Leis n.os 348/98, de 9 de novembro, 149/2004, de 22 de junho e 198/2008, de 8 de outubro: Verificação do n.º mínimo anual de amostras e verificação do n.º máximo de amostras não conformes e verificação do desvio aos valores paramétricos.",Trimestral,Composta (i)
L009075.2018.RH7,Normal,Carência Química de Oxigénio (mg/L O2),,150,"Anexo XVIII do Decreto-Lei nº 236/98, de 1 de agosto Anexo XVIII do Decreto-Lei nº 236/98, de 1 de agosto","De acordo com o nº6 do artigo 69o do Decreto-Lei nº 236/98, de 1 de Agosto.De acordo com o Anexo I do Decreto-Lei n.º 152/97, de 19 de junho, com as alterações introduzidas pelos Decretos-Leis n.os 348/98, de 9 de novembro, 149/2004, de 22 de junho e 198/2008, de 8 de outubro: Verificação do n.º mínimo anual de amostras e verificação do n.º máximo de amostras não conformes e verificação do desvio aos valores paramétricos.",Trimestral,Composta (i)
L009075.2018.RH7,Normal,Carência Bioquímica de Oxigénio (mg/L O2),,40,"Anexo XVIII do Decreto-Lei nº 236/98, de 1 de agosto Anexo XVIII do Decreto-Lei nº 236/98, de 1 de agosto","De acordo com o nº6 do artigo 69o do Decreto-Lei nº 236/98, de 1 de Agosto.De acordo com o Anexo I do Decreto-Lei n.º 152/97, de 19 de junho, com as alterações introduzidas pelos Decretos-Leis n.os 348/98, de 9 de novembro, 149/2004, de 22 de junho e 198/2008, de 8 de outubro: Verificação do n.º mínimo anual de amostras e verificação do n.º máximo de amostras não conformes e verificação do desvio aos valores paramétricos.",Trimestral,Composta (i)
L009075.2018.RH7,Normal,pH (Escala de Sörensen),,6.0 - 9.0,"Anexo XVIII do Decreto-Lei nº 236/98, de 1 de agosto Anexo XVIII do Decreto-Lei nº 236/98, de 1 de agosto","De acordo com o nº6 do artigo 69o do Decreto-Lei nº 236/98, de 1 de Agosto.De acordo com o Anexo I do Decreto-Lei n.º 152/97, de 19 de junho, com as alterações introduzidas pelos Decretos-Leis n.os 348/98, de 9 de novembro, 149/2004, de 22 de junho e 198/2008, de 8 de outubro: Verificação do n.º mínimo anual de amostras e verificação do n.º máximo de amostras não conformes e verificação do desvio aos valores paramétricos.",Trimestral,Composta (i)
L006737.2022.RH5A,Normal,pH (Escala de Sörensen),,6-9,"Anexo XVIII do Decreto-Lei nº 236/98, de 1 de agosto","De acordo com o nº6 do artigo 69o do Decreto-Lei nº 236/98, de 1 de Agosto.",Mensal,Composta (ii)
L006737.2022.RH5A,Normal,Carência Bioquímica de Oxigénio (mg/L O2),,40,"Anexo XVIII do Decreto-Lei nº 236/98, de 1 de agosto","De acordo com o nº6 do artigo 69o do Decreto-Lei nº 236/98, de 1 de Agosto.",Mensal,Composta (ii)
L006737.2022.RH5A,Normal,Carência Química de Oxigénio (mg/L O2),,150,"Anexo XVIII do Decreto-Lei nº 236/98, de 1 de agosto","De acordo com o nº6 do artigo 69o do Decreto-Lei nº 236/98, de 1 de Agosto.",Mensal,Composta (ii)
L006737.2022.RH5A,Normal,Sólidos Suspensos Totais (mg/L),,60,"Anexo XVIII do Decreto-Lei nº 236/98, de 1 de agosto","De acordo com o nº6 do artigo 69o do Decreto-Lei nº 236/98, de 1 de Agosto.",Mensal,Composta (ii)
L006737.2022.RH5A,Normal,Escherichia coli (NMP/100 mL),,2000,Época Balnear,"De acordo com o nº6 do artigo 69o do Decreto-Lei nº 236/98, de 1 de Agosto.",Quinzenal,Pontual
L005347.2021.RH5A,Normal,pH (Escala de Sörensen),,6-9,"Anexo XVIII do Decreto-Lei nº 236/98, de 1 de agosto","De acordo com o Anexo I do Decreto-Lei n.º 152/97, de 19 de junho, com as alterações introduzidas pelos Decretos-Leis n.os 348/98, de 9 de novembro, 149/2004, de 22 de junho e 198/2008, de 8 de outubro: Verificação do n.º mínimo anual de amostras e verificação do n.º máximo de amostras não conformes e verificação do desvio aos valores paramétricos.",Quinzenal,Composta (ii)
L005347.2021.RH5A,Normal,Carência Química de Oxigénio (mg/L O2),,125,"Decreto-Lei nº 152/97, de 19 de junho","De acordo com o Anexo I do Decreto-Lei n.º 152/97, de 19 de junho, com as alterações introduzidas pelos Decretos-Leis n.os 348/98, de 9 de novembro, 149/2004, de 22 de junho e 198/2008, de 8 de outubro: Verificação do n.º mínimo anual de amostras e verificação do n.º máximo de amostras não conformes e verificação do desvio aos valores paramétricos.",Quinzenal,Composta (ii)
L005347.2021.RH5A,Normal,Sólidos Suspensos Totais (mg/L),,35,"Decreto-Lei nº 152/97, de 19 de junho","De acordo com o Anexo I do Decreto-Lei n.º 152/97, de 19 de junho, com as alterações introduzidas pelos Decretos-Leis n.os 348/98, de 9 de novembro, 149/2004, de 22 de junho e 198/2008, de 8 de outubro: Verificação do n.º mínimo anual de amostras e verificação do n.º máximo de amostras não conformes e verificação do desvio aos valores paramétricos.",Quinzenal,Composta (ii)
L005347.2021.RH5A,Normal,Carência Bioquímica de Oxigénio (mg/L O2),,20,"Abordagem combinada conforme descrita no art.º 53.º, da Lei n.º 58/2005, de 29 de dezembro.","De acordo com o Anexo I do Decreto-Lei n.º 152/97, de 19 de junho, com as alterações introduzidas pelos Decretos-Leis n.os 348/98, de 9 de novembro, 149/2004, de 22 de junho e 198/2008, de 8 de outubro: Verificação do n.º mínimo anual de amostras e verificação do n.º máximo de amostras não conformes e verificação do desvio aos valores paramétricos.",Quinzenal,Composta (ii)
L006858.2022.RH5A,Normal,pH (Escala de Sörensen),,6-9,"Anexo XVIII do Decreto-Lei nº 236/98, de 1 de agosto","De acordo com o nº6 do artigo 69o do Decreto-Lei nº 236/98, de 1 de Agosto.",Mensal,Composta (ii)
L006858.2022.RH5A,Normal,Carência Bioquímica de Oxigénio (mg/L O2),,40,"Anexo XVIII do Decreto-Lei nº 236/98, de 1 de agosto","De acordo com o nº6 do artigo 69o do Decreto-Lei nº 236/98, de 1 de Agosto.",Mensal,Composta (ii)
L006858.2022.RH5A,Normal,Carência Química de Oxigénio (mg/L O2),,150,"Anexo XVIII do Decreto-Lei nº 236/98, de 1 de agosto","De acordo com o nº6 do artigo 69o do Decreto-Lei nº 236/98, de 1 de Agosto.",Mensal,Composta (ii)
L006858.2022.RH5A,Normal,Sólidos Suspensos Totais (mg/L),,60,"Anexo XVIII do Decreto-Lei nº 236/98, de 1 de agosto","De acordo com o nº6 do artigo 69o do Decreto-Lei nº 236/98, de 1 de Agosto.",Mensal,Composta (ii)
L004532.2014.RH6,Normal,pH (Escala de Sörensen),,"6,0 - 9,0","Anexo XVIII do Decreto-Lei n.º 236/98, de 1 de agosto.","De acordo com o artigo 69.º do Decreto-Lei n.º 236/98, de 1 de agosto.",Trimestral,Pontual
L004532.2014.RH6,Normal,Carência Bioquímica de Oxigénio (mg/L O2),,40,"Anexo XVIII do Decreto-Lei n.º 236/98, de 1 de agosto.","De acordo com o artigo 69.º do Decreto-Lei n.º 236/98, de 1 de agosto.",Trimestral,Pontual
L004532.2014.RH6,Normal,Carência Química de Oxigénio (mg/L O2),,150,"Anexo XVIII do Decreto-Lei n.º 236/98, de 1 de agosto.","De acordo com o artigo 69.º do Decreto-Lei n.º 236/98, de 1 de agosto.",Trimestral,Pontual
L004532.2014.RH6,Normal,Sólidos Suspensos Totais (mg/L),,60,"Anexo XVIII do Decreto-Lei n.º 236/98, de 1 de agosto.","De acordo com o artigo 69.º do Decreto-Lei n.º 236/98, de 1 de agosto.",Trimestral,Pontual
L004532.2014.RH6,Normal,Óleos e Gorduras (mg/L),,15,"Anexo XVIII do Decreto-Lei n.º 236/98, de 1 de agosto.","De acordo com o artigo 69.º do Decreto-Lei n.º 236/98, de 1 de agosto.",Semestral,Pontual
L000928.2018.RH7,Normal,pH (Escala de Sörensen),,"6,0 - 9,0",,"De acordo com a alínea D) do Anexo I do Decreto-Lei n.º 152/97, de 19 de junho, com as alterações introduzidas pelos Decretos-Leis n.os 348/98, de 9 de novembro, 149/2004, de 22 de junho, e 198/2008, de 8 de outubro, e o artigo 69.º do Decreto-Lei n.º 236/98, de 1 de agosto. Ver (1) nas Observações.",Mensal,Composta (i)
L000928.2018.RH7,Normal,Carência Bioquímica de Oxigénio (mg/L O2),,25,"Decreto-Lei n.º 152/97, de 19 de junho, com as alterações introduzidas pelos Decretos-Leis n.ºs 348/98, de 9 de novembro, 149/2004, de 22 de junho, 198/2008, de 8 de outubro e 133/2015, de 13 de julho (Quadro 1).","De acordo com a alínea D) do Anexo I do Decreto-Lei n.º 152/97, de 19 de junho, com as alterações introduzidas pelos Decretos-Leis n.os 348/98, de 9 de novembro, 149/2004, de 22 de junho, e 198/2008, de 8 de outubro, e o artigo 69.º do Decreto-Lei n.º 236/98, de 1 de agosto. Ver (1) nas Observações.",Mensal,Composta (i)
L000928.2018.RH7,Normal,Carência Química de Oxigénio (mg/L O2),,125,"Decreto-Lei n.º 152/97, de 19 de junho, com as alterações introduzidas pelos Decretos-Leis n.ºs 348/98, de 9 de novembro, 149/2004, de 22 de junho, 198/2008, de 8 de outubro e 133/2015, de 13 de julho (Quadro 1).","De acordo com a alínea D) do Anexo I do Decreto-Lei n.º 152/97, de 19 de junho, com as alterações introduzidas pelos Decretos-Leis n.os 348/98, de 9 de novembro, 149/2004, de 22 de junho, e 198/2008, de 8 de outubro, e o artigo 69.º do Decreto-Lei n.º 236/98, de 1 de agosto. Ver (1) nas Observações.",Mensal,Composta (i)
L000928.2018.RH7,Normal,Sólidos Suspensos Totais (mg/L),,35,"Decreto-Lei n.º 152/97, de 19 de junho, com as alterações introduzidas pelos Decretos-Leis n.ºs 348/98, de 9 de novembro, 149/2004, de 22 de junho, 198/2008, de 8 de outubro e 133/2015, de 13 de julho (Quadro 1).","De acordo com a alínea D) do Anexo I do Decreto-Lei n.º 152/97, de 19 de junho, com as alterações introduzidas pelos Decretos-Leis n.os 348/98, de 9 de novembro, 149/2004, de 22 de junho, e 198/2008, de 8 de outubro, e o artigo 69.º do Decreto-Lei n.º 236/98, de 1 de agosto. Ver (1) nas Observações.",Mensal,Composta (i)
L000928.2018.RH7,Normal,Óleos e Gorduras (mg/L),,15,,"De acordo com a alínea D) do Anexo I do Decreto-Lei n.º 152/97, de 19 de junho, com as alterações introduzidas pelos Decretos-Leis n.os 348/98, de 9 de novembro, 149/2004, de 22 de junho, e 198/2008, de 8 de outubro, e o artigo 69.º do Decreto-Lei n.º 236/98, de 1 de agosto. Ver (1) nas Observações.",Mensal,Composta (i)
L016490.2019.RH7,Normal,pH (Escala de Sörensen),,"6,0 - 9,0","Anexo XVIII do Decreto-Lei n.º 236/98, de 1 de agosto.","De acordo com o artigo 69.º do Decreto-Lei n.º 236/98, de 1 de agosto. Atendendo à origem das águas residuais e aos objetivos de qualidade definidos para a massa de água recetora, o número máximo anual de amostras que podem não ser conformes não pode exceder 1 (uma), para os parâmetros pH, CBO5, CQO e SST; para o parâmetro Óleos e gorduras todas as amostras têm que ser conformes.",Trimestral,Composta (iii)
L016490.2019.RH7,Normal,Carência Bioquímica de Oxigénio (mg/L O2),,40,"Anexo XVIII do Decreto-Lei n.º 236/98, de 1 de agosto.","De acordo com o artigo 69.º do Decreto-Lei n.º 236/98, de 1 de agosto. Atendendo à origem das águas residuais e aos objetivos de qualidade definidos para a massa de água recetora, o número máximo anual de amostras que podem não ser conformes não pode exceder 1 (uma), para os parâmetros pH, CBO5, CQO e SST; para o parâmetro Óleos e gorduras todas as amostras têm que ser conformes.",Trimestral,Composta (iii)
L016490.2019.RH7,Normal,Carência Química de Oxigénio (mg/L O2),,150,"Anexo XVIII do Decreto-Lei n.º 236/98, de 1 de agosto.","De acordo com o artigo 69.º do Decreto-Lei n.º 236/98, de 1 de agosto. Atendendo à origem das águas residuais e aos objetivos de qualidade definidos para a massa de água recetora, o número máximo anual de amostras que podem não ser conformes não pode exceder 1 (uma), para os parâmetros pH, CBO5, CQO e SST; para o parâmetro Óleos e gorduras todas as amostras têm que ser conformes.",Trimestral,Composta (iii)
L016490.2019.RH7,Normal,Sólidos Suspensos Totais (mg/L),,60,"Anexo XVIII do Decreto-Lei n.º 236/98, de 1 de agosto.","De acordo com o artigo 69.º do Decreto-Lei n.º 236/98, de 1 de agosto. Atendendo à origem das águas residuais e aos objetivos de qualidade definidos para a massa de água recetora, o número máximo anual de amostras que podem não ser conformes não pode exceder 1 (uma), para os parâmetros pH, CBO5, CQO e SST; para o parâmetro Óleos e gorduras todas as amostras têm que ser conformes.",Trimestral,Composta (iii)
L016490.2019.RH7,Normal,Óleos e Gorduras (mg/L),,15,"Anexo XVIII do Decreto-Lei n.º 236/98, de 1 de agosto.","De acordo com o artigo 69.º do Decreto-Lei n.º 236/98, de 1 de agosto. Atendendo à origem das águas residuais e aos objetivos de qualidade definidos para a massa de água recetora, o número máximo anual de amostras que podem não ser conformes não pode exceder 1 (uma), para os parâmetros pH, CBO5, CQO e SST; para o parâmetro Óleos e gorduras todas as amostras têm que ser conformes.",Semestral,Composta (iii)
L015829.2021.RH4A,Normal,Sólidos Suspensos Totais (mg/L),,60,"Anexo XVIII do Decreto-Lei nº 236/98, de 1 de agosto.","De acordo com o nº6 do artigo 69o do Decreto-Lei nº 236/98, de 1 de Agosto.De acordo com o Anexo I do Decreto-Lei n.º 152/97, de 19 de junho, com as alterações introduzidas pelos Decretos-Leis n.os 348/98, de 9 de novembro, 149/2004, de 22 de junho e 198/2008, de 8 de outubro: Verificação do n.º mínimo anual de amostras e verificação do n.º máximo de amostras não conformes e verificação do desvio aos valores paramétricos.",Trimestral,Composta (i)
L015829.2021.RH4A,Normal,Carência Química de Oxigénio (mg/L O2),,150,"Anexo XVIII do Decreto-Lei nº 236/98, de 1 de agosto.","De acordo com o nº6 do artigo 69o do Decreto-Lei nº 236/98, de 1 de Agosto.De acordo com o Anexo I do Decreto-Lei n.º 152/97, de 19 de junho, com as alterações introduzidas pelos Decretos-Leis n.os 348/98, de 9 de novembro, 149/2004, de 22 de junho e 198/2008, de 8 de outubro: Verificação do n.º mínimo anual de amostras e verificação do n.º máximo de amostras não conformes e verificação do desvio aos valores paramétricos.",Trimestral,Composta (i)
L015829.2021.RH4A,Normal,Carência Bioquímica de Oxigénio (mg/L O2),,40,"Anexo XVIII do Decreto-Lei nº 236/98, de 1 de agosto.","De acordo com o nº6 do artigo 69o do Decreto-Lei nº 236/98, de 1 de Agosto.De acordo com o Anexo I do Decreto-Lei n.º 152/97, de 19 de junho, com as alterações introduzidas pelos Decretos-Leis n.os 348/98, de 9 de novembro, 149/2004, de 22 de junho e 198/2008, de 8 de outubro: Verificação do n.º mínimo anual de amostras e verificação do n.º máximo de amostras não conformes e verificação do desvio aos valores paramétricos.",Trimestral,Composta (i)
L015829.2021.RH4A,Normal,pH (Escala de Sörensen),,"6,0 a 9,0","Anexo XVIII do Decreto-Lei nº 236/98, de 1 de agosto.","De acordo com o nº6 do artigo 69o do Decreto-Lei nº 236/98, de 1 de Agosto.De acordo com o Anexo I do Decreto-Lei n.º 152/97, de 19 de junho, com as alterações introduzidas pelos Decretos-Leis n.os 348/98, de 9 de novembro, 149/2004, de 22 de junho e 198/2008, de 8 de outubro: Verificação do n.º mínimo anual de amostras e verificação do n.º máximo de amostras não conformes e verificação do desvio aos valores paramétricos.",Trimestral,Pontual
L009953.2020.RH5A,Normal,pH (Escala de Sörensen),,6-9,"Anexo XVIII do Decreto-Lei nº 236/98, de 1 de agosto","De acordo com o Anexo I do Decreto-Lei n.º 152/97, de 19 de junho, com as alterações introduzidas pelos Decretos-Leis n.os 348/98, de 9 de novembro, 149/2004, de 22 de junho e 198/2008, de 8 de outubro: Verificação do n.º mínimo anual de amostras e verificação do n.º máximo de amostras não conformes e verificação do desvio aos valores paramétricos.",Mensal,Composta (ii)
L009953.2020.RH5A,Normal,Carência Bioquímica de Oxigénio (mg/L O2),,40,"Anexo XVIII do Decreto-Lei nº 236/98, de 1 de agosto","De acordo com o Anexo I do Decreto-Lei n.º 152/97, de 19 de junho, com as alterações introduzidas pelos Decretos-Leis n.os 348/98, de 9 de novembro, 149/2004, de 22 de junho e 198/2008, de 8 de outubro: Verificação do n.º mínimo anual de amostras e verificação do n.º máximo de amostras não conformes e verificação do desvio aos valores paramétricos.",,
L009953.2020.RH5A,Normal,Carência Química de Oxigénio (mg/L O2),,150,"Anexo XVIII do Decreto-Lei nº 236/98, de 1 de agosto","De acordo com o Anexo I do Decreto-Lei n.º 152/97, de 19 de junho, com as alterações introduzidas pelos Decretos-Leis n.os 348/98, de 9 de novembro, 149/2004, de 22 de junho e 198/2008, de 8 de outubro: Verificação do n.º mínimo anual de amostras e verificação do n.º máximo de amostras não conformes e verificação do desvio aos valores paramétricos.",Mensal,Composta (ii)
L009953.2020.RH5A,Normal,Sólidos Suspensos Totais (mg/L),,60,"Anexo XVIII do Decreto-Lei nº 236/98, de 1 de agosto","De acordo com o Anexo I do Decreto-Lei n.º 152/97, de 19 de junho, com as alterações introduzidas pelos Decretos-Leis n.os 348/98, de 9 de novembro, 149/2004, de 22 de junho e 198/2008, de 8 de outubro: Verificação do n.º mínimo anual de amostras e verificação do n.º máximo de amostras não conformes e verificação do desvio aos valores paramétricos.",Mensal,Composta (ii)
L002750.2021.RH7,Normal,pH (Escala de Sörensen),,"6,0 - 9,0",,"De acordo com o artigo 69.º do Decreto-Lei n.º 236/98, de 1 de agosto. Atendendo à origem das águas residuais e aos objetivos de qualidade definidos para a massa de água recetora, o número máximo anual de amostras que podem não ser conformes não pode exceder 2 (duas), para os parâmetros pH, CBO5, CQO e SST; para o parâmetro Óleos e gorduras todas as amostras têm que ser conformes.",Mensal,Composta (iii)
L002750.2021.RH7,Normal,Carência Bioquímica de Oxigénio (mg/L O2),,40,,"De acordo com o artigo 69.º do Decreto-Lei n.º 236/98, de 1 de agosto. Atendendo à origem das águas residuais e aos objetivos de qualidade definidos para a massa de água recetora, o número máximo anual de amostras que podem não ser conformes não pode exceder 2 (duas), para os parâmetros pH, CBO5, CQO e SST; para o parâmetro Óleos e gorduras todas as amostras têm que ser conformes.",Mensal,Composta (iii)
L002750.2021.RH7,Normal,Carência Química de Oxigénio (mg/L O2),,150,,"De acordo com o artigo 69.º do Decreto-Lei n.º 236/98, de 1 de agosto. Atendendo à origem das águas residuais e aos objetivos de qualidade definidos para a massa de água recetora, o número máximo anual de amostras que podem não ser conformes não pode exceder 2 (duas), para os parâmetros pH, CBO5, CQO e SST; para o parâmetro Óleos e gorduras todas as amostras têm que ser conformes.",Mensal,Composta (iii)
L002750.2021.RH7,Normal,Sólidos Suspensos Totais (mg/L),,60,,"De acordo com o artigo 69.º do Decreto-Lei n.º 236/98, de 1 de agosto. Atendendo à origem das águas residuais e aos objetivos de qualidade definidos para a massa de água recetora, o número máximo anual de amostras que podem não ser conformes não pode exceder 2 (duas), para os parâmetros pH, CBO5, CQO e SST; para o parâmetro Óleos e gorduras todas as amostras têm que ser conformes.",Mensal,Composta (iii)
L002750.2021.RH7,Normal,Óleos e Gorduras (mg/L),,15,,"De acordo com o artigo 69.º do Decreto-Lei n.º 236/98, de 1 de agosto. Atendendo à origem das águas residuais e aos objetivos de qualidade definidos para a massa de água recetora, o número máximo anual de amostras que podem não ser conformes não pode exceder 2 (duas), para os parâmetros pH, CBO5, CQO e SST; para o parâmetro Óleos e gorduras todas as amostras têm que ser conformes.",Semestral,Composta (iii)
L009097.2020.RH7,Normal,pH (Escala de Sörensen),,"6,0 - 9,0","Anexo XVIII do Decreto-Lei n.º 236/98, de 1 de agosto.","De acordo com a alínea D) do Anexo I do Decreto-Lei n.º 152/97, de 19 de junho, com as alterações introduzidas pelos Decretos-Leis n.os 348/98, de 9 de novembro, 149/2004, de 22 de junho, e 198/2008, de 8 de outubro, e 133/2015, de 13 de julho, e o artigo 69.º do Decreto-Lei n.º 236/98, de 1 de agosto.",Mensal,Pontual
L009097.2020.RH7,Normal,Carência Bioquímica de Oxigénio (mg/L O2),,25,"Anexo I do Decreto-Lei n.º 152/97, de 19 de junho, com as alterações introduzidas pelos Decretos-Leis n.os 348/98, de 9 de novembro, 149/2004, de 22 de junho, 198/2008, de 8 de outubro e 133/2015, de 13 de julho (Quadro n.º 1). (*) A concentração do total de partículas sólidas em suspensão em amostras não filtradas não poderá exceder 150 mg/l.","De acordo com a alínea D) do Anexo I do Decreto-Lei n.º 152/97, de 19 de junho, com as alterações introduzidas pelos Decretos-Leis n.os 348/98, de 9 de novembro, 149/2004, de 22 de junho, e 198/2008, de 8 de outubro, e 133/2015, de 13 de julho, e o artigo 69.º do Decreto-Lei n.º 236/98, de 1 de agosto.",Mensal,Pontual
L009097.2020.RH7,Normal,Carência Química de Oxigénio (mg/L O2),,125,"Anexo I do Decreto-Lei n.º 152/97, de 19 de junho, com as alterações introduzidas pelos Decretos-Leis n.os 348/98, de 9 de novembro, 149/2004, de 22 de junho, 198/2008, de 8 de outubro e 133/2015, de 13 de julho (Quadro n.º 1). (*) A concentração do total de partículas sólidas em suspensão em amostras não filtradas não poderá exceder 150 mg/l.","De acordo com a alínea D) do Anexo I do Decreto-Lei n.º 152/97, de 19 de junho, com as alterações introduzidas pelos Decretos-Leis n.os 348/98, de 9 de novembro, 149/2004, de 22 de junho, e 198/2008, de 8 de outubro, e 133/2015, de 13 de julho, e o artigo 69.º do Decreto-Lei n.º 236/98, de 1 de agosto.",Mensal,Pontual
L009097.2020.RH7,Normal,Sólidos Suspensos Totais (mg/L),,35,,"De acordo com a alínea D) do Anexo I do Decreto-Lei n.º 152/97, de 19 de junho, com as alterações introduzidas pelos Decretos-Leis n.os 348/98, de 9 de novembro, 149/2004, de 22 de junho, e 198/2008, de 8 de outubro, e 133/2015, de 13 de julho, e o artigo 69.º do Decreto-Lei n.º 236/98, de 1 de agosto.",Mensal,Pontual
L009097.2020.RH7,Normal,(b)(*) Óleos e Gorduras (mg/L),,15,"Anexo XVIII do Decreto-Lei n.º 236/98, de 1 de agosto.","De acordo com a alínea D) do Anexo I do Decreto-Lei n.º 152/97, de 19 de junho, com as alterações introduzidas pelos Decretos-Leis n.os 348/98, de 9 de novembro, 149/2004, de 22 de junho, e 198/2008, de 8 de outubro, e 133/2015, de 13 de julho, e o artigo 69.º do Decreto-Lei n.º 236/98, de 1 de agosto.",,
L009098.2020.RH7,Normal,pH (Escala de Sörensen),,"6,0 - 9,0","Anexo XVIII do Decreto-Lei n.º 236/98, de 1 de agosto.","De acordo com a alínea D) do Anexo I do Decreto-Lei n.º 152/97, de 19 de junho, com as alterações introduzidas pelos Decretos-Leis n.os 348/98, de 9 de novembro, 149/2004, de 22 de junho, 198/2008, de 8 de outubro e 133/2015, de 13 de julho, e o artigo 69.º do Decreto-Lei n.º 236/98, de 1 de agosto.",Mensal,Pontual
L009098.2020.RH7,Normal,Carência Bioquímica de Oxigénio (mg/L O2),,25,"Anexo I do Decreto-Lei n.º 152/97, de 19 de junho, com as alterações introduzidas pelos Decretos-Leis n.os 348/98, de 9 de novembro, 149/2004, de 22 de junho, 198/2008, de 8 de outubro e 133/2015, de 13 de julho (Quadro n.º 1). (*) A concentração do total de partículas sólidas em suspensão em amostras não filtradas não poderá exceder 150 mg/l.","De acordo com a alínea D) do Anexo I do Decreto-Lei n.º 152/97, de 19 de junho, com as alterações introduzidas pelos Decretos-Leis n.os 348/98, de 9 de novembro, 149/2004, de 22 de junho, 198/2008, de 8 de outubro e 133/2015, de 13 de julho, e o artigo 69.º do Decreto-Lei n.º 236/98, de 1 de agosto.",Mensal,Pontual
L009098.2020.RH7,Normal,Carência Química de Oxigénio (mg/L O2),,125,"Anexo I do Decreto-Lei n.º 152/97, de 19 de junho, com as alterações introduzidas pelos Decretos-Leis n.os 348/98, de 9 de novembro, 149/2004, de 22 de junho, 198/2008, de 8 de outubro e 133/2015, de 13 de julho (Quadro n.º 1). (*) A concentração do total de partículas sólidas em suspensão em amostras não filtradas não poderá exceder 150 mg/l.","De acordo com a alínea D) do Anexo I do Decreto-Lei n.º 152/97, de 19 de junho, com as alterações introduzidas pelos Decretos-Leis n.os 348/98, de 9 de novembro, 149/2004, de 22 de junho, 198/2008, de 8 de outubro e 133/2015, de 13 de julho, e o artigo 69.º do Decreto-Lei n.º 236/98, de 1 de agosto.",Mensal,Pontual
L009098.2020.RH7,Normal,Sólidos Suspensos Totais (mg/L),,35,,"De acordo com a alínea D) do Anexo I do Decreto-Lei n.º 152/97, de 19 de junho, com as alterações introduzidas pelos Decretos-Leis n.os 348/98, de 9 de novembro, 149/2004, de 22 de junho, 198/2008, de 8 de outubro e 133/2015, de 13 de julho, e o artigo 69.º do Decreto-Lei n.º 236/98, de 1 de agosto.",Mensal,Pontual
L009098.2020.RH7,Normal,(b)(*) Óleos e Gorduras (mg/L),,15,"Anexo XVIII do Decreto-Lei n.º 236/98, de 1 de agosto.","De acordo com a alínea D) do Anexo I do Decreto-Lei n.º 152/97, de 19 de junho, com as alterações introduzidas pelos Decretos-Leis n.os 348/98, de 9 de novembro, 149/2004, de 22 de junho, 198/2008, de 8 de outubro e 133/2015, de 13 de julho, e o artigo 69.º do Decreto-Lei n.º 236/98, de 1 de agosto.",,
L018980.2022.RH4A,Normal,pH (Escala de Sörensen),,"6,0 a 9,0","Anexo XVIII do Decreto-Lei nº 236/98, de 1 de agosto.","De acordo com o nº6 do artigo 69o do Decreto-Lei nº 236/98, de 1 de Agosto.De acordo com o Anexo I do Decreto-Lei n.º 152/97, de 19 de junho, com as alterações introduzidas pelos Decretos-Leis n.os 348/98, de 9 de novembro, 149/2004, de 22 de junho e 198/2008, de 8 de outubro: Verificação do n.º mínimo anual de amostras e verificação do n.º máximo de amostras não conformes e verificação do desvio aos valores paramétricos.",Trimestral,Composta (i)
L018980.2022.RH4A,Normal,Carência Bioquímica de Oxigénio (mg/L O2),,40,"Anexo XVIII do Decreto-Lei nº 236/98, de 1 de agosto.","De acordo com o nº6 do artigo 69o do Decreto-Lei nº 236/98, de 1 de Agosto.De acordo com o Anexo I do Decreto-Lei n.º 152/97, de 19 de junho, com as alterações introduzidas pelos Decretos-Leis n.os 348/98, de 9 de novembro, 149/2004, de 22 de junho e 198/2008, de 8 de outubro: Verificação do n.º mínimo anual de amostras e verificação do n.º máximo de amostras não conformes e verificação do desvio aos valores paramétricos.",Trimestral,Composta (i)
L018980.2022.RH4A,Normal,Carência Química de Oxigénio (mg/L O2),,150,"Anexo XVIII do Decreto-Lei nº 236/98, de 1 de agosto.","De acordo com o nº6 do artigo 69o do Decreto-Lei nº 236/98, de 1 de Agosto.De acordo com o Anexo I do Decreto-Lei n.º 152/97, de 19 de junho, com as alterações introduzidas pelos Decretos-Leis n.os 348/98, de 9 de novembro, 149/2004, de 22 de junho e 198/2008, de 8 de outubro: Verificação do n.º mínimo anual de amostras e verificação do n.º máximo de amostras não conformes e verificação do desvio aos valores paramétricos.",Trimestral,Composta (i)
L018980.2022.RH4A,Normal,Sólidos Suspensos Totais (mg/L),,60,"Anexo XVIII do Decreto-Lei nº 236/98, de 1 de agosto.","De acordo com o nº6 do artigo 69o do Decreto-Lei nº 236/98, de 1 de Agosto.De acordo com o Anexo I do Decreto-Lei n.º 152/97, de 19 de junho, com as alterações introduzidas pelos Decretos-Leis n.os 348/98, de 9 de novembro, 149/2004, de 22 de junho e 198/2008, de 8 de outubro: Verificação do n.º mínimo anual de amostras e verificação do n.º máximo de amostras não conformes e verificação do desvio aos valores paramétricos.",Trimestral,Composta (i)
L007500.2022.RH5A,Normal,pH (Escala de Sörensen),,6-9,"Anexo XVIII do Decreto-Lei nº 236/98, de 1 de agosto | Abordagem combinada conforme descrita no art.º 53º, da Lei nº 58/2005, de 29 de dezembro","(d) De acordo com o nº6 do artigo 69o do Decreto-Lei nº 236/98, de 1 de Agosto. (e) De acordo com o Anexo I do Decreto-Lei n.º 152/97, de 19 de junho, com as alterações introduzidas pelos Decretos-Leis n.os 348/98, de 9 de novembro, 149/2004, de 22 de junho e 198/2008, de 8 de outubro: Verificação do n.º mínimo anual de amostras e verificação do n.º máximo de amostras não conformes e verificação do desvio aos valores paramétricos.",Quinzenal,Composta (ii)
L007500.2022.RH5A,Normal,Óleos e Gorduras (mg/L),,15,"Anexo XVIII do Decreto-Lei nº 236/98, de 1 de agosto | Abordagem combinada conforme descrita no art.º 53º, da Lei nº 58/2005, de 29 de dezembro","(d) De acordo com o nº6 do artigo 69o do Decreto-Lei nº 236/98, de 1 de Agosto. (e) De acordo com o Anexo I do Decreto-Lei n.º 152/97, de 19 de junho, com as alterações introduzidas pelos Decretos-Leis n.os 348/98, de 9 de novembro, 149/2004, de 22 de junho e 198/2008, de 8 de outubro: Verificação do n.º mínimo anual de amostras e verificação do n.º máximo de amostras não conformes e verificação do desvio aos valores paramétricos.",Quinzenal,Pontual
L007500.2022.RH5A,Normal,Fenóis (mg/L C6H5OH),,"0,5","Anexo XVIII do Decreto-Lei nº 236/98, de 1 de agosto | Abordagem combinada conforme descrita no art.º 53º, da Lei nº 58/2005, de 29 de dezembro","(d) De acordo com o nº6 do artigo 69o do Decreto-Lei nº 236/98, de 1 de Agosto. (e) De acordo com o Anexo I do Decreto-Lei n.º 152/97, de 19 de junho, com as alterações introduzidas pelos Decretos-Leis n.os 348/98, de 9 de novembro, 149/2004, de 22 de junho e 198/2008, de 8 de outubro: Verificação do n.º mínimo anual de amostras e verificação do n.º máximo de amostras não conformes e verificação do desvio aos valores paramétricos.",Quinzenal,Composta (ii)
L007500.2022.RH5A,Normal,Carência Bioquímica de Oxigénio (mg/L O2),,25,"Decreto-Lei nº 152/97, de 19 de junho","De acordo com o nº6 do artigo 69o do Decreto-Lei nº 236/98, de 1 de Agosto.",Quinzenal,Composta (ii)
L007500.2022.RH5A,Normal,Carência Química de Oxigénio (mg/L O2),,125,"Decreto-Lei nº 152/97, de 19 de junho","De acordo com o nº6 do artigo 69o do Decreto-Lei nº 236/98, de 1 de Agosto.",Quinzenal,Composta (ii)
L007500.2022.RH5A,Normal,Sólidos Suspensos Totais (mg/L),,35,"Decreto-Lei nº 152/97, de 19 de junho","De acordo com o nº6 do artigo 69o do Decreto-Lei nº 236/98, de 1 de Agosto.",Quinzenal,Composta (ii)
L007500.2022.RH5A,Normal,Fósforo total (mg/L P),,"7,5","Abordagem combinada conforme descrita no art.º 53º, da Lei nº 58/2005, de 29 de dezembro","De acordo com o Anexo I do Decreto-Lei n.º 152/97, de 19 de junho, com as alterações introduzidas pelos Decretos-Leis n.os 348/98, de 9 de novembro, 149/2004, de 22 de junho e 198/2008, de 8 de outubro: Verificação do n.º mínimo anual de amostras e verificação do n.º máximo de amostras não conformes e verificação do desvio aos valores paramétricos.",Quinzenal,Composta (ii)
L019877.2018.RH6,Normal,pH (Escala de Sörensen),,"6,0 - 9,0","Anexo XVIII do Decreto-Lei n.º 236/98, de 1 de agosto.","De acordo com o artigo 69.º do Decreto-Lei n.º 236/98, de 1 de agosto.",Semestral,Composta (i)
L019877.2018.RH6,Normal,Carência Bioquímica de Oxigénio (mg/L O2),,40,"Anexo XVIII do Decreto-Lei n.º 236/98, de 1 de agosto.","De acordo com o artigo 69.º do Decreto-Lei n.º 236/98, de 1 de agosto.",Semestral,Composta (i)
L019877.2018.RH6,Normal,Carência Química de Oxigénio (mg/L O2),,150,"Anexo XVIII do Decreto-Lei n.º 236/98, de 1 de agosto.","De acordo com o artigo 69.º do Decreto-Lei n.º 236/98, de 1 de agosto.",Semestral,Composta (i)
L019877.2018.RH6,Normal,Sólidos Suspensos Totais (mg/L),,60,"Anexo XVIII do Decreto-Lei n.º 236/98, de 1 de agosto.","De acordo com o artigo 69.º do Decreto-Lei n.º 236/98, de 1 de agosto.",Semestral,Composta (i)
L019877.2018.RH6,Normal,Óleos e Gorduras (mg/L),,15,"Anexo XVIII do Decreto-Lei n.º 236/98, de 1 de agosto.","De acordo com o artigo 69.º do Decreto-Lei n.º 236/98, de 1 de agosto.",Anual,Composta (i)
L024352.2020.RH5A,Ano de arranque,pH (Escala de Sörensen),,6-9,"Anexo XVIII do Decreto-Lei nº 236/98, de 1 de agosto Anexo XVIII do Decreto-Lei nº 236/98, de 1 de agosto","De acordo com o Anexo I do Decreto-Lei n.º 152/97, de 19 de junho, com as alterações introduzidas pelos Decretos-Leis n.os 348/98, de 9 de novembro, 149/2004, de 22 de junho e 198/2008, de 8 de outubro: Verificação do n.º mínimo anual de amostras e verificação do n.º máximo de amostras não conformes e verificação do desvio aos valores paramétricos.",Quinzenal,Composta (ii)
L024352.2020.RH5A,Ano de arranque,Carência Bioquímica de Oxigénio (mg/L O2),70-90,,"Decreto-Lei nº 152/97, de 19 de junho Decreto-Lei nº 152/97, de 19 de junho","De acordo com o Anexo I do Decreto-Lei n.º 152/97, de 19 de junho, com as alterações introduzidas pelos Decretos-Leis n.os 348/98, de 9 de novembro, 149/2004, de 22 de junho e 198/2008, de 8 de outubro: Verificação do n.º mínimo anual de amostras e verificação do n.º máximo de amostras não conformes e verificação do desvio aos valores paramétricos.",Quinzenal,Composta (ii)
L024352.2020.RH5A,Ano de arranque,Carência Química de Oxigénio (mg/L O2),75,,"Decreto-Lei nº 152/97, de 19 de junho Decreto-Lei nº 152/97, de 19 de junho","De acordo com o Anexo I do Decreto-Lei n.º 152/97, de 19 de junho, com as alterações introduzidas pelos Decretos-Leis n.os 348/98, de 9 de novembro, 149/2004, de 22 de junho e 198/2008, de 8 de outubro: Verificação do n.º mínimo anual de amostras e verificação do n.º máximo de amostras não conformes e verificação do desvio aos valores paramétricos.",Quinzenal,Composta (ii)
L024352.2020.RH5A,Ano de arranque,Sólidos Suspensos Totais (mg/L),90,,"Decreto-Lei nº 152/97, de 19 de junho Decreto-Lei nº 152/97, de 19 de junho","De acordo com o Anexo I do Decreto-Lei n.º 152/97, de 19 de junho, com as alterações introduzidas pelos Decretos-Leis n.os 348/98, de 9 de novembro, 149/2004, de 22 de junho e 198/2008, de 8 de outubro: Verificação do n.º mínimo anual de amostras e verificação do n.º máximo de amostras não conformes e verificação do desvio aos valores paramétricos.",Quinzenal,Composta (ii)
L024352.2020.RH5A,Ano de arranque,Óleos e Gorduras (mg/L),,15,"Anexo XVIII do Decreto-Lei nº 236/98, de 1 de agosto Anexo XVIII do Decreto-Lei nº 236/98, de 1 de agosto","De acordo com o Anexo I do Decreto-Lei n.º 152/97, de 19 de junho, com as alterações introduzidas pelos Decretos-Leis n.os 348/98, de 9 de novembro, 149/2004, de 22 de junho e 198/2008, de 8 de outubro: Verificação do n.º mínimo anual de amostras e verificação do n.º máximo de amostras não conformes e verificação do desvio aos valores paramétricos.",Quinzenal,Composta (ii)
L024352.2020.RH5A,Normal,pH (Escala de Sörensen),,6-9,"Anexo XVIII do Decreto-Lei nº 236/98, de 1 de agosto Anexo XVIII do Decreto-Lei nº 236/98, de 1 de agosto","De acordo com o Anexo I do Decreto-Lei n.º 152/97, de 19 de junho, com as alterações introduzidas pelos Decretos-Leis n.os 348/98, de 9 de novembro, 149/2004, de 22 de junho e 198/2008, de 8 de outubro: Verificação do n.º mínimo anual de amostras e verificação do n.º máximo de amostras não conformes e verificação do desvio aos valores paramétricos.",Quinzenal,Composta (ii)
L024352.2020.RH5A,Normal,Carência Bioquímica de Oxigénio (mg/L O2),,25,"Decreto-Lei nº 152/97, de 19 de junho Decreto-Lei nº 152/97, de 19 de junho","De acordo com o Anexo I do Decreto-Lei n.º 152/97, de 19 de junho, com as alterações introduzidas pelos Decretos-Leis n.os 348/98, de 9 de novembro, 149/2004, de 22 de junho e 198/2008, de 8 de outubro: Verificação do n.º mínimo anual de amostras e verificação do n.º máximo de amostras não conformes e verificação do desvio aos valores paramétricos.",Quinzenal,Composta (ii)
L024352.2020.RH5A,Normal,Carência Química de Oxigénio (mg/L O2),,125,"Decreto-Lei nº 152/97, de 19 de junho Decreto-Lei nº 152/97, de 19 de junho","De acordo com o Anexo I do Decreto-Lei n.º 152/97, de 19 de junho, com as alterações introduzidas pelos Decretos-Leis n.os 348/98, de 9 de novembro, 149/2004, de 22 de junho e 198/2008, de 8 de outubro: Verificação do n.º mínimo anual de amostras e verificação do n.º máximo de amostras não conformes e verificação do desvio aos valores paramétricos.",Quinzenal,Composta (ii)
L024352.2020.RH5A,Normal,Sólidos Suspensos Totais (mg/L),,35,"Decreto-Lei nº 152/97, de 19 de junho Decreto-Lei nº 152/97, de 19 de junho","De acordo com o Anexo I do Decreto-Lei n.º 152/97, de 19 de junho, com as alterações introduzidas pelos Decretos-Leis n.os 348/98, de 9 de novembro, 149/2004, de 22 de junho e 198/2008, de 8 de outubro: Verificação do n.º mínimo anual de amostras e verificação do n.º máximo de amostras não conformes e verificação do desvio aos valores paramétricos.",Quinzenal,Composta (ii)
L024352.2020.RH5A,Normal,Óleos e Gorduras (mg/L),,15,"Anexo XVIII do Decreto-Lei nº 236/98, de 1 de agosto Anexo XVIII do Decreto-Lei nº 236/98, de 1 de agosto","De acordo com o Anexo I do Decreto-Lei n.º 152/97, de 19 de junho, com as alterações introduzidas pelos Decretos-Leis n.os 348/98, de 9 de novembro, 149/2004, de 22 de junho e 198/2008, de 8 de outubro: Verificação do n.º mínimo anual de amostras e verificação do n.º máximo de amostras não conformes e verificação do desvio aos valores paramétricos.",Quinzenal,Composta (ii)
L006726.2022.RH5A,Normal,pH (Escala de Sörensen),,6-9,"Anexo XVIII do Decreto-Lei nº 236/98, de 1 de agosto","De acordo com o nº6 do artigo 69o do Decreto-Lei nº 236/98, de 1 de Agosto.",Mensal,Pontual
L006726.2022.RH5A,Normal,Carência Bioquímica de Oxigénio (mg/L O2),,40,"Anexo XVIII do Decreto-Lei nº 236/98, de 1 de agosto","De acordo com o nº6 do artigo 69o do Decreto-Lei nº 236/98, de 1 de Agosto.",Mensal,Pontual
L006726.2022.RH5A,Normal,Carência Química de Oxigénio (mg/L O2),,150,"Anexo XVIII do Decreto-Lei nº 236/98, de 1 de agosto","De acordo com o nº6 do artigo 69o do Decreto-Lei nº 236/98, de 1 de Agosto.",Mensal,Pontual
L006726.2022.RH5A,Normal,Sólidos Suspensos Totais (mg/L),,60,"Anexo XVIII do Decreto-Lei nº 236/98, de 1 de agosto","De acordo com o nº6 do artigo 69o do Decreto-Lei nº 236/98, de 1 de Agosto.",Mensal,Pontual
L012302.2022.RH4A,Normal,pH (Escala de Sörensen),,"6,0 a 9,0","Anexo XVIII do Decreto-Lei nº 236/98, de 1 de agosto.","De acordo com o nº6 do artigo 69o do Decreto-Lei nº 236/98, de 1 de Agosto.De acordo com o Anexo I do Decreto-Lei n.º 152/97, de 19 de junho, com as alterações introduzidas pelos Decretos-Leis n.os 348/98, de 9 de novembro, 149/2004, de 22 de junho e 198/2008, de 8 de outubro: Verificação do n.º mínimo anual de amostras e verificação do n.º máximo de amostras não conformes e verificação do desvio aos valores paramétricos.",Trimestral,Composta (i)
L012302.2022.RH4A,Normal,Carência Bioquímica de Oxigénio (mg/L O2),,40,"Anexo XVIII do Decreto-Lei nº 236/98, de 1 de agosto.","De acordo com o nº6 do artigo 69o do Decreto-Lei nº 236/98, de 1 de Agosto.De acordo com o Anexo I do Decreto-Lei n.º 152/97, de 19 de junho, com as alterações introduzidas pelos Decretos-Leis n.os 348/98, de 9 de novembro, 149/2004, de 22 de junho e 198/2008, de 8 de outubro: Verificação do n.º mínimo anual de amostras e verificação do n.º máximo de amostras não conformes e verificação do desvio aos valores paramétricos.",Trimestral,Composta (i)
L012302.2022.RH4A,Normal,Sólidos Suspensos Totais (mg/L),,60,"Anexo XVIII do Decreto-Lei nº 236/98, de 1 de agosto.","De acordo com o nº6 do artigo 69o do Decreto-Lei nº 236/98, de 1 de Agosto.De acordo com o Anexo I do Decreto-Lei n.º 152/97, de 19 de junho, com as alterações introduzidas pelos Decretos-Leis n.os 348/98, de 9 de novembro, 149/2004, de 22 de junho e 198/2008, de 8 de outubro: Verificação do n.º mínimo anual de amostras e verificação do n.º máximo de amostras não conformes e verificação do desvio aos valores paramétricos.",Trimestral,Composta (i)
L012302.2022.RH4A,Normal,Carência Química de Oxigénio (mg/L O2),,150,"Anexo XVIII do Decreto-Lei nº 236/98, de 1 de agosto.","De acordo com o nº6 do artigo 69o do Decreto-Lei nº 236/98, de 1 de Agosto.De acordo com o Anexo I do Decreto-Lei n.º 152/97, de 19 de junho, com as alterações introduzidas pelos Decretos-Leis n.os 348/98, de 9 de novembro, 149/2004, de 22 de junho e 198/2008, de 8 de outubro: Verificação do n.º mínimo anual de amostras e verificação do n.º máximo de amostras não conformes e verificação do desvio aos valores paramétricos.",Trimestral,Composta (i)
L021799.2021.RH4A,Normal,Sólidos Suspensos Totais (mg/L),,60,"Anexo XVIII do Decreto-Lei nº 236/98, de 1 de agosto.","De acordo com o nº6 do artigo nº 69 do Decreto-Lei nº 236/98, de 1 de Agosto.De acordo com o Anexo I do Decreto-Lei n.º 152/97, de 19 de junho, com as alterações introduzidas pelos Decretos-Lei n.º 348/98, de 9 de novembro, 149/2004, de 22 de junho e 198/2008, de 8 de outubro: Verificação do n.º mínimo anual de amostras, verificação do n.º máximo de amostras não conformes e verificação do desvio aos valores paramétricos.",Trimestral,Composta (i)
L021799.2021.RH4A,Normal,Carência Química de Oxigénio (mg/L O2),,150,"Anexo XVIII do Decreto-Lei nº 236/98, de 1 de agosto.","De acordo com o nº6 do artigo nº 69 do Decreto-Lei nº 236/98, de 1 de Agosto.De acordo com o Anexo I do Decreto-Lei n.º 152/97, de 19 de junho, com as alterações introduzidas pelos Decretos-Lei n.º 348/98, de 9 de novembro, 149/2004, de 22 de junho e 198/2008, de 8 de outubro: Verificação do n.º mínimo anual de amostras, verificação do n.º máximo de amostras não conformes e verificação do desvio aos valores paramétricos.",Trimestral,Composta (i)
L021799.2021.RH4A,Normal,Carência Bioquímica de Oxigénio (mg/L O2),,40,"Anexo XVIII do Decreto-Lei nº 236/98, de 1 de agosto.","De acordo com o nº6 do artigo nº 69 do Decreto-Lei nº 236/98, de 1 de Agosto.De acordo com o Anexo I do Decreto-Lei n.º 152/97, de 19 de junho, com as alterações introduzidas pelos Decretos-Lei n.º 348/98, de 9 de novembro, 149/2004, de 22 de junho e 198/2008, de 8 de outubro: Verificação do n.º mínimo anual de amostras, verificação do n.º máximo de amostras não conformes e verificação do desvio aos valores paramétricos.",Trimestral,Composta (i)
L021799.2021.RH4A,Normal,pH (Escala de Sörensen),,"6,0 a 9.0","Anexo XVIII do Decreto-Lei nº 236/98, de 1 de agosto.","De acordo com o nº6 do artigo nº 69 do Decreto-Lei nº 236/98, de 1 de Agosto.De acordo com o Anexo I do Decreto-Lei n.º 152/97, de 19 de junho, com as alterações introduzidas pelos Decretos-Lei n.º 348/98, de 9 de novembro, 149/2004, de 22 de junho e 198/2008, de 8 de outubro: Verificação do n.º mínimo anual de amostras, verificação do n.º máximo de amostras não conformes e verificação do desvio aos valores paramétricos.",Trimestral,Pontual
L001865.2014.RH5,Ano de arranque,Carência Química de Oxigénio (mg/l O2),75,,"Decreto-Lei nº 152/97, de 19 de junho. Decreto-Lei nº 152/97, de 19 de junho","Sólidos Suspensos Totais (mg/l) 90 pH (Escala de Sörensen) 6-9 Legislação Decreto-Lei nº 152/97, de 19 de junho.",Trimestral,Composta (ii)
L001865.2014.RH5,Ano de arranque,Sólidos Suspensos Totais (mg/l),90,,"Decreto-Lei nº 152/97, de 19 de junho. Decreto-Lei nº 152/97, de 19 de junho","Sólidos Suspensos Totais (mg/l) 90 pH (Escala de Sörensen) 6-9 Legislação Decreto-Lei nº 152/97, de 19 de junho.",Trimestral,Composta (ii)
L001865.2014.RH5,Ano de arranque,pH (Escala de Sörensen),,6-9,"Anexo XVIII do Decreto-Lei nº 236/98, de 1 de agosto Anexo XVIII do Decreto-Lei nº 236/98, de 1 de agosto","Carência Bioquímica de Oxigénio (mg/l O2) 80 Anexo XVIII do Decreto-Lei nº 236/98, de 1 de agosto",Trimestral,Composta (ii)
L001865.2014.RH5,Ano de arranque,Carência Bioquímica de Oxigénio (mg/l O2),,80,"Decreto-Lei nº 152/97, de 19 de junho. Decreto-Lei nº 152/97, de 19 de junho","Sólidos Suspensos Totais (mg/l) 90 pH (Escala de Sörensen) 6-9 Legislação Decreto-Lei nº 152/97, de 19 de junho.",Trimestral,Composta (ii)
L001865.2014.RH5,Normal,Carência Bioquímica de Oxigénio (mg/l O2),,40,"Anexo XVIII do Decreto-Lei nº 236/98, de 1 de agosto Anexo XVIII do Decreto-Lei nº 236/98, de 1 de agosto","Carência Bioquímica de Oxigénio (mg/l O2) 80 Anexo XVIII do Decreto-Lei nº 236/98, de 1 de agosto",Trimestral,Composta (ii)
L001865.2014.RH5,Normal,Carência Química de Oxigénio (mg/l O2),,150,"Anexo XVIII do Decreto-Lei nº 236/98, de 1 de agosto Anexo XVIII do Decreto-Lei nº 236/98, de 1 de agosto","Carência Bioquímica de Oxigénio (mg/l O2) 80 Anexo XVIII do Decreto-Lei nº 236/98, de 1 de agosto",Trimestral,Composta (ii)
L001865.2014.RH5,Normal,Sólidos Suspensos Totais (mg/l),,60,"Anexo XVIII do Decreto-Lei nº 236/98, de 1 de agosto Anexo XVIII do Decreto-Lei nº 236/98, de 1 de agosto","Carência Bioquímica de Oxigénio (mg/l O2) 80 Anexo XVIII do Decreto-Lei nº 236/98, de 1 de agosto",Trimestral,Composta (ii)
L001865.2014.RH5,Normal,pH (Escala de Sörensen),,6-9,"Anexo XVIII do Decreto-Lei nº 236/98, de 1 de agosto Anexo XVIII do Decreto-Lei nº 236/98, de 1 de agosto","Carência Bioquímica de Oxigénio (mg/l O2) 80 Anexo XVIII do Decreto-Lei nº 236/98, de 1 de agosto",Trimestral,Composta (ii)
L010284.2022.RH4A,Normal,pH (Escala de Sörensen),,"6,0 a 9,0","Anexo XVIII do Decreto-Lei nº 236/98, de 1 de agosto.","De acordo com o nº6 do artigo 69o do Decreto-Lei nº 236/98, de 1 de Agosto.De acordo com o Anexo I do Decreto-Lei n.º 152/97, de 19 de junho, com as alterações introduzidas pelos Decretos-Leis n.os 348/98, de 9 de novembro, 149/2004, de 22 de junho e 198/2008, de 8 de outubro: Verificação do n.º mínimo anual de amostras e verificação do n.º máximo de amostras não conformes e verificação do desvio aos valores paramétricos.",Trimestral,Composta (i)
L010284.2022.RH4A,Normal,Carência Bioquímica de Oxigénio (mg/L O2),,40,"Anexo XVIII do Decreto-Lei nº 236/98, de 1 de agosto.","De acordo com o nº6 do artigo 69o do Decreto-Lei nº 236/98, de 1 de Agosto.De acordo com o Anexo I do Decreto-Lei n.º 152/97, de 19 de junho, com as alterações introduzidas pelos Decretos-Leis n.os 348/98, de 9 de novembro, 149/2004, de 22 de junho e 198/2008, de 8 de outubro: Verificação do n.º mínimo anual de amostras e verificação do n.º máximo de amostras não conformes e verificação do desvio aos valores paramétricos.",Trimestral,Composta (i)
L010284.2022.RH4A,Normal,Carência Química de Oxigénio (mg/L O2),,150,"Anexo XVIII do Decreto-Lei nº 236/98, de 1 de agosto.","De acordo com o nº6 do artigo 69o do Decreto-Lei nº 236/98, de 1 de Agosto.De acordo com o Anexo I do Decreto-Lei n.º 152/97, de 19 de junho, com as alterações introduzidas pelos Decretos-Leis n.os 348/98, de 9 de novembro, 149/2004, de 22 de junho e 198/2008, de 8 de outubro: Verificação do n.º mínimo anual de amostras e verificação do n.º máximo de amostras não conformes e verificação do desvio aos valores paramétricos.",Trimestral,Composta (i)
L010284.2022.RH4A,Normal,Sólidos Suspensos Totais (mg/L),,60,"Anexo XVIII do Decreto-Lei nº 236/98, de 1 de agosto.","De acordo com o nº6 do artigo 69o do Decreto-Lei nº 236/98, de 1 de Agosto.De acordo com o Anexo I do Decreto-Lei n.º 152/97, de 19 de junho, com as alterações introduzidas pelos Decretos-Leis n.os 348/98, de 9 de novembro, 149/2004, de 22 de junho e 198/2008, de 8 de outubro: Verificação do n.º mínimo anual de amostras e verificação do n.º máximo de amostras não conformes e verificação do desvio aos valores paramétricos.",Trimestral,Composta (i)
L007422.2022.RH5A,Normal,pH (Escala de Sörensen),,6-9,"Anexo XVIII do Decreto-Lei nº 236/98, de 1 de agosto","De acordo com o nº6 do artigo 69o do Decreto-Lei nº 236/98, de 1 de Agosto.",Quinzenal,Composta (ii)
L007422.2022.RH5A,Normal,Óleos e Gorduras (mg/L),,15,"Anexo XVIII do Decreto-Lei nº 236/98, de 1 de agosto","De acordo com o nº6 do artigo 69o do Decreto-Lei nº 236/98, de 1 de Agosto.",Quinzenal,Composta (ii)
L007422.2022.RH5A,Normal,Carência Bioquímica de Oxigénio (mg/L O2),,25,"Decreto-Lei nº 152/97, de 19 de junho","De acordo com o Anexo I do Decreto-Lei n.º 152/97, de 19 de junho, com as alterações introduzidas pelos Decretos-Leis n.os 348/98, de 9 de novembro, 149/2004, de 22 de junho e 198/2008, de 8 de outubro: Verificação do n.º mínimo anual de amostras e verificação do n.º máximo de amostras não conformes e verificação do desvio aos valores paramétricos.",Quinzenal,Composta (ii)
L007422.2022.RH5A,Normal,Carência Química de Oxigénio (mg/L O2),,125,"Decreto-Lei nº 152/97, de 19 de junho","De acordo com o Anexo I do Decreto-Lei n.º 152/97, de 19 de junho, com as alterações introduzidas pelos Decretos-Leis n.os 348/98, de 9 de novembro, 149/2004, de 22 de junho e 198/2008, de 8 de outubro: Verificação do n.º mínimo anual de amostras e verificação do n.º máximo de amostras não conformes e verificação do desvio aos valores paramétricos.",Quinzenal,Composta (ii)
L007422.2022.RH5A,Normal,Sólidos Suspensos Totais (mg/L),,35,"Decreto-Lei nº 152/97, de 19 de junho","De acordo com o Anexo I do Decreto-Lei n.º 152/97, de 19 de junho, com as alterações introduzidas pelos Decretos-Leis n.os 348/98, de 9 de novembro, 149/2004, de 22 de junho e 198/2008, de 8 de outubro: Verificação do n.º mínimo anual de amostras e verificação do n.º máximo de amostras não conformes e verificação do desvio aos valores paramétricos.",Quinzenal,Composta (ii)
L016354.2019.RH7,Normal,Óleos e Gorduras (mg/L),,15,"Anexo XVIII do Decreto-Lei n.º 236/98, de 1 de agosto.","De acordo com o artigo 69.º do Decreto-Lei n.º 236/98, de 1 de agosto. Atendendo à origem das águas residuais e aos objetivos de qualidade definidos para a massa de água recetora, o número máximo anual de amostras que podem não ser conformes não pode exceder 1 (uma), para os parâmetros pH, CBO5, CQO e SST; para o parâmetro Óleos e gorduras todas as amostras têm que ser conformes.",Semestral,Composta (iii)
L016354.2019.RH7,Normal,Sólidos Suspensos Totais (mg/L),,60,"Anexo XVIII do Decreto-Lei n.º 236/98, de 1 de agosto.","De acordo com o artigo 69.º do Decreto-Lei n.º 236/98, de 1 de agosto. Atendendo à origem das águas residuais e aos objetivos de qualidade definidos para a massa de água recetora, o número máximo anual de amostras que podem não ser conformes não pode exceder 1 (uma), para os parâmetros pH, CBO5, CQO e SST; para o parâmetro Óleos e gorduras todas as amostras têm que ser conformes.",Trimestral,Composta (iii)
L016354.2019.RH7,Normal,Carência Química de Oxigénio (mg/L O2),,150,"Anexo XVIII do Decreto-Lei n.º 236/98, de 1 de agosto.","De acordo com o artigo 69.º do Decreto-Lei n.º 236/98, de 1 de agosto. Atendendo à origem das águas residuais e aos objetivos de qualidade definidos para a massa de água recetora, o número máximo anual de amostras que podem não ser conformes não pode exceder 1 (uma), para os parâmetros pH, CBO5, CQO e SST; para o parâmetro Óleos e gorduras todas as amostras têm que ser conformes.",Trimestral,Composta (iii)
L016354.2019.RH7,Normal,Carência Bioquímica de Oxigénio (mg/L O2),,40,"Anexo XVIII do Decreto-Lei n.º 236/98, de 1 de agosto.","De acordo com o artigo 69.º do Decreto-Lei n.º 236/98, de 1 de agosto. Atendendo à origem das águas residuais e aos objetivos de qualidade definidos para a massa de água recetora, o número máximo anual de amostras que podem não ser conformes não pode exceder 1 (uma), para os parâmetros pH, CBO5, CQO e SST; para o parâmetro Óleos e gorduras todas as amostras têm que ser conformes.",Trimestral,Composta (iii)
L016354.2019.RH7,Normal,pH (Escala de Sörensen),,"6,0 - 9,0","Anexo XVIII do Decreto-Lei n.º 236/98, de 1 de agosto.","De acordo com o artigo 69.º do Decreto-Lei n.º 236/98, de 1 de agosto. Atendendo à origem das águas residuais e aos objetivos de qualidade definidos para a massa de água recetora, o número máximo anual de amostras que podem não ser conformes não pode exceder 1 (uma), para os parâmetros pH, CBO5, CQO e SST; para o parâmetro Óleos e gorduras todas as amostras têm que ser conformes.",Trimestral,Composta (iii)
L003050.2014.RH7,Normal,pH (Escala de Sörensen),,"6,0 - 9,0","Anexo XVIII do Decreto-Lei n.º 236/98, de 1 de agosto.","De acordo com o artigo 69.º do Decreto-Lei n.º 236/98, de 1 de agosto.",Mensal,Composta (i)
L003050.2014.RH7,Normal,Carência Bioquímica de Oxigénio (mg/l O2),,40,"Anexo XVIII do Decreto-Lei n.º 236/98, de 1 de agosto.","De acordo com o artigo 69.º do Decreto-Lei n.º 236/98, de 1 de agosto.",Mensal,Composta (i)
L003050.2014.RH7,Normal,Carência Química de Oxigénio (mg/l O2),,150,"Anexo XVIII do Decreto-Lei n.º 236/98, de 1 de agosto.","De acordo com o artigo 69.º do Decreto-Lei n.º 236/98, de 1 de agosto.",Mensal,Composta (i)
L003050.2014.RH7,Normal,Sólidos Suspensos Totais (mg/l),,60,"Anexo XVIII do Decreto-Lei n.º 236/98, de 1 de agosto.","De acordo com o artigo 69.º do Decreto-Lei n.º 236/98, de 1 de agosto.",Mensal,Composta (i)
L003050.2014.RH7,Normal,Óleos e Gorduras (mg/l),,15,"Anexo XVIII do Decreto-Lei n.º 236/98, de 1 de agosto.","De acordo com o artigo 69.º do Decreto-Lei n.º 236/98, de 1 de agosto.",Trimestral,Composta (i)
L019966.2022.RH4A,Normal,pH (Escala de Sörensen),,"6,0 a 9,0","Anexo XVIII do Decreto-Lei nº 236/98, de 1 de agosto.","De acordo com o nº6 do artigo 69o do Decreto-Lei nº 236/98, de 1 de Agosto.De acordo com o Anexo I do Decreto-Lei n.º 152/97, de 19 de junho, com as alterações introduzidas pelos Decretos-Leis n.os 348/98, de 9 de novembro, 149/2004, de 22 de junho e 198/2008, de 8 de outubro: Verificação do n.º mínimo anual de amostras e verificação do n.º máximo de amostras não conformes e verificação do desvio aos valores paramétricos.",Trimestral,Composta (i)
L019966.2022.RH4A,Normal,Carência Bioquímica de Oxigénio (mg/L O2),,40,"Anexo XVIII do Decreto-Lei nº 236/98, de 1 de agosto.","De acordo com o nº6 do artigo 69o do Decreto-Lei nº 236/98, de 1 de Agosto.De acordo com o Anexo I do Decreto-Lei n.º 152/97, de 19 de junho, com as alterações introduzidas pelos Decretos-Leis n.os 348/98, de 9 de novembro, 149/2004, de 22 de junho e 198/2008, de 8 de outubro: Verificação do n.º mínimo anual de amostras e verificação do n.º máximo de amostras não conformes e verificação do desvio aos valores paramétricos.",Trimestral,Composta (i)
L019966.2022.RH4A,Normal,Carência Química de Oxigénio (mg/L O2),,150,"Anexo XVIII do Decreto-Lei nº 236/98, de 1 de agosto.","De acordo com o nº6 do artigo 69o do Decreto-Lei nº 236/98, de 1 de Agosto.De acordo com o Anexo I do Decreto-Lei n.º 152/97, de 19 de junho, com as alterações introduzidas pelos Decretos-Leis n.os 348/98, de 9 de novembro, 149/2004, de 22 de junho e 198/2008, de 8 de outubro: Verificação do n.º mínimo anual de amostras e verificação do n.º máximo de amostras não conformes e verificação do desvio aos valores paramétricos.",Trimestral,Composta (i)
L019966.2022.RH4A,Normal,Sólidos Suspensos Totais (mg/L),,60,"Anexo XVIII do Decreto-Lei nº 236/98, de 1 de agosto.","De acordo com o nº6 do artigo 69o do Decreto-Lei nº 236/98, de 1 de Agosto.De acordo com o Anexo I do Decreto-Lei n.º 152/97, de 19 de junho, com as alterações introduzidas pelos Decretos-Leis n.os 348/98, de 9 de novembro, 149/2004, de 22 de junho e 198/2008, de 8 de outubro: Verificação do n.º mínimo anual de amostras e verificação do n.º máximo de amostras não conformes e verificação do desvio aos valores paramétricos.",Trimestral,Composta (i)
L019241.2021.RH7,Normal,pH (Escala de Sörensen),,"6,0 - 9,0","Anexo XVIII do Decreto-Lei n.º 236/98, de 1 de agosto.","De acordo com a alínea D) do Anexo I do Decreto-Lei n.º 152/97, de 19 de junho, com as alterações introduzidas pelos Decretos-Leis n.os 348/98, de 9 de novembro, 149/2004, de 22 de junho, 198/2008, de 8 de outubro, 133/2015, de 13 de julho e 77/2021, de 27 de agosto, e o artigo 69.º do Decreto-Lei n.º 236/98, de 1 de agosto. Ver continuação (1) nas Observações.",Mensal,Composta (i)
L019241.2021.RH7,Normal,Carência Bioquímica de Oxigénio (mg/L O2),,25,"Anexo I do Decreto-Lei n.º 152/97, de 19 de junho, com as alterações introduzidas pelos Decretos-Leis n.ºs 348/98, de 9 de novembro, 149/2004, de 22 de junho, 198/2008, de 8 de outubro, 133/2015, de 13 de julho e 77/2021, de 27 de agosto (Quadros n.ºs 1 e 2).","De acordo com a alínea D) do Anexo I do Decreto-Lei n.º 152/97, de 19 de junho, com as alterações introduzidas pelos Decretos-Leis n.os 348/98, de 9 de novembro, 149/2004, de 22 de junho, 198/2008, de 8 de outubro, 133/2015, de 13 de julho e 77/2021, de 27 de agosto, e o artigo 69.º do Decreto-Lei n.º 236/98, de 1 de agosto. Ver continuação (1) nas Observações.",Mensal,Composta (i)
L019241.2021.RH7,Normal,Carência Química de Oxigénio (mg/L O2),,125,"Anexo I do Decreto-Lei n.º 152/97, de 19 de junho, com as alterações introduzidas pelos Decretos-Leis n.ºs 348/98, de 9 de novembro, 149/2004, de 22 de junho, 198/2008, de 8 de outubro, 133/2015, de 13 de julho e 77/2021, de 27 de agosto (Quadros n.ºs 1 e 2).","De acordo com a alínea D) do Anexo I do Decreto-Lei n.º 152/97, de 19 de junho, com as alterações introduzidas pelos Decretos-Leis n.os 348/98, de 9 de novembro, 149/2004, de 22 de junho, 198/2008, de 8 de outubro, 133/2015, de 13 de julho e 77/2021, de 27 de agosto, e o artigo 69.º do Decreto-Lei n.º 236/98, de 1 de agosto. Ver continuação (1) nas Observações.",Mensal,Composta (i)
L019241.2021.RH7,Normal,Sólidos Suspensos Totais (mg/L),,35,"Anexo I do Decreto-Lei n.º 152/97, de 19 de junho, com as alterações introduzidas pelos Decretos-Leis n.ºs 348/98, de 9 de novembro, 149/2004, de 22 de junho, 198/2008, de 8 de outubro, 133/2015, de 13 de julho e 77/2021, de 27 de agosto (Quadros n.ºs 1 e 2).","De acordo com a alínea D) do Anexo I do Decreto-Lei n.º 152/97, de 19 de junho, com as alterações introduzidas pelos Decretos-Leis n.os 348/98, de 9 de novembro, 149/2004, de 22 de junho, 198/2008, de 8 de outubro, 133/2015, de 13 de julho e 77/2021, de 27 de agosto, e o artigo 69.º do Decreto-Lei n.º 236/98, de 1 de agosto. Ver continuação (1) nas Observações.",Mensal,Composta (i)
L019241.2021.RH7,Normal,Óleos e Gorduras (mg/L),,15,"Anexo XVIII do Decreto-Lei n.º 236/98, de 1 de agosto.","De acordo com a alínea D) do Anexo I do Decreto-Lei n.º 152/97, de 19 de junho, com as alterações introduzidas pelos Decretos-Leis n.os 348/98, de 9 de novembro, 149/2004, de 22 de junho, 198/2008, de 8 de outubro, 133/2015, de 13 de julho e 77/2021, de 27 de agosto, e o artigo 69.º do Decreto-Lei n.º 236/98, de 1 de agosto. Ver continuação (1) nas Observações.",Mensal,Composta (i)
L019241.2021.RH7,Normal,Azoto total (mg/L N),,15,"Anexo I do Decreto-Lei n.º 152/97, de 19 de junho, com as alterações introduzidas pelos Decretos-Leis n.ºs 348/98, de 9 de novembro, 149/2004, de 22 de junho, 198/2008, de 8 de outubro, 133/2015, de 13 de julho e 77/2021, de 27 de agosto (Quadros n.ºs 1 e 2).","De acordo com a alínea D) do Anexo I do Decreto-Lei n.º 152/97, de 19 de junho, com as alterações introduzidas pelos Decretos-Leis n.os 348/98, de 9 de novembro, 149/2004, de 22 de junho, 198/2008, de 8 de outubro, 133/2015, de 13 de julho e 77/2021, de 27 de agosto, e o artigo 69.º do Decreto-Lei n.º 236/98, de 1 de agosto. Ver continuação (1) nas Observações.",Mensal,Composta (i)
L019241.2021.RH7,Normal,Fósforo total (mg/L P),,2,"Anexo I do Decreto-Lei n.º 152/97, de 19 de junho, com as alterações introduzidas pelos Decretos-Leis n.ºs 348/98, de 9 de novembro, 149/2004, de 22 de junho, 198/2008, de 8 de outubro, 133/2015, de 13 de julho e 77/2021, de 27 de agosto (Quadros n.ºs 1 e 2).","De acordo com a alínea D) do Anexo I do Decreto-Lei n.º 152/97, de 19 de junho, com as alterações introduzidas pelos Decretos-Leis n.os 348/98, de 9 de novembro, 149/2004, de 22 de junho, 198/2008, de 8 de outubro, 133/2015, de 13 de julho e 77/2021, de 27 de agosto, e o artigo 69.º do Decreto-Lei n.º 236/98, de 1 de agosto. Ver continuação (1) nas Observações.",Mensal,Composta (i)
L019241.2021.RH7,Normal,Azoto amoniacal (mg/L NH4),,10,"Anexo XVIII do Decreto-Lei n.º 236/98, de 1 de agosto.","De acordo com a alínea D) do Anexo I do Decreto-Lei n.º 152/97, de 19 de junho, com as alterações introduzidas pelos Decretos-Leis n.os 348/98, de 9 de novembro, 149/2004, de 22 de junho, 198/2008, de 8 de outubro, 133/2015, de 13 de julho e 77/2021, de 27 de agosto, e o artigo 69.º do Decreto-Lei n.º 236/98, de 1 de agosto. Ver continuação (1) nas Observações.",Mensal,Composta (i)
L019241.2021.RH7,Normal,Escherichia coli (ufc/100 mL),,2000,Valor definido tendo em vista o bom estado da massa de água recetora e a manutenção dos usos dessa massa de água.,"De acordo com a alínea D) do Anexo I do Decreto-Lei n.º 152/97, de 19 de junho, com as alterações introduzidas pelos Decretos-Leis n.os 348/98, de 9 de novembro, 149/2004, de 22 de junho, 198/2008, de 8 de outubro, 133/2015, de 13 de julho e 77/2021, de 27 de agosto, e o artigo 69.º do Decreto-Lei n.º 236/98, de 1 de agosto. Ver continuação (1) nas Observações.",Mensal,Pontual
L013710.2021.RH5A,Normal,pH (Escala de Sörensen),,6 a 9,"Anexo XVIII do Decreto-Lei nº 236/98, de 1 de agosto","De acordo com o nº6 do artigo 69o do Decreto-Lei nº 236/98, de 1 de Agosto.De acordo com o Anexo I do Decreto-Lei n.º 152/97, de 19 de junho, com as alterações introduzidas pelos Decretos-Leis n.os 348/98, de 9 de novembro, 149/2004, de 22 de junho e 198/2008, de 8 de outubro: Verificação do n.º mínimo anual de amostras e verificação do n.º máximo de amostras não conformes e verificação do desvio aos valores paramétricos.",Quinzenal,Composta (i)
L013710.2021.RH5A,Normal,Carência Química de Oxigénio (período húmido) (mg/L O2),,125,,"De acordo com o nº6 do artigo 69o do Decreto-Lei nº 236/98, de 1 de Agosto.De acordo com o Anexo I do Decreto-Lei n.º 152/97, de 19 de junho, com as alterações introduzidas pelos Decretos-Leis n.os 348/98, de 9 de novembro, 149/2004, de 22 de junho e 198/2008, de 8 de outubro: Verificação do n.º mínimo anual de amostras e verificação do n.º máximo de amostras não conformes e verificação do desvio aos valores paramétricos.",,
L013710.2021.RH5A,Normal,(b) e (d) Carência Bioquímica de Oxigénio (período húmido) (mg/L O2),,25,,"De acordo com o nº6 do artigo 69o do Decreto-Lei nº 236/98, de 1 de Agosto.De acordo com o Anexo I do Decreto-Lei n.º 152/97, de 19 de junho, com as alterações introduzidas pelos Decretos-Leis n.os 348/98, de 9 de novembro, 149/2004, de 22 de junho e 198/2008, de 8 de outubro: Verificação do n.º mínimo anual de amostras e verificação do n.º máximo de amostras não conformes e verificação do desvio aos valores paramétricos.",,
L013710.2021.RH5A,Normal,(b) e (d) Sólidos Suspensos Totais (período húmido) (mg/L) 35 (b) e (d) Óleos e Gorduras (mg/L),,15,"Anexo XVIII do Decreto-Lei nº 236/98, de 1 de agosto","De acordo com o nº6 do artigo 69o do Decreto-Lei nº 236/98, de 1 de Agosto.De acordo com o Anexo I do Decreto-Lei n.º 152/97, de 19 de junho, com as alterações introduzidas pelos Decretos-Leis n.os 348/98, de 9 de novembro, 149/2004, de 22 de junho e 198/2008, de 8 de outubro: Verificação do n.º mínimo anual de amostras e verificação do n.º máximo de amostras não conformes e verificação do desvio aos valores paramétricos.",,
L013710.2021.RH5A,Normal,Carência Química de Oxigénio (período de estiagem) (mg/L O2),,106.2,,"De acordo com o nº6 do artigo 69o do Decreto-Lei nº 236/98, de 1 de Agosto.De acordo com o Anexo I do Decreto-Lei n.º 152/97, de 19 de junho, com as alterações introduzidas pelos Decretos-Leis n.os 348/98, de 9 de novembro, 149/2004, de 22 de junho e 198/2008, de 8 de outubro: Verificação do n.º mínimo anual de amostras e verificação do n.º máximo de amostras não conformes e verificação do desvio aos valores paramétricos.",,
L013710.2021.RH5A,Normal,(c) e (d) Carência Bioquímica de Oxigénio (período de estiagem) (mg/L O2),,21.2,,"De acordo com o nº6 do artigo 69o do Decreto-Lei nº 236/98, de 1 de Agosto.De acordo com o Anexo I do Decreto-Lei n.º 152/97, de 19 de junho, com as alterações introduzidas pelos Decretos-Leis n.os 348/98, de 9 de novembro, 149/2004, de 22 de junho e 198/2008, de 8 de outubro: Verificação do n.º mínimo anual de amostras e verificação do n.º máximo de amostras não conformes e verificação do desvio aos valores paramétricos.",,
L013710.2021.RH5A,Normal,(c) e (d) Sólidos Suspensos Totais (período de estiagem) (mg/L),,29.8,,"De acordo com o nº6 do artigo 69o do Decreto-Lei nº 236/98, de 1 de Agosto.De acordo com o Anexo I do Decreto-Lei n.º 152/97, de 19 de junho, com as alterações introduzidas pelos Decretos-Leis n.os 348/98, de 9 de novembro, 149/2004, de 22 de junho e 198/2008, de 8 de outubro: Verificação do n.º mínimo anual de amostras e verificação do n.º máximo de amostras não conformes e verificação do desvio aos valores paramétricos.",,
L007525.2022.RH5A,Normal,pH (Escala de Sörensen),,6-9,"Anexo XVIII do Decreto-Lei nº 236/98, de 1 de agosto","De acordo com o nº6 do artigo 69o do Decreto-Lei nº 236/98, de 1 de Agosto.",Mensal,Composta (ii)
L007525.2022.RH5A,Normal,Carência Bioquímica de Oxigénio (mg/L O2),,40,"Anexo XVIII do Decreto-Lei nº 236/98, de 1 de agosto","De acordo com o nº6 do artigo 69o do Decreto-Lei nº 236/98, de 1 de Agosto.",Mensal,Composta (ii)
L007525.2022.RH5A,Normal,Carência Química de Oxigénio (mg/L O2),,150,"Anexo XVIII do Decreto-Lei nº 236/98, de 1 de agosto","De acordo com o nº6 do artigo 69o do Decreto-Lei nº 236/98, de 1 de Agosto.",Mensal,Composta (ii)
L007525.2022.RH5A,Normal,Sólidos Suspensos Totais (mg/L),,60,"Anexo XVIII do Decreto-Lei nº 236/98, de 1 de agosto","De acordo com o nº6 do artigo 69o do Decreto-Lei nº 236/98, de 1 de Agosto.",Mensal,Composta (ii)
L001091.2014.RH7,Normal,Carência Bioquímica de Oxigénio (mg/L O2),,40,"Anexo XVIII do Decreto-Lei n.º 236/98, de 1 de agosto","L001091.2014.RH7- T1 De acordo com o n.º 6 do artigo 69.º do Decreto-Lei n.º 236/98, de 1 de agosto.",Trimestral,Composta (i)
L001091.2014.RH7,Normal,pH (Escala de Sörensen),,"6,0 - 9,0","Anexo XVIII do Decreto-Lei n.º 236/98, de 1 de agosto","L001091.2014.RH7- T1 De acordo com o n.º 6 do artigo 69.º do Decreto-Lei n.º 236/98, de 1 de agosto.",Trimestral,Composta (i)
L001091.2014.RH7,Normal,Óleos e Gorduras (mg/L),,15,"Anexo XVIII do Decreto-Lei n.º 236/98, de 1 de agosto","L001091.2014.RH7- T1 De acordo com o n.º 6 do artigo 69.º do Decreto-Lei n.º 236/98, de 1 de agosto.",Semestral,Composta (i)
L001091.2014.RH7,Normal,Carência Química de Oxigénio (mg/L O2),,150,"Anexo XVIII do Decreto-Lei n.º 236/98, de 1 de agosto","L001091.2014.RH7- T1 De acordo com o n.º 6 do artigo 69.º do Decreto-Lei n.º 236/98, de 1 de agosto.",Trimestral,Composta (i)
L001091.2014.RH7,Normal,Sólidos Suspensos Totais (mg/L),,60,"Anexo XVIII do Decreto-Lei n.º 236/98, de 1 de agosto","L001091.2014.RH7- T1 De acordo com o n.º 6 do artigo 69.º do Decreto-Lei n.º 236/98, de 1 de agosto.",Trimestral,Composta (i)
L012142.2022.RH4A,Normal,pH (Escala de Sörensen),,"6,0 a 9,0","Anexo XVIII do Decreto-Lei nº 236/98, de 1 de agosto.","De acordo com o nº6 do artigo 69o do Decreto-Lei nº 236/98, de 1 de Agosto.De acordo com o Anexo I do Decreto-Lei n.º 152/97, de 19 de junho, com as alterações introduzidas pelos Decretos-Leis n.os 348/98, de 9 de novembro, 149/2004, de 22 de junho e 198/2008, de 8 de outubro: Verificação do n.º mínimo anual de amostras e verificação do n.º máximo de amostras não conformes e verificação do desvio aos valores paramétricos.",Trimestral,Composta (i)
L012142.2022.RH4A,Normal,Carência Bioquímica de Oxigénio (mg/L O2),,40,"Anexo XVIII do Decreto-Lei nº 236/98, de 1 de agosto.","De acordo com o nº6 do artigo 69o do Decreto-Lei nº 236/98, de 1 de Agosto.De acordo com o Anexo I do Decreto-Lei n.º 152/97, de 19 de junho, com as alterações introduzidas pelos Decretos-Leis n.os 348/98, de 9 de novembro, 149/2004, de 22 de junho e 198/2008, de 8 de outubro: Verificação do n.º mínimo anual de amostras e verificação do n.º máximo de amostras não conformes e verificação do desvio aos valores paramétricos.",Trimestral,Composta (i)
L012142.2022.RH4A,Normal,Carência Química de Oxigénio (mg/L O2),,150,"Anexo XVIII do Decreto-Lei nº 236/98, de 1 de agosto.","De acordo com o nº6 do artigo 69o do Decreto-Lei nº 236/98, de 1 de Agosto.De acordo com o Anexo I do Decreto-Lei n.º 152/97, de 19 de junho, com as alterações introduzidas pelos Decretos-Leis n.os 348/98, de 9 de novembro, 149/2004, de 22 de junho e 198/2008, de 8 de outubro: Verificação do n.º mínimo anual de amostras e verificação do n.º máximo de amostras não conformes e verificação do desvio aos valores paramétricos.",Trimestral,Composta (i)
L012142.2022.RH4A,Normal,Sólidos Suspensos Totais (mg/L),,60,"Anexo XVIII do Decreto-Lei nº 236/98, de 1 de agosto.","De acordo com o nº6 do artigo 69o do Decreto-Lei nº 236/98, de 1 de Agosto.De acordo com o Anexo I do Decreto-Lei n.º 152/97, de 19 de junho, com as alterações introduzidas pelos Decretos-Leis n.os 348/98, de 9 de novembro, 149/2004, de 22 de junho e 198/2008, de 8 de outubro: Verificação do n.º mínimo anual de amostras e verificação do n.º máximo de amostras não conformes e verificação do desvio aos valores paramétricos.",Trimestral,Composta (i)
L010179.2021.RH4A,Normal,pH (Escala de Sörensen),,"6,0 a 9,0","Anexo XVIII do Decreto-Lei nº 236/98, de 1 de agosto","De acordo com o nº6 do artigo 69o do Decreto-Lei nº 236/98, de 1 de Agosto.De acordo com o Anexo I do Decreto-Lei n.º 152/97, de 19 de junho, com as alterações introduzidas pelos Decretos-Leis n.os 348/98, de 9 de novembro, 149/2004, de 22 de junho e 198/2008, de 8 de outubro: Verificação do n.º mínimo anual de amostras e verificação do n.º máximo de amostras não conformes e verificação do desvio aos valores paramétricos.",Mensal,Pontual
L010179.2021.RH4A,Normal,Carência Bioquímica de Oxigénio (mg/L O2),,25,"Decreto-Lei nº 152/97, de 19 de junho.","De acordo com o nº6 do artigo 69o do Decreto-Lei nº 236/98, de 1 de Agosto.De acordo com o Anexo I do Decreto-Lei n.º 152/97, de 19 de junho, com as alterações introduzidas pelos Decretos-Leis n.os 348/98, de 9 de novembro, 149/2004, de 22 de junho e 198/2008, de 8 de outubro: Verificação do n.º mínimo anual de amostras e verificação do n.º máximo de amostras não conformes e verificação do desvio aos valores paramétricos.",Mensal,Composta (i)
L010179.2021.RH4A,Normal,Carência Química de Oxigénio (mg/L O2),,125,"Decreto-Lei nº 152/97, de 19 de junho.","De acordo com o nº6 do artigo 69o do Decreto-Lei nº 236/98, de 1 de Agosto.De acordo com o Anexo I do Decreto-Lei n.º 152/97, de 19 de junho, com as alterações introduzidas pelos Decretos-Leis n.os 348/98, de 9 de novembro, 149/2004, de 22 de junho e 198/2008, de 8 de outubro: Verificação do n.º mínimo anual de amostras e verificação do n.º máximo de amostras não conformes e verificação do desvio aos valores paramétricos.",Mensal,Composta (i)
L010179.2021.RH4A,Normal,Sólidos Suspensos Totais (mg/L),,35,"Decreto-Lei nº 152/97, de 19 de junho.","De acordo com o nº6 do artigo 69o do Decreto-Lei nº 236/98, de 1 de Agosto.De acordo com o Anexo I do Decreto-Lei n.º 152/97, de 19 de junho, com as alterações introduzidas pelos Decretos-Leis n.os 348/98, de 9 de novembro, 149/2004, de 22 de junho e 198/2008, de 8 de outubro: Verificação do n.º mínimo anual de amostras e verificação do n.º máximo de amostras não conformes e verificação do desvio aos valores paramétricos.",Mensal,Composta (i)
L006127.2022.RH5A,Normal,pH (Escala de Sörensen),,6-9,"Anexo XVIII do Decreto-Lei nº 236/98, de 1 de agosto","De acordo com o nº6 do artigo 69o do Decreto-Lei nº 236/98, de 1 de Agosto.",Mensal,Composta (ii)
L006127.2022.RH5A,Normal,Sólidos Suspensos Totais (mg/L),,60,"Anexo XVIII do Decreto-Lei nº 236/98, de 1 de agosto","De acordo com o nº6 do artigo 69o do Decreto-Lei nº 236/98, de 1 de Agosto.",Mensal,Composta (ii)
L006127.2022.RH5A,Normal,Carência Bioquímica de Oxigénio (mg/L O2),,40,"Anexo XVIII do Decreto-Lei nº 236/98, de 1 de agosto","De acordo com o nº6 do artigo 69o do Decreto-Lei nº 236/98, de 1 de Agosto.",Mensal,Composta (ii)
L006127.2022.RH5A,Normal,Carência Química de Oxigénio (mg/L O2),,150,"Anexo XVIII do Decreto-Lei nº 236/98, de 1 de agosto","De acordo com o nº6 do artigo 69o do Decreto-Lei nº 236/98, de 1 de Agosto.",Mensal,Composta (ii)
L006128.2022.RH5A,Normal,pH (Escala de Sörensen),,6-9,"Anexo XVIII do Decreto-Lei nº 236/98, de 1 de agosto","De acordo com o nº6 do artigo 69o do Decreto-Lei nº 236/98, de 1 de Agosto.",Mensal,Composta (ii)
L006128.2022.RH5A,Normal,Carência Bioquímica de Oxigénio (mg/L O2),,40,"Anexo XVIII do Decreto-Lei nº 236/98, de 1 de agosto","De acordo com o nº6 do artigo 69o do Decreto-Lei nº 236/98, de 1 de Agosto.",Mensal,Composta (ii)
L006128.2022.RH5A,Normal,Sólidos Suspensos Totais (mg/L),,60,"Anexo XVIII do Decreto-Lei nº 236/98, de 1 de agosto","De acordo com o nº6 do artigo 69o do Decreto-Lei nº 236/98, de 1 de Agosto.",Mensal,Composta (ii)
L006128.2022.RH5A,Normal,Carência Química de Oxigénio (mg/L O2),,150,"Anexo XVIII do Decreto-Lei nº 236/98, de 1 de agosto","De acordo com o nº6 do artigo 69o do Decreto-Lei nº 236/98, de 1 de Agosto.",Mensal,Composta (ii)
L006090.2021.RH5A,Normal,pH (Escala de Sörensen),,6-9,"Anexo XVIII do Decreto-Lei nº 236/98, de 1 de agosto","De acordo com o Anexo I do Decreto-Lei n.º 152/97, de 19 de junho, com as alterações introduzidas pelos Decretos-Leis n.os 348/98, de 9 de novembro, 149/2004, de 22 de junho e 198/2008, de 8 de outubro: Verificação do n.º mínimo anual de amostras e verificação do n.º máximo de amostras não conformes e verificação do desvio aos valores paramétricos.",Mensal,Pontual
L006090.2021.RH5A,Normal,Carência Bioquímica de Oxigénio (mg/L O2),,40,"Anexo XVIII do Decreto-Lei nº 236/98, de 1 de agosto","De acordo com o Anexo I do Decreto-Lei n.º 152/97, de 19 de junho, com as alterações introduzidas pelos Decretos-Leis n.os 348/98, de 9 de novembro, 149/2004, de 22 de junho e 198/2008, de 8 de outubro: Verificação do n.º mínimo anual de amostras e verificação do n.º máximo de amostras não conformes e verificação do desvio aos valores paramétricos.",Mensal,Pontual
L006090.2021.RH5A,Normal,Carência Química de Oxigénio (mg/L O2),,150,"Anexo XVIII do Decreto-Lei nº 236/98, de 1 de agosto","De acordo com o Anexo I do Decreto-Lei n.º 152/97, de 19 de junho, com as alterações introduzidas pelos Decretos-Leis n.os 348/98, de 9 de novembro, 149/2004, de 22 de junho e 198/2008, de 8 de outubro: Verificação do n.º mínimo anual de amostras e verificação do n.º máximo de amostras não conformes e verificação do desvio aos valores paramétricos.",Mensal,Pontual
L006090.2021.RH5A,Normal,Caudal (m3/dia),,380,,"De acordo com o Anexo I do Decreto-Lei n.º 152/97, de 19 de junho, com as alterações introduzidas pelos Decretos-Leis n.os 348/98, de 9 de novembro, 149/2004, de 22 de junho e 198/2008, de 8 de outubro: Verificação do n.º mínimo anual de amostras e verificação do n.º máximo de amostras não conformes e verificação do desvio aos valores paramétricos.",,
L006090.2021.RH5A,Normal,Óleos e Gorduras (mg/L),,15,"Anexo XVIII do Decreto-Lei nº 236/98, de 1 de agosto","De acordo com o Anexo I do Decreto-Lei n.º 152/97, de 19 de junho, com as alterações introduzidas pelos Decretos-Leis n.os 348/98, de 9 de novembro, 149/2004, de 22 de junho e 198/2008, de 8 de outubro: Verificação do n.º mínimo anual de amostras e verificação do n.º máximo de amostras não conformes e verificação do desvio aos valores paramétricos.",Mensal,Pontual
L019546.2018.RH5A,Normal,Fósforo total (mg/L P),,2,"Decreto-Lei nº 152/97, de 19 de junho","De acordo com o nº6 do artigo 69o do Decreto-Lei nº 236/98, de 1 de Agosto.De acordo com o Anexo I do Decreto-Lei n.º 152/97, de 19 de junho, com as alterações introduzidas pelos Decretos-Leis n.os 348/98, de 9 de novembro, 149/2004, de 22 de junho e 198/2008, de 8 de outubro: Verificação do n.º mínimo anual de amostras e verificação do n.º máximo de amostras não conformes e verificação do desvio aos valores paramétricos.",Quinzenal,Composta (i)
L019546.2018.RH5A,Normal,Sólidos Suspensos Totais (mg/L),,35,"Decreto-Lei nº 152/97, de 19 de junho","De acordo com o nº6 do artigo 69o do Decreto-Lei nº 236/98, de 1 de Agosto.De acordo com o Anexo I do Decreto-Lei n.º 152/97, de 19 de junho, com as alterações introduzidas pelos Decretos-Leis n.os 348/98, de 9 de novembro, 149/2004, de 22 de junho e 198/2008, de 8 de outubro: Verificação do n.º mínimo anual de amostras e verificação do n.º máximo de amostras não conformes e verificação do desvio aos valores paramétricos.",Quinzenal,Composta (i)
L019546.2018.RH5A,Normal,Carência Química de Oxigénio (mg/L O2),,125,"Decreto-Lei nº 152/97, de 19 de junho","De acordo com o nº6 do artigo 69o do Decreto-Lei nº 236/98, de 1 de Agosto.De acordo com o Anexo I do Decreto-Lei n.º 152/97, de 19 de junho, com as alterações introduzidas pelos Decretos-Leis n.os 348/98, de 9 de novembro, 149/2004, de 22 de junho e 198/2008, de 8 de outubro: Verificação do n.º mínimo anual de amostras e verificação do n.º máximo de amostras não conformes e verificação do desvio aos valores paramétricos.",Quinzenal,Composta (i)
L019546.2018.RH5A,Normal,Carência Bioquímica de Oxigénio (mg/L O2),,25,"Decreto-Lei nº 152/97, de 19 de junho","De acordo com o nº6 do artigo 69o do Decreto-Lei nº 236/98, de 1 de Agosto.De acordo com o Anexo I do Decreto-Lei n.º 152/97, de 19 de junho, com as alterações introduzidas pelos Decretos-Leis n.os 348/98, de 9 de novembro, 149/2004, de 22 de junho e 198/2008, de 8 de outubro: Verificação do n.º mínimo anual de amostras e verificação do n.º máximo de amostras não conformes e verificação do desvio aos valores paramétricos.",Quinzenal,Composta (i)
L019546.2018.RH5A,Normal,pH (Escala de Sörensen),,"6,0 a 9,0","Anexo XVIII do Decreto-Lei nº 236/98, de 1 de agosto","De acordo com o nº6 do artigo 69o do Decreto-Lei nº 236/98, de 1 de Agosto.De acordo com o Anexo I do Decreto-Lei n.º 152/97, de 19 de junho, com as alterações introduzidas pelos Decretos-Leis n.os 348/98, de 9 de novembro, 149/2004, de 22 de junho e 198/2008, de 8 de outubro: Verificação do n.º mínimo anual de amostras e verificação do n.º máximo de amostras não conformes e verificação do desvio aos valores paramétricos.",Quinzenal,Composta (i)
L004199.2017.RH7,Normal,pH (Escala de Sörensen),,"6,0 - 9,0","Anexo XVIII do Decreto-Lei n.º 236/98, de 1 de agosto.","De acordo com o n.º 6 do artigo 69.º do Decreto-Lei n.º 236/98, de 1 de agosto.",Bimestral,Composta (i)
L004199.2017.RH7,Normal,Carência Bioquímica de Oxigénio (mg/L O2),,40,"Anexo XVIII do Decreto-Lei n.º 236/98, de 1 de agosto.","De acordo com o n.º 6 do artigo 69.º do Decreto-Lei n.º 236/98, de 1 de agosto.",Bimestral,Composta (i)
L004199.2017.RH7,Normal,Carência Química de Oxigénio (mg/L O2),,150,"Anexo XVIII do Decreto-Lei n.º 236/98, de 1 de agosto.","De acordo com o n.º 6 do artigo 69.º do Decreto-Lei n.º 236/98, de 1 de agosto.",Bimestral,Composta (i)
L004199.2017.RH7,Normal,Sólidos Suspensos Totais (mg/L),,60,"Anexo XVIII do Decreto-Lei n.º 236/98, de 1 de agosto.","De acordo com o n.º 6 do artigo 69.º do Decreto-Lei n.º 236/98, de 1 de agosto.",Bimestral,Composta (i)
L004199.2017.RH7,Normal,Óleos e Gorduras (mg/L),,15,"Anexo XVIII do Decreto-Lei n.º 236/98, de 1 de agosto.","De acordo com o n.º 6 do artigo 69.º do Decreto-Lei n.º 236/98, de 1 de agosto.",Semestral,Composta (i)
L021840.2021.RH4A,Normal,pH (Escala de Sörensen),,"6,0 a 9.0","Anexo XVIII do Decreto-Lei nº 236/98, de 1 de agosto.","De acordo com o nº6 do artigo n.º 69 do Decreto-Lei nº 236/98, de 1 de agosto. De acordo com o Anexo I do Decreto-Lei n.º 152/97, de 19 de junho, com as alterações introduzidas pelos Decretos-Lei n.º 348/98, de 9 de novembro, 149/2004, de 22 de junho e 198/2008, de 8 de outubro: Verificação do n.º mínimo anual de amostras, verificação do n.º máximo de amostras não conformes e verificação do desvio aos valores paramétricos.",Trimestral,Pontual
L021840.2021.RH4A,Normal,Carência Bioquímica de Oxigénio (mg/L O2),,40,"Anexo XVIII do Decreto-Lei nº 236/98, de 1 de agosto.","De acordo com o nº6 do artigo n.º 69 do Decreto-Lei nº 236/98, de 1 de agosto. De acordo com o Anexo I do Decreto-Lei n.º 152/97, de 19 de junho, com as alterações introduzidas pelos Decretos-Lei n.º 348/98, de 9 de novembro, 149/2004, de 22 de junho e 198/2008, de 8 de outubro: Verificação do n.º mínimo anual de amostras, verificação do n.º máximo de amostras não conformes e verificação do desvio aos valores paramétricos.",Trimestral,Composta (i)
L021840.2021.RH4A,Normal,Carência Química de Oxigénio (mg/L O2),,150,"Anexo XVIII do Decreto-Lei nº 236/98, de 1 de agosto.","De acordo com o nº6 do artigo n.º 69 do Decreto-Lei nº 236/98, de 1 de agosto. De acordo com o Anexo I do Decreto-Lei n.º 152/97, de 19 de junho, com as alterações introduzidas pelos Decretos-Lei n.º 348/98, de 9 de novembro, 149/2004, de 22 de junho e 198/2008, de 8 de outubro: Verificação do n.º mínimo anual de amostras, verificação do n.º máximo de amostras não conformes e verificação do desvio aos valores paramétricos.",Trimestral,Composta (i)
L021840.2021.RH4A,Normal,Sólidos Suspensos Totais (mg/L),,60,"Anexo XVIII do Decreto-Lei nº 236/98, de 1 de agosto.","De acordo com o nº6 do artigo n.º 69 do Decreto-Lei nº 236/98, de 1 de agosto. De acordo com o Anexo I do Decreto-Lei n.º 152/97, de 19 de junho, com as alterações introduzidas pelos Decretos-Lei n.º 348/98, de 9 de novembro, 149/2004, de 22 de junho e 198/2008, de 8 de outubro: Verificação do n.º mínimo anual de amostras, verificação do n.º máximo de amostras não conformes e verificação do desvio aos valores paramétricos.",Trimestral,Composta (i)
L010196.2021.RH4A,Normal,pH (Escala de Sörensen),,"6,0 a 9,0","Anexo XVIII do Decreto-Lei nº 236/98, de 1 de agosto.","De acordo com o nº6 do artigo 69o do Decreto-Lei nº 236/98, de 1 de Agosto.De acordo com o Anexo I do Decreto-Lei n.º 152/97, de 19 de junho, com as alterações introduzidas pelos Decretos-Leis n.os 348/98, de 9 de novembro, 149/2004, de 22 de junho e 198/2008, de 8 de outubro: Verificação do n.º mínimo anual de amostras e verificação do n.º máximo de amostras não conformes e verificação do desvio aos valores paramétricos.",Trimestral,Pontual
L010196.2021.RH4A,Normal,Carência Bioquímica de Oxigénio (mg/L O2),,40,"Anexo XVIII do Decreto-Lei nº 236/98, de 1 de agosto.","De acordo com o nº6 do artigo 69o do Decreto-Lei nº 236/98, de 1 de Agosto.De acordo com o Anexo I do Decreto-Lei n.º 152/97, de 19 de junho, com as alterações introduzidas pelos Decretos-Leis n.os 348/98, de 9 de novembro, 149/2004, de 22 de junho e 198/2008, de 8 de outubro: Verificação do n.º mínimo anual de amostras e verificação do n.º máximo de amostras não conformes e verificação do desvio aos valores paramétricos.",Trimestral,Composta (i)
L010196.2021.RH4A,Normal,Carência Química de Oxigénio (mg/L O2),,150,"Anexo XVIII do Decreto-Lei nº 236/98, de 1 de agosto.","De acordo com o nº6 do artigo 69o do Decreto-Lei nº 236/98, de 1 de Agosto.De acordo com o Anexo I do Decreto-Lei n.º 152/97, de 19 de junho, com as alterações introduzidas pelos Decretos-Leis n.os 348/98, de 9 de novembro, 149/2004, de 22 de junho e 198/2008, de 8 de outubro: Verificação do n.º mínimo anual de amostras e verificação do n.º máximo de amostras não conformes e verificação do desvio aos valores paramétricos.",Trimestral,Composta (i)
L010196.2021.RH4A,Normal,Sólidos Suspensos Totais (mg/L),,60,"Anexo XVIII do Decreto-Lei nº 236/98, de 1 de agosto.","De acordo com o nº6 do artigo 69o do Decreto-Lei nº 236/98, de 1 de Agosto.De acordo com o Anexo I do Decreto-Lei n.º 152/97, de 19 de junho, com as alterações introduzidas pelos Decretos-Leis n.os 348/98, de 9 de novembro, 149/2004, de 22 de junho e 198/2008, de 8 de outubro: Verificação do n.º mínimo anual de amostras e verificação do n.º máximo de amostras não conformes e verificação do desvio aos valores paramétricos.",Trimestral,Composta (i)
L020748.2021.RH4A,Normal,Sólidos Suspensos Totais (mg/L),,60,"Anexo XVIII do Decreto-Lei nº 236/98, de 1 de agosto.","De acordo com o nº6 do artigo 69o do Decreto-Lei nº 236/98, de 1 de Agosto.De acordo com o Anexo I do Decreto-Lei n.º 152/97, de 19 de junho, com as alterações introduzidas pelos Decretos-Leis n.os 348/98, de 9 de novembro, 149/2004, de 22 de junho e 198/2008, de 8 de outubro: Verificação do n.º mínimo anual de amostras e verificação do n.º máximo de amostras não conformes e verificação do desvio aos valores paramétricos.",Trimestral,Composta (ii)
L020748.2021.RH4A,Normal,Carência Química de Oxigénio (mg/L O2),,150,"Anexo XVIII do Decreto-Lei nº 236/98, de 1 de agosto.","De acordo com o nº6 do artigo 69o do Decreto-Lei nº 236/98, de 1 de Agosto.De acordo com o Anexo I do Decreto-Lei n.º 152/97, de 19 de junho, com as alterações introduzidas pelos Decretos-Leis n.os 348/98, de 9 de novembro, 149/2004, de 22 de junho e 198/2008, de 8 de outubro: Verificação do n.º mínimo anual de amostras e verificação do n.º máximo de amostras não conformes e verificação do desvio aos valores paramétricos.",Trimestral,Composta (i)
L020748.2021.RH4A,Normal,Carência Bioquímica de Oxigénio (mg/L O2),,40,"Anexo XVIII do Decreto-Lei nº 236/98, de 1 de agosto.","De acordo com o nº6 do artigo 69o do Decreto-Lei nº 236/98, de 1 de Agosto.De acordo com o Anexo I do Decreto-Lei n.º 152/97, de 19 de junho, com as alterações introduzidas pelos Decretos-Leis n.os 348/98, de 9 de novembro, 149/2004, de 22 de junho e 198/2008, de 8 de outubro: Verificação do n.º mínimo anual de amostras e verificação do n.º máximo de amostras não conformes e verificação do desvio aos valores paramétricos.",Trimestral,Composta (i)
L020748.2021.RH4A,Normal,pH (Escala de Sörensen),,"6,0 a 9,0","Anexo XVIII do Decreto-Lei nº 236/98, de 1 de agosto.","De acordo com o nº6 do artigo 69o do Decreto-Lei nº 236/98, de 1 de Agosto.De acordo com o Anexo I do Decreto-Lei n.º 152/97, de 19 de junho, com as alterações introduzidas pelos Decretos-Leis n.os 348/98, de 9 de novembro, 149/2004, de 22 de junho e 198/2008, de 8 de outubro: Verificação do n.º mínimo anual de amostras e verificação do n.º máximo de amostras não conformes e verificação do desvio aos valores paramétricos.",Trimestral,Composta (i)
L010659.2020.RH5A,Normal,pH (Escala de Sörensen),,6-9,"Anexo XVIII do Decreto-Lei nº 236/98, de 1 de agosto","De acordo com o Anexo I do Decreto-Lei n.º 152/97, de 19 de junho, com as alterações introduzidas pelos Decretos-Leis n.os 348/98, de 9 de novembro, 149/2004, de 22 de junho e 198/2008, de 8 de outubro: Verificação do n.º mínimo anual de amostras e verificação do n.º máximo de amostras não conformes e verificação do desvio aos valores paramétricos.",Mensal,Composta (ii)
L010659.2020.RH5A,Normal,Carência Bioquímica de Oxigénio (mg/L O2),,40,"Anexo XVIII do Decreto-Lei nº 236/98, de 1 de agosto","De acordo com o Anexo I do Decreto-Lei n.º 152/97, de 19 de junho, com as alterações introduzidas pelos Decretos-Leis n.os 348/98, de 9 de novembro, 149/2004, de 22 de junho e 198/2008, de 8 de outubro: Verificação do n.º mínimo anual de amostras e verificação do n.º máximo de amostras não conformes e verificação do desvio aos valores paramétricos.",Mensal,Composta (ii)
L010659.2020.RH5A,Normal,Carência Química de Oxigénio (mg/L O2),,150,"Anexo XVIII do Decreto-Lei nº 236/98, de 1 de agosto","De acordo com o Anexo I do Decreto-Lei n.º 152/97, de 19 de junho, com as alterações introduzidas pelos Decretos-Leis n.os 348/98, de 9 de novembro, 149/2004, de 22 de junho e 198/2008, de 8 de outubro: Verificação do n.º mínimo anual de amostras e verificação do n.º máximo de amostras não conformes e verificação do desvio aos valores paramétricos.",Mensal,Composta (ii)
L010659.2020.RH5A,Normal,Sólidos Suspensos Totais (mg/L),,60,"Anexo XVIII do Decreto-Lei nº 236/98, de 1 de agosto","De acordo com o Anexo I do Decreto-Lei n.º 152/97, de 19 de junho, com as alterações introduzidas pelos Decretos-Leis n.os 348/98, de 9 de novembro, 149/2004, de 22 de junho e 198/2008, de 8 de outubro: Verificação do n.º mínimo anual de amostras e verificação do n.º máximo de amostras não conformes e verificação do desvio aos valores paramétricos.",Mensal,Composta (ii)
L010659.2020.RH5A,Normal,Fósforo total (mg/L P),,3,"Anexo XVIII do Decreto-Lei nº 236/98, de 1 de agosto","De acordo com o Anexo I do Decreto-Lei n.º 152/97, de 19 de junho, com as alterações introduzidas pelos Decretos-Leis n.os 348/98, de 9 de novembro, 149/2004, de 22 de junho e 198/2008, de 8 de outubro: Verificação do n.º mínimo anual de amostras e verificação do n.º máximo de amostras não conformes e verificação do desvio aos valores paramétricos.",Mensal,Composta (ii)
L009735.2020.RH5A,Normal,pH (Escala de Sörensen),,6-9,"Anexo XVIII do Decreto-Lei nº 236/98, de 1 de agosto","De acordo com o Anexo I do Decreto-Lei n.º 152/97, de 19 de junho, com as alterações introduzidas pelos Decretos-Leis n.os 348/98, de 9 de novembro, 149/2004, de 22 de junho e 198/2008, de 8 de outubro: Verificação do n.º mínimo anual de amostras e verificação do n.º máximo de amostras não conformes e verificação do desvio aos valores paramétricos.",Mensal,Composta (ii)
L009735.2020.RH5A,Normal,Carência Bioquímica de Oxigénio (mg/L O2),,40,"Anexo XVIII do Decreto-Lei nº 236/98, de 1 de agosto","De acordo com o Anexo I do Decreto-Lei n.º 152/97, de 19 de junho, com as alterações introduzidas pelos Decretos-Leis n.os 348/98, de 9 de novembro, 149/2004, de 22 de junho e 198/2008, de 8 de outubro: Verificação do n.º mínimo anual de amostras e verificação do n.º máximo de amostras não conformes e verificação do desvio aos valores paramétricos.",,
L009735.2020.RH5A,Normal,Carência Química de Oxigénio (mg/L O2),,150,"Anexo XVIII do Decreto-Lei nº 236/98, de 1 de agosto","De acordo com o Anexo I do Decreto-Lei n.º 152/97, de 19 de junho, com as alterações introduzidas pelos Decretos-Leis n.os 348/98, de 9 de novembro, 149/2004, de 22 de junho e 198/2008, de 8 de outubro: Verificação do n.º mínimo anual de amostras e verificação do n.º máximo de amostras não conformes e verificação do desvio aos valores paramétricos.",Mensal,Composta (ii)
L009735.2020.RH5A,Normal,Sólidos Suspensos Totais (mg/L),,60,"Anexo XVIII do Decreto-Lei nº 236/98, de 1 de agosto","De acordo com o Anexo I do Decreto-Lei n.º 152/97, de 19 de junho, com as alterações introduzidas pelos Decretos-Leis n.os 348/98, de 9 de novembro, 149/2004, de 22 de junho e 198/2008, de 8 de outubro: Verificação do n.º mínimo anual de amostras e verificação do n.º máximo de amostras não conformes e verificação do desvio aos valores paramétricos.",Mensal,Composta (ii)
L019026.2021.RH5A,Normal,pH (Escala de Sörensen),,6-9,"Anexo XVIII do Decreto-Lei nº 236/98, de 1 de agosto","De acordo com o nº6 do artigo 69o do Decreto-Lei nº 236/98, de 1 de Agosto.",Mensal,Composta (ii)
L019026.2021.RH5A,Normal,Carência Bioquímica de Oxigénio (mg/L O2),,40,"Anexo XVIII do Decreto-Lei nº 236/98, de 1 de agosto","De acordo com o nº6 do artigo 69o do Decreto-Lei nº 236/98, de 1 de Agosto.",Mensal,Composta (ii)
L019026.2021.RH5A,Normal,Carência Química de Oxigénio (mg/L O2),,150,"Anexo XVIII do Decreto-Lei nº 236/98, de 1 de agosto","De acordo com o nº6 do artigo 69o do Decreto-Lei nº 236/98, de 1 de Agosto.",Mensal,Composta (ii)
L019026.2021.RH5A,Normal,Sólidos Suspensos Totais (mg/L),,60,"Anexo XVIII do Decreto-Lei nº 236/98, de 1 de agosto","De acordo com o nº6 do artigo 69o do Decreto-Lei nº 236/98, de 1 de Agosto.",Mensal,Composta (ii)
L020502.2021.RH5A,Normal,pH (Escala de Sörensen),,6 a 9,"Anexo XVIII do Decreto-Lei nº 236/98, de 1 de agosto","De acordo com o nº6 do artigo 69o do Decreto-Lei nº 236/98, de 1 de Agosto.De acordo com o Anexo I do Decreto-Lei n.º 152/97, de 19 de junho, com as alterações introduzidas pelos Decretos-Leis n.os 348/98, de 9 de novembro, 149/2004, de 22 de junho e 198/2008, de 8 de outubro: Verificação do n.º mínimo anual de amostras e verificação do n.º máximo de amostras não conformes e verificação do desvio aos valores paramétricos.",Quinzenal,Composta (i)
L020502.2021.RH5A,Normal,Carência Química de Oxigénio (mg/L O2),,125,"Decreto-Lei nº 152/97, de 19 de junho.","De acordo com o nº6 do artigo 69o do Decreto-Lei nº 236/98, de 1 de Agosto.De acordo com o Anexo I do Decreto-Lei n.º 152/97, de 19 de junho, com as alterações introduzidas pelos Decretos-Leis n.os 348/98, de 9 de novembro, 149/2004, de 22 de junho e 198/2008, de 8 de outubro: Verificação do n.º mínimo anual de amostras e verificação do n.º máximo de amostras não conformes e verificação do desvio aos valores paramétricos.",Quinzenal,Composta (i)
L020502.2021.RH5A,Normal,Carência Bioquímica de Oxigénio (mg/L O2),,25,"Decreto-Lei nº 152/97, de 19 de junho.","De acordo com o nº6 do artigo 69o do Decreto-Lei nº 236/98, de 1 de Agosto.De acordo com o Anexo I do Decreto-Lei n.º 152/97, de 19 de junho, com as alterações introduzidas pelos Decretos-Leis n.os 348/98, de 9 de novembro, 149/2004, de 22 de junho e 198/2008, de 8 de outubro: Verificação do n.º mínimo anual de amostras e verificação do n.º máximo de amostras não conformes e verificação do desvio aos valores paramétricos.",Quinzenal,Composta (i)
L020502.2021.RH5A,Normal,Sólidos Suspensos Totais (mg/L),,35,"Decreto-Lei nº 152/97, de 19 de junho.","De acordo com o nº6 do artigo 69o do Decreto-Lei nº 236/98, de 1 de Agosto.De acordo com o Anexo I do Decreto-Lei n.º 152/97, de 19 de junho, com as alterações introduzidas pelos Decretos-Leis n.os 348/98, de 9 de novembro, 149/2004, de 22 de junho e 198/2008, de 8 de outubro: Verificação do n.º mínimo anual de amostras e verificação do n.º máximo de amostras não conformes e verificação do desvio aos valores paramétricos.",Quinzenal,Composta (i)
L020502.2021.RH5A,Normal,Óleos e Gorduras (mg/L),,15,"Anexo XVIII do Decreto-Lei nº 236/98, de 1 de agosto","De acordo com o nº6 do artigo 69o do Decreto-Lei nº 236/98, de 1 de Agosto.De acordo com o Anexo I do Decreto-Lei n.º 152/97, de 19 de junho, com as alterações introduzidas pelos Decretos-Leis n.os 348/98, de 9 de novembro, 149/2004, de 22 de junho e 198/2008, de 8 de outubro: Verificação do n.º mínimo anual de amostras e verificação do n.º máximo de amostras não conformes e verificação do desvio aos valores paramétricos.",Trimestral,Pontual
L020002.2021.RH5A,Normal,pH (Escala de Sörensen),,6 a 9,"Anexo XVIII do Decreto-Lei nº 236/98, de 1 de agosto","De acordo com o nº6 do artigo 69o do Decreto-Lei nº 236/98, de 1 de Agosto.De acordo com o Anexo I do Decreto-Lei n.º 152/97, de 19 de junho, com as alterações introduzidas pelos Decretos-Leis n.os 348/98, de 9 de novembro, 149/2004, de 22 de junho e 198/2008, de 8 de outubro: Verificação do n.º mínimo anual de amostras e verificação do n.º máximo de amostras não conformes e verificação do desvio aos valores paramétricos.",Mensal,Composta (i)
L020002.2021.RH5A,Normal,Carência Química de Oxigénio (mg/L O2),,150,"Anexo XVIII do Decreto-Lei nº 236/98, de 1 de agosto","De acordo com o nº6 do artigo 69o do Decreto-Lei nº 236/98, de 1 de Agosto.De acordo com o Anexo I do Decreto-Lei n.º 152/97, de 19 de junho, com as alterações introduzidas pelos Decretos-Leis n.os 348/98, de 9 de novembro, 149/2004, de 22 de junho e 198/2008, de 8 de outubro: Verificação do n.º mínimo anual de amostras e verificação do n.º máximo de amostras não conformes e verificação do desvio aos valores paramétricos.",Mensal,Composta (i)
L020002.2021.RH5A,Normal,Carência Bioquímica de Oxigénio (mg/L O2),,40,"Anexo XVIII do Decreto-Lei nº 236/98, de 1 de agosto","De acordo com o nº6 do artigo 69o do Decreto-Lei nº 236/98, de 1 de Agosto.De acordo com o Anexo I do Decreto-Lei n.º 152/97, de 19 de junho, com as alterações introduzidas pelos Decretos-Leis n.os 348/98, de 9 de novembro, 149/2004, de 22 de junho e 198/2008, de 8 de outubro: Verificação do n.º mínimo anual de amostras e verificação do n.º máximo de amostras não conformes e verificação do desvio aos valores paramétricos.",Mensal,Composta (i)
L020002.2021.RH5A,Normal,Sólidos Suspensos Totais (mg/L),,60,"Anexo XVIII do Decreto-Lei nº 236/98, de 1 de agosto","De acordo com o nº6 do artigo 69o do Decreto-Lei nº 236/98, de 1 de Agosto.De acordo com o Anexo I do Decreto-Lei n.º 152/97, de 19 de junho, com as alterações introduzidas pelos Decretos-Leis n.os 348/98, de 9 de novembro, 149/2004, de 22 de junho e 198/2008, de 8 de outubro: Verificação do n.º mínimo anual de amostras e verificação do n.º máximo de amostras não conformes e verificação do desvio aos valores paramétricos.",Mensal,Composta (i)
L020002.2021.RH5A,Normal,Óleos e Gorduras (mg/L),,15,"Anexo XVIII do Decreto-Lei nº 236/98, de 1 de agosto","De acordo com o nº6 do artigo 69o do Decreto-Lei nº 236/98, de 1 de Agosto.De acordo com o Anexo I do Decreto-Lei n.º 152/97, de 19 de junho, com as alterações introduzidas pelos Decretos-Leis n.os 348/98, de 9 de novembro, 149/2004, de 22 de junho e 198/2008, de 8 de outubro: Verificação do n.º mínimo anual de amostras e verificação do n.º máximo de amostras não conformes e verificação do desvio aos valores paramétricos.",Trimestral,Pontual
L009723.2020.RH5A,Normal,pH (Escala de Sörensen),,6-9,"Anexo XVIII do Decreto-Lei nº 236/98, de 1 de agosto","De acordo com o Anexo I do Decreto-Lei n.º 152/97, de 19 de junho, com as alterações introduzidas pelos Decretos-Leis n.os 348/98, de 9 de novembro, 149/2004, de 22 de junho e 198/2008, de 8 de outubro: Verificação do n.º mínimo anual de amostras e verificação do n.º máximo de amostras não conformes e verificação do desvio aos valores paramétricos.",Mensal,Pontual
L009723.2020.RH5A,Normal,Carência Bioquímica de Oxigénio (mg/L O2),,40,"Anexo XVIII do Decreto-Lei nº 236/98, de 1 de agosto","De acordo com o Anexo I do Decreto-Lei n.º 152/97, de 19 de junho, com as alterações introduzidas pelos Decretos-Leis n.os 348/98, de 9 de novembro, 149/2004, de 22 de junho e 198/2008, de 8 de outubro: Verificação do n.º mínimo anual de amostras e verificação do n.º máximo de amostras não conformes e verificação do desvio aos valores paramétricos.",Mensal,Pontual
L009723.2020.RH5A,Normal,Carência Química de Oxigénio (mg/L O2),,150,"Anexo XVIII do Decreto-Lei nº 236/98, de 1 de agosto","De acordo com o Anexo I do Decreto-Lei n.º 152/97, de 19 de junho, com as alterações introduzidas pelos Decretos-Leis n.os 348/98, de 9 de novembro, 149/2004, de 22 de junho e 198/2008, de 8 de outubro: Verificação do n.º mínimo anual de amostras e verificação do n.º máximo de amostras não conformes e verificação do desvio aos valores paramétricos.",Mensal,Pontual
L009723.2020.RH5A,Normal,Sólidos Suspensos Totais (mg/L),,60,"Anexo XVIII do Decreto-Lei nº 236/98, de 1 de agosto","De acordo com o Anexo I do Decreto-Lei n.º 152/97, de 19 de junho, com as alterações introduzidas pelos Decretos-Leis n.os 348/98, de 9 de novembro, 149/2004, de 22 de junho e 198/2008, de 8 de outubro: Verificação do n.º mínimo anual de amostras e verificação do n.º máximo de amostras não conformes e verificação do desvio aos valores paramétricos.",Mensal,Pontual
L009723.2020.RH5A,Normal,Azoto amoniacal (mg/L NH4),,10,"Anexo XVIII do Decreto-Lei nº 236/98, de 1 de agosto","De acordo com o Anexo I do Decreto-Lei n.º 152/97, de 19 de junho, com as alterações introduzidas pelos Decretos-Leis n.os 348/98, de 9 de novembro, 149/2004, de 22 de junho e 198/2008, de 8 de outubro: Verificação do n.º mínimo anual de amostras e verificação do n.º máximo de amostras não conformes e verificação do desvio aos valores paramétricos.",Mensal,Pontual
L009723.2020.RH5A,Normal,Coliformes fecais (NMP/100 mL),,2000,"Anexo XVIII do Decreto-Lei nº 236/98, de 1 de agosto","De acordo com o Anexo I do Decreto-Lei n.º 152/97, de 19 de junho, com as alterações introduzidas pelos Decretos-Leis n.os 348/98, de 9 de novembro, 149/2004, de 22 de junho e 198/2008, de 8 de outubro: Verificação do n.º mínimo anual de amostras e verificação do n.º máximo de amostras não conformes e verificação do desvio aos valores paramétricos.",Mensal,Pontual
L015838.2021.RH4A,Normal,pH (Escala de Sörensen),,"6,0 a 9,0","Anexo XVIII do Decreto-Lei nº 236/98, de 1 de agosto.","De acordo com o nº6 do artigo 69o do Decreto-Lei nº 236/98, de 1 de Agosto.De acordo com o Anexo I do Decreto-Lei n.º 152/97, de 19 de junho, com as alterações introduzidas pelos Decretos-Leis n.os 348/98, de 9 de novembro, 149/2004, de 22 de junho e 198/2008, de 8 de outubro: Verificação do n.º mínimo anual de amostras e verificação do n.º máximo de amostras não conformes e verificação do desvio aos valores paramétricos.",Trimestral,Pontual
L015838.2021.RH4A,Normal,Carência Bioquímica de Oxigénio (mg/L O2),,40,"Anexo XVIII do Decreto-Lei nº 236/98, de 1 de agosto.","De acordo com o nº6 do artigo 69o do Decreto-Lei nº 236/98, de 1 de Agosto.De acordo com o Anexo I do Decreto-Lei n.º 152/97, de 19 de junho, com as alterações introduzidas pelos Decretos-Leis n.os 348/98, de 9 de novembro, 149/2004, de 22 de junho e 198/2008, de 8 de outubro: Verificação do n.º mínimo anual de amostras e verificação do n.º máximo de amostras não conformes e verificação do desvio aos valores paramétricos.",Trimestral,Composta (i)
L015838.2021.RH4A,Normal,Carência Química de Oxigénio (mg/L O2),,150,"Anexo XVIII do Decreto-Lei nº 236/98, de 1 de agosto.","De acordo com o nº6 do artigo 69o do Decreto-Lei nº 236/98, de 1 de Agosto.De acordo com o Anexo I do Decreto-Lei n.º 152/97, de 19 de junho, com as alterações introduzidas pelos Decretos-Leis n.os 348/98, de 9 de novembro, 149/2004, de 22 de junho e 198/2008, de 8 de outubro: Verificação do n.º mínimo anual de amostras e verificação do n.º máximo de amostras não conformes e verificação do desvio aos valores paramétricos.",Trimestral,Composta (i)
L015838.2021.RH4A,Normal,Sólidos Suspensos Totais (mg/L),,60,"Anexo XVIII do Decreto-Lei nº 236/98, de 1 de agosto.","De acordo com o nº6 do artigo 69o do Decreto-Lei nº 236/98, de 1 de Agosto.De acordo com o Anexo I do Decreto-Lei n.º 152/97, de 19 de junho, com as alterações introduzidas pelos Decretos-Leis n.os 348/98, de 9 de novembro, 149/2004, de 22 de junho e 198/2008, de 8 de outubro: Verificação do n.º mínimo anual de amostras e verificação do n.º máximo de amostras não conformes e verificação do desvio aos valores paramétricos.",Trimestral,Composta (i)
L016441.2019.RH7,Normal,pH (Escala de Sörensen),,"6,0 - 9,0","Anexo XVIII do Decreto-Lei n.º 236/98, de 1 de agosto.","De acordo com o artigo 69.º do Decreto-Lei n.º 236/98, de 1 de agosto. Atendendo à origem das águas residuais e aos objetivos de qualidade definidos para a massa de água recetora, o número máximo anual de amostras que podem não ser conformes não pode exceder 1 (uma), para os parâmetros pH, CBO5, CQO e SST; para o parâmetro Óleos e gorduras todas as amostras têm que ser conformes.",Trimestral,Composta (iii)
L016441.2019.RH7,Normal,Carência Bioquímica de Oxigénio (mg/L O2),,40,"Anexo XVIII do Decreto-Lei n.º 236/98, de 1 de agosto.","De acordo com o artigo 69.º do Decreto-Lei n.º 236/98, de 1 de agosto. Atendendo à origem das águas residuais e aos objetivos de qualidade definidos para a massa de água recetora, o número máximo anual de amostras que podem não ser conformes não pode exceder 1 (uma), para os parâmetros pH, CBO5, CQO e SST; para o parâmetro Óleos e gorduras todas as amostras têm que ser conformes.",Trimestral,Composta (iii)
L016441.2019.RH7,Normal,Carência Química de Oxigénio (mg/L O2),,150,"Anexo XVIII do Decreto-Lei n.º 236/98, de 1 de agosto.","De acordo com o artigo 69.º do Decreto-Lei n.º 236/98, de 1 de agosto. Atendendo à origem das águas residuais e aos objetivos de qualidade definidos para a massa de água recetora, o número máximo anual de amostras que podem não ser conformes não pode exceder 1 (uma), para os parâmetros pH, CBO5, CQO e SST; para o parâmetro Óleos e gorduras todas as amostras têm que ser conformes.",Trimestral,Composta (iii)
L016441.2019.RH7,Normal,Sólidos Suspensos Totais (mg/L),,60,"Anexo XVIII do Decreto-Lei n.º 236/98, de 1 de agosto.","De acordo com o artigo 69.º do Decreto-Lei n.º 236/98, de 1 de agosto. Atendendo à origem das águas residuais e aos objetivos de qualidade definidos para a massa de água recetora, o número máximo anual de amostras que podem não ser conformes não pode exceder 1 (uma), para os parâmetros pH, CBO5, CQO e SST; para o parâmetro Óleos e gorduras todas as amostras têm que ser conformes.",Trimestral,Composta (iii)
L016441.2019.RH7,Normal,Óleos e Gorduras (mg/L),,15,"Anexo XVIII do Decreto-Lei n.º 236/98, de 1 de agosto.","De acordo com o artigo 69.º do Decreto-Lei n.º 236/98, de 1 de agosto. Atendendo à origem das águas residuais e aos objetivos de qualidade definidos para a massa de água recetora, o número máximo anual de amostras que podem não ser conformes não pode exceder 1 (uma), para os parâmetros pH, CBO5, CQO e SST; para o parâmetro Óleos e gorduras todas as amostras têm que ser conformes.",Semestral,Composta (iii)
L012313.2022.RH4A,Normal,pH (Escala de Sörensen),,"6,0 a 9,0","Anexo XVIII do Decreto-Lei nº 236/98, de 1 de agosto.","De acordo com o nº6 do artigo 69o do Decreto-Lei nº 236/98, de 1 de Agosto.De acordo com o Anexo I do Decreto-Lei n.º 152/97, de 19 de junho, com as alterações introduzidas pelos Decretos-Leis n.os 348/98, de 9 de novembro, 149/2004, de 22 de junho e 198/2008, de 8 de outubro: Verificação do n.º mínimo anual de amostras e verificação do n.º máximo de amostras não conformes e verificação do desvio aos valores paramétricos.",Trimestral,Composta (i)
L012313.2022.RH4A,Normal,Carência Bioquímica de Oxigénio (mg/L O2),,40,"Anexo XVIII do Decreto-Lei nº 236/98, de 1 de agosto.","De acordo com o nº6 do artigo 69o do Decreto-Lei nº 236/98, de 1 de Agosto.De acordo com o Anexo I do Decreto-Lei n.º 152/97, de 19 de junho, com as alterações introduzidas pelos Decretos-Leis n.os 348/98, de 9 de novembro, 149/2004, de 22 de junho e 198/2008, de 8 de outubro: Verificação do n.º mínimo anual de amostras e verificação do n.º máximo de amostras não conformes e verificação do desvio aos valores paramétricos.",Trimestral,Composta (i)
L012313.2022.RH4A,Normal,Carência Química de Oxigénio (mg/L O2),,150,"Anexo XVIII do Decreto-Lei nº 236/98, de 1 de agosto.","De acordo com o nº6 do artigo 69o do Decreto-Lei nº 236/98, de 1 de Agosto.De acordo com o Anexo I do Decreto-Lei n.º 152/97, de 19 de junho, com as alterações introduzidas pelos Decretos-Leis n.os 348/98, de 9 de novembro, 149/2004, de 22 de junho e 198/2008, de 8 de outubro: Verificação do n.º mínimo anual de amostras e verificação do n.º máximo de amostras não conformes e verificação do desvio aos valores paramétricos.",Trimestral,Composta (i)
L012313.2022.RH4A,Normal,Sólidos Suspensos Totais (mg/L),,60,"Anexo XVIII do Decreto-Lei nº 236/98, de 1 de agosto.","De acordo com o nº6 do artigo 69o do Decreto-Lei nº 236/98, de 1 de Agosto.De acordo com o Anexo I do Decreto-Lei n.º 152/97, de 19 de junho, com as alterações introduzidas pelos Decretos-Leis n.os 348/98, de 9 de novembro, 149/2004, de 22 de junho e 198/2008, de 8 de outubro: Verificação do n.º mínimo anual de amostras e verificação do n.º máximo de amostras não conformes e verificação do desvio aos valores paramétricos.",Trimestral,Composta (i)
L009952.2020.RH5A,Normal,pH (Escala de Sörensen),,6-9,"Anexo XVIII do Decreto-Lei nº 236/98, de 1 de agosto","De acordo com o Anexo I do Decreto-Lei n.º 152/97, de 19 de junho, com as alterações introduzidas pelos Decretos-Leis n.os 348/98, de 9 de novembro, 149/2004, de 22 de junho e 198/2008, de 8 de outubro: Verificação do n.º mínimo anual de amostras e verificação do n.º máximo de amostras não conformes e verificação do desvio aos valores paramétricos.",Mensal,Composta (ii)
L009952.2020.RH5A,Normal,Carência Bioquímica de Oxigénio (mg/L O2),,40,"Anexo XVIII do Decreto-Lei nº 236/98, de 1 de agosto","De acordo com o Anexo I do Decreto-Lei n.º 152/97, de 19 de junho, com as alterações introduzidas pelos Decretos-Leis n.os 348/98, de 9 de novembro, 149/2004, de 22 de junho e 198/2008, de 8 de outubro: Verificação do n.º mínimo anual de amostras e verificação do n.º máximo de amostras não conformes e verificação do desvio aos valores paramétricos.",,
L009952.2020.RH5A,Normal,Carência Química de Oxigénio (mg/L O2),,150,"Anexo XVIII do Decreto-Lei nº 236/98, de 1 de agosto","De acordo com o Anexo I do Decreto-Lei n.º 152/97, de 19 de junho, com as alterações introduzidas pelos Decretos-Leis n.os 348/98, de 9 de novembro, 149/2004, de 22 de junho e 198/2008, de 8 de outubro: Verificação do n.º mínimo anual de amostras e verificação do n.º máximo de amostras não conformes e verificação do desvio aos valores paramétricos.",Mensal,Composta (ii)
L009952.2020.RH5A,Normal,Sólidos Suspensos Totais (mg/L),,60,"Anexo XVIII do Decreto-Lei nº 236/98, de 1 de agosto","De acordo com o Anexo I do Decreto-Lei n.º 152/97, de 19 de junho, com as alterações introduzidas pelos Decretos-Leis n.os 348/98, de 9 de novembro, 149/2004, de 22 de junho e 198/2008, de 8 de outubro: Verificação do n.º mínimo anual de amostras e verificação do n.º máximo de amostras não conformes e verificação do desvio aos valores paramétricos.",Mensal,Composta (ii)
L006833.2022.RH5A,Normal,pH (Escala de Sörensen),,6-9,"Anexo XVIII do Decreto-Lei nº 236/98, de 1 de agosto","De acordo com o nº6 do artigo 69o do Decreto-Lei nº 236/98, de 1 de Agosto.",Mensal,Composta (ii)
L006833.2022.RH5A,Normal,Carência Bioquímica de Oxigénio (mg/L O2),,40,"Anexo XVIII do Decreto-Lei nº 236/98, de 1 de agosto","De acordo com o nº6 do artigo 69o do Decreto-Lei nº 236/98, de 1 de Agosto.",Mensal,Composta (ii)
L006833.2022.RH5A,Normal,Carência Química de Oxigénio (mg/L O2),,150,"Anexo XVIII do Decreto-Lei nº 236/98, de 1 de agosto","De acordo com o nº6 do artigo 69o do Decreto-Lei nº 236/98, de 1 de Agosto.",Mensal,Composta (ii)
L006833.2022.RH5A,Normal,Sólidos Suspensos Totais (mg/L),,60,"Anexo XVIII do Decreto-Lei nº 236/98, de 1 de agosto","De acordo com o nº6 do artigo 69o do Decreto-Lei nº 236/98, de 1 de Agosto.",Mensal,Composta (ii)
L006833.2022.RH5A,Normal,Óleos e Gorduras (mg/L),,15,"Anexo XVIII do Decreto-Lei nº 236/98, de 1 de agosto","De acordo com o nº6 do artigo 69o do Decreto-Lei nº 236/98, de 1 de Agosto.",Mensal,Composta (ii)
L006774.2022.RH5A,Normal,pH (Escala de Sörensen),,6-9,"Anexo XVIII do Decreto-Lei nº 236/98, de 1 de agosto","De acordo com o nº6 do artigo 69o do Decreto-Lei nº 236/98, de 1 de Agosto.",Mensal,Composta (ii)
L006774.2022.RH5A,Normal,Carência Bioquímica de Oxigénio (mg/L O2),,40,"Anexo XVIII do Decreto-Lei nº 236/98, de 1 de agosto","De acordo com o nº6 do artigo 69o do Decreto-Lei nº 236/98, de 1 de Agosto.",Mensal,Composta (ii)
L006774.2022.RH5A,Normal,Carência Química de Oxigénio (mg/L O2),,150,"Anexo XVIII do Decreto-Lei nº 236/98, de 1 de agosto","De acordo com o nº6 do artigo 69o do Decreto-Lei nº 236/98, de 1 de Agosto.",Mensal,Composta (ii)
L006774.2022.RH5A,Normal,Sólidos Suspensos Totais (mg/L),,60,"Anexo XVIII do Decreto-Lei nº 236/98, de 1 de agosto","De acordo com o nº6 do artigo 69o do Decreto-Lei nº 236/98, de 1 de Agosto.",Mensal,Composta (ii)
L016581.2019.RH7,Normal,Óleos e Gorduras (mg/L),,15,"Anexo XVIII do Decreto-Lei n.º 236/98, de 1 de agosto.","De acordo com o artigo 69.º do Decreto-Lei n.º 236/98, de 1 de agosto. Atendendo à origem das águas residuais e aos objetivos de qualidade definidos para a massa de água recetora, o número máximo anual de amostras que podem não ser conformes não pode exceder 1 (uma), para os parâmetros pH, CBO5, CQO e SST; para o parâmetro Óleos e gorduras todas as amostras têm que ser conformes.",Semestral,Composta (iii)
L016581.2019.RH7,Normal,Sólidos Suspensos Totais (mg/L),,60,"Anexo XVIII do Decreto-Lei n.º 236/98, de 1 de agosto.","De acordo com o artigo 69.º do Decreto-Lei n.º 236/98, de 1 de agosto. Atendendo à origem das águas residuais e aos objetivos de qualidade definidos para a massa de água recetora, o número máximo anual de amostras que podem não ser conformes não pode exceder 1 (uma), para os parâmetros pH, CBO5, CQO e SST; para o parâmetro Óleos e gorduras todas as amostras têm que ser conformes.",Trimestral,Composta (iii)
L016581.2019.RH7,Normal,Carência Química de Oxigénio (mg/L O2),,150,"Anexo XVIII do Decreto-Lei n.º 236/98, de 1 de agosto.","De acordo com o artigo 69.º do Decreto-Lei n.º 236/98, de 1 de agosto. Atendendo à origem das águas residuais e aos objetivos de qualidade definidos para a massa de água recetora, o número máximo anual de amostras que podem não ser conformes não pode exceder 1 (uma), para os parâmetros pH, CBO5, CQO e SST; para o parâmetro Óleos e gorduras todas as amostras têm que ser conformes.",Trimestral,Composta (iii)
L016581.2019.RH7,Normal,Carência Bioquímica de Oxigénio (mg/L O2),,40,"Anexo XVIII do Decreto-Lei n.º 236/98, de 1 de agosto.","De acordo com o artigo 69.º do Decreto-Lei n.º 236/98, de 1 de agosto. Atendendo à origem das águas residuais e aos objetivos de qualidade definidos para a massa de água recetora, o número máximo anual de amostras que podem não ser conformes não pode exceder 1 (uma), para os parâmetros pH, CBO5, CQO e SST; para o parâmetro Óleos e gorduras todas as amostras têm que ser conformes.",Trimestral,Composta (iii)
L016581.2019.RH7,Normal,pH (Escala de Sörensen),,"6,0 - 9,0","Anexo XVIII do Decreto-Lei n.º 236/98, de 1 de agosto.","De acordo com o artigo 69.º do Decreto-Lei n.º 236/98, de 1 de agosto. Atendendo à origem das águas residuais e aos objetivos de qualidade definidos para a massa de água recetora, o número máximo anual de amostras que podem não ser conformes não pode exceder 1 (uma), para os parâmetros pH, CBO5, CQO e SST; para o parâmetro Óleos e gorduras todas as amostras têm que ser conformes.",Trimestral,Composta (iii)
L022935.2020.RH7,Normal,pH (Escala de Sörensen),,"6,0 - 9,0","Anexo XVIII do Decreto-Lei n.º 236/98, de 1 de agosto.","De acordo com o artigo 69.º do Decreto-Lei n.º 236/98, de 1 de agosto. Atendendo à origem das águas residuais e aos objetivos de qualidade definidos para a massa de água recetora, o número máximo anual de amostras que podem não ser conformes não pode exceder 1 (uma), para os parâmetros pH, CBO5 e CQO; para o parâmetro Óleos e gorduras todas as amostras têm que ser conformes.",Trimestral,Pontual
L022935.2020.RH7,Normal,Carência Bioquímica de Oxigénio (mg/L O2),,40,"Anexo XVIII do Decreto-Lei n.º 236/98, de 1 de agosto.","De acordo com o artigo 69.º do Decreto-Lei n.º 236/98, de 1 de agosto. Atendendo à origem das águas residuais e aos objetivos de qualidade definidos para a massa de água recetora, o número máximo anual de amostras que podem não ser conformes não pode exceder 1 (uma), para os parâmetros pH, CBO5 e CQO; para o parâmetro Óleos e gorduras todas as amostras têm que ser conformes.",Trimestral,Pontual
L022935.2020.RH7,Normal,Carência Química de Oxigénio (mg/L O2),,150,"Anexo XVIII do Decreto-Lei n.º 236/98, de 1 de agosto.","De acordo com o artigo 69.º do Decreto-Lei n.º 236/98, de 1 de agosto. Atendendo à origem das águas residuais e aos objetivos de qualidade definidos para a massa de água recetora, o número máximo anual de amostras que podem não ser conformes não pode exceder 1 (uma), para os parâmetros pH, CBO5 e CQO; para o parâmetro Óleos e gorduras todas as amostras têm que ser conformes.",Trimestral,Pontual
L022935.2020.RH7,Normal,Óleos e Gorduras (mg/L),,15,"Anexo XVIII do Decreto-Lei n.º 236/98, de 1 de agosto.","De acordo com o artigo 69.º do Decreto-Lei n.º 236/98, de 1 de agosto. Atendendo à origem das águas residuais e aos objetivos de qualidade definidos para a massa de água recetora, o número máximo anual de amostras que podem não ser conformes não pode exceder 1 (uma), para os parâmetros pH, CBO5 e CQO; para o parâmetro Óleos e gorduras todas as amostras têm que ser conformes.",Semestral,Pontual
L014425.2021.RH5A,Normal,pH (Escala de Sörensen),,6-9,"Anexo XVIII do Decreto-Lei nº 236/98, de 1 de agosto","De acordo com o nº6 do artigo 69o do Decreto-Lei nº 236/98, de 1 de Agosto.De acordo com o Anexo I do Decreto-Lei n.º 152/97, de 19 de junho, com as alterações introduzidas pelos Decretos-Leis n.os 348/98, de 9 de novembro, 149/2004, de 22 de junho e 198/2008, de 8 de outubro: Verificação do n.º mínimo anual de amostras e verificação do n.º máximo de amostras não conformes e verificação do desvio aos valores paramétricos.",Quinzenal,Composta (ii)
L014425.2021.RH5A,Normal,Carência Bioquímica de Oxigénio (mg/L O2),,25,"Decreto-Lei nº 152/97, de 19 de junho","De acordo com o nº6 do artigo 69o do Decreto-Lei nº 236/98, de 1 de Agosto.De acordo com o Anexo I do Decreto-Lei n.º 152/97, de 19 de junho, com as alterações introduzidas pelos Decretos-Leis n.os 348/98, de 9 de novembro, 149/2004, de 22 de junho e 198/2008, de 8 de outubro: Verificação do n.º mínimo anual de amostras e verificação do n.º máximo de amostras não conformes e verificação do desvio aos valores paramétricos.",Quinzenal,Composta (ii)
L014425.2021.RH5A,Normal,Carência Química de Oxigénio (mg/L O2),,125,"Decreto-Lei nº 152/97, de 19 de junho","De acordo com o nº6 do artigo 69o do Decreto-Lei nº 236/98, de 1 de Agosto.De acordo com o Anexo I do Decreto-Lei n.º 152/97, de 19 de junho, com as alterações introduzidas pelos Decretos-Leis n.os 348/98, de 9 de novembro, 149/2004, de 22 de junho e 198/2008, de 8 de outubro: Verificação do n.º mínimo anual de amostras e verificação do n.º máximo de amostras não conformes e verificação do desvio aos valores paramétricos.",Quinzenal,Composta (ii)
L014425.2021.RH5A,Normal,Sólidos Suspensos Totais (mg/L),,35,"Decreto-Lei nº 152/97, de 19 de junho","De acordo com o nº6 do artigo 69o do Decreto-Lei nº 236/98, de 1 de Agosto.De acordo com o Anexo I do Decreto-Lei n.º 152/97, de 19 de junho, com as alterações introduzidas pelos Decretos-Leis n.os 348/98, de 9 de novembro, 149/2004, de 22 de junho e 198/2008, de 8 de outubro: Verificação do n.º mínimo anual de amostras e verificação do n.º máximo de amostras não conformes e verificação do desvio aos valores paramétricos.",Quinzenal,Composta (ii)
L006787.2022.RH5A,Normal,pH (Escala de Sörensen),,6-9,"Anexo XVIII do Decreto-Lei nº 236/98, de 1 de agosto","De acordo com o nº6 do artigo 69o do Decreto-Lei nº 236/98, de 1 de Agosto.",Mensal,Pontual
L006787.2022.RH5A,Normal,Carência Bioquímica de Oxigénio (mg/L O2),,40,"Anexo XVIII do Decreto-Lei nº 236/98, de 1 de agosto","De acordo com o nº6 do artigo 69o do Decreto-Lei nº 236/98, de 1 de Agosto.",Mensal,Pontual
L006787.2022.RH5A,Normal,Carência Química de Oxigénio (mg/L O2),,150,"Anexo XVIII do Decreto-Lei nº 236/98, de 1 de agosto","De acordo com o nº6 do artigo 69o do Decreto-Lei nº 236/98, de 1 de Agosto.",Mensal,Pontual
L014558.2016.RH7,Normal,Crómio total (mg/L Cr),,"2,0",,"De acordo com o artigo 69.º do Decreto-Lei n.º 236/98, de 1 de agosto.",Mensal,Composta (i)
L014558.2016.RH7,Normal,Sulfuretos (mg/L S),,"1,0",,"De acordo com o artigo 69.º do Decreto-Lei n.º 236/98, de 1 de agosto.",Mensal,Composta (i)
L014558.2016.RH7,Normal,Óleos e Gorduras (mg/L),,15,,"De acordo com o artigo 69.º do Decreto-Lei n.º 236/98, de 1 de agosto.",Trimestral,Composta (i)
L014558.2016.RH7,Normal,Sólidos Suspensos Totais (mg/L),,60,,"De acordo com o artigo 69.º do Decreto-Lei n.º 236/98, de 1 de agosto.",Mensal,Composta (i)
L014558.2016.RH7,Normal,Carência Química de Oxigénio (mg/L O2),,150,,"De acordo com o artigo 69.º do Decreto-Lei n.º 236/98, de 1 de agosto.",Mensal,Composta (i)
L014558.2016.RH7,Normal,Carência Bioquímica de Oxigénio (mg/L O2),,40,,"De acordo com o artigo 69.º do Decreto-Lei n.º 236/98, de 1 de agosto.",Mensal,Composta (i)
L014558.2016.RH7,Normal,pH (Escala de Sörensen),,"6,0 - 9,0",,"De acordo com o artigo 69.º do Decreto-Lei n.º 236/98, de 1 de agosto.",Mensal,Composta (i)
L015998.2021.RH5A,Normal,pH (Escala de Sörensen),,6-9,"Anexo XVIII do Decreto-Lei nº 236/98, de 1 de agosto","De acordo com o nº6 do artigo 69o do Decreto-Lei nº 236/98, de 1 de Agosto.De acordo com o Anexo I do Decreto-Lei n.º 152/97, de 19 de junho, com as alterações introduzidas pelos Decretos-Leis n.os 348/98, de 9 de novembro, 149/2004, de 22 de junho e 198/2008, de 8 de outubro: Verificação do n.º mínimo anual de amostras e verificação do n.º máximo de amostras não conformes e verificação do desvio aos valores paramétricos.",Mensal,Composta (ii)
L015998.2021.RH5A,Normal,Carência Bioquímica de Oxigénio (mg/L O2),,40,"Anexo XVIII do Decreto-Lei nº 236/98, de 1 de agosto","De acordo com o nº6 do artigo 69o do Decreto-Lei nº 236/98, de 1 de Agosto.De acordo com o Anexo I do Decreto-Lei n.º 152/97, de 19 de junho, com as alterações introduzidas pelos Decretos-Leis n.os 348/98, de 9 de novembro, 149/2004, de 22 de junho e 198/2008, de 8 de outubro: Verificação do n.º mínimo anual de amostras e verificação do n.º máximo de amostras não conformes e verificação do desvio aos valores paramétricos.",Mensal,Composta (ii)
L015998.2021.RH5A,Normal,Carência Química de Oxigénio (mg/L O2),,150,"Anexo XVIII do Decreto-Lei nº 236/98, de 1 de agosto","De acordo com o nº6 do artigo 69o do Decreto-Lei nº 236/98, de 1 de Agosto.De acordo com o Anexo I do Decreto-Lei n.º 152/97, de 19 de junho, com as alterações introduzidas pelos Decretos-Leis n.os 348/98, de 9 de novembro, 149/2004, de 22 de junho e 198/2008, de 8 de outubro: Verificação do n.º mínimo anual de amostras e verificação do n.º máximo de amostras não conformes e verificação do desvio aos valores paramétricos.",Mensal,Composta (ii)
L015998.2021.RH5A,Normal,Sólidos Suspensos Totais (mg/L),,60,"Anexo XVIII do Decreto-Lei nº 236/98, de 1 de agosto","De acordo com o nº6 do artigo 69o do Decreto-Lei nº 236/98, de 1 de Agosto.De acordo com o Anexo I do Decreto-Lei n.º 152/97, de 19 de junho, com as alterações introduzidas pelos Decretos-Leis n.os 348/98, de 9 de novembro, 149/2004, de 22 de junho e 198/2008, de 8 de outubro: Verificação do n.º mínimo anual de amostras e verificação do n.º máximo de amostras não conformes e verificação do desvio aos valores paramétricos.",Mensal,Composta (ii)
L012672.2013.RH6,Ano de arranque,pH (Escala de Sörensen),,"6,0 - 9,0","Anexo XVIII do Decreto-Lei n.º 236/98, de 1 de agosto; Anexo XVIII do Decreto-Lei n.º 236/98, de 1 de agosto;","De acordo com o artigo 69.º do Decreto-Lei n.º 236/98, de 1 de agosto.",Bimestral,Composta (i)
L012672.2013.RH6,Ano de arranque,Carência Bioquímica de Oxigénio (mg/l O2),,70,"Anexo I do Decreto-Lei n.º 152/97, de 19 de junho, com as alterações introduzidas pelos Decretos-Leis n.os 348/98, de 9 de novembro, 149/2004, de 22 de junho, e 198/2008, de 8 de outubro (Quadros n.os 1 e 2); Valor definido tendo em vista o bom estado da massa de água recetora e a manutenção dos usos dessa massa de água.","De acordo com o artigo 69.º do Decreto-Lei n.º 236/98, de 1 de agosto.",Bimestral,Composta (i)
L012672.2013.RH6,Ano de arranque,Carência Química de Oxigénio (mg/l O2),75,,"Anexo I do Decreto-Lei n.º 152/97, de 19 de junho, com as alterações introduzidas pelos Decretos-Leis n.os 348/98, de 9 de novembro, 149/2004, de 22 de junho, e 198/2008, de 8 de outubro (Quadros n.os 1 e 2); Valor definido tendo em vista o bom estado da massa de água recetora e a manutenção dos usos dessa massa de água.","De acordo com o artigo 69.º do Decreto-Lei n.º 236/98, de 1 de agosto.",Bimestral,Composta (i)
L012672.2013.RH6,Ano de arranque,Sólidos Suspensos Totais (mg/l),,70,"Anexo I do Decreto-Lei n.º 152/97, de 19 de junho, com as alterações introduzidas pelos Decretos-Leis n.os 348/98, de 9 de novembro, 149/2004, de 22 de junho, e 198/2008, de 8 de outubro (Quadros n.os 1 e 2); Valor definido tendo em vista o bom estado da massa de água recetora e a manutenção dos usos dessa massa de água.","De acordo com o artigo 69.º do Decreto-Lei n.º 236/98, de 1 de agosto.",Bimestral,Composta (i)
L012672.2013.RH6,Ano de arranque,Óleos e Gorduras (mg/l),,15,"Anexo XVIII do Decreto-Lei n.º 236/98, de 1 de agosto; Anexo XVIII do Decreto-Lei n.º 236/98, de 1 de agosto;","De acordo com o artigo 69.º do Decreto-Lei n.º 236/98, de 1 de agosto.",Bimestral,Composta (i)
L012672.2013.RH6,Ano de arranque,Azoto total (mg/l N),,70,"Anexo I do Decreto-Lei n.º 152/97, de 19 de junho, com as alterações introduzidas pelos Decretos-Leis n.os 348/98, de 9 de novembro, 149/2004, de 22 de junho, e 198/2008, de 8 de outubro (Quadros n.os 1 e 2); Valor definido tendo em vista o bom estado da massa de água recetora e a manutenção dos usos dessa massa de água.","De acordo com o artigo 69.º do Decreto-Lei n.º 236/98, de 1 de agosto.",Bimestral,Composta (i)
L012672.2013.RH6,Ano de arranque,Coliformes fecais (/100 ml),,2000,Valor definido tendo em vista o bom estado da massa de água recetora e a manutenção dos usos dessa massa de água.,"De acordo com o artigo 69.º do Decreto-Lei n.º 236/98, de 1 de agosto.",Bimestral,Pontual
L012672.2013.RH6,Normal,pH (Escala de Sörensen),,"6,0 - 9,0","Anexo XVIII do Decreto-Lei n.º 236/98, de 1 de agosto; Anexo XVIII do Decreto-Lei n.º 236/98, de 1 de agosto;","De acordo com o artigo 69.º do Decreto-Lei n.º 236/98, de 1 de agosto.",Bimestral,Composta (i)
L012672.2013.RH6,Normal,Carência Bioquímica de Oxigénio (mg/l O2),,40,"Anexo XVIII do Decreto-Lei n.º 236/98, de 1 de agosto; Anexo XVIII do Decreto-Lei n.º 236/98, de 1 de agosto;","De acordo com o artigo 69.º do Decreto-Lei n.º 236/98, de 1 de agosto.",Bimestral,Composta (i)
L012672.2013.RH6,Normal,Carência Química de Oxigénio (mg/l O2),,150,"Anexo XVIII do Decreto-Lei n.º 236/98, de 1 de agosto; Anexo XVIII do Decreto-Lei n.º 236/98, de 1 de agosto;","De acordo com o artigo 69.º do Decreto-Lei n.º 236/98, de 1 de agosto.",Bimestral,Composta (i)
L012672.2013.RH6,Normal,Sólidos Suspensos Totais (mg/l),,60,"Anexo XVIII do Decreto-Lei n.º 236/98, de 1 de agosto; Anexo XVIII do Decreto-Lei n.º 236/98, de 1 de agosto;","De acordo com o artigo 69.º do Decreto-Lei n.º 236/98, de 1 de agosto.",Bimestral,Composta (i)
L012672.2013.RH6,Normal,Óleos e Gorduras (mg/l),,15,"Anexo XVIII do Decreto-Lei n.º 236/98, de 1 de agosto; Anexo XVIII do Decreto-Lei n.º 236/98, de 1 de agosto;","De acordo com o artigo 69.º do Decreto-Lei n.º 236/98, de 1 de agosto.",Bimestral,Composta (i)
L012672.2013.RH6,Normal,Azoto total (mg/l N),,15,"Anexo XVIII do Decreto-Lei n.º 236/98, de 1 de agosto; Anexo XVIII do Decreto-Lei n.º 236/98, de 1 de agosto;","De acordo com o artigo 69.º do Decreto-Lei n.º 236/98, de 1 de agosto.",Bimestral,Composta (i)
L012672.2013.RH6,Normal,Coliformes fecais (/100 ml),,2000,"Anexo I do Decreto-Lei n.º 152/97, de 19 de junho, com as alterações introduzidas pelos Decretos-Leis n.os 348/98, de 9 de novembro, 149/2004, de 22 de junho, e 198/2008, de 8 de outubro (Quadros n.os 1 e 2); Valor definido tendo em vista o bom estado da massa de água recetora e a manutenção dos usos dessa massa de água.","De acordo com o artigo 69.º do Decreto-Lei n.º 236/98, de 1 de agosto.",Bimestral,Pontual
L006065.2022.RH5A,Normal,pH (Escala de Sörensen),,6 a 9,"Anexo XVIII do Decreto-Lei nº 236/98, de 1 de agosto.","De acordo com o nº6 do artigo 69o do Decreto-Lei nº 236/98, de 1 de Agosto.De acordo com o Anexo I do Decreto-Lei n.º 152/97, de 19 de junho, com as alterações introduzidas pelos Decretos-Leis n.os 348/98, de 9 de novembro, 149/2004, de 22 de junho e 198/2008, de 8 de outubro: Verificação do n.º mínimo anual de amostras e verificação do n.º máximo de amostras não conformes e verificação do desvio aos valores paramétricos.",Mensal,Composta (i)
L006065.2022.RH5A,Normal,Carência Química de Oxigénio (mg/L O2),,150,"Anexo XVIII do Decreto-Lei nº 236/98, de 1 de agosto.","De acordo com o nº6 do artigo 69o do Decreto-Lei nº 236/98, de 1 de Agosto.De acordo com o Anexo I do Decreto-Lei n.º 152/97, de 19 de junho, com as alterações introduzidas pelos Decretos-Leis n.os 348/98, de 9 de novembro, 149/2004, de 22 de junho e 198/2008, de 8 de outubro: Verificação do n.º mínimo anual de amostras e verificação do n.º máximo de amostras não conformes e verificação do desvio aos valores paramétricos.",Mensal,Composta (i)
L006065.2022.RH5A,Normal,Carência Bioquímica de Oxigénio (mg/L O2),,40,"Anexo XVIII do Decreto-Lei nº 236/98, de 1 de agosto.","De acordo com o nº6 do artigo 69o do Decreto-Lei nº 236/98, de 1 de Agosto.De acordo com o Anexo I do Decreto-Lei n.º 152/97, de 19 de junho, com as alterações introduzidas pelos Decretos-Leis n.os 348/98, de 9 de novembro, 149/2004, de 22 de junho e 198/2008, de 8 de outubro: Verificação do n.º mínimo anual de amostras e verificação do n.º máximo de amostras não conformes e verificação do desvio aos valores paramétricos.",Mensal,Composta (i)
L006065.2022.RH5A,Normal,Sólidos Suspensos Totais (mg/L),,60,"Anexo XVIII do Decreto-Lei nº 236/98, de 1 de agosto.","De acordo com o nº6 do artigo 69o do Decreto-Lei nº 236/98, de 1 de Agosto.De acordo com o Anexo I do Decreto-Lei n.º 152/97, de 19 de junho, com as alterações introduzidas pelos Decretos-Leis n.os 348/98, de 9 de novembro, 149/2004, de 22 de junho e 198/2008, de 8 de outubro: Verificação do n.º mínimo anual de amostras e verificação do n.º máximo de amostras não conformes e verificação do desvio aos valores paramétricos.",Mensal,Composta (i)
L006065.2022.RH5A,Normal,Óleos e Gorduras (mg/L),,15,"Anexo XVIII do Decreto-Lei nº 236/98, de 1 de agosto.","De acordo com o nº6 do artigo 69o do Decreto-Lei nº 236/98, de 1 de Agosto.De acordo com o Anexo I do Decreto-Lei n.º 152/97, de 19 de junho, com as alterações introduzidas pelos Decretos-Leis n.os 348/98, de 9 de novembro, 149/2004, de 22 de junho e 198/2008, de 8 de outubro: Verificação do n.º mínimo anual de amostras e verificação do n.º máximo de amostras não conformes e verificação do desvio aos valores paramétricos.",Trimestral,Pontual
L007292.2016.RH7,Normal,Óleos e Gorduras (mg/L),,15,"Anexo XVIII do Decreto-Lei nº 236/98, de 1 de agosto","De acordo com o nº6 do artigo 69o do Decreto-Lei nº 236/98, de 1 de Agosto.De acordo com o Anexo I do Decreto-Lei n.º 152/97, de 19 de junho, com as alterações introduzidas pelos Decretos-Leis n.os 348/98, de 9 de novembro, 149/2004, de 22 de junho e 198/2008, de 8 de outubro: Verificação do n.º mínimo anual de amostras e verificação do n.º máximo de amostras não conformes e verificação do desvio aos valores paramétricos.",Semestral,Pontual
L007292.2016.RH7,Normal,Sólidos Suspensos Totais (mg/L),,60,"Anexo XVIII do Decreto-Lei nº 236/98, de 1 de agosto","De acordo com o nº6 do artigo 69o do Decreto-Lei nº 236/98, de 1 de Agosto.De acordo com o Anexo I do Decreto-Lei n.º 152/97, de 19 de junho, com as alterações introduzidas pelos Decretos-Leis n.os 348/98, de 9 de novembro, 149/2004, de 22 de junho e 198/2008, de 8 de outubro: Verificação do n.º mínimo anual de amostras e verificação do n.º máximo de amostras não conformes e verificação do desvio aos valores paramétricos.",Trimestral,Pontual
L007292.2016.RH7,Normal,Carência Química de Oxigénio (mg/L O2),,150,"Anexo XVIII do Decreto-Lei nº 236/98, de 1 de agosto","De acordo com o nº6 do artigo 69o do Decreto-Lei nº 236/98, de 1 de Agosto.De acordo com o Anexo I do Decreto-Lei n.º 152/97, de 19 de junho, com as alterações introduzidas pelos Decretos-Leis n.os 348/98, de 9 de novembro, 149/2004, de 22 de junho e 198/2008, de 8 de outubro: Verificação do n.º mínimo anual de amostras e verificação do n.º máximo de amostras não conformes e verificação do desvio aos valores paramétricos.",Trimestral,Pontual
L007292.2016.RH7,Normal,Carência Bioquímica de Oxigénio (mg/L O2),,40,"Anexo XVIII do Decreto-Lei nº 236/98, de 1 de agosto","De acordo com o nº6 do artigo 69o do Decreto-Lei nº 236/98, de 1 de Agosto.De acordo com o Anexo I do Decreto-Lei n.º 152/97, de 19 de junho, com as alterações introduzidas pelos Decretos-Leis n.os 348/98, de 9 de novembro, 149/2004, de 22 de junho e 198/2008, de 8 de outubro: Verificação do n.º mínimo anual de amostras e verificação do n.º máximo de amostras não conformes e verificação do desvio aos valores paramétricos.",Trimestral,Pontual
L007292.2016.RH7,Normal,pH (Escala de Sörensen),,6.0 - 9.0,"Anexo XVIII do Decreto-Lei nº 236/98, de 1 de agosto","De acordo com o nº6 do artigo 69o do Decreto-Lei nº 236/98, de 1 de Agosto.De acordo com o Anexo I do Decreto-Lei n.º 152/97, de 19 de junho, com as alterações introduzidas pelos Decretos-Leis n.os 348/98, de 9 de novembro, 149/2004, de 22 de junho e 198/2008, de 8 de outubro: Verificação do n.º mínimo anual de amostras e verificação do n.º máximo de amostras não conformes e verificação do desvio aos valores paramétricos.",Trimestral,Pontual
L004484.2022.RH5A,Normal,pH (Escala de Sörensen),,6 a 9,"Anexo XVIII do Decreto-Lei nº 236/98, de 1 de agosto","De acordo com o nº6 do artigo 69o do Decreto-Lei nº 236/98, de 1 de Agosto.De acordo com o Anexo I do Decreto-Lei n.º 152/97, de 19 de junho, com as alterações introduzidas pelos Decretos-Leis n.os 348/98, de 9 de novembro, 149/2004, de 22 de junho e 198/2008, de 8 de outubro: Verificação do n.º mínimo anual de amostras e verificação do n.º máximo de amostras não conformes e verificação do desvio aos valores paramétricos.",Quinzenal,Composta (i)
L004484.2022.RH5A,Normal,Carência Química de Oxigénio (mg/L O2),,125,"Decreto-Lei nº 152/97, de 19 de junho.","De acordo com o nº6 do artigo 69o do Decreto-Lei nº 236/98, de 1 de Agosto.De acordo com o Anexo I do Decreto-Lei n.º 152/97, de 19 de junho, com as alterações introduzidas pelos Decretos-Leis n.os 348/98, de 9 de novembro, 149/2004, de 22 de junho e 198/2008, de 8 de outubro: Verificação do n.º mínimo anual de amostras e verificação do n.º máximo de amostras não conformes e verificação do desvio aos valores paramétricos.",Quinzenal,Composta (i)
L004484.2022.RH5A,Normal,Carência Bioquímica de Oxigénio (mg/L O2),,25,"Decreto-Lei nº 152/97, de 19 de junho.","De acordo com o nº6 do artigo 69o do Decreto-Lei nº 236/98, de 1 de Agosto.De acordo com o Anexo I do Decreto-Lei n.º 152/97, de 19 de junho, com as alterações introduzidas pelos Decretos-Leis n.os 348/98, de 9 de novembro, 149/2004, de 22 de junho e 198/2008, de 8 de outubro: Verificação do n.º mínimo anual de amostras e verificação do n.º máximo de amostras não conformes e verificação do desvio aos valores paramétricos.",Quinzenal,Composta (i)
L004484.2022.RH5A,Normal,Sólidos Suspensos Totais (mg/L),,35,"Decreto-Lei nº 152/97, de 19 de junho.","De acordo com o nº6 do artigo 69o do Decreto-Lei nº 236/98, de 1 de Agosto.De acordo com o Anexo I do Decreto-Lei n.º 152/97, de 19 de junho, com as alterações introduzidas pelos Decretos-Leis n.os 348/98, de 9 de novembro, 149/2004, de 22 de junho e 198/2008, de 8 de outubro: Verificação do n.º mínimo anual de amostras e verificação do n.º máximo de amostras não conformes e verificação do desvio aos valores paramétricos.",Quinzenal,Composta (i)
L004484.2022.RH5A,Normal,Óleos e Gorduras (mg/L),,15,"Anexo XVIII do Decreto-Lei nº 236/98, de 1 de agosto","De acordo com o nº6 do artigo 69o do Decreto-Lei nº 236/98, de 1 de Agosto.De acordo com o Anexo I do Decreto-Lei n.º 152/97, de 19 de junho, com as alterações introduzidas pelos Decretos-Leis n.os 348/98, de 9 de novembro, 149/2004, de 22 de junho e 198/2008, de 8 de outubro: Verificação do n.º mínimo anual de amostras e verificação do n.º máximo de amostras não conformes e verificação do desvio aos valores paramétricos.",Trimestral,Pontual
L021894.2021.RH5A,Normal,pH (Escala de Sörensen),,6-9,"Anexo XVIII do Decreto-Lei nº 236/98, de 1 de agosto","De acordo com o nº6 do artigo 69o do Decreto-Lei nº 236/98, de 1 de Agosto.",Mensal,Composta (ii)
L021894.2021.RH5A,Normal,Carência Bioquímica de Oxigénio (mg/L O2),,40,"Anexo XVIII do Decreto-Lei nº 236/98, de 1 de agosto","De acordo com o nº6 do artigo 69o do Decreto-Lei nº 236/98, de 1 de Agosto.",Mensal,Composta (ii)
L021894.2021.RH5A,Normal,Carência Química de Oxigénio (mg/L O2),,150,"Anexo XVIII do Decreto-Lei nº 236/98, de 1 de agosto","De acordo com o nº6 do artigo 69o do Decreto-Lei nº 236/98, de 1 de Agosto.",Mensal,Composta (ii)
L021894.2021.RH5A,Normal,Sólidos Suspensos Totais (mg/L),,60,"Anexo XVIII do Decreto-Lei nº 236/98, de 1 de agosto","De acordo com o nº6 do artigo 69o do Decreto-Lei nº 236/98, de 1 de Agosto.",Mensal,Composta (ii)
L021894.2021.RH5A,Normal,Óleos e Gorduras (mg/L),,15,"Anexo XVIII do Decreto-Lei nº 236/98, de 1 de agosto","De acordo com o nº6 do artigo 69o do Decreto-Lei nº 236/98, de 1 de Agosto.",Mensal,Pontual
L012164.2022.RH4A,Normal,pH (Escala de Sörensen),,"6,0 a 9,0","Anexo XVIII do Decreto-Lei nº 236/98, de 1 de agosto.","De acordo com o nº6 do artigo 69o do Decreto-Lei nº 236/98, de 1 de Agosto.De acordo com o Anexo I do Decreto-Lei n.º 152/97, de 19 de junho, com as alterações introduzidas pelos Decretos-Leis n.os 348/98, de 9 de novembro, 149/2004, de 22 de junho e 198/2008, de 8 de outubro: Verificação do n.º mínimo anual de amostras e verificação do n.º máximo de amostras não conformes e verificação do desvio aos valores paramétricos.",Trimestral,Composta (i)
L012164.2022.RH4A,Normal,Carência Bioquímica de Oxigénio (mg/L O2),,40,"Anexo XVIII do Decreto-Lei nº 236/98, de 1 de agosto.","De acordo com o nº6 do artigo 69o do Decreto-Lei nº 236/98, de 1 de Agosto.De acordo com o Anexo I do Decreto-Lei n.º 152/97, de 19 de junho, com as alterações introduzidas pelos Decretos-Leis n.os 348/98, de 9 de novembro, 149/2004, de 22 de junho e 198/2008, de 8 de outubro: Verificação do n.º mínimo anual de amostras e verificação do n.º máximo de amostras não conformes e verificação do desvio aos valores paramétricos.",Trimestral,Composta (i)
L012164.2022.RH4A,Normal,Carência Química de Oxigénio (mg/L O2),,150,"Anexo XVIII do Decreto-Lei nº 236/98, de 1 de agosto.","De acordo com o nº6 do artigo 69o do Decreto-Lei nº 236/98, de 1 de Agosto.De acordo com o Anexo I do Decreto-Lei n.º 152/97, de 19 de junho, com as alterações introduzidas pelos Decretos-Leis n.os 348/98, de 9 de novembro, 149/2004, de 22 de junho e 198/2008, de 8 de outubro: Verificação do n.º mínimo anual de amostras e verificação do n.º máximo de amostras não conformes e verificação do desvio aos valores paramétricos.",Trimestral,Composta (i)
L012164.2022.RH4A,Normal,Sólidos Suspensos Totais (mg/L),,60,"Anexo XVIII do Decreto-Lei nº 236/98, de 1 de agosto.","De acordo com o nº6 do artigo 69o do Decreto-Lei nº 236/98, de 1 de Agosto.De acordo com o Anexo I do Decreto-Lei n.º 152/97, de 19 de junho, com as alterações introduzidas pelos Decretos-Leis n.os 348/98, de 9 de novembro, 149/2004, de 22 de junho e 198/2008, de 8 de outubro: Verificação do n.º mínimo anual de amostras e verificação do n.º máximo de amostras não conformes e verificação do desvio aos valores paramétricos.",Trimestral,Composta (i)
L007452.2022.RH5A,Normal,pH (Escala de Sörensen),,6-9,"Anexo XVIII do Decreto-Lei nº 236/98, de 1 de agosto","De acordo com o nº6 do artigo 69o do Decreto-Lei nº 236/98, de 1 de Agosto.",Mensal,Composta (ii)
L007452.2022.RH5A,Normal,Carência Bioquímica de Oxigénio (mg/L O2),,40,"Anexo XVIII do Decreto-Lei nº 236/98, de 1 de agosto","De acordo com o nº6 do artigo 69o do Decreto-Lei nº 236/98, de 1 de Agosto.",Mensal,Composta (ii)
L007452.2022.RH5A,Normal,Carência Química de Oxigénio (mg/L O2),,150,"Anexo XVIII do Decreto-Lei nº 236/98, de 1 de agosto","De acordo com o nº6 do artigo 69o do Decreto-Lei nº 236/98, de 1 de Agosto.",Mensal,Composta (ii)
L007452.2022.RH5A,Normal,Sólidos Suspensos Totais (mg/L),,60,"Anexo XVIII do Decreto-Lei nº 236/98, de 1 de agosto","De acordo com o nº6 do artigo 69o do Decreto-Lei nº 236/98, de 1 de Agosto.",,
L007452.2022.RH5A,Normal,Óleos e Gorduras (mg/L),,15,"Anexo XVIII do Decreto-Lei nº 236/98, de 1 de agosto","De acordo com o nº6 do artigo 69o do Decreto-Lei nº 236/98, de 1 de Agosto.",Mensal,Pontual
L027475.2023.RH3,Normal,Carência Bioquímica de Oxigénio (mg/L O2),,25,"Decreto-Lei nº 152/97, de 19 de junho","De acordo com o Anexo I do Decreto-Lei n.º 152/97, de 19 de junho, com as alterações introduzidas pelos Decretos-Leis n.os 348/98, de 9 de novembro, 149/2004, de 22 de junho e 198/2008, de 8 de outubro: Verificação do n.º mínimo anual de amostras e verificação do n.º máximo de amostras não conformes e verificação do desvio aos valores paramétricos.",Mensal,Composta (i)
L027475.2023.RH3,Normal,Carência Química de Oxigénio (mg/L O2),,125,"Decreto-Lei nº 152/97, de 19 de junho","De acordo com o Anexo I do Decreto-Lei n.º 152/97, de 19 de junho, com as alterações introduzidas pelos Decretos-Leis n.os 348/98, de 9 de novembro, 149/2004, de 22 de junho e 198/2008, de 8 de outubro: Verificação do n.º mínimo anual de amostras e verificação do n.º máximo de amostras não conformes e verificação do desvio aos valores paramétricos.",Mensal,Composta (i)
L027475.2023.RH3,Normal,Total de Partículas Sólidas em Suspensão (mg/L),,35,"Decreto-Lei nº 152/97, de 19 de junho","De acordo com o Anexo I do Decreto-Lei n.º 152/97, de 19 de junho, com as alterações introduzidas pelos Decretos-Leis n.os 348/98, de 9 de novembro, 149/2004, de 22 de junho e 198/2008, de 8 de outubro: Verificação do n.º mínimo anual de amostras e verificação do n.º máximo de amostras não conformes e verificação do desvio aos valores paramétricos.",Mensal,Composta (i)
L006788.2022.RH5A,Normal,pH (Escala de Sörensen),,6-9,"Anexo XVIII do Decreto-Lei nº 236/98, de 1 de agosto","De acordo com o nº6 do artigo 69o do Decreto-Lei nº 236/98, de 1 de Agosto.",Quinzenal,Composta (ii)
L006788.2022.RH5A,Normal,Azoto total (mg/L N),,15,"Decreto-Lei nº 152/97, de 19 de junho","De acordo com o Anexo I do Decreto-Lei n.º 152/97, de 19 de junho, com as alterações introduzidas pelos Decretos-Leis n.os 348/98, de 9 de novembro, 149/2004, de 22 de junho e 198/2008, de 8 de outubro: Verificação do n.º mínimo anual de amostras e verificação do n.º máximo de amostras não conformes e verificação do desvio aos valores paramétricos.",Quinzenal,Composta (ii)
L006788.2022.RH5A,Normal,Carência Bioquímica de Oxigénio (mg/L O2),,25,"Decreto-Lei nº 152/97, de 19 de junho","De acordo com o Anexo I do Decreto-Lei n.º 152/97, de 19 de junho, com as alterações introduzidas pelos Decretos-Leis n.os 348/98, de 9 de novembro, 149/2004, de 22 de junho e 198/2008, de 8 de outubro: Verificação do n.º mínimo anual de amostras e verificação do n.º máximo de amostras não conformes e verificação do desvio aos valores paramétricos.",Quinzenal,Composta (ii)
L006788.2022.RH5A,Normal,Carência Química de Oxigénio (mg/L O2),,125,"Decreto-Lei nº 152/97, de 19 de junho","De acordo com o Anexo I do Decreto-Lei n.º 152/97, de 19 de junho, com as alterações introduzidas pelos Decretos-Leis n.os 348/98, de 9 de novembro, 149/2004, de 22 de junho e 198/2008, de 8 de outubro: Verificação do n.º mínimo anual de amostras e verificação do n.º máximo de amostras não conformes e verificação do desvio aos valores paramétricos.",Quinzenal,Composta (ii)
L006788.2022.RH5A,Normal,Sólidos Suspensos Totais (mg/L),,35,"Decreto-Lei nº 152/97, de 19 de junho","De acordo com o Anexo I do Decreto-Lei n.º 152/97, de 19 de junho, com as alterações introduzidas pelos Decretos-Leis n.os 348/98, de 9 de novembro, 149/2004, de 22 de junho e 198/2008, de 8 de outubro: Verificação do n.º mínimo anual de amostras e verificação do n.º máximo de amostras não conformes e verificação do desvio aos valores paramétricos.",Quinzenal,Composta (ii)
L006788.2022.RH5A,Normal,Fósforo total (mg/L P),,2,"Decreto-Lei nº 152/97, de 19 de junho","De acordo com o Anexo I do Decreto-Lei n.º 152/97, de 19 de junho, com as alterações introduzidas pelos Decretos-Leis n.os 348/98, de 9 de novembro, 149/2004, de 22 de junho e 198/2008, de 8 de outubro: Verificação do n.º mínimo anual de amostras e verificação do n.º máximo de amostras não conformes e verificação do desvio aos valores paramétricos.",Quinzenal,Composta (ii)
L001583.2022.RH7,Normal,Óleos e Gorduras (mg/L),,15,"Anexo XVIII do Decreto-Lei n.º 236/98, de 1 de agosto.","De acordo com a alínea D) do Anexo I do Decreto-Lei n.º 152/97, de 19 de junho, com as alterações introduzidas pelos Decretos-Leis n.os 348/98, de 9 de novembro, 149/2004, de 22 de junho, 198/2008, de 8 de outubro, 133/2015, de 13 de julho e 77/2021, de 27 de agosto, e o artigo 69.º do Decreto-Lei n.º 236/98, de 1 de agosto. Ver continuação (1) nas Observações.",Trimestral,Pontual
L001583.2022.RH7,Normal,Sólidos Suspensos Totais (mg/L),,35,,"De acordo com a alínea D) do Anexo I do Decreto-Lei n.º 152/97, de 19 de junho, com as alterações introduzidas pelos Decretos-Leis n.os 348/98, de 9 de novembro, 149/2004, de 22 de junho, 198/2008, de 8 de outubro, 133/2015, de 13 de julho e 77/2021, de 27 de agosto, e o artigo 69.º do Decreto-Lei n.º 236/98, de 1 de agosto. Ver continuação (1) nas Observações.",Mensal,Pontual
L001583.2022.RH7,Normal,(b)(*) Carência Química de Oxigénio (mg/L O2),,125,"Anexo I do Decreto-Lei n.º 152/97, de 19 de junho, com as alterações introduzidas pelos Decretos-Leis n.os 348/98, de 9 de novembro, 149/2004, de 22 de junho, 198/2008, de 8 de outubro, 133/2015, de 13 de julho e 77/2021, de 27 de agosto (Quadro n.º 1). (*) A concentração do total de partículas sólidas em suspensão em amostras não filtradas não poderá exceder 150 mg/l.","De acordo com a alínea D) do Anexo I do Decreto-Lei n.º 152/97, de 19 de junho, com as alterações introduzidas pelos Decretos-Leis n.os 348/98, de 9 de novembro, 149/2004, de 22 de junho, 198/2008, de 8 de outubro, 133/2015, de 13 de julho e 77/2021, de 27 de agosto, e o artigo 69.º do Decreto-Lei n.º 236/98, de 1 de agosto. Ver continuação (1) nas Observações.",,
L001583.2022.RH7,Normal,Carência Bioquímica de Oxigénio (mg/L O2),,25,"Anexo I do Decreto-Lei n.º 152/97, de 19 de junho, com as alterações introduzidas pelos Decretos-Leis n.os 348/98, de 9 de novembro, 149/2004, de 22 de junho, 198/2008, de 8 de outubro, 133/2015, de 13 de julho e 77/2021, de 27 de agosto (Quadro n.º 1). (*) A concentração do total de partículas sólidas em suspensão em amostras não filtradas não poderá exceder 150 mg/l.","De acordo com a alínea D) do Anexo I do Decreto-Lei n.º 152/97, de 19 de junho, com as alterações introduzidas pelos Decretos-Leis n.os 348/98, de 9 de novembro, 149/2004, de 22 de junho, 198/2008, de 8 de outubro, 133/2015, de 13 de julho e 77/2021, de 27 de agosto, e o artigo 69.º do Decreto-Lei n.º 236/98, de 1 de agosto. Ver continuação (1) nas Observações.",Mensal,Pontual
L001583.2022.RH7,Normal,pH (Escala de Sörensen),,"6,0 - 9,0","Anexo XVIII do Decreto-Lei n.º 236/98, de 1 de agosto.","De acordo com a alínea D) do Anexo I do Decreto-Lei n.º 152/97, de 19 de junho, com as alterações introduzidas pelos Decretos-Leis n.os 348/98, de 9 de novembro, 149/2004, de 22 de junho, 198/2008, de 8 de outubro, 133/2015, de 13 de julho e 77/2021, de 27 de agosto, e o artigo 69.º do Decreto-Lei n.º 236/98, de 1 de agosto. Ver continuação (1) nas Observações.",Mensal,Pontual
L013173.2021.RH5A,Normal,pH (Escala de Sörensen),,6 a 9,"Anexo XVIII do Decreto-Lei nº 236/98, de 1 de agosto","De acordo com o nº6 do artigo 69o do Decreto-Lei nº 236/98, de 1 de Agosto.De acordo com o Anexo I do Decreto-Lei n.º 152/97, de 19 de junho, com as alterações introduzidas pelos Decretos-Leis n.os 348/98, de 9 de novembro, 149/2004, de 22 de junho e 198/2008, de 8 de outubro: Verificação do n.º mínimo anual de amostras e verificação do n.º máximo de amostras não conformes e verificação do desvio aos valores paramétricos.",Mensal,Composta (i)
L013173.2021.RH5A,Normal,Carência Química de Oxigénio (mg/L O2),,150,"Anexo XVIII do Decreto-Lei nº 236/98, de 1 de agosto","De acordo com o nº6 do artigo 69o do Decreto-Lei nº 236/98, de 1 de Agosto.De acordo com o Anexo I do Decreto-Lei n.º 152/97, de 19 de junho, com as alterações introduzidas pelos Decretos-Leis n.os 348/98, de 9 de novembro, 149/2004, de 22 de junho e 198/2008, de 8 de outubro: Verificação do n.º mínimo anual de amostras e verificação do n.º máximo de amostras não conformes e verificação do desvio aos valores paramétricos.",Mensal,Composta (i)
L013173.2021.RH5A,Normal,Carência Bioquímica de Oxigénio (mg/L O2),,40,"Anexo XVIII do Decreto-Lei nº 236/98, de 1 de agosto","De acordo com o nº6 do artigo 69o do Decreto-Lei nº 236/98, de 1 de Agosto.De acordo com o Anexo I do Decreto-Lei n.º 152/97, de 19 de junho, com as alterações introduzidas pelos Decretos-Leis n.os 348/98, de 9 de novembro, 149/2004, de 22 de junho e 198/2008, de 8 de outubro: Verificação do n.º mínimo anual de amostras e verificação do n.º máximo de amostras não conformes e verificação do desvio aos valores paramétricos.",Mensal,Composta (i)
L013173.2021.RH5A,Normal,Sólidos Suspensos Totais (mg/L),,60,"Anexo XVIII do Decreto-Lei nº 236/98, de 1 de agosto","De acordo com o nº6 do artigo 69o do Decreto-Lei nº 236/98, de 1 de Agosto.De acordo com o Anexo I do Decreto-Lei n.º 152/97, de 19 de junho, com as alterações introduzidas pelos Decretos-Leis n.os 348/98, de 9 de novembro, 149/2004, de 22 de junho e 198/2008, de 8 de outubro: Verificação do n.º mínimo anual de amostras e verificação do n.º máximo de amostras não conformes e verificação do desvio aos valores paramétricos.",Mensal,Composta (i)
L013173.2021.RH5A,Normal,Óleos e Gorduras (mg/L),,15,"Anexo XVIII do Decreto-Lei nº 236/98, de 1 de agosto","De acordo com o nº6 do artigo 69o do Decreto-Lei nº 236/98, de 1 de Agosto.De acordo com o Anexo I do Decreto-Lei n.º 152/97, de 19 de junho, com as alterações introduzidas pelos Decretos-Leis n.os 348/98, de 9 de novembro, 149/2004, de 22 de junho e 198/2008, de 8 de outubro: Verificação do n.º mínimo anual de amostras e verificação do n.º máximo de amostras não conformes e verificação do desvio aos valores paramétricos.",Trimestral,Pontual
L017446.2015.RH5,Normal,pH (Escala de Sörensen),,"6,0 a 9,0","Anexo XVIII do Decreto-Lei nº 236/98, de 1 de agosto.","De acordo com o nº6 do artigo 69o do Decreto-Lei nº 236/98, de 1 de Agosto. Verificação do n.º mínimo anual de amostras e verificação do n.º máximo de amostras não conformes e verificação do desvio aos valores paramétricos.",Trimestral,Composta (i)
L017446.2015.RH5,Normal,Sólidos Suspensos Totais (mg/L),,60,"Anexo XVIII do Decreto-Lei nº 236/98, de 1 de agosto.","De acordo com o nº6 do artigo 69o do Decreto-Lei nº 236/98, de 1 de Agosto. Verificação do n.º mínimo anual de amostras e verificação do n.º máximo de amostras não conformes e verificação do desvio aos valores paramétricos.",Trimestral,Composta (i)
L017446.2015.RH5,Normal,Carência Bioquímica de Oxigénio (mg/L O2),,40,"Anexo XVIII do Decreto-Lei nº 236/98, de 1 de agosto.","De acordo com o nº6 do artigo 69o do Decreto-Lei nº 236/98, de 1 de Agosto. Verificação do n.º mínimo anual de amostras e verificação do n.º máximo de amostras não conformes e verificação do desvio aos valores paramétricos.",Trimestral,Composta (i)
L017446.2015.RH5,Normal,Carência Química de Oxigénio (mg/L O2),,150,"Anexo XVIII do Decreto-Lei nº 236/98, de 1 de agosto.","De acordo com o nº6 do artigo 69o do Decreto-Lei nº 236/98, de 1 de Agosto. Verificação do n.º mínimo anual de amostras e verificação do n.º máximo de amostras não conformes e verificação do desvio aos valores paramétricos.",Trimestral,Composta (i)
L015577.2021.RH5A,Normal,pH (Escala de Sörensen),,6-9,"Anexo XVIII do Decreto-Lei nº 236/98, de 1 de agosto","De acordo com o nº6 do artigo 69o do Decreto-Lei nº 236/98, de 1 de Agosto.De acordo com o Anexo I do Decreto-Lei n.º 152/97, de 19 de junho, com as alterações introduzidas pelos Decretos-Leis n.os 348/98, de 9 de novembro, 149/2004, de 22 de junho e 198/2008, de 8 de outubro: Verificação do n.º mínimo anual de amostras e verificação do n.º máximo de amostras não conformes e verificação do desvio aos valores paramétricos.",Quinzenal,Composta (ii)
L015577.2021.RH5A,Normal,Carência Bioquímica de Oxigénio (mg/L O2),,20,"Abordagem combinada conforme descrita no art.º 53º, da Lei nº 58/2005, de 29 de dezembro","De acordo com o nº6 do artigo 69o do Decreto-Lei nº 236/98, de 1 de Agosto.De acordo com o Anexo I do Decreto-Lei n.º 152/97, de 19 de junho, com as alterações introduzidas pelos Decretos-Leis n.os 348/98, de 9 de novembro, 149/2004, de 22 de junho e 198/2008, de 8 de outubro: Verificação do n.º mínimo anual de amostras e verificação do n.º máximo de amostras não conformes e verificação do desvio aos valores paramétricos.",Quinzenal,Composta (ii)
L015577.2021.RH5A,Normal,Carência Química de Oxigénio (mg/L O2),,125,"Decreto-Lei nº 152/97, de 19 de junho","De acordo com o nº6 do artigo 69o do Decreto-Lei nº 236/98, de 1 de Agosto.De acordo com o Anexo I do Decreto-Lei n.º 152/97, de 19 de junho, com as alterações introduzidas pelos Decretos-Leis n.os 348/98, de 9 de novembro, 149/2004, de 22 de junho e 198/2008, de 8 de outubro: Verificação do n.º mínimo anual de amostras e verificação do n.º máximo de amostras não conformes e verificação do desvio aos valores paramétricos.",Quinzenal,Composta (ii)
L015577.2021.RH5A,Normal,Sólidos Suspensos Totais (mg/L),,35,"Decreto-Lei nº 152/97, de 19 de junho","De acordo com o nº6 do artigo 69o do Decreto-Lei nº 236/98, de 1 de Agosto.De acordo com o Anexo I do Decreto-Lei n.º 152/97, de 19 de junho, com as alterações introduzidas pelos Decretos-Leis n.os 348/98, de 9 de novembro, 149/2004, de 22 de junho e 198/2008, de 8 de outubro: Verificação do n.º mínimo anual de amostras e verificação do n.º máximo de amostras não conformes e verificação do desvio aos valores paramétricos.",Quinzenal,Composta (ii)
L015577.2021.RH5A,Normal,Azoto amoniacal (mg/L NH4),,10,"Decreto-Lei nº 152/97, de 19 de junho","De acordo com o nº6 do artigo 69o do Decreto-Lei nº 236/98, de 1 de Agosto.De acordo com o Anexo I do Decreto-Lei n.º 152/97, de 19 de junho, com as alterações introduzidas pelos Decretos-Leis n.os 348/98, de 9 de novembro, 149/2004, de 22 de junho e 198/2008, de 8 de outubro: Verificação do n.º mínimo anual de amostras e verificação do n.º máximo de amostras não conformes e verificação do desvio aos valores paramétricos.",Quinzenal,Composta (ii)
L015577.2021.RH5A,Normal,Óleos e Gorduras (mg/L),,15,"Decreto-Lei nº 152/97, de 19 de junho","De acordo com o nº6 do artigo 69o do Decreto-Lei nº 236/98, de 1 de Agosto.De acordo com o Anexo I do Decreto-Lei n.º 152/97, de 19 de junho, com as alterações introduzidas pelos Decretos-Leis n.os 348/98, de 9 de novembro, 149/2004, de 22 de junho e 198/2008, de 8 de outubro: Verificação do n.º mínimo anual de amostras e verificação do n.º máximo de amostras não conformes e verificação do desvio aos valores paramétricos.",Mensal,Pontual
L015577.2021.RH5A,Normal,Azoto total (mg/L N),,15,"Anexo XVIII do Decreto-Lei nº 236/98, de 1 de agosto","De acordo com o nº6 do artigo 69o do Decreto-Lei nº 236/98, de 1 de Agosto.De acordo com o Anexo I do Decreto-Lei n.º 152/97, de 19 de junho, com as alterações introduzidas pelos Decretos-Leis n.os 348/98, de 9 de novembro, 149/2004, de 22 de junho e 198/2008, de 8 de outubro: Verificação do n.º mínimo anual de amostras e verificação do n.º máximo de amostras não conformes e verificação do desvio aos valores paramétricos.",Quinzenal,Composta (ii)
L015577.2021.RH5A,Normal,Fósforo total (mg/L P),,3,"Abordagem combinada conforme descrita no art.º 53º, da Lei nº 58/2005, de 29 de dezembro","De acordo com o nº6 do artigo 69o do Decreto-Lei nº 236/98, de 1 de Agosto.De acordo com o Anexo I do Decreto-Lei n.º 152/97, de 19 de junho, com as alterações introduzidas pelos Decretos-Leis n.os 348/98, de 9 de novembro, 149/2004, de 22 de junho e 198/2008, de 8 de outubro: Verificação do n.º mínimo anual de amostras e verificação do n.º máximo de amostras não conformes e verificação do desvio aos valores paramétricos.",Quinzenal,Composta (ii)
L019811.2021.RH4A,Normal,Sólidos Suspensos Totais (mg/L),,60,,"De acordo com o nº6 do artigo 69o do Decreto-Lei nº 236/98, de 1 de Agosto.De acordo com o Anexo I do Decreto-Lei n.º 152/97, de 19 de junho, com as alterações introduzidas pelos Decretos-Leis n.os 348/98, de 9 de novembro, 149/2004, de 22 de junho e 198/2008, de 8 de outubro: Verificação do n.º mínimo anual de amostras e verificação do n.º máximo de amostras não conformes e verificação do desvio aos valores paramétricos.",Trimestral,Composta (i)
L019811.2021.RH4A,Normal,Carência Química de Oxigénio (mg/L O2),,150,,"De acordo com o nº6 do artigo 69o do Decreto-Lei nº 236/98, de 1 de Agosto.De acordo com o Anexo I do Decreto-Lei n.º 152/97, de 19 de junho, com as alterações introduzidas pelos Decretos-Leis n.os 348/98, de 9 de novembro, 149/2004, de 22 de junho e 198/2008, de 8 de outubro: Verificação do n.º mínimo anual de amostras e verificação do n.º máximo de amostras não conformes e verificação do desvio aos valores paramétricos.",Trimestral,Composta (i)
L019811.2021.RH4A,Normal,Carência Bioquímica de Oxigénio (mg/L O2),,40,,"De acordo com o nº6 do artigo 69o do Decreto-Lei nº 236/98, de 1 de Agosto.De acordo com o Anexo I do Decreto-Lei n.º 152/97, de 19 de junho, com as alterações introduzidas pelos Decretos-Leis n.os 348/98, de 9 de novembro, 149/2004, de 22 de junho e 198/2008, de 8 de outubro: Verificação do n.º mínimo anual de amostras e verificação do n.º máximo de amostras não conformes e verificação do desvio aos valores paramétricos.",Trimestral,Composta (i)
L019811.2021.RH4A,Normal,pH (Escala de Sörensen),,"6,0 a 9.0",,"De acordo com o nº6 do artigo 69o do Decreto-Lei nº 236/98, de 1 de Agosto.De acordo com o Anexo I do Decreto-Lei n.º 152/97, de 19 de junho, com as alterações introduzidas pelos Decretos-Leis n.os 348/98, de 9 de novembro, 149/2004, de 22 de junho e 198/2008, de 8 de outubro: Verificação do n.º mínimo anual de amostras e verificação do n.º máximo de amostras não conformes e verificação do desvio aos valores paramétricos.",Trimestral,Pontual
L019779.2019.RH5A,Normal,Carência Bioquímica de Oxigénio (mg/L O2),,40,"Anexo XVIII do Decreto-Lei nº 236/98, de 1 de agosto","De acordo com o Anexo I do Decreto-Lei n.º 152/97, de 19 de junho, com as alterações introduzidas pelos Decretos-Leis n.os 348/98, de 9 de novembro, 149/2004, de 22 de junho e 198/2008, de 8 de outubro: Verificação do n.º mínimo anual de amostras e verificação do n.º máximo de amostras não conformes e verificação do desvio aos valores paramétricos.",Mensal,Pontual
L019779.2019.RH5A,Normal,Carência Química de Oxigénio (mg/L O2),,150,"Anexo XVIII do Decreto-Lei nº 236/98, de 1 de agosto","De acordo com o Anexo I do Decreto-Lei n.º 152/97, de 19 de junho, com as alterações introduzidas pelos Decretos-Leis n.os 348/98, de 9 de novembro, 149/2004, de 22 de junho e 198/2008, de 8 de outubro: Verificação do n.º mínimo anual de amostras e verificação do n.º máximo de amostras não conformes e verificação do desvio aos valores paramétricos.",Mensal,Pontual
L019779.2019.RH5A,Normal,Sólidos Suspensos Totais (mg/L),,60,"Anexo XVIII do Decreto-Lei nº 236/98, de 1 de agosto","De acordo com o Anexo I do Decreto-Lei n.º 152/97, de 19 de junho, com as alterações introduzidas pelos Decretos-Leis n.os 348/98, de 9 de novembro, 149/2004, de 22 de junho e 198/2008, de 8 de outubro: Verificação do n.º mínimo anual de amostras e verificação do n.º máximo de amostras não conformes e verificação do desvio aos valores paramétricos.",Mensal,Pontual
L019779.2019.RH5A,Normal,pH (Escala de Sörensen),,6-9,"Anexo XVIII do Decreto-Lei nº 236/98, de 1 de agosto","De acordo com o Anexo I do Decreto-Lei n.º 152/97, de 19 de junho, com as alterações introduzidas pelos Decretos-Leis n.os 348/98, de 9 de novembro, 149/2004, de 22 de junho e 198/2008, de 8 de outubro: Verificação do n.º mínimo anual de amostras e verificação do n.º máximo de amostras não conformes e verificação do desvio aos valores paramétricos.",Mensal,Pontual
L019779.2019.RH5A,Normal,Óleos e Gorduras (mg/L),,15,"Anexo XVIII do Decreto-Lei nº 236/98, de 1 de agosto","De acordo com o Anexo I do Decreto-Lei n.º 152/97, de 19 de junho, com as alterações introduzidas pelos Decretos-Leis n.os 348/98, de 9 de novembro, 149/2004, de 22 de junho e 198/2008, de 8 de outubro: Verificação do n.º mínimo anual de amostras e verificação do n.º máximo de amostras não conformes e verificação do desvio aos valores paramétricos.",Mensal,Pontual
L019779.2019.RH5A,Normal,Fósforo total (mg/L P),,10,"Anexo XVIII do Decreto-Lei nº 236/98, de 1 de agosto","De acordo com o Anexo I do Decreto-Lei n.º 152/97, de 19 de junho, com as alterações introduzidas pelos Decretos-Leis n.os 348/98, de 9 de novembro, 149/2004, de 22 de junho e 198/2008, de 8 de outubro: Verificação do n.º mínimo anual de amostras e verificação do n.º máximo de amostras não conformes e verificação do desvio aos valores paramétricos.",Mensal,Pontual
L070516.2025.RH7,Normal,pH (Escala de Sörensen),,"6,0-9,0","Anexo XVIII do Decreto-Lei n.º 236/98, de 1 de agosto.","De acordo com a alínea D) do Anexo I do Decreto-Lei n.º 152/97, de 19 de junho, com as alterações introduzidas pelos Decretos- Leis n.os 348/98, de 9 de novembro, 149/2004, de 22 de junho, e 198/2008, de 8 de outubro, e o artigo 69.º do Decreto-Lei n.º 236/98, de 1 de agosto. (*)",Mensal,Composta (ii)
L070516.2025.RH7,Normal,Carência Bioquímica de Oxigénio (mg/L O2),,25,"Anexo I do Decreto-Lei n.º 152/97, de 19 de junho, com as alterações introduzidas pelos Decretos-Leis n.os 348/98, de 9 de novembro, 149/2004, de 22 de junho, e 198/2008, de 8 de outubro (Quadro n.º 1);","De acordo com a alínea D) do Anexo I do Decreto-Lei n.º 152/97, de 19 de junho, com as alterações introduzidas pelos Decretos- Leis n.os 348/98, de 9 de novembro, 149/2004, de 22 de junho, e 198/2008, de 8 de outubro, e o artigo 69.º do Decreto-Lei n.º 236/98, de 1 de agosto. (*)",Mensal,Composta (ii)
L070516.2025.RH7,Normal,Carência Química de Oxigénio (mg/L O2),,125,"Anexo I do Decreto-Lei n.º 152/97, de 19 de junho, com as alterações introduzidas pelos Decretos-Leis n.os 348/98, de 9 de novembro, 149/2004, de 22 de junho, e 198/2008, de 8 de outubro (Quadro n.º 1);","De acordo com a alínea D) do Anexo I do Decreto-Lei n.º 152/97, de 19 de junho, com as alterações introduzidas pelos Decretos- Leis n.os 348/98, de 9 de novembro, 149/2004, de 22 de junho, e 198/2008, de 8 de outubro, e o artigo 69.º do Decreto-Lei n.º 236/98, de 1 de agosto. (*)",Mensal,Composta (ii)
L070516.2025.RH7,Normal,Sólidos Suspensos Totais (mg/L),,35,"Anexo I do Decreto-Lei n.º 152/97, de 19 de junho, com as alterações introduzidas pelos Decretos-Leis n.os 348/98, de 9 de novembro, 149/2004, de 22 de junho, e 198/2008, de 8 de outubro (Quadro n.º 1);","De acordo com a alínea D) do Anexo I do Decreto-Lei n.º 152/97, de 19 de junho, com as alterações introduzidas pelos Decretos- Leis n.os 348/98, de 9 de novembro, 149/2004, de 22 de junho, e 198/2008, de 8 de outubro, e o artigo 69.º do Decreto-Lei n.º 236/98, de 1 de agosto. (*)",Mensal,Composta (ii)
L070516.2025.RH7,Normal,Óleos e Gorduras (mg/L),,15,"Anexo XVIII do Decreto-Lei n.º 236/98, de 1 de agosto.","De acordo com a alínea D) do Anexo I do Decreto-Lei n.º 152/97, de 19 de junho, com as alterações introduzidas pelos Decretos- Leis n.os 348/98, de 9 de novembro, 149/2004, de 22 de junho, e 198/2008, de 8 de outubro, e o artigo 69.º do Decreto-Lei n.º 236/98, de 1 de agosto. (*)",Mensal,Composta (ii)
L009802.2020.RH5A,Normal,pH (Escala de Sörensen),,6-9,"Anexo XVIII do Decreto-Lei nº 236/98, de 1 de agosto","De acordo com o Anexo I do Decreto-Lei n.º 152/97, de 19 de junho, com as alterações introduzidas pelos Decretos-Leis n.os 348/98, de 9 de novembro, 149/2004, de 22 de junho e 198/2008, de 8 de outubro: Verificação do n.º mínimo anual de amostras e verificação do n.º máximo de amostras não conformes e verificação do desvio aos valores paramétricos.",Mensal,Composta (ii)
L009802.2020.RH5A,Normal,Carência Bioquímica de Oxigénio (mg/L O2),,40,"Anexo XVIII do Decreto-Lei nº 236/98, de 1 de agosto","De acordo com o Anexo I do Decreto-Lei n.º 152/97, de 19 de junho, com as alterações introduzidas pelos Decretos-Leis n.os 348/98, de 9 de novembro, 149/2004, de 22 de junho e 198/2008, de 8 de outubro: Verificação do n.º mínimo anual de amostras e verificação do n.º máximo de amostras não conformes e verificação do desvio aos valores paramétricos.",,
L009802.2020.RH5A,Normal,Carência Química de Oxigénio (mg/L O2),,150,"Anexo XVIII do Decreto-Lei nº 236/98, de 1 de agosto","De acordo com o Anexo I do Decreto-Lei n.º 152/97, de 19 de junho, com as alterações introduzidas pelos Decretos-Leis n.os 348/98, de 9 de novembro, 149/2004, de 22 de junho e 198/2008, de 8 de outubro: Verificação do n.º mínimo anual de amostras e verificação do n.º máximo de amostras não conformes e verificação do desvio aos valores paramétricos.",Mensal,Composta (ii)
L009802.2020.RH5A,Normal,Sólidos Suspensos Totais (mg/L),,60,"Anexo XVIII do Decreto-Lei nº 236/98, de 1 de agosto","De acordo com o Anexo I do Decreto-Lei n.º 152/97, de 19 de junho, com as alterações introduzidas pelos Decretos-Leis n.os 348/98, de 9 de novembro, 149/2004, de 22 de junho e 198/2008, de 8 de outubro: Verificação do n.º mínimo anual de amostras e verificação do n.º máximo de amostras não conformes e verificação do desvio aos valores paramétricos.",Mensal,Composta (ii)
L011852.2021.RH4A,Normal,Sólidos Suspensos Totais (mg/L),,60,"Anexo XVIII do Decreto-Lei nº 236/98, de 1 de agosto.","De acordo com o nº6 do artigo 69o do Decreto-Lei nº 236/98, de 1 de Agosto.De acordo com o Anexo I do Decreto-Lei n.º 152/97, de 19 de junho, com as alterações introduzidas pelos Decretos-Leis n.os 348/98, de 9 de novembro, 149/2004, de 22 de junho e 198/2008, de 8 de outubro: Verificação do n.º mínimo anual de amostras e verificação do n.º máximo de amostras não conformes e verificação do desvio aos valores paramétricos.",Trimestral,Composta (i)
L011852.2021.RH4A,Normal,Carência Química de Oxigénio (mg/L O2),,150,"Anexo XVIII do Decreto-Lei nº 236/98, de 1 de agosto.","De acordo com o nº6 do artigo 69o do Decreto-Lei nº 236/98, de 1 de Agosto.De acordo com o Anexo I do Decreto-Lei n.º 152/97, de 19 de junho, com as alterações introduzidas pelos Decretos-Leis n.os 348/98, de 9 de novembro, 149/2004, de 22 de junho e 198/2008, de 8 de outubro: Verificação do n.º mínimo anual de amostras e verificação do n.º máximo de amostras não conformes e verificação do desvio aos valores paramétricos.",Trimestral,Composta (i)
L011852.2021.RH4A,Normal,Carência Bioquímica de Oxigénio (mg/L O2),,40,"Anexo XVIII do Decreto-Lei nº 236/98, de 1 de agosto.","De acordo com o nº6 do artigo 69o do Decreto-Lei nº 236/98, de 1 de Agosto.De acordo com o Anexo I do Decreto-Lei n.º 152/97, de 19 de junho, com as alterações introduzidas pelos Decretos-Leis n.os 348/98, de 9 de novembro, 149/2004, de 22 de junho e 198/2008, de 8 de outubro: Verificação do n.º mínimo anual de amostras e verificação do n.º máximo de amostras não conformes e verificação do desvio aos valores paramétricos.",Trimestral,Composta (i)
L011852.2021.RH4A,Normal,pH (Escala de Sörensen),,"6,0 a 9,0","Anexo XVIII do Decreto-Lei nº 236/98, de 1 de agosto.","De acordo com o nº6 do artigo 69o do Decreto-Lei nº 236/98, de 1 de Agosto.De acordo com o Anexo I do Decreto-Lei n.º 152/97, de 19 de junho, com as alterações introduzidas pelos Decretos-Leis n.os 348/98, de 9 de novembro, 149/2004, de 22 de junho e 198/2008, de 8 de outubro: Verificação do n.º mínimo anual de amostras e verificação do n.º máximo de amostras não conformes e verificação do desvio aos valores paramétricos.",Trimestral,Pontual
L004164.2021.RH7,Normal,Óleos e Gorduras (mg/L),,15,,"De acordo com o artigo 69.º do Decreto-Lei n.º 236/98, de 1 de agosto. Atendendo à origem das águas residuais e aos objetivos de qualidade definidos para a massa de água recetora, o número máximo anual de amostras que podem não ser conformes não pode exceder 2 (duas) para os parâmetros pH, CBO5 e CQO. Para o parâmetro Óleos e Gorduras o número máximo anual de amostras que podem não ser conformes não pode exceder 1 (uma).",Trimestral,Pontual
L004164.2021.RH7,Normal,Carência Química de Oxigénio (mg/L O2),,150,,"De acordo com o artigo 69.º do Decreto-Lei n.º 236/98, de 1 de agosto. Atendendo à origem das águas residuais e aos objetivos de qualidade definidos para a massa de água recetora, o número máximo anual de amostras que podem não ser conformes não pode exceder 2 (duas) para os parâmetros pH, CBO5 e CQO. Para o parâmetro Óleos e Gorduras o número máximo anual de amostras que podem não ser conformes não pode exceder 1 (uma).",Mensal,Pontual
L004164.2021.RH7,Normal,Carência Bioquímica de Oxigénio (mg/L O2),,40,,"De acordo com o artigo 69.º do Decreto-Lei n.º 236/98, de 1 de agosto. Atendendo à origem das águas residuais e aos objetivos de qualidade definidos para a massa de água recetora, o número máximo anual de amostras que podem não ser conformes não pode exceder 2 (duas) para os parâmetros pH, CBO5 e CQO. Para o parâmetro Óleos e Gorduras o número máximo anual de amostras que podem não ser conformes não pode exceder 1 (uma).",Mensal,Pontual
L004164.2021.RH7,Normal,pH (Escala de Sörensen),,"6,0 - 9,0",,"De acordo com o artigo 69.º do Decreto-Lei n.º 236/98, de 1 de agosto. Atendendo à origem das águas residuais e aos objetivos de qualidade definidos para a massa de água recetora, o número máximo anual de amostras que podem não ser conformes não pode exceder 2 (duas) para os parâmetros pH, CBO5 e CQO. Para o parâmetro Óleos e Gorduras o número máximo anual de amostras que podem não ser conformes não pode exceder 1 (uma).",Mensal,Pontual
L012288.2022.RH4A,Normal,pH (Escala de Sörensen),,"6,0 a 9,0","Anexo XVIII do Decreto-Lei nº 236/98, de 1 de agosto.","De acordo com o nº6 do artigo 69o do Decreto-Lei nº 236/98, de 1 de Agosto.De acordo com o Anexo I do Decreto-Lei n.º 152/97, de 19 de junho, com as alterações introduzidas pelos Decretos-Leis n.os 348/98, de 9 de novembro, 149/2004, de 22 de junho e 198/2008, de 8 de outubro: Verificação do n.º mínimo anual de amostras e verificação do n.º máximo de amostras não conformes e verificação do desvio aos valores paramétricos.",Trimestral,Composta (i)
L012288.2022.RH4A,Normal,Carência Bioquímica de Oxigénio (mg/L O2),,40,"Anexo XVIII do Decreto-Lei nº 236/98, de 1 de agosto.","De acordo com o nº6 do artigo 69o do Decreto-Lei nº 236/98, de 1 de Agosto.De acordo com o Anexo I do Decreto-Lei n.º 152/97, de 19 de junho, com as alterações introduzidas pelos Decretos-Leis n.os 348/98, de 9 de novembro, 149/2004, de 22 de junho e 198/2008, de 8 de outubro: Verificação do n.º mínimo anual de amostras e verificação do n.º máximo de amostras não conformes e verificação do desvio aos valores paramétricos.",Trimestral,Composta (i)
L012288.2022.RH4A,Normal,Carência Química de Oxigénio (mg/L O2),,150,"Anexo XVIII do Decreto-Lei nº 236/98, de 1 de agosto.","De acordo com o nº6 do artigo 69o do Decreto-Lei nº 236/98, de 1 de Agosto.De acordo com o Anexo I do Decreto-Lei n.º 152/97, de 19 de junho, com as alterações introduzidas pelos Decretos-Leis n.os 348/98, de 9 de novembro, 149/2004, de 22 de junho e 198/2008, de 8 de outubro: Verificação do n.º mínimo anual de amostras e verificação do n.º máximo de amostras não conformes e verificação do desvio aos valores paramétricos.",Trimestral,Composta (i)
L012288.2022.RH4A,Normal,Sólidos Suspensos Totais (mg/L),,60,"Anexo XVIII do Decreto-Lei nº 236/98, de 1 de agosto.","De acordo com o nº6 do artigo 69o do Decreto-Lei nº 236/98, de 1 de Agosto.De acordo com o Anexo I do Decreto-Lei n.º 152/97, de 19 de junho, com as alterações introduzidas pelos Decretos-Leis n.os 348/98, de 9 de novembro, 149/2004, de 22 de junho e 198/2008, de 8 de outubro: Verificação do n.º mínimo anual de amostras e verificação do n.º máximo de amostras não conformes e verificação do desvio aos valores paramétricos.",Trimestral,Composta (i)
L007547.2022.RH5A,Normal,pH (Escala de Sörensen),,6-9,"Anexo XVIII do Decreto-Lei nº 236/98, de 1 de agosto","De acordo com o nº6 do artigo 69o do Decreto-Lei nº 236/98, de 1 de Agosto.",Mensal,Pontual
L007547.2022.RH5A,Normal,Carência Bioquímica de Oxigénio (mg/L O2),,40,"Anexo XVIII do Decreto-Lei nº 236/98, de 1 de agosto","De acordo com o nº6 do artigo 69o do Decreto-Lei nº 236/98, de 1 de Agosto.",Mensal,Pontual
L007547.2022.RH5A,Normal,Carência Química de Oxigénio (mg/L O2),,150,"Anexo XVIII do Decreto-Lei nº 236/98, de 1 de agosto","De acordo com o nº6 do artigo 69o do Decreto-Lei nº 236/98, de 1 de Agosto.",Mensal,Pontual
L007581.2022.RH5A,Normal,pH (Escala de Sörensen),,6-9,"Anexo XVIII do Decreto-Lei nº 236/98, de 1 de agosto","De acordo com o nº6 do artigo 69o do Decreto-Lei nº 236/98, de 1 de Agosto.",Mensal,Composta (ii)
L007581.2022.RH5A,Normal,Carência Bioquímica de Oxigénio (mg/L O2),,40,"Anexo XVIII do Decreto-Lei nº 236/98, de 1 de agosto","De acordo com o nº6 do artigo 69o do Decreto-Lei nº 236/98, de 1 de Agosto.",Mensal,Composta (ii)
L007581.2022.RH5A,Normal,Carência Química de Oxigénio (mg/L O2),,150,"Anexo XVIII do Decreto-Lei nº 236/98, de 1 de agosto","De acordo com o nº6 do artigo 69o do Decreto-Lei nº 236/98, de 1 de Agosto.",Mensal,Composta (ii)
L007581.2022.RH5A,Normal,Sólidos Suspensos Totais (mg/L),,60,"Anexo XVIII do Decreto-Lei nº 236/98, de 1 de agosto","De acordo com o nº6 do artigo 69o do Decreto-Lei nº 236/98, de 1 de Agosto.",Mensal,Composta (ii)
L005857.2021.RH5A,Normal,pH (Escala de Sörensen),,6-9,"Anexo XVIII do Decreto-Lei nº 236/98, de 1 de agosto","De acordo com o Anexo I do Decreto-Lei n.º 152/97, de 19 de junho, com as alterações introduzidas pelos Decretos-Leis n.os 348/98, de 9 de novembro, 149/2004, de 22 de junho e 198/2008, de 8 de outubro: Verificação do n.º mínimo anual de amostras e verificação do n.º máximo de amostras não conformes e verificação do desvio aos valores paramétricos.",Mensal,Composta (ii)
L005857.2021.RH5A,Normal,Carência Bioquímica de Oxigénio (mg/L O2),,40,"Anexo XVIII do Decreto-Lei nº 236/98, de 1 de agosto","De acordo com o Anexo I do Decreto-Lei n.º 152/97, de 19 de junho, com as alterações introduzidas pelos Decretos-Leis n.os 348/98, de 9 de novembro, 149/2004, de 22 de junho e 198/2008, de 8 de outubro: Verificação do n.º mínimo anual de amostras e verificação do n.º máximo de amostras não conformes e verificação do desvio aos valores paramétricos.",Mensal,Composta (ii)
L005857.2021.RH5A,Normal,Carência Química de Oxigénio (mg/L O2),,150,"Anexo XVIII do Decreto-Lei nº 236/98, de 1 de agosto","De acordo com o Anexo I do Decreto-Lei n.º 152/97, de 19 de junho, com as alterações introduzidas pelos Decretos-Leis n.os 348/98, de 9 de novembro, 149/2004, de 22 de junho e 198/2008, de 8 de outubro: Verificação do n.º mínimo anual de amostras e verificação do n.º máximo de amostras não conformes e verificação do desvio aos valores paramétricos.",Mensal,Composta (ii)
L005857.2021.RH5A,Normal,Sólidos Suspensos Totais (mg/L),,60,"Anexo XVIII do Decreto-Lei nº 236/98, de 1 de agosto","De acordo com o Anexo I do Decreto-Lei n.º 152/97, de 19 de junho, com as alterações introduzidas pelos Decretos-Leis n.os 348/98, de 9 de novembro, 149/2004, de 22 de junho e 198/2008, de 8 de outubro: Verificação do n.º mínimo anual de amostras e verificação do n.º máximo de amostras não conformes e verificação do desvio aos valores paramétricos.",Mensal,Composta (ii)
L005857.2021.RH5A,Normal,Óleos e Gorduras (mg/L),,15,"Anexo XVIII do Decreto-Lei nº 236/98, de 1 de agosto","De acordo com o Anexo I do Decreto-Lei n.º 152/97, de 19 de junho, com as alterações introduzidas pelos Decretos-Leis n.os 348/98, de 9 de novembro, 149/2004, de 22 de junho e 198/2008, de 8 de outubro: Verificação do n.º mínimo anual de amostras e verificação do n.º máximo de amostras não conformes e verificação do desvio aos valores paramétricos.",Mensal,Pontual
L018843.2022.RH4A,Normal,pH (Escala de Sörensen),,"6,0 a 9,0","Anexo XVIII do Decreto-Lei nº 236/98, de 1 de agosto.","De acordo com o nº6 do artigo 69o do Decreto-Lei nº 236/98, de 1 de Agosto.De acordo com o Anexo I do Decreto-Lei n.º 152/97, de 19 de junho, com as alterações introduzidas pelos Decretos-Leis n.os 348/98, de 9 de novembro, 149/2004, de 22 de junho e 198/2008, de 8 de outubro: Verificação do n.º mínimo anual de amostras e verificação do n.º máximo de amostras não conformes e verificação do desvio aos valores paramétricos.",Trimestral,Composta (i)
L018843.2022.RH4A,Normal,Carência Bioquímica de Oxigénio (mg/L O2),,40,"Anexo XVIII do Decreto-Lei nº 236/98, de 1 de agosto.","De acordo com o nº6 do artigo 69o do Decreto-Lei nº 236/98, de 1 de Agosto.De acordo com o Anexo I do Decreto-Lei n.º 152/97, de 19 de junho, com as alterações introduzidas pelos Decretos-Leis n.os 348/98, de 9 de novembro, 149/2004, de 22 de junho e 198/2008, de 8 de outubro: Verificação do n.º mínimo anual de amostras e verificação do n.º máximo de amostras não conformes e verificação do desvio aos valores paramétricos.",Trimestral,Composta (i)
L018843.2022.RH4A,Normal,Carência Química de Oxigénio (mg/L O2),,150,"Anexo XVIII do Decreto-Lei nº 236/98, de 1 de agosto.","De acordo com o nº6 do artigo 69o do Decreto-Lei nº 236/98, de 1 de Agosto.De acordo com o Anexo I do Decreto-Lei n.º 152/97, de 19 de junho, com as alterações introduzidas pelos Decretos-Leis n.os 348/98, de 9 de novembro, 149/2004, de 22 de junho e 198/2008, de 8 de outubro: Verificação do n.º mínimo anual de amostras e verificação do n.º máximo de amostras não conformes e verificação do desvio aos valores paramétricos.",Trimestral,Composta (i)
L018843.2022.RH4A,Normal,Sólidos Suspensos Totais (mg/L),,60,"Anexo XVIII do Decreto-Lei nº 236/98, de 1 de agosto.","De acordo com o nº6 do artigo 69o do Decreto-Lei nº 236/98, de 1 de Agosto.De acordo com o Anexo I do Decreto-Lei n.º 152/97, de 19 de junho, com as alterações introduzidas pelos Decretos-Leis n.os 348/98, de 9 de novembro, 149/2004, de 22 de junho e 198/2008, de 8 de outubro: Verificação do n.º mínimo anual de amostras e verificação do n.º máximo de amostras não conformes e verificação do desvio aos valores paramétricos.",Trimestral,Composta (i)
L020482.2021.RH5A,Normal,pH (Escala de Sörensen),,6 a 9,"Anexo XVIII do Decreto-Lei nº 236/98, de 1 de agosto","De acordo com o nº6 do artigo 69o do Decreto-Lei nº 236/98, de 1 de Agosto.De acordo com o Anexo I do Decreto-Lei n.º 152/97, de 19 de junho, com as alterações introduzidas pelos Decretos-Leis n.os 348/98, de 9 de novembro, 149/2004, de 22 de junho e 198/2008, de 8 de outubro: Verificação do n.º mínimo anual de amostras e verificação do n.º máximo de amostras não conformes e verificação do desvio aos valores paramétricos.",Quinzenal,Composta (i)
L020482.2021.RH5A,Normal,Carência Química de Oxigénio (mg/L O2),,125,"Decreto-Lei nº 152/97, de 19 de junho.","De acordo com o nº6 do artigo 69o do Decreto-Lei nº 236/98, de 1 de Agosto.De acordo com o Anexo I do Decreto-Lei n.º 152/97, de 19 de junho, com as alterações introduzidas pelos Decretos-Leis n.os 348/98, de 9 de novembro, 149/2004, de 22 de junho e 198/2008, de 8 de outubro: Verificação do n.º mínimo anual de amostras e verificação do n.º máximo de amostras não conformes e verificação do desvio aos valores paramétricos.",Quinzenal,Composta (i)
L020482.2021.RH5A,Normal,Carência Bioquímica de Oxigénio (mg/L O2),,25,"Decreto-Lei nº 152/97, de 19 de junho.","De acordo com o nº6 do artigo 69o do Decreto-Lei nº 236/98, de 1 de Agosto.De acordo com o Anexo I do Decreto-Lei n.º 152/97, de 19 de junho, com as alterações introduzidas pelos Decretos-Leis n.os 348/98, de 9 de novembro, 149/2004, de 22 de junho e 198/2008, de 8 de outubro: Verificação do n.º mínimo anual de amostras e verificação do n.º máximo de amostras não conformes e verificação do desvio aos valores paramétricos.",Quinzenal,Composta (i)
L020482.2021.RH5A,Normal,Sólidos Suspensos Totais (mg/L),,35,"Decreto-Lei nº 152/97, de 19 de junho.","De acordo com o nº6 do artigo 69o do Decreto-Lei nº 236/98, de 1 de Agosto.De acordo com o Anexo I do Decreto-Lei n.º 152/97, de 19 de junho, com as alterações introduzidas pelos Decretos-Leis n.os 348/98, de 9 de novembro, 149/2004, de 22 de junho e 198/2008, de 8 de outubro: Verificação do n.º mínimo anual de amostras e verificação do n.º máximo de amostras não conformes e verificação do desvio aos valores paramétricos.",Quinzenal,Composta (i)
L020482.2021.RH5A,Normal,Óleos e Gorduras (mg/L),,15,"Anexo XVIII do Decreto-Lei nº 236/98, de 1 de agosto","De acordo com o nº6 do artigo 69o do Decreto-Lei nº 236/98, de 1 de Agosto.De acordo com o Anexo I do Decreto-Lei n.º 152/97, de 19 de junho, com as alterações introduzidas pelos Decretos-Leis n.os 348/98, de 9 de novembro, 149/2004, de 22 de junho e 198/2008, de 8 de outubro: Verificação do n.º mínimo anual de amostras e verificação do n.º máximo de amostras não conformes e verificação do desvio aos valores paramétricos.",Trimestral,Pontual
L012133.2022.RH4A,Normal,Sólidos Suspensos Totais (mg/L),,60,"Anexo XVIII do Decreto-Lei nº 236/98, de 1 de agosto.","De acordo com o nº6 do artigo 69o do Decreto-Lei nº 236/98, de 1 de Agosto.De acordo com o Anexo I do Decreto-Lei n.º 152/97, de 19 de junho, com as alterações introduzidas pelos Decretos-Leis n.os 348/98, de 9 de novembro, 149/2004, de 22 de junho e 198/2008, de 8 de outubro: Verificação do n.º mínimo anual de amostras e verificação do n.º máximo de amostras não conformes e verificação do desvio aos valores paramétricos.",Trimestral,Composta (i)
L012133.2022.RH4A,Normal,Carência Química de Oxigénio (mg/L O2),,150,"Anexo XVIII do Decreto-Lei nº 236/98, de 1 de agosto.","De acordo com o nº6 do artigo 69o do Decreto-Lei nº 236/98, de 1 de Agosto.De acordo com o Anexo I do Decreto-Lei n.º 152/97, de 19 de junho, com as alterações introduzidas pelos Decretos-Leis n.os 348/98, de 9 de novembro, 149/2004, de 22 de junho e 198/2008, de 8 de outubro: Verificação do n.º mínimo anual de amostras e verificação do n.º máximo de amostras não conformes e verificação do desvio aos valores paramétricos.",Trimestral,Composta (i)
L012133.2022.RH4A,Normal,Carência Bioquímica de Oxigénio (mg/L O2),,40,"Anexo XVIII do Decreto-Lei nº 236/98, de 1 de agosto.","De acordo com o nº6 do artigo 69o do Decreto-Lei nº 236/98, de 1 de Agosto.De acordo com o Anexo I do Decreto-Lei n.º 152/97, de 19 de junho, com as alterações introduzidas pelos Decretos-Leis n.os 348/98, de 9 de novembro, 149/2004, de 22 de junho e 198/2008, de 8 de outubro: Verificação do n.º mínimo anual de amostras e verificação do n.º máximo de amostras não conformes e verificação do desvio aos valores paramétricos.",Trimestral,Composta (i)
L012133.2022.RH4A,Normal,pH (Escala de Sörensen),,"6,0 a 9,0","Anexo XVIII do Decreto-Lei nº 236/98, de 1 de agosto.","De acordo com o nº6 do artigo 69o do Decreto-Lei nº 236/98, de 1 de Agosto.De acordo com o Anexo I do Decreto-Lei n.º 152/97, de 19 de junho, com as alterações introduzidas pelos Decretos-Leis n.os 348/98, de 9 de novembro, 149/2004, de 22 de junho e 198/2008, de 8 de outubro: Verificação do n.º mínimo anual de amostras e verificação do n.º máximo de amostras não conformes e verificação do desvio aos valores paramétricos.",Trimestral,Composta (i)
L015394.2021.RH5A,Normal,pH (Escala de Sörensen),,6-9,"Anexo XVIII do Decreto-Lei nº 236/98, de 1 de agosto","De acordo com o nº6 do artigo 69o do Decreto-Lei nº 236/98, de 1 de Agosto.De acordo com o Anexo I do Decreto-Lei n.º 152/97, de 19 de junho, com as alterações introduzidas pelos Decretos-Leis n.os 348/98, de 9 de novembro, 149/2004, de 22 de junho e 198/2008, de 8 de outubro: Verificação do n.º mínimo anual de amostras e verificação do n.º máximo de amostras não conformes e verificação do desvio aos valores paramétricos.",Mensal,Pontual
L015394.2021.RH5A,Normal,Carência Bioquímica de Oxigénio (mg/L O2),,40,"Anexo XVIII do Decreto-Lei nº 236/98, de 1 de agosto","De acordo com o nº6 do artigo 69o do Decreto-Lei nº 236/98, de 1 de Agosto.De acordo com o Anexo I do Decreto-Lei n.º 152/97, de 19 de junho, com as alterações introduzidas pelos Decretos-Leis n.os 348/98, de 9 de novembro, 149/2004, de 22 de junho e 198/2008, de 8 de outubro: Verificação do n.º mínimo anual de amostras e verificação do n.º máximo de amostras não conformes e verificação do desvio aos valores paramétricos.",Mensal,Pontual
L015394.2021.RH5A,Normal,Carência Química de Oxigénio (mg/L O2),,150,"Anexo XVIII do Decreto-Lei nº 236/98, de 1 de agosto","De acordo com o nº6 do artigo 69o do Decreto-Lei nº 236/98, de 1 de Agosto.De acordo com o Anexo I do Decreto-Lei n.º 152/97, de 19 de junho, com as alterações introduzidas pelos Decretos-Leis n.os 348/98, de 9 de novembro, 149/2004, de 22 de junho e 198/2008, de 8 de outubro: Verificação do n.º mínimo anual de amostras e verificação do n.º máximo de amostras não conformes e verificação do desvio aos valores paramétricos.",Mensal,Pontual
L015394.2021.RH5A,Normal,Óleos e Gorduras (mg/L),,15,"Anexo XVIII do Decreto-Lei nº 236/98, de 1 de agosto","De acordo com o nº6 do artigo 69o do Decreto-Lei nº 236/98, de 1 de Agosto.De acordo com o Anexo I do Decreto-Lei n.º 152/97, de 19 de junho, com as alterações introduzidas pelos Decretos-Leis n.os 348/98, de 9 de novembro, 149/2004, de 22 de junho e 198/2008, de 8 de outubro: Verificação do n.º mínimo anual de amostras e verificação do n.º máximo de amostras não conformes e verificação do desvio aos valores paramétricos.",Mensal,Pontual
L012296.2022.RH4A,Normal,pH (Escala de Sörensen),,"6,0 a 9,0","Anexo XVIII do Decreto-Lei nº 236/98, de 1 de agosto.","De acordo com o nº6 do artigo 69o do Decreto-Lei nº 236/98, de 1 de Agosto.De acordo com o Anexo I do Decreto-Lei n.º 152/97, de 19 de junho, com as alterações introduzidas pelos Decretos-Leis n.os 348/98, de 9 de novembro, 149/2004, de 22 de junho e 198/2008, de 8 de outubro: Verificação do n.º mínimo anual de amostras e verificação do n.º máximo de amostras não conformes e verificação do desvio aos valores paramétricos.",Trimestral,Composta (i)
L012296.2022.RH4A,Normal,Carência Bioquímica de Oxigénio (mg/L O2),,40,"Anexo XVIII do Decreto-Lei nº 236/98, de 1 de agosto.","De acordo com o nº6 do artigo 69o do Decreto-Lei nº 236/98, de 1 de Agosto.De acordo com o Anexo I do Decreto-Lei n.º 152/97, de 19 de junho, com as alterações introduzidas pelos Decretos-Leis n.os 348/98, de 9 de novembro, 149/2004, de 22 de junho e 198/2008, de 8 de outubro: Verificação do n.º mínimo anual de amostras e verificação do n.º máximo de amostras não conformes e verificação do desvio aos valores paramétricos.",Trimestral,Composta (i)
L012296.2022.RH4A,Normal,Carência Química de Oxigénio (mg/L O2),,150,"Anexo XVIII do Decreto-Lei nº 236/98, de 1 de agosto.","De acordo com o nº6 do artigo 69o do Decreto-Lei nº 236/98, de 1 de Agosto.De acordo com o Anexo I do Decreto-Lei n.º 152/97, de 19 de junho, com as alterações introduzidas pelos Decretos-Leis n.os 348/98, de 9 de novembro, 149/2004, de 22 de junho e 198/2008, de 8 de outubro: Verificação do n.º mínimo anual de amostras e verificação do n.º máximo de amostras não conformes e verificação do desvio aos valores paramétricos.",Trimestral,Composta (i)
L012296.2022.RH4A,Normal,Sólidos Suspensos Totais (mg/L),,60,"Anexo XVIII do Decreto-Lei nº 236/98, de 1 de agosto.","De acordo com o nº6 do artigo 69o do Decreto-Lei nº 236/98, de 1 de Agosto.De acordo com o Anexo I do Decreto-Lei n.º 152/97, de 19 de junho, com as alterações introduzidas pelos Decretos-Leis n.os 348/98, de 9 de novembro, 149/2004, de 22 de junho e 198/2008, de 8 de outubro: Verificação do n.º mínimo anual de amostras e verificação do n.º máximo de amostras não conformes e verificação do desvio aos valores paramétricos.",Trimestral,Composta (i)
L018830.2022.RH4A,Normal,pH (Escala de Sörensen),,"6,0 a 9,0","Anexo XVIII do Decreto-Lei nº 236/98, de 1 de agosto.","De acordo com o nº6 do artigo 69o do Decreto-Lei nº 236/98, de 1 de Agosto.De acordo com o Anexo I do Decreto-Lei n.º 152/97, de 19 de junho, com as alterações introduzidas pelos Decretos-Leis n.os 348/98, de 9 de novembro, 149/2004, de 22 de junho e 198/2008, de 8 de outubro: Verificação do n.º mínimo anual de amostras e verificação do n.º máximo de amostras não conformes e verificação do desvio aos valores paramétricos.",Trimestral,Composta (i)
L018830.2022.RH4A,Normal,Carência Bioquímica de Oxigénio (mg/L O2),,40,"Anexo XVIII do Decreto-Lei nº 236/98, de 1 de agosto.","De acordo com o nº6 do artigo 69o do Decreto-Lei nº 236/98, de 1 de Agosto.De acordo com o Anexo I do Decreto-Lei n.º 152/97, de 19 de junho, com as alterações introduzidas pelos Decretos-Leis n.os 348/98, de 9 de novembro, 149/2004, de 22 de junho e 198/2008, de 8 de outubro: Verificação do n.º mínimo anual de amostras e verificação do n.º máximo de amostras não conformes e verificação do desvio aos valores paramétricos.",Trimestral,Composta (i)
L018830.2022.RH4A,Normal,Carência Química de Oxigénio (mg/L O2),,150,"Anexo XVIII do Decreto-Lei nº 236/98, de 1 de agosto.","De acordo com o nº6 do artigo 69o do Decreto-Lei nº 236/98, de 1 de Agosto.De acordo com o Anexo I do Decreto-Lei n.º 152/97, de 19 de junho, com as alterações introduzidas pelos Decretos-Leis n.os 348/98, de 9 de novembro, 149/2004, de 22 de junho e 198/2008, de 8 de outubro: Verificação do n.º mínimo anual de amostras e verificação do n.º máximo de amostras não conformes e verificação do desvio aos valores paramétricos.",Trimestral,Composta (i)
L018830.2022.RH4A,Normal,Sólidos Suspensos Totais (mg/L),,60,"Anexo XVIII do Decreto-Lei nº 236/98, de 1 de agosto.","De acordo com o nº6 do artigo 69o do Decreto-Lei nº 236/98, de 1 de Agosto.De acordo com o Anexo I do Decreto-Lei n.º 152/97, de 19 de junho, com as alterações introduzidas pelos Decretos-Leis n.os 348/98, de 9 de novembro, 149/2004, de 22 de junho e 198/2008, de 8 de outubro: Verificação do n.º mínimo anual de amostras e verificação do n.º máximo de amostras não conformes e verificação do desvio aos valores paramétricos.",Trimestral,Composta (i)
L012280.2022.RH4A,Normal,pH (Escala de Sörensen),,"6,0 a 9,0","Anexo XVIII do Decreto-Lei nº 236/98, de 1 de agosto.","De acordo com o nº6 do artigo 69o do Decreto-Lei nº 236/98, de 1 de Agosto.De acordo com o Anexo I do Decreto-Lei n.º 152/97, de 19 de junho, com as alterações introduzidas pelos Decretos-Leis n.os 348/98, de 9 de novembro, 149/2004, de 22 de junho e 198/2008, de 8 de outubro: Verificação do n.º mínimo anual de amostras e verificação do n.º máximo de amostras não conformes e verificação do desvio aos valores paramétricos.",Trimestral,Composta (i)
L012280.2022.RH4A,Normal,Carência Bioquímica de Oxigénio (mg/L O2),,40,"Anexo XVIII do Decreto-Lei nº 236/98, de 1 de agosto.","De acordo com o nº6 do artigo 69o do Decreto-Lei nº 236/98, de 1 de Agosto.De acordo com o Anexo I do Decreto-Lei n.º 152/97, de 19 de junho, com as alterações introduzidas pelos Decretos-Leis n.os 348/98, de 9 de novembro, 149/2004, de 22 de junho e 198/2008, de 8 de outubro: Verificação do n.º mínimo anual de amostras e verificação do n.º máximo de amostras não conformes e verificação do desvio aos valores paramétricos.",Trimestral,Composta (i)
L012280.2022.RH4A,Normal,Carência Química de Oxigénio (mg/L O2),,150,"Anexo XVIII do Decreto-Lei nº 236/98, de 1 de agosto.","De acordo com o nº6 do artigo 69o do Decreto-Lei nº 236/98, de 1 de Agosto.De acordo com o Anexo I do Decreto-Lei n.º 152/97, de 19 de junho, com as alterações introduzidas pelos Decretos-Leis n.os 348/98, de 9 de novembro, 149/2004, de 22 de junho e 198/2008, de 8 de outubro: Verificação do n.º mínimo anual de amostras e verificação do n.º máximo de amostras não conformes e verificação do desvio aos valores paramétricos.",Trimestral,Composta (i)
L012280.2022.RH4A,Normal,Sólidos Suspensos Totais (mg/L),,60,"Anexo XVIII do Decreto-Lei nº 236/98, de 1 de agosto.","De acordo com o nº6 do artigo 69o do Decreto-Lei nº 236/98, de 1 de Agosto.De acordo com o Anexo I do Decreto-Lei n.º 152/97, de 19 de junho, com as alterações introduzidas pelos Decretos-Leis n.os 348/98, de 9 de novembro, 149/2004, de 22 de junho e 198/2008, de 8 de outubro: Verificação do n.º mínimo anual de amostras e verificação do n.º máximo de amostras não conformes e verificação do desvio aos valores paramétricos.",Trimestral,Composta (i)
L003584.2021.RH7,Normal,pH (Escala de Sörensen),,"6,0 - 9,0","Anexo XVIII do Decreto-Lei n.º 236/98, de 1 de agosto.","De acordo com o artigo 69.º do Decreto-Lei n.º 236/98, de 1 de agosto. Atendendo à origem das águas residuais e aos objetivos de qualidade definidos para a massa de água recetora, o número máximo anual de amostras que podem não ser conformes não pode exceder 2 (duas) para os parâmetros pH, CBO5, CQO e SST; para o parâmetro Óleos e gorduras todas as amostras têm que ser conformes.",Mensal,Composta (iii)
L003584.2021.RH7,Normal,Carência Bioquímica de Oxigénio (mg/L O2),,40,"Anexo XVIII do Decreto-Lei n.º 236/98, de 1 de agosto.","De acordo com o artigo 69.º do Decreto-Lei n.º 236/98, de 1 de agosto. Atendendo à origem das águas residuais e aos objetivos de qualidade definidos para a massa de água recetora, o número máximo anual de amostras que podem não ser conformes não pode exceder 2 (duas) para os parâmetros pH, CBO5, CQO e SST; para o parâmetro Óleos e gorduras todas as amostras têm que ser conformes.",Mensal,Composta (iii)
L003584.2021.RH7,Normal,Carência Química de Oxigénio (mg/L O2),,150,"Anexo XVIII do Decreto-Lei n.º 236/98, de 1 de agosto.","De acordo com o artigo 69.º do Decreto-Lei n.º 236/98, de 1 de agosto. Atendendo à origem das águas residuais e aos objetivos de qualidade definidos para a massa de água recetora, o número máximo anual de amostras que podem não ser conformes não pode exceder 2 (duas) para os parâmetros pH, CBO5, CQO e SST; para o parâmetro Óleos e gorduras todas as amostras têm que ser conformes.",Mensal,Composta (iii)
L003584.2021.RH7,Normal,Sólidos Suspensos Totais (mg/L),,60,"Anexo XVIII do Decreto-Lei n.º 236/98, de 1 de agosto.","De acordo com o artigo 69.º do Decreto-Lei n.º 236/98, de 1 de agosto. Atendendo à origem das águas residuais e aos objetivos de qualidade definidos para a massa de água recetora, o número máximo anual de amostras que podem não ser conformes não pode exceder 2 (duas) para os parâmetros pH, CBO5, CQO e SST; para o parâmetro Óleos e gorduras todas as amostras têm que ser conformes.",Mensal,Composta (iii)
L003584.2021.RH7,Normal,Óleos e Gorduras (mg/L),,15,"Anexo XVIII do Decreto-Lei n.º 236/98, de 1 de agosto.","De acordo com o artigo 69.º do Decreto-Lei n.º 236/98, de 1 de agosto. Atendendo à origem das águas residuais e aos objetivos de qualidade definidos para a massa de água recetora, o número máximo anual de amostras que podem não ser conformes não pode exceder 2 (duas) para os parâmetros pH, CBO5, CQO e SST; para o parâmetro Óleos e gorduras todas as amostras têm que ser conformes.",Semestral,Composta (iii)
L025551.2023.RH7,Normal,pH (Escala de Sörensen),,"6,0-9,0","Anexo XVIII do Decreto-Lei n.º 236/98, de 1 de agosto.","De acordo com o artigo 69.º do Decreto-Lei n.º 236/98, de 1 de agosto. Atendendo à origem das águas residuais e aos objetivos de qualidade definidos para a massa de água recetora, o número máximo anual de amostras que podem não ser conformes não pode exceder uma, para os parâmetros pH, CBO5, CQO e SST; para o parâmetro Óleos e gorduras todas as amostras têm de ser conformes.",Bimestral,Composta (iii)
L025551.2023.RH7,Normal,Carência Bioquímica de Oxigénio (mg/L O2),,40,"Anexo XVIII do Decreto-Lei n.º 236/98, de 1 de agosto.","De acordo com o artigo 69.º do Decreto-Lei n.º 236/98, de 1 de agosto. Atendendo à origem das águas residuais e aos objetivos de qualidade definidos para a massa de água recetora, o número máximo anual de amostras que podem não ser conformes não pode exceder uma, para os parâmetros pH, CBO5, CQO e SST; para o parâmetro Óleos e gorduras todas as amostras têm de ser conformes.",Bimestral,Composta (iii)
L025551.2023.RH7,Normal,Carência Química de Oxigénio (mg/L O2),,150,"Anexo XVIII do Decreto-Lei n.º 236/98, de 1 de agosto.","De acordo com o artigo 69.º do Decreto-Lei n.º 236/98, de 1 de agosto. Atendendo à origem das águas residuais e aos objetivos de qualidade definidos para a massa de água recetora, o número máximo anual de amostras que podem não ser conformes não pode exceder uma, para os parâmetros pH, CBO5, CQO e SST; para o parâmetro Óleos e gorduras todas as amostras têm de ser conformes.",Bimestral,Composta (iii)
L025551.2023.RH7,Normal,Sólidos Suspensos Totais (mg/L),,60,"Anexo XVIII do Decreto-Lei n.º 236/98, de 1 de agosto.","De acordo com o artigo 69.º do Decreto-Lei n.º 236/98, de 1 de agosto. Atendendo à origem das águas residuais e aos objetivos de qualidade definidos para a massa de água recetora, o número máximo anual de amostras que podem não ser conformes não pode exceder uma, para os parâmetros pH, CBO5, CQO e SST; para o parâmetro Óleos e gorduras todas as amostras têm de ser conformes.",Bimestral,Composta (iii)
L025551.2023.RH7,Normal,Óleos e Gorduras (mg/L),,15,"Anexo XVIII do Decreto-Lei n.º 236/98, de 1 de agosto.","De acordo com o artigo 69.º do Decreto-Lei n.º 236/98, de 1 de agosto. Atendendo à origem das águas residuais e aos objetivos de qualidade definidos para a massa de água recetora, o número máximo anual de amostras que podem não ser conformes não pode exceder uma, para os parâmetros pH, CBO5, CQO e SST; para o parâmetro Óleos e gorduras todas as amostras têm de ser conformes.",Semestral,Composta (iii)
L018295.2018.RH7,Normal,pH (Escala de Sörensen),,6.0 - 9.0,"Anexo XVIII do Decreto-Lei nº 236/98, de 1 de agosto","De acordo com o nº6 do artigo 69o do Decreto-Lei nº 236/98, de 1 de Agosto.De acordo com o Anexo I do Decreto-Lei n.º 152/97, de 19 de junho, com as alterações introduzidas pelos Decretos-Leis n.os 348/98, de 9 de novembro, 149/2004, de 22 de junho e 198/2008, de 8 de outubro: Verificação do n.º mínimo anual de amostras e verificação do n.º máximo de amostras não conformes e verificação do desvio aos valores paramétricos.",Mensal,Composta (i)
L018295.2018.RH7,Normal,Carência Bioquímica de Oxigénio (mg/L O2),,40,"Anexo XVIII do Decreto-Lei nº 236/98, de 1 de agosto","De acordo com o nº6 do artigo 69o do Decreto-Lei nº 236/98, de 1 de Agosto.De acordo com o Anexo I do Decreto-Lei n.º 152/97, de 19 de junho, com as alterações introduzidas pelos Decretos-Leis n.os 348/98, de 9 de novembro, 149/2004, de 22 de junho e 198/2008, de 8 de outubro: Verificação do n.º mínimo anual de amostras e verificação do n.º máximo de amostras não conformes e verificação do desvio aos valores paramétricos.",Mensal,Composta (i)
L018295.2018.RH7,Normal,Carência Química de Oxigénio (mg/L O2),,150,"Anexo XVIII do Decreto-Lei nº 236/98, de 1 de agosto","De acordo com o nº6 do artigo 69o do Decreto-Lei nº 236/98, de 1 de Agosto.De acordo com o Anexo I do Decreto-Lei n.º 152/97, de 19 de junho, com as alterações introduzidas pelos Decretos-Leis n.os 348/98, de 9 de novembro, 149/2004, de 22 de junho e 198/2008, de 8 de outubro: Verificação do n.º mínimo anual de amostras e verificação do n.º máximo de amostras não conformes e verificação do desvio aos valores paramétricos.",Mensal,Composta (i)
L018295.2018.RH7,Normal,Sólidos Suspensos Totais (mg/L),,60,"Anexo XVIII do Decreto-Lei nº 236/98, de 1 de agosto","De acordo com o nº6 do artigo 69o do Decreto-Lei nº 236/98, de 1 de Agosto.De acordo com o Anexo I do Decreto-Lei n.º 152/97, de 19 de junho, com as alterações introduzidas pelos Decretos-Leis n.os 348/98, de 9 de novembro, 149/2004, de 22 de junho e 198/2008, de 8 de outubro: Verificação do n.º mínimo anual de amostras e verificação do n.º máximo de amostras não conformes e verificação do desvio aos valores paramétricos.",Mensal,Composta (i)
L020612.2018.RH6,Normal,pH (Escala de Sörensen),,"6,0 - 9,0","Anexo XVIII do Decreto-Lei n.º 236/98, de 1 de agosto.","De acordo com o artigo 69.º do Decreto-Lei n.º 236/98, de 1 de agosto. Atendendo à origem das águas residuais e aos objetivos de qualidade definidos para a massa de água recetora, o número máximo anual de amostras que podem não ser conformes não pode exceder 1 (uma).",Trimestral,Pontual
L020612.2018.RH6,Normal,Carência Bioquímica de Oxigénio (mg/L O2),,40,"Anexo XVIII do Decreto-Lei n.º 236/98, de 1 de agosto.","De acordo com o artigo 69.º do Decreto-Lei n.º 236/98, de 1 de agosto. Atendendo à origem das águas residuais e aos objetivos de qualidade definidos para a massa de água recetora, o número máximo anual de amostras que podem não ser conformes não pode exceder 1 (uma).",Trimestral,Pontual
L020612.2018.RH6,Normal,Carência Química de Oxigénio (mg/L O2),,150,"Anexo XVIII do Decreto-Lei n.º 236/98, de 1 de agosto.","De acordo com o artigo 69.º do Decreto-Lei n.º 236/98, de 1 de agosto. Atendendo à origem das águas residuais e aos objetivos de qualidade definidos para a massa de água recetora, o número máximo anual de amostras que podem não ser conformes não pode exceder 1 (uma).",Trimestral,Pontual
L020612.2018.RH6,Normal,Óleos e Gorduras (mg/L),,15,"Anexo XVIII do Decreto-Lei n.º 236/98, de 1 de agosto.","De acordo com o artigo 69.º do Decreto-Lei n.º 236/98, de 1 de agosto. Atendendo à origem das águas residuais e aos objetivos de qualidade definidos para a massa de água recetora, o número máximo anual de amostras que podem não ser conformes não pode exceder 1 (uma).",Semestral,Pontual
L027844.2023.RH7,Normal,pH (Escala de Sörensen),,"6,0-9,0","Anexo XVIII do Decreto-Lei n.º 236/98, de 1 de agosto.","De acordo com o artigo 69.º do Decreto-Lei n.º 236/98, de 1 de agosto. Atendendo à origem das águas residuais e aos objetivos de qualidade definidos para a massa de água recetora, o número máximo anual de amostras que podem não ser conformes não pode exceder uma, para os parâmetros pH, CBO5, CQO e SST; para o parâmetro Óleos e Gorduras todas as amostras têm de ser conformes.",Trimestral,Composta (iii)
L027844.2023.RH7,Normal,Carência Bioquímica de Oxigénio (mg/L O2),,40,"Anexo XVIII do Decreto-Lei n.º 236/98, de 1 de agosto.","De acordo com o artigo 69.º do Decreto-Lei n.º 236/98, de 1 de agosto. Atendendo à origem das águas residuais e aos objetivos de qualidade definidos para a massa de água recetora, o número máximo anual de amostras que podem não ser conformes não pode exceder uma, para os parâmetros pH, CBO5, CQO e SST; para o parâmetro Óleos e Gorduras todas as amostras têm de ser conformes.",Trimestral,Composta (iii)
L027844.2023.RH7,Normal,Carência Química de Oxigénio (mg/L O2),,150,"Anexo XVIII do Decreto-Lei n.º 236/98, de 1 de agosto.","De acordo com o artigo 69.º do Decreto-Lei n.º 236/98, de 1 de agosto. Atendendo à origem das águas residuais e aos objetivos de qualidade definidos para a massa de água recetora, o número máximo anual de amostras que podem não ser conformes não pode exceder uma, para os parâmetros pH, CBO5, CQO e SST; para o parâmetro Óleos e Gorduras todas as amostras têm de ser conformes.",Trimestral,Composta (iii)
L027844.2023.RH7,Normal,Sólidos Suspensos Totais (mg/L),,60,"Anexo XVIII do Decreto-Lei n.º 236/98, de 1 de agosto.","De acordo com o artigo 69.º do Decreto-Lei n.º 236/98, de 1 de agosto. Atendendo à origem das águas residuais e aos objetivos de qualidade definidos para a massa de água recetora, o número máximo anual de amostras que podem não ser conformes não pode exceder uma, para os parâmetros pH, CBO5, CQO e SST; para o parâmetro Óleos e Gorduras todas as amostras têm de ser conformes.",Trimestral,Composta (iii)
L027844.2023.RH7,Normal,Óleos e Gorduras (mg/L),,15,"Anexo XVIII do Decreto-Lei n.º 236/98, de 1 de agosto.","De acordo com o artigo 69.º do Decreto-Lei n.º 236/98, de 1 de agosto. Atendendo à origem das águas residuais e aos objetivos de qualidade definidos para a massa de água recetora, o número máximo anual de amostras que podem não ser conformes não pode exceder uma, para os parâmetros pH, CBO5, CQO e SST; para o parâmetro Óleos e Gorduras todas as amostras têm de ser conformes.",Semestral,Composta (iii)
L020167.2020.RH5A,Normal,pH (Escala de Sörensen),,6-9,"Anexo XVIII do Decreto-Lei nº 236/98, de 1 de agosto","De acordo com o Anexo I do Decreto-Lei n.º 152/97, de 19 de junho, com as alterações introduzidas pelos Decretos-Leis n.os 348/98, de 9 de novembro, 149/2004, de 22 de junho e 198/2008, de 8 de outubro: Verificação do n.º mínimo anual de amostras e verificação do n.º máximo de amostras não conformes e verificação do desvio aos valores paramétricos.",Quinzenal,Composta (ii)
L020167.2020.RH5A,Normal,Carência Bioquímica de Oxigénio (mg/L O2),,25,"Decreto-Lei nº 152/97, de 19 de junho","De acordo com o Anexo I do Decreto-Lei n.º 152/97, de 19 de junho, com as alterações introduzidas pelos Decretos-Leis n.os 348/98, de 9 de novembro, 149/2004, de 22 de junho e 198/2008, de 8 de outubro: Verificação do n.º mínimo anual de amostras e verificação do n.º máximo de amostras não conformes e verificação do desvio aos valores paramétricos.",Quinzenal,Composta (ii)
L020167.2020.RH5A,Normal,Carência Química de Oxigénio (mg/L O2),,125,"Decreto-Lei nº 152/97, de 19 de junho","De acordo com o Anexo I do Decreto-Lei n.º 152/97, de 19 de junho, com as alterações introduzidas pelos Decretos-Leis n.os 348/98, de 9 de novembro, 149/2004, de 22 de junho e 198/2008, de 8 de outubro: Verificação do n.º mínimo anual de amostras e verificação do n.º máximo de amostras não conformes e verificação do desvio aos valores paramétricos.",Quinzenal,Composta (ii)
L020167.2020.RH5A,Normal,Sólidos Suspensos Totais (mg/L),,35,"Decreto-Lei nº 152/97, de 19 de junho","De acordo com o Anexo I do Decreto-Lei n.º 152/97, de 19 de junho, com as alterações introduzidas pelos Decretos-Leis n.os 348/98, de 9 de novembro, 149/2004, de 22 de junho e 198/2008, de 8 de outubro: Verificação do n.º mínimo anual de amostras e verificação do n.º máximo de amostras não conformes e verificação do desvio aos valores paramétricos.",Quinzenal,Composta (ii)
L020167.2020.RH5A,Normal,Óleos e Gorduras (mg/L),,15,"Anexo XVIII do Decreto-Lei nº 236/98, de 1 de agosto","De acordo com o Anexo I do Decreto-Lei n.º 152/97, de 19 de junho, com as alterações introduzidas pelos Decretos-Leis n.os 348/98, de 9 de novembro, 149/2004, de 22 de junho e 198/2008, de 8 de outubro: Verificação do n.º mínimo anual de amostras e verificação do n.º máximo de amostras não conformes e verificação do desvio aos valores paramétricos.",Mensal,Composta (ii)
L007587.2022.RH5A,Normal,pH (Escala de Sörensen),,6-9,"Anexo XVIII do Decreto-Lei nº 236/98, de 1 de agosto","De acordo com o nº6 do artigo 69o do Decreto-Lei nº 236/98, de 1 de Agosto.",Mensal,Composta (ii)
L007587.2022.RH5A,Normal,Carência Bioquímica de Oxigénio (mg/L O2),,40,"Anexo XVIII do Decreto-Lei nº 236/98, de 1 de agosto","De acordo com o nº6 do artigo 69o do Decreto-Lei nº 236/98, de 1 de Agosto.",Mensal,Composta (ii)
L007587.2022.RH5A,Normal,Carência Química de Oxigénio (mg/L O2),,150,"Anexo XVIII do Decreto-Lei nº 236/98, de 1 de agosto","De acordo com o nº6 do artigo 69o do Decreto-Lei nº 236/98, de 1 de Agosto.",Mensal,Composta (ii)
L007587.2022.RH5A,Normal,Sólidos Suspensos Totais (mg/L),,60,"Anexo XVIII do Decreto-Lei nº 236/98, de 1 de agosto","De acordo com o nº6 do artigo 69o do Decreto-Lei nº 236/98, de 1 de Agosto.",Mensal,Composta (ii)
L023256.2020.RH7,Normal,Óleos e Gorduras (mg/L),,15,"Anexo XVIII do Decreto-Lei n.º 236/98, de 1 de agosto.","De acordo com o artigo 69.º do Decreto-Lei n.º 236/98, de 1 de agosto. Atendendo à origem das águas residuais e aos objetivos de qualidade definidos para a massa de água recetora, o número máximo anual de amostras que podem não ser conformes não pode exceder 1 (uma), para os parâmetros pH, CBO5 e CQO; para o parâmetro Óleos e gorduras todas as amostras têm que ser conformes.",Semestral,Pontual
L023256.2020.RH7,Normal,Carência Química de Oxigénio (mg/L O2),,150,"Anexo XVIII do Decreto-Lei n.º 236/98, de 1 de agosto.","De acordo com o artigo 69.º do Decreto-Lei n.º 236/98, de 1 de agosto. Atendendo à origem das águas residuais e aos objetivos de qualidade definidos para a massa de água recetora, o número máximo anual de amostras que podem não ser conformes não pode exceder 1 (uma), para os parâmetros pH, CBO5 e CQO; para o parâmetro Óleos e gorduras todas as amostras têm que ser conformes.",Trimestral,Pontual
L023256.2020.RH7,Normal,Carência Bioquímica de Oxigénio (mg/L O2),,40,"Anexo XVIII do Decreto-Lei n.º 236/98, de 1 de agosto.","De acordo com o artigo 69.º do Decreto-Lei n.º 236/98, de 1 de agosto. Atendendo à origem das águas residuais e aos objetivos de qualidade definidos para a massa de água recetora, o número máximo anual de amostras que podem não ser conformes não pode exceder 1 (uma), para os parâmetros pH, CBO5 e CQO; para o parâmetro Óleos e gorduras todas as amostras têm que ser conformes.",Trimestral,Pontual
L023256.2020.RH7,Normal,pH (Escala de Sörensen),,"6,0 - 9,0","Anexo XVIII do Decreto-Lei n.º 236/98, de 1 de agosto.","De acordo com o artigo 69.º do Decreto-Lei n.º 236/98, de 1 de agosto. Atendendo à origem das águas residuais e aos objetivos de qualidade definidos para a massa de água recetora, o número máximo anual de amostras que podem não ser conformes não pode exceder 1 (uma), para os parâmetros pH, CBO5 e CQO; para o parâmetro Óleos e gorduras todas as amostras têm que ser conformes.",Trimestral,Pontual
L011845.2021.RH4A,Normal,pH (até junho 2019) (Escala de Sörensen),,"6,0 a 9,0","Anexo XVIII do Decreto-Lei nº 236/98, de 1 de agosto.","De acordo com o nº6 do artigo 69o do Decreto-Lei nº 236/98, de 1 de Agosto.De acordo com o Anexo I do Decreto-Lei n.º 152/97, de 19 de junho, com as alterações introduzidas pelos Decretos-Leis n.os 348/98, de 9 de novembro, 149/2004, de 22 de junho e 198/2008, de 8 de outubro: Verificação do n.º mínimo anual de amostras e verificação do n.º máximo de amostras não conformes e verificação do desvio aos valores paramétricos.",Trimestral,Pontual
L011845.2021.RH4A,Normal,Sólidos Suspensos Totais (mg/L),,60,"Anexo XVIII do Decreto-Lei nº 236/98, de 1 de agosto.","De acordo com o nº6 do artigo 69o do Decreto-Lei nº 236/98, de 1 de Agosto.De acordo com o Anexo I do Decreto-Lei n.º 152/97, de 19 de junho, com as alterações introduzidas pelos Decretos-Leis n.os 348/98, de 9 de novembro, 149/2004, de 22 de junho e 198/2008, de 8 de outubro: Verificação do n.º mínimo anual de amostras e verificação do n.º máximo de amostras não conformes e verificação do desvio aos valores paramétricos.",Trimestral,Composta (i)
L011845.2021.RH4A,Normal,Carência Química de Oxigénio (mg/L O2),,150,"Anexo XVIII do Decreto-Lei nº 236/98, de 1 de agosto.","De acordo com o nº6 do artigo 69o do Decreto-Lei nº 236/98, de 1 de Agosto.De acordo com o Anexo I do Decreto-Lei n.º 152/97, de 19 de junho, com as alterações introduzidas pelos Decretos-Leis n.os 348/98, de 9 de novembro, 149/2004, de 22 de junho e 198/2008, de 8 de outubro: Verificação do n.º mínimo anual de amostras e verificação do n.º máximo de amostras não conformes e verificação do desvio aos valores paramétricos.",Trimestral,Composta (i)
L011845.2021.RH4A,Normal,Carência Bioquímica de Oxigénio (mg/L O2),,40,"Anexo XVIII do Decreto-Lei nº 236/98, de 1 de agosto.","De acordo com o nº6 do artigo 69o do Decreto-Lei nº 236/98, de 1 de Agosto.De acordo com o Anexo I do Decreto-Lei n.º 152/97, de 19 de junho, com as alterações introduzidas pelos Decretos-Leis n.os 348/98, de 9 de novembro, 149/2004, de 22 de junho e 198/2008, de 8 de outubro: Verificação do n.º mínimo anual de amostras e verificação do n.º máximo de amostras não conformes e verificação do desvio aos valores paramétricos.",Trimestral,Composta (i)
L006353.2022.RH4A,Normal,pH (Escala de Sörensen),,"6,0 - 9,0","Anexo XVIII do Decreto-Lei nº 236/98, de 1 de agosto.","De acordo com o nº6 do artigo 69o do Decreto-Lei nº 236/98, de 1 de Agosto.De acordo com o Anexo I do Decreto-Lei n.º 152/97, de 19 de junho, com as alterações introduzidas pelos Decretos-Leis n.os 348/98, de 9 de novembro, 149/2004, de 22 de junho e 198/2008, de 8 de outubro: Verificação do n.º mínimo anual de amostras e verificação do n.º máximo de amostras não conformes e verificação do desvio aos valores paramétricos.",Trimestral,Composta (i)
L006353.2022.RH4A,Normal,Carência Bioquímica de Oxigénio (mg/L O2),,40,"Anexo XVIII do Decreto-Lei nº 236/98, de 1 de agosto.","De acordo com o nº6 do artigo 69o do Decreto-Lei nº 236/98, de 1 de Agosto.De acordo com o Anexo I do Decreto-Lei n.º 152/97, de 19 de junho, com as alterações introduzidas pelos Decretos-Leis n.os 348/98, de 9 de novembro, 149/2004, de 22 de junho e 198/2008, de 8 de outubro: Verificação do n.º mínimo anual de amostras e verificação do n.º máximo de amostras não conformes e verificação do desvio aos valores paramétricos.",Trimestral,Composta (i)
L006353.2022.RH4A,Normal,Carência Química de Oxigénio (mg/L O2),,150,"Anexo XVIII do Decreto-Lei nº 236/98, de 1 de agosto.","De acordo com o nº6 do artigo 69o do Decreto-Lei nº 236/98, de 1 de Agosto.De acordo com o Anexo I do Decreto-Lei n.º 152/97, de 19 de junho, com as alterações introduzidas pelos Decretos-Leis n.os 348/98, de 9 de novembro, 149/2004, de 22 de junho e 198/2008, de 8 de outubro: Verificação do n.º mínimo anual de amostras e verificação do n.º máximo de amostras não conformes e verificação do desvio aos valores paramétricos.",Trimestral,Composta (i)
L006353.2022.RH4A,Normal,Sólidos Suspensos Totais (mg/L),,60,"Anexo XVIII do Decreto-Lei nº 236/98, de 1 de agosto.","De acordo com o nº6 do artigo 69o do Decreto-Lei nº 236/98, de 1 de Agosto.De acordo com o Anexo I do Decreto-Lei n.º 152/97, de 19 de junho, com as alterações introduzidas pelos Decretos-Leis n.os 348/98, de 9 de novembro, 149/2004, de 22 de junho e 198/2008, de 8 de outubro: Verificação do n.º mínimo anual de amostras e verificação do n.º máximo de amostras não conformes e verificação do desvio aos valores paramétricos.",Trimestral,Composta (i)
L004545.2019.RH5A,Normal,pH (Escala de Sörensen),,"6,0 a 9,0","Anexo XVIII do Decreto-Lei nº 236/98, de 1 de agosto","De acordo com o nº6 do artigo 69o do Decreto-Lei nº 236/98, de 1 de Agosto.De acordo com o Anexo I do Decreto-Lei n.º 152/97, de 19 de junho, com as alterações introduzidas pelos Decretos-Leis n.os 348/98, de 9 de novembro, 149/2004, de 22 de junho e 198/2008, de 8 de outubro: Verificação do n.º mínimo anual de amostras e verificação do n.º máximo de amostras não conformes e verificação do desvio aos valores paramétricos.",Mensal,Composta (i)
L004545.2019.RH5A,Normal,Carência Bioquímica de Oxigénio (mg/L O2),,40,"Anexo XVIII do Decreto-Lei nº 236/98, de 1 de agosto","De acordo com o nº6 do artigo 69o do Decreto-Lei nº 236/98, de 1 de Agosto.De acordo com o Anexo I do Decreto-Lei n.º 152/97, de 19 de junho, com as alterações introduzidas pelos Decretos-Leis n.os 348/98, de 9 de novembro, 149/2004, de 22 de junho e 198/2008, de 8 de outubro: Verificação do n.º mínimo anual de amostras e verificação do n.º máximo de amostras não conformes e verificação do desvio aos valores paramétricos.",Mensal,Composta (i)
L004545.2019.RH5A,Normal,Carência Química de Oxigénio (mg/L O2),,150,"Anexo XVIII do Decreto-Lei nº 236/98, de 1 de agosto","De acordo com o nº6 do artigo 69o do Decreto-Lei nº 236/98, de 1 de Agosto.De acordo com o Anexo I do Decreto-Lei n.º 152/97, de 19 de junho, com as alterações introduzidas pelos Decretos-Leis n.os 348/98, de 9 de novembro, 149/2004, de 22 de junho e 198/2008, de 8 de outubro: Verificação do n.º mínimo anual de amostras e verificação do n.º máximo de amostras não conformes e verificação do desvio aos valores paramétricos.",,
L004545.2019.RH5A,Normal,Sólidos Suspensos Totais (mg/L),,60,"Anexo XVIII do Decreto-Lei nº 236/98, de 1 de agosto","De acordo com o nº6 do artigo 69o do Decreto-Lei nº 236/98, de 1 de Agosto.De acordo com o Anexo I do Decreto-Lei n.º 152/97, de 19 de junho, com as alterações introduzidas pelos Decretos-Leis n.os 348/98, de 9 de novembro, 149/2004, de 22 de junho e 198/2008, de 8 de outubro: Verificação do n.º mínimo anual de amostras e verificação do n.º máximo de amostras não conformes e verificação do desvio aos valores paramétricos.",Mensal,Composta (i)
L000186.2019.RH7,Normal,Óleos e Gorduras (mg/L),,15,"Anexo XVIII do Decreto-Lei n.º 236/98, de 1 de agosto.","De acordo com a alínea D) do Anexo I do Decreto-Lei n.º 152/97, de 19 de junho, com as alterações introduzidas pelos Decretos-Leis n.os 348/98, de 9 de novembro, 149/2004, de 22 de junho, 198/2008, de 8 de outubro e 133/2015, de 13 de julho, e o artigo 69.º do Decreto-Lei n.º 236/98, de 1 de agosto. Ver (1) nas Observações.",Mensal,Composta (i)
L000186.2019.RH7,Normal,Sólidos Suspensos Totais (mg/L),,35,"Decreto-Lei n.º 152/97, de 19 de junho, com as alterações introduzidas pelos Decretos-Leis n.ºs 348/98, de 9 de novembro, 149/2004, de 22 de junho, 198/2008, de 8 de outubro e 133/2015, de 13 de julho (Quadro 1).","De acordo com a alínea D) do Anexo I do Decreto-Lei n.º 152/97, de 19 de junho, com as alterações introduzidas pelos Decretos-Leis n.os 348/98, de 9 de novembro, 149/2004, de 22 de junho, 198/2008, de 8 de outubro e 133/2015, de 13 de julho, e o artigo 69.º do Decreto-Lei n.º 236/98, de 1 de agosto. Ver (1) nas Observações.",Mensal,Composta (i)
L000186.2019.RH7,Normal,Carência Química de Oxigénio (mg/L O2),,125,"Decreto-Lei n.º 152/97, de 19 de junho, com as alterações introduzidas pelos Decretos-Leis n.ºs 348/98, de 9 de novembro, 149/2004, de 22 de junho, 198/2008, de 8 de outubro e 133/2015, de 13 de julho (Quadro 1).","De acordo com a alínea D) do Anexo I do Decreto-Lei n.º 152/97, de 19 de junho, com as alterações introduzidas pelos Decretos-Leis n.os 348/98, de 9 de novembro, 149/2004, de 22 de junho, 198/2008, de 8 de outubro e 133/2015, de 13 de julho, e o artigo 69.º do Decreto-Lei n.º 236/98, de 1 de agosto. Ver (1) nas Observações.",Mensal,Composta (i)
L000186.2019.RH7,Normal,Carência Bioquímica de Oxigénio (mg/L O2),,25,"Decreto-Lei n.º 152/97, de 19 de junho, com as alterações introduzidas pelos Decretos-Leis n.ºs 348/98, de 9 de novembro, 149/2004, de 22 de junho, 198/2008, de 8 de outubro e 133/2015, de 13 de julho (Quadro 1).","De acordo com a alínea D) do Anexo I do Decreto-Lei n.º 152/97, de 19 de junho, com as alterações introduzidas pelos Decretos-Leis n.os 348/98, de 9 de novembro, 149/2004, de 22 de junho, 198/2008, de 8 de outubro e 133/2015, de 13 de julho, e o artigo 69.º do Decreto-Lei n.º 236/98, de 1 de agosto. Ver (1) nas Observações.",Mensal,Composta (i)
L000186.2019.RH7,Normal,pH (Escala de Sörensen),,"6,0 - 9,0","Anexo XVIII do Decreto-Lei n.º 236/98, de 1 de agosto.","De acordo com a alínea D) do Anexo I do Decreto-Lei n.º 152/97, de 19 de junho, com as alterações introduzidas pelos Decretos-Leis n.os 348/98, de 9 de novembro, 149/2004, de 22 de junho, 198/2008, de 8 de outubro e 133/2015, de 13 de julho, e o artigo 69.º do Decreto-Lei n.º 236/98, de 1 de agosto. Ver (1) nas Observações.",Mensal,Composta (i)
L007592.2022.RH5A,Normal,pH (Escala de Sörensen),,6-9,"Anexo XVIII do Decreto-Lei nº 236/98, de 1 de agosto","De acordo com o nº6 do artigo 69o do Decreto-Lei nº 236/98, de 1 de Agosto.",,
L007592.2022.RH5A,Normal,Carência Bioquímica de Oxigénio (mg/L O2),,40,"Anexo XVIII do Decreto-Lei nº 236/98, de 1 de agosto","De acordo com o nº6 do artigo 69o do Decreto-Lei nº 236/98, de 1 de Agosto.",,
L007592.2022.RH5A,Normal,Carência Química de Oxigénio (mg/L O2),,150,"Anexo XVIII do Decreto-Lei nº 236/98, de 1 de agosto","De acordo com o nº6 do artigo 69o do Decreto-Lei nº 236/98, de 1 de Agosto.",Mensal,Pontual
L006103.2022.RH5A,Normal,pH (Escala de Sörensen),,6-9,"Anexo XVIII do Decreto-Lei nº 236/98, de 1 de agosto","De acordo com o nº6 do artigo 69o do Decreto-Lei nº 236/98, de 1 de Agosto.",Mensal,Composta (ii)
L006103.2022.RH5A,Normal,Carência Bioquímica de Oxigénio (mg/L O2),,40,"Anexo XVIII do Decreto-Lei nº 236/98, de 1 de agosto","De acordo com o nº6 do artigo 69o do Decreto-Lei nº 236/98, de 1 de Agosto.",Mensal,Composta (ii)
L006103.2022.RH5A,Normal,Carência Química de Oxigénio (mg/L O2),,150,"Anexo XVIII do Decreto-Lei nº 236/98, de 1 de agosto","De acordo com o nº6 do artigo 69o do Decreto-Lei nº 236/98, de 1 de Agosto.",Mensal,Composta (ii)
L006103.2022.RH5A,Normal,Sólidos Suspensos Totais (mg/L),,60,"Anexo XVIII do Decreto-Lei nº 236/98, de 1 de agosto","De acordo com o nº6 do artigo 69o do Decreto-Lei nº 236/98, de 1 de Agosto.",Mensal,Composta (ii)
L005341.2021.RH5A,Normal,pH (Escala de Sörensen),,6-9,"Anexo XVIII do Decreto-Lei nº 236/98, de 1 de agosto","De acordo com o Anexo I do Decreto-Lei n.º 152/97, de 19 de junho, com as alterações introduzidas pelos Decretos-Leis n.os 348/98, de 9 de novembro, 149/2004, de 22 de junho e 198/2008, de 8 de outubro: Verificação do n.º mínimo anual de amostras e verificação do n.º máximo de amostras não conformes e verificação do desvio aos valores paramétricos.",Quinzenal,Composta (ii)
L005341.2021.RH5A,Normal,Carência Bioquímica de Oxigénio (mg/L O2),,25,"Decreto-Lei nº 152/97, de 19 de junho","De acordo com o Anexo I do Decreto-Lei n.º 152/97, de 19 de junho, com as alterações introduzidas pelos Decretos-Leis n.os 348/98, de 9 de novembro, 149/2004, de 22 de junho e 198/2008, de 8 de outubro: Verificação do n.º mínimo anual de amostras e verificação do n.º máximo de amostras não conformes e verificação do desvio aos valores paramétricos.",Quinzenal,Composta (ii)
L005341.2021.RH5A,Normal,Carência Química de Oxigénio (mg/L O2),,125,"Decreto-Lei nº 152/97, de 19 de junho","De acordo com o Anexo I do Decreto-Lei n.º 152/97, de 19 de junho, com as alterações introduzidas pelos Decretos-Leis n.os 348/98, de 9 de novembro, 149/2004, de 22 de junho e 198/2008, de 8 de outubro: Verificação do n.º mínimo anual de amostras e verificação do n.º máximo de amostras não conformes e verificação do desvio aos valores paramétricos.",Quinzenal,Composta (ii)
L005341.2021.RH5A,Normal,Sólidos Suspensos Totais (mg/L),,35,"Decreto-Lei nº 152/97, de 19 de junho","De acordo com o Anexo I do Decreto-Lei n.º 152/97, de 19 de junho, com as alterações introduzidas pelos Decretos-Leis n.os 348/98, de 9 de novembro, 149/2004, de 22 de junho e 198/2008, de 8 de outubro: Verificação do n.º mínimo anual de amostras e verificação do n.º máximo de amostras não conformes e verificação do desvio aos valores paramétricos.",Quinzenal,Composta (ii)
L018903.2022.RH4A,Normal,pH (Escala de Sörensen),,"6,0 a 9,0","Anexo XVIII do Decreto-Lei nº 236/98, de 1 de agosto.","De acordo com o nº6 do artigo 69o do Decreto-Lei nº 236/98, de 1 de Agosto.De acordo com o Anexo I do Decreto-Lei n.º 152/97, de 19 de junho, com as alterações introduzidas pelos Decretos-Leis n.os 348/98, de 9 de novembro, 149/2004, de 22 de junho e 198/2008, de 8 de outubro: Verificação do n.º mínimo anual de amostras e verificação do n.º máximo de amostras não conformes e verificação do desvio aos valores paramétricos.",Trimestral,Composta (i)
L018903.2022.RH4A,Normal,Carência Bioquímica de Oxigénio (mg/L O2),,40,"Anexo XVIII do Decreto-Lei nº 236/98, de 1 de agosto.","De acordo com o nº6 do artigo 69o do Decreto-Lei nº 236/98, de 1 de Agosto.De acordo com o Anexo I do Decreto-Lei n.º 152/97, de 19 de junho, com as alterações introduzidas pelos Decretos-Leis n.os 348/98, de 9 de novembro, 149/2004, de 22 de junho e 198/2008, de 8 de outubro: Verificação do n.º mínimo anual de amostras e verificação do n.º máximo de amostras não conformes e verificação do desvio aos valores paramétricos.",Trimestral,Composta (i)
L018903.2022.RH4A,Normal,Carência Química de Oxigénio (mg/L O2),,150,"Anexo XVIII do Decreto-Lei nº 236/98, de 1 de agosto.","De acordo com o nº6 do artigo 69o do Decreto-Lei nº 236/98, de 1 de Agosto.De acordo com o Anexo I do Decreto-Lei n.º 152/97, de 19 de junho, com as alterações introduzidas pelos Decretos-Leis n.os 348/98, de 9 de novembro, 149/2004, de 22 de junho e 198/2008, de 8 de outubro: Verificação do n.º mínimo anual de amostras e verificação do n.º máximo de amostras não conformes e verificação do desvio aos valores paramétricos.",Trimestral,Composta (i)
L018903.2022.RH4A,Normal,Sólidos Suspensos Totais (mg/L),,60,"Anexo XVIII do Decreto-Lei nº 236/98, de 1 de agosto.","De acordo com o nº6 do artigo 69o do Decreto-Lei nº 236/98, de 1 de Agosto.De acordo com o Anexo I do Decreto-Lei n.º 152/97, de 19 de junho, com as alterações introduzidas pelos Decretos-Leis n.os 348/98, de 9 de novembro, 149/2004, de 22 de junho e 198/2008, de 8 de outubro: Verificação do n.º mínimo anual de amostras e verificação do n.º máximo de amostras não conformes e verificação do desvio aos valores paramétricos.",Trimestral,Composta (i)
L006552.2021.RH5A,Normal,pH (Escala de Sörensen),,6-9,"Anexo XVIII do Decreto-Lei nº 236/98, de 1 de agosto","De acordo com o Anexo I do Decreto-Lei n.º 152/97, de 19 de junho, com as alterações introduzidas pelos Decretos-Leis n.os 348/98, de 9 de novembro, 149/2004, de 22 de junho e 198/2008, de 8 de outubro: Verificação do n.º mínimo anual de amostras e verificação do n.º máximo de amostras não conformes e verificação do desvio aos valores paramétricos.",Mensal,Pontual
L006552.2021.RH5A,Normal,Carência Bioquímica de Oxigénio (mg/L O2),,40,"Anexo XVIII do Decreto-Lei nº 236/98, de 1 de agosto","De acordo com o Anexo I do Decreto-Lei n.º 152/97, de 19 de junho, com as alterações introduzidas pelos Decretos-Leis n.os 348/98, de 9 de novembro, 149/2004, de 22 de junho e 198/2008, de 8 de outubro: Verificação do n.º mínimo anual de amostras e verificação do n.º máximo de amostras não conformes e verificação do desvio aos valores paramétricos.",Mensal,Pontual
L006552.2021.RH5A,Normal,Carência Química de Oxigénio (mg/L O2),,150,"Anexo XVIII do Decreto-Lei nº 236/98, de 1 de agosto","De acordo com o Anexo I do Decreto-Lei n.º 152/97, de 19 de junho, com as alterações introduzidas pelos Decretos-Leis n.os 348/98, de 9 de novembro, 149/2004, de 22 de junho e 198/2008, de 8 de outubro: Verificação do n.º mínimo anual de amostras e verificação do n.º máximo de amostras não conformes e verificação do desvio aos valores paramétricos.",,
L006552.2021.RH5A,Normal,Sólidos Suspensos Totais (mg/L),,60,"Anexo XVIII do Decreto-Lei nº 236/98, de 1 de agosto","De acordo com o Anexo I do Decreto-Lei n.º 152/97, de 19 de junho, com as alterações introduzidas pelos Decretos-Leis n.os 348/98, de 9 de novembro, 149/2004, de 22 de junho e 198/2008, de 8 de outubro: Verificação do n.º mínimo anual de amostras e verificação do n.º máximo de amostras não conformes e verificação do desvio aos valores paramétricos.",Mensal,Pontual
L006552.2021.RH5A,Normal,Caudal (m3/dia),,"141,40",,"De acordo com o Anexo I do Decreto-Lei n.º 152/97, de 19 de junho, com as alterações introduzidas pelos Decretos-Leis n.os 348/98, de 9 de novembro, 149/2004, de 22 de junho e 198/2008, de 8 de outubro: Verificação do n.º mínimo anual de amostras e verificação do n.º máximo de amostras não conformes e verificação do desvio aos valores paramétricos.",,
L016718.2019.RH7,Normal,Óleos e Gorduras (mg/L),,15,"Anexo XVIII do Decreto-Lei n.º 236/98, de 1 de agosto.","De acordo com o artigo 69.º do Decreto-Lei n.º 236/98, de 1 de agosto. Atendendo à origem das águas residuais e aos objetivos de qualidade definidos para a massa de água recetora, o número máximo anual de amostras que podem não ser conformes não pode exceder 1 (uma), para os parâmetros pH, CBO5, CQO e SST; para o parâmetro Óleos e gorduras todas as amostras têm que ser conformes.",Semestral,Pontual
L016718.2019.RH7,Normal,Sólidos Suspensos Totais (mg/L),,60,"Anexo XVIII do Decreto-Lei n.º 236/98, de 1 de agosto.","De acordo com o artigo 69.º do Decreto-Lei n.º 236/98, de 1 de agosto. Atendendo à origem das águas residuais e aos objetivos de qualidade definidos para a massa de água recetora, o número máximo anual de amostras que podem não ser conformes não pode exceder 1 (uma), para os parâmetros pH, CBO5, CQO e SST; para o parâmetro Óleos e gorduras todas as amostras têm que ser conformes.",Trimestral,Pontual
L016718.2019.RH7,Normal,Carência Química de Oxigénio (mg/L O2),,150,"Anexo XVIII do Decreto-Lei n.º 236/98, de 1 de agosto.","De acordo com o artigo 69.º do Decreto-Lei n.º 236/98, de 1 de agosto. Atendendo à origem das águas residuais e aos objetivos de qualidade definidos para a massa de água recetora, o número máximo anual de amostras que podem não ser conformes não pode exceder 1 (uma), para os parâmetros pH, CBO5, CQO e SST; para o parâmetro Óleos e gorduras todas as amostras têm que ser conformes.",Trimestral,Pontual
L016718.2019.RH7,Normal,Carência Bioquímica de Oxigénio (mg/L O2),,40,"Anexo XVIII do Decreto-Lei n.º 236/98, de 1 de agosto.","De acordo com o artigo 69.º do Decreto-Lei n.º 236/98, de 1 de agosto. Atendendo à origem das águas residuais e aos objetivos de qualidade definidos para a massa de água recetora, o número máximo anual de amostras que podem não ser conformes não pode exceder 1 (uma), para os parâmetros pH, CBO5, CQO e SST; para o parâmetro Óleos e gorduras todas as amostras têm que ser conformes.",Trimestral,Pontual
L016718.2019.RH7,Normal,pH (Escala de Sörensen),,"6,0 - 9,0","Anexo XVIII do Decreto-Lei n.º 236/98, de 1 de agosto.","De acordo com o artigo 69.º do Decreto-Lei n.º 236/98, de 1 de agosto. Atendendo à origem das águas residuais e aos objetivos de qualidade definidos para a massa de água recetora, o número máximo anual de amostras que podem não ser conformes não pode exceder 1 (uma), para os parâmetros pH, CBO5, CQO e SST; para o parâmetro Óleos e gorduras todas as amostras têm que ser conformes.",Trimestral,Pontual
L014500.2016.RH7,Normal,Óleos e Gorduras (mg/L),,15,"Anexo XVIII do Decreto-Lei n.º 236/98, de 1 de agosto.","De acordo com o artigo 69.º do Decreto-Lei n.º 236/98, de 1 de agosto.",Semestral,Composta (i)
L014500.2016.RH7,Normal,Sólidos Suspensos Totais (mg/L),,60,"Anexo XVIII do Decreto-Lei n.º 236/98, de 1 de agosto.","De acordo com o artigo 69.º do Decreto-Lei n.º 236/98, de 1 de agosto.",Trimestral,Composta (i)
L014500.2016.RH7,Normal,Carência Química de Oxigénio (mg/L O2),,150,"Anexo XVIII do Decreto-Lei n.º 236/98, de 1 de agosto.","De acordo com o artigo 69.º do Decreto-Lei n.º 236/98, de 1 de agosto.",Trimestral,Composta (i)
L014500.2016.RH7,Normal,Carência Bioquímica de Oxigénio (mg/L O2),,40,"Anexo XVIII do Decreto-Lei n.º 236/98, de 1 de agosto.","De acordo com o artigo 69.º do Decreto-Lei n.º 236/98, de 1 de agosto.",Trimestral,Composta (i)
L014500.2016.RH7,Normal,pH (Escala de Sörensen),,"6,0 - 9,0","Anexo XVIII do Decreto-Lei n.º 236/98, de 1 de agosto.","De acordo com o artigo 69.º do Decreto-Lei n.º 236/98, de 1 de agosto.",Trimestral,Composta (i)
L018889.2022.RH4A,Normal,pH (Escala de Sörensen),,"6,0 a 9,0","Anexo XVIII do Decreto-Lei nº 236/98, de 1 de agosto.","De acordo com o nº6 do artigo 69o do Decreto-Lei nº 236/98, de 1 de Agosto.De acordo com o Anexo I do Decreto-Lei n.º 152/97, de 19 de junho, com as alterações introduzidas pelos Decretos-Leis n.os 348/98, de 9 de novembro, 149/2004, de 22 de junho e 198/2008, de 8 de outubro: Verificação do n.º mínimo anual de amostras e verificação do n.º máximo de amostras não conformes e verificação do desvio aos valores paramétricos.",Trimestral,Composta (i)
L018889.2022.RH4A,Normal,Carência Bioquímica de Oxigénio (mg/L O2),,40,"Anexo XVIII do Decreto-Lei nº 236/98, de 1 de agosto.","De acordo com o nº6 do artigo 69o do Decreto-Lei nº 236/98, de 1 de Agosto.De acordo com o Anexo I do Decreto-Lei n.º 152/97, de 19 de junho, com as alterações introduzidas pelos Decretos-Leis n.os 348/98, de 9 de novembro, 149/2004, de 22 de junho e 198/2008, de 8 de outubro: Verificação do n.º mínimo anual de amostras e verificação do n.º máximo de amostras não conformes e verificação do desvio aos valores paramétricos.",Trimestral,Composta (i)
L018889.2022.RH4A,Normal,Carência Química de Oxigénio (mg/L O2),,150,"Anexo XVIII do Decreto-Lei nº 236/98, de 1 de agosto.","De acordo com o nº6 do artigo 69o do Decreto-Lei nº 236/98, de 1 de Agosto.De acordo com o Anexo I do Decreto-Lei n.º 152/97, de 19 de junho, com as alterações introduzidas pelos Decretos-Leis n.os 348/98, de 9 de novembro, 149/2004, de 22 de junho e 198/2008, de 8 de outubro: Verificação do n.º mínimo anual de amostras e verificação do n.º máximo de amostras não conformes e verificação do desvio aos valores paramétricos.",Trimestral,Composta (i)
L018889.2022.RH4A,Normal,Sólidos Suspensos Totais (mg/L),,60,"Anexo XVIII do Decreto-Lei nº 236/98, de 1 de agosto.","De acordo com o nº6 do artigo 69o do Decreto-Lei nº 236/98, de 1 de Agosto.De acordo com o Anexo I do Decreto-Lei n.º 152/97, de 19 de junho, com as alterações introduzidas pelos Decretos-Leis n.os 348/98, de 9 de novembro, 149/2004, de 22 de junho e 198/2008, de 8 de outubro: Verificação do n.º mínimo anual de amostras e verificação do n.º máximo de amostras não conformes e verificação do desvio aos valores paramétricos.",Trimestral,Composta (i)
L019949.2022.RH4A,Normal,pH (Escala de Sörensen),,"6,0 a 9,0","Anexo XVIII do Decreto-Lei nº 236/98, de 1 de agosto.","De acordo com o nº6 do artigo 69o do Decreto-Lei nº 236/98, de 1 de Agosto.De acordo com o Anexo I do Decreto-Lei n.º 152/97, de 19 de junho, com as alterações introduzidas pelos Decretos-Leis n.os 348/98, de 9 de novembro, 149/2004, de 22 de junho e 198/2008, de 8 de outubro: Verificação do n.º mínimo anual de amostras e verificação do n.º máximo de amostras não conformes e verificação do desvio aos valores paramétricos.",Trimestral,Composta (i)
L019949.2022.RH4A,Normal,Carência Bioquímica de Oxigénio (mg/L O2),,40,"Anexo XVIII do Decreto-Lei nº 236/98, de 1 de agosto.","De acordo com o nº6 do artigo 69o do Decreto-Lei nº 236/98, de 1 de Agosto.De acordo com o Anexo I do Decreto-Lei n.º 152/97, de 19 de junho, com as alterações introduzidas pelos Decretos-Leis n.os 348/98, de 9 de novembro, 149/2004, de 22 de junho e 198/2008, de 8 de outubro: Verificação do n.º mínimo anual de amostras e verificação do n.º máximo de amostras não conformes e verificação do desvio aos valores paramétricos.",Trimestral,Composta (i)
L019949.2022.RH4A,Normal,Carência Química de Oxigénio (mg/L O2),,150,"Anexo XVIII do Decreto-Lei nº 236/98, de 1 de agosto.","De acordo com o nº6 do artigo 69o do Decreto-Lei nº 236/98, de 1 de Agosto.De acordo com o Anexo I do Decreto-Lei n.º 152/97, de 19 de junho, com as alterações introduzidas pelos Decretos-Leis n.os 348/98, de 9 de novembro, 149/2004, de 22 de junho e 198/2008, de 8 de outubro: Verificação do n.º mínimo anual de amostras e verificação do n.º máximo de amostras não conformes e verificação do desvio aos valores paramétricos.",Trimestral,Composta (i)
L019949.2022.RH4A,Normal,Sólidos Suspensos Totais (mg/L),,60,"Anexo XVIII do Decreto-Lei nº 236/98, de 1 de agosto.","De acordo com o nº6 do artigo 69o do Decreto-Lei nº 236/98, de 1 de Agosto.De acordo com o Anexo I do Decreto-Lei n.º 152/97, de 19 de junho, com as alterações introduzidas pelos Decretos-Leis n.os 348/98, de 9 de novembro, 149/2004, de 22 de junho e 198/2008, de 8 de outubro: Verificação do n.º mínimo anual de amostras e verificação do n.º máximo de amostras não conformes e verificação do desvio aos valores paramétricos.",Trimestral,Composta (i)
L005974.2022.RH5A,Normal,pH (Escala de Sörensen),,6 a 9,"Anexo XVIII do Decreto-Lei nº 236/98, de 1 de agosto.","De acordo com o nº6 do artigo 69o do Decreto-Lei nº 236/98, de 1 de Agosto.De acordo com o Anexo I do Decreto-Lei n.º 152/97, de 19 de junho, com as alterações introduzidas pelos Decretos-Leis n.os 348/98, de 9 de novembro, 149/2004, de 22 de junho e 198/2008, de 8 de outubro: Verificação do n.º mínimo anual de amostras e verificação do n.º máximo de amostras não conformes e verificação do desvio aos valores paramétricos.",Mensal,Composta (i)
L005974.2022.RH5A,Normal,Carência Química de Oxigénio (mg/L O2),,150,"Anexo XVIII do Decreto-Lei nº 236/98, de 1 de agosto.","De acordo com o nº6 do artigo 69o do Decreto-Lei nº 236/98, de 1 de Agosto.De acordo com o Anexo I do Decreto-Lei n.º 152/97, de 19 de junho, com as alterações introduzidas pelos Decretos-Leis n.os 348/98, de 9 de novembro, 149/2004, de 22 de junho e 198/2008, de 8 de outubro: Verificação do n.º mínimo anual de amostras e verificação do n.º máximo de amostras não conformes e verificação do desvio aos valores paramétricos.",Mensal,Composta (i)
L005974.2022.RH5A,Normal,Carência Bioquímica de Oxigénio (mg/L O2),,40,"Anexo XVIII do Decreto-Lei nº 236/98, de 1 de agosto.","De acordo com o nº6 do artigo 69o do Decreto-Lei nº 236/98, de 1 de Agosto.De acordo com o Anexo I do Decreto-Lei n.º 152/97, de 19 de junho, com as alterações introduzidas pelos Decretos-Leis n.os 348/98, de 9 de novembro, 149/2004, de 22 de junho e 198/2008, de 8 de outubro: Verificação do n.º mínimo anual de amostras e verificação do n.º máximo de amostras não conformes e verificação do desvio aos valores paramétricos.",Mensal,Composta (i)
L005974.2022.RH5A,Normal,Sólidos Suspensos Totais (mg/L),,60,"Anexo XVIII do Decreto-Lei nº 236/98, de 1 de agosto.","De acordo com o nº6 do artigo 69o do Decreto-Lei nº 236/98, de 1 de Agosto.De acordo com o Anexo I do Decreto-Lei n.º 152/97, de 19 de junho, com as alterações introduzidas pelos Decretos-Leis n.os 348/98, de 9 de novembro, 149/2004, de 22 de junho e 198/2008, de 8 de outubro: Verificação do n.º mínimo anual de amostras e verificação do n.º máximo de amostras não conformes e verificação do desvio aos valores paramétricos.",Mensal,Composta (i)
L005974.2022.RH5A,Normal,Óleos e Gorduras (mg/L),,15,"Anexo XVIII do Decreto-Lei nº 236/98, de 1 de agosto.","De acordo com o nº6 do artigo 69o do Decreto-Lei nº 236/98, de 1 de Agosto.De acordo com o Anexo I do Decreto-Lei n.º 152/97, de 19 de junho, com as alterações introduzidas pelos Decretos-Leis n.os 348/98, de 9 de novembro, 149/2004, de 22 de junho e 198/2008, de 8 de outubro: Verificação do n.º mínimo anual de amostras e verificação do n.º máximo de amostras não conformes e verificação do desvio aos valores paramétricos.",Trimestral,Pontual
L021717.2021.RH4A,Normal,pH (Escala de Sörensen),,"6,0 - 9,0","Anexo XVIII do Decreto-Lei nº 236/98, de 1 de agosto.","De acordo com o nº6 do artigo nº 69 do Decreto-Lei nº 236/98, de 1 de agosto. De acordo com o Anexo I do Decreto-Lei n.º 152/97, de 19 de junho, com as alterações introduzidas pelos Decretos-Lei n.º 348/98, de 9 de novembro, 149/2004, de 22 de junho e 198/2008, de 8 de outubro: Verificação do n.º mínimo anual de amostras, verificação do n.º máximo de amostras não conformes e verificação do desvio aos valores paramétricos.",Trimestral,Pontual
L021717.2021.RH4A,Normal,Carência Bioquímica de Oxigénio (mg/L O2),,40,"Anexo XVIII do Decreto-Lei nº 236/98, de 1 de agosto.","De acordo com o nº6 do artigo nº 69 do Decreto-Lei nº 236/98, de 1 de agosto. De acordo com o Anexo I do Decreto-Lei n.º 152/97, de 19 de junho, com as alterações introduzidas pelos Decretos-Lei n.º 348/98, de 9 de novembro, 149/2004, de 22 de junho e 198/2008, de 8 de outubro: Verificação do n.º mínimo anual de amostras, verificação do n.º máximo de amostras não conformes e verificação do desvio aos valores paramétricos.",Trimestral,Composta (i)
L021717.2021.RH4A,Normal,Carência Química de Oxigénio (mg/L O2),,150,"Anexo XVIII do Decreto-Lei nº 236/98, de 1 de agosto.","De acordo com o nº6 do artigo nº 69 do Decreto-Lei nº 236/98, de 1 de agosto. De acordo com o Anexo I do Decreto-Lei n.º 152/97, de 19 de junho, com as alterações introduzidas pelos Decretos-Lei n.º 348/98, de 9 de novembro, 149/2004, de 22 de junho e 198/2008, de 8 de outubro: Verificação do n.º mínimo anual de amostras, verificação do n.º máximo de amostras não conformes e verificação do desvio aos valores paramétricos.",Trimestral,Composta (i)
L021717.2021.RH4A,Normal,Sólidos Suspensos Totais (mg/L),,60,"Anexo XVIII do Decreto-Lei nº 236/98, de 1 de agosto.","De acordo com o nº6 do artigo nº 69 do Decreto-Lei nº 236/98, de 1 de agosto. De acordo com o Anexo I do Decreto-Lei n.º 152/97, de 19 de junho, com as alterações introduzidas pelos Decretos-Lei n.º 348/98, de 9 de novembro, 149/2004, de 22 de junho e 198/2008, de 8 de outubro: Verificação do n.º mínimo anual de amostras, verificação do n.º máximo de amostras não conformes e verificação do desvio aos valores paramétricos.",Trimestral,Composta (i)
L018835.2022.RH4A,Normal,pH (Escala de Sörensen),,"6,0 a 9,0","Anexo XVIII do Decreto-Lei nº 236/98, de 1 de agosto.","De acordo com o nº6 do artigo 69o do Decreto-Lei nº 236/98, de 1 de Agosto.De acordo com o Anexo I do Decreto-Lei n.º 152/97, de 19 de junho, com as alterações introduzidas pelos Decretos-Leis n.os 348/98, de 9 de novembro, 149/2004, de 22 de junho e 198/2008, de 8 de outubro: Verificação do n.º mínimo anual de amostras e verificação do n.º máximo de amostras não conformes e verificação do desvio aos valores paramétricos.",Trimestral,Composta (i)
L018835.2022.RH4A,Normal,Carência Bioquímica de Oxigénio (mg/L O2),,40,"Anexo XVIII do Decreto-Lei nº 236/98, de 1 de agosto.","De acordo com o nº6 do artigo 69o do Decreto-Lei nº 236/98, de 1 de Agosto.De acordo com o Anexo I do Decreto-Lei n.º 152/97, de 19 de junho, com as alterações introduzidas pelos Decretos-Leis n.os 348/98, de 9 de novembro, 149/2004, de 22 de junho e 198/2008, de 8 de outubro: Verificação do n.º mínimo anual de amostras e verificação do n.º máximo de amostras não conformes e verificação do desvio aos valores paramétricos.",Trimestral,Composta (i)
L018835.2022.RH4A,Normal,Carência Química de Oxigénio (mg/L O2),,150,"Anexo XVIII do Decreto-Lei nº 236/98, de 1 de agosto.","De acordo com o nº6 do artigo 69o do Decreto-Lei nº 236/98, de 1 de Agosto.De acordo com o Anexo I do Decreto-Lei n.º 152/97, de 19 de junho, com as alterações introduzidas pelos Decretos-Leis n.os 348/98, de 9 de novembro, 149/2004, de 22 de junho e 198/2008, de 8 de outubro: Verificação do n.º mínimo anual de amostras e verificação do n.º máximo de amostras não conformes e verificação do desvio aos valores paramétricos.",Trimestral,Composta (i)
L018835.2022.RH4A,Normal,Sólidos Suspensos Totais (mg/L),,60,"Anexo XVIII do Decreto-Lei nº 236/98, de 1 de agosto.","De acordo com o nº6 do artigo 69o do Decreto-Lei nº 236/98, de 1 de Agosto.De acordo com o Anexo I do Decreto-Lei n.º 152/97, de 19 de junho, com as alterações introduzidas pelos Decretos-Leis n.os 348/98, de 9 de novembro, 149/2004, de 22 de junho e 198/2008, de 8 de outubro: Verificação do n.º mínimo anual de amostras e verificação do n.º máximo de amostras não conformes e verificação do desvio aos valores paramétricos.",Trimestral,Composta (i)
L012199.2022.RH4A,Normal,pH (Escala de Sörensen),,"6,0 a 9,0","Anexo XVIII do Decreto-Lei nº 236/98, de 1 de agosto.","De acordo com o nº6 do artigo 69o do Decreto-Lei nº 236/98, de 1 de Agosto.De acordo com o Anexo I do Decreto-Lei n.º 152/97, de 19 de junho, com as alterações introduzidas pelos Decretos-Leis n.os 348/98, de 9 de novembro, 149/2004, de 22 de junho e 198/2008, de 8 de outubro: Verificação do n.º mínimo anual de amostras e verificação do n.º máximo de amostras não conformes e verificação do desvio aos valores paramétricos.",Trimestral,Composta (i)
L012199.2022.RH4A,Normal,Carência Bioquímica de Oxigénio (mg/L O2),,40,"Anexo XVIII do Decreto-Lei nº 236/98, de 1 de agosto.","De acordo com o nº6 do artigo 69o do Decreto-Lei nº 236/98, de 1 de Agosto.De acordo com o Anexo I do Decreto-Lei n.º 152/97, de 19 de junho, com as alterações introduzidas pelos Decretos-Leis n.os 348/98, de 9 de novembro, 149/2004, de 22 de junho e 198/2008, de 8 de outubro: Verificação do n.º mínimo anual de amostras e verificação do n.º máximo de amostras não conformes e verificação do desvio aos valores paramétricos.",Trimestral,Composta (i)
L012199.2022.RH4A,Normal,Carência Química de Oxigénio (mg/L O2),,150,"Anexo XVIII do Decreto-Lei nº 236/98, de 1 de agosto.","De acordo com o nº6 do artigo 69o do Decreto-Lei nº 236/98, de 1 de Agosto.De acordo com o Anexo I do Decreto-Lei n.º 152/97, de 19 de junho, com as alterações introduzidas pelos Decretos-Leis n.os 348/98, de 9 de novembro, 149/2004, de 22 de junho e 198/2008, de 8 de outubro: Verificação do n.º mínimo anual de amostras e verificação do n.º máximo de amostras não conformes e verificação do desvio aos valores paramétricos.",Trimestral,Composta (i)
L012199.2022.RH4A,Normal,Sólidos Suspensos Totais (mg/L),,60,"Anexo XVIII do Decreto-Lei nº 236/98, de 1 de agosto.","De acordo com o nº6 do artigo 69o do Decreto-Lei nº 236/98, de 1 de Agosto.De acordo com o Anexo I do Decreto-Lei n.º 152/97, de 19 de junho, com as alterações introduzidas pelos Decretos-Leis n.os 348/98, de 9 de novembro, 149/2004, de 22 de junho e 198/2008, de 8 de outubro: Verificação do n.º mínimo anual de amostras e verificação do n.º máximo de amostras não conformes e verificação do desvio aos valores paramétricos.",Trimestral,Composta (i)
L006777.2022.RH5A,Normal,pH (Escala de Sörensen),,6-9,"Anexo XVIII do Decreto-Lei nº 236/98, de 1 de agosto","De acordo com o nº6 do artigo 69o do Decreto-Lei nº 236/98, de 1 de Agosto.",Mensal,Composta (ii)
L006777.2022.RH5A,Normal,Carência Bioquímica de Oxigénio (mg/L O2),,40,"Anexo XVIII do Decreto-Lei nº 236/98, de 1 de agosto","De acordo com o nº6 do artigo 69o do Decreto-Lei nº 236/98, de 1 de Agosto.",,
L006777.2022.RH5A,Normal,Carência Química de Oxigénio (mg/L O2),,150,"Anexo XVIII do Decreto-Lei nº 236/98, de 1 de agosto","De acordo com o nº6 do artigo 69o do Decreto-Lei nº 236/98, de 1 de Agosto.",Mensal,Composta (ii)
L006777.2022.RH5A,Normal,Sólidos Suspensos Totais (mg/L),,60,"Anexo XVIII do Decreto-Lei nº 236/98, de 1 de agosto","De acordo com o nº6 do artigo 69o do Decreto-Lei nº 236/98, de 1 de Agosto.",Mensal,Composta (ii)
L014609.2016.RH6,Normal,pH (Escala de Sörensen),,"6,0 - 9,0",,"De acordo com a alínea D) do Anexo I do Decreto-Lei n.º 152/97, de 19 de junho, com as alterações introduzidas pelos Decretos-Leis n.os 348/98, de 9 de novembro, 149/2004, de 22 de junho, e 198/2008, de 8 de outubro, e o artigo 69.º do Decreto-Lei n.º 236/98, de 1 de agosto.",Quinzenal,Composta (i)
L014609.2016.RH6,Normal,(b) (1) Carência Bioquímica de Oxigénio (mg/L O2),,25,"Anexo I do Decreto-Lei n.º 152/97, de 19 de junho, com as alterações introduzidas pelos Decretos-Leis n.os 348/98, de 9 de novembro, 149/2004, de 22 de junho, e 198/2008, de 8 de outubro (Quadros n.os 1 e 2);","De acordo com a alínea D) do Anexo I do Decreto-Lei n.º 152/97, de 19 de junho, com as alterações introduzidas pelos Decretos-Leis n.os 348/98, de 9 de novembro, 149/2004, de 22 de junho, e 198/2008, de 8 de outubro, e o artigo 69.º do Decreto-Lei n.º 236/98, de 1 de agosto.",,
L014609.2016.RH6,Normal,Carência Química de Oxigénio (mg/L O2),,125,"Anexo I do Decreto-Lei n.º 152/97, de 19 de junho, com as alterações introduzidas pelos Decretos-Leis n.os 348/98, de 9 de novembro, 149/2004, de 22 de junho, e 198/2008, de 8 de outubro (Quadros n.os 1 e 2);","De acordo com a alínea D) do Anexo I do Decreto-Lei n.º 152/97, de 19 de junho, com as alterações introduzidas pelos Decretos-Leis n.os 348/98, de 9 de novembro, 149/2004, de 22 de junho, e 198/2008, de 8 de outubro, e o artigo 69.º do Decreto-Lei n.º 236/98, de 1 de agosto.",Quinzenal,Composta (i)
L014609.2016.RH6,Normal,Sólidos Suspensos Totais (mg/L),,35,"Anexo I do Decreto-Lei n.º 152/97, de 19 de junho, com as alterações introduzidas pelos Decretos-Leis n.os 348/98, de 9 de novembro, 149/2004, de 22 de junho, e 198/2008, de 8 de outubro (Quadros n.os 1 e 2);","De acordo com a alínea D) do Anexo I do Decreto-Lei n.º 152/97, de 19 de junho, com as alterações introduzidas pelos Decretos-Leis n.os 348/98, de 9 de novembro, 149/2004, de 22 de junho, e 198/2008, de 8 de outubro, e o artigo 69.º do Decreto-Lei n.º 236/98, de 1 de agosto.",Quinzenal,Composta (i)
L014609.2016.RH6,Normal,Óleos e Gorduras (mg/L),,15,"Anexo XVIII do Decreto-Lei n.º 236/98, de 1 de agosto;","De acordo com a alínea D) do Anexo I do Decreto-Lei n.º 152/97, de 19 de junho, com as alterações introduzidas pelos Decretos-Leis n.os 348/98, de 9 de novembro, 149/2004, de 22 de junho, e 198/2008, de 8 de outubro, e o artigo 69.º do Decreto-Lei n.º 236/98, de 1 de agosto.",Trimestral,Composta (i)
L014609.2016.RH6,Normal,Azoto total (mg/L N),,15,"Anexo I do Decreto-Lei n.º 152/97, de 19 de junho, com as alterações introduzidas pelos Decretos-Leis n.os 348/98, de 9 de novembro, 149/2004, de 22 de junho, e 198/2008, de 8 de outubro (Quadros n.os 1 e 2);","De acordo com a alínea D) do Anexo I do Decreto-Lei n.º 152/97, de 19 de junho, com as alterações introduzidas pelos Decretos-Leis n.os 348/98, de 9 de novembro, 149/2004, de 22 de junho, e 198/2008, de 8 de outubro, e o artigo 69.º do Decreto-Lei n.º 236/98, de 1 de agosto.",Quinzenal,Composta (i)
L014609.2016.RH6,Normal,Fósforo total (mg/L P),,2,"Anexo I do Decreto-Lei n.º 152/97, de 19 de junho, com as alterações introduzidas pelos Decretos-Leis n.os 348/98, de 9 de novembro, 149/2004, de 22 de junho, e 198/2008, de 8 de outubro (Quadros n.os 1 e 2);","De acordo com a alínea D) do Anexo I do Decreto-Lei n.º 152/97, de 19 de junho, com as alterações introduzidas pelos Decretos-Leis n.os 348/98, de 9 de novembro, 149/2004, de 22 de junho, e 198/2008, de 8 de outubro, e o artigo 69.º do Decreto-Lei n.º 236/98, de 1 de agosto.",Quinzenal,Composta (i)
L014609.2016.RH6,Normal,Ovos de parasitas intestinais (N/L),,1,,"De acordo com a alínea D) do Anexo I do Decreto-Lei n.º 152/97, de 19 de junho, com as alterações introduzidas pelos Decretos-Leis n.os 348/98, de 9 de novembro, 149/2004, de 22 de junho, e 198/2008, de 8 de outubro, e o artigo 69.º do Decreto-Lei n.º 236/98, de 1 de agosto.",Trimestral,Pontual
